Version,window_u,shgc,roof_u,extWall_u,transmittance,total_idealHeating,total_idealCooling
1,0.3,0.66,0.54,1.06,0.6,182965.2571,178230.2469
2,2.8,0.8,1.2,1.06,0.2,264121.0215,159314.5915
3,1.3,0.38,0.76,1.7,0.6,286485.0784,161943.8291
4,0.3,0.24,0.76,0.74,0.6,192926.0887,125052.125
5,0.8,0.1,0.32,0.1,0.4,143356.3114,84643.39302
6,0.8,0.66,0.54,0.74,0.4,175547.6159,154874.0215
7,1.8,0.8,1.2,1.7,0.4,281632.5913,189065.0908
8,0.3,0.24,0.76,1.06,0.4,227198.138,126740.551
9,2.3,0.38,0.32,0.42,0.8,182294.6999,138760.4089
10,2.3,0.8,0.54,0.1,0.4,129301.0272,150556.6195
11,2.3,0.24,1.2,0.42,0.2,227431.6023,108586.9507
12,1.3,0.38,0.1,1.38,0.8,244680.5097,159603.8245
13,2.8,0.1,0.32,1.7,0.8,339428.4864,131373.6228
14,2.8,0.38,0.32,1.38,0.4,293575.1023,145630.9701
15,0.3,0.66,0.1,1.06,0.6,173307.6376,175616.4537
16,1.8,0.1,0.54,0.1,0.2,176992.9592,84595.76113
17,1.3,0.8,0.1,0.1,0.4,97406.01291,149019.2789
18,0.3,0.24,1.2,0.42,0.8,162334.6207,125168.3759
19,2.8,0.24,0.76,0.1,0.4,186404.4622,102690.2538
20,0.8,0.24,0.54,0.74,0.8,199548.3076,129346.6808
21,1.3,0.66,1.2,1.06,0.2,239348.0747,150222.2844
22,0.8,0.38,1.2,1.06,0.4,237590.3446,141436.0092
23,0.3,0.52,1.2,0.1,0.2,117943.2044,117259.6215
24,1.8,0.38,0.1,0.42,0.6,170894.4701,129108.7759
25,2.3,0.1,0.76,1.7,0.2,341831.7288,128959.3412
26,0.3,0.24,0.54,0.42,0.8,150470.3541,121536.7194
27,1.3,0.38,1.2,0.74,0.8,209596.1584,151507.5711
28,2.3,0.1,0.54,0.74,0.4,258970.6864,106551.1456
29,1.8,0.1,0.32,1.7,0.2,322514.5636,125565.7289
30,0.3,0.38,0.76,1.38,0.2,248539.2575,136848.1259
31,0.3,0.52,0.98,1.38,0.6,227771.3779,171953.407
32,0.8,0.52,1.2,1.7,0.2,284098.3094,154890.9037
33,2.8,0.1,0.54,1.7,0.8,343719.4588,132728.5544
34,0.8,0.38,1.2,1.7,0.4,286906.2213,155106.1367
35,0.8,0.1,0.32,0.1,0.2,145646.6821,82114.5246
36,2.8,0.38,0.1,0.1,0.6,152772.9382,120283.5025
37,0.3,0.38,0.54,1.38,0.8,226369.4618,163220.0939
38,1.3,0.66,0.54,1.7,0.8,252030.7351,203791.7301
39,0.3,0.8,1.2,0.1,0.6,87408.78429,177365.4343
40,0.3,0.52,0.1,1.38,0.4,217600.2341,154296.1057
41,1.8,0.66,0.1,0.42,0.4,156649.8185,144071.1722
42,1.3,0.8,1.2,1.38,0.4,246775.3372,183219.113
43,2.3,0.66,0.54,1.7,0.2,299864.3564,160784.1809
44,2.3,0.1,0.98,1.7,0.2,345473.5261,130144.6242
45,1.3,0.1,1.2,1.38,0.2,303256.0244,122731.6489
46,0.3,0.52,1.2,1.7,0.6,254726.4988,179103.4433
47,1.3,0.1,0.76,1.38,0.6,292409.3913,124528.7747
48,0.3,0.1,1.2,0.1,0.6,142199.7861,92415.87616
49,0.3,0.1,1.2,0.42,0.8,179846.7977,104361.8442
50,1.8,0.66,0.54,0.1,0.4,127328.7717,138552.3623
51,0.8,0.24,0.54,0.42,0.8,165460.1908,120955.381
52,1.8,0.24,0.76,0.1,0.8,155911.3848,113064.3758
53,1.3,0.66,0.98,1.7,0.2,285068.2709,162463.643
54,1.3,0.1,0.1,0.1,0.4,152416.1695,83416.12074
55,1.8,0.52,0.98,1.7,0.6,289508.6316,177869.3943
56,2.8,0.52,0.76,1.06,0.6,257140.3562,163873.1961
57,2.8,0.38,0.76,0.74,0.8,235490.2936,149531.3844
58,1.8,0.8,0.1,0.74,0.2,192414.0856,145347.2233
59,0.8,0.8,0.54,1.06,0.8,179574.1679,210802.9721
60,0.3,0.66,0.98,1.38,0.8,210055.0236,202242.779
61,2.3,0.66,0.54,1.06,0.2,250771.5391,147284.3359
62,0.3,0.66,0.1,0.1,0.8,67196.87016,171980.3793
63,1.3,0.8,0.32,0.42,0.8,125298.1901,195888.3189
64,0.3,0.38,0.76,1.38,0.2,248539.2575,136848.1259
65,1.8,0.66,0.76,1.38,0.2,269942.4692,155196.3064
66,2.3,0.24,1.2,1.38,0.8,303290.6976,148502.3243
67,2.3,0.8,0.1,1.06,0.2,233126.5069,152897.6694
68,0.3,0.24,0.1,1.38,0.2,244526.3024,123982.147
69,1.3,0.8,1.2,0.74,0.4,191114.6333,169905.1385
70,0.8,0.52,0.76,1.06,0.6,211710.3456,163910.1515
71,0.8,0.66,0.32,1.38,0.6,218599.8,182705.4895
72,0.8,0.66,0.1,1.38,0.2,231626.0785,150703.5726
73,0.8,0.38,0.1,0.1,0.6,106544.6953,120326.7256
74,1.3,0.8,1.2,1.06,0.2,231309.0161,158756.7361
75,2.8,0.8,0.98,1.06,0.4,249562.4721,175395.1552
76,1.3,0.38,0.32,1.38,0.6,254644.4626,152901.4452
77,1.3,0.52,1.2,1.7,0.6,281444.5843,178762.1234
78,0.8,0.24,0.54,1.06,0.8,229373.8336,137159.0188
79,2.8,0.24,1.2,0.1,0.2,199079.0392,99369.76457
80,1.3,0.66,0.32,0.74,0.8,168227.9794,184101.8405
81,2.3,0.52,0.1,0.42,0.4,177777.1217,132080.7817
82,0.8,0.52,1.2,1.06,0.6,219127.4053,166134.802
83,1.3,0.52,1.2,1.38,0.6,258145.3194,172580.6995
84,0.8,0.8,0.32,0.42,0.4,128573.4958,158542.374
85,0.8,0.1,0.1,1.7,0.4,290613.7167,124878.2149
86,0.8,0.66,1.2,0.1,0.6,107746.589,159869.9682
87,0.3,0.24,0.98,1.7,0.2,284840.4054,136117.6756
88,0.3,0.66,0.76,0.42,0.6,124545.2755,165929.9329
89,0.3,0.52,0.54,1.7,0.6,243281.7409,175700.9162
90,0.3,0.24,0.76,1.38,0.6,249025.6704,140111.0292
91,2.8,0.38,0.98,1.7,0.6,322202.5595,164339.5044
92,2.3,0.66,0.1,0.42,0.4,167639.3329,143971.5688
93,1.3,0.38,0.76,1.06,0.2,250077.4147,130465.5955
94,2.8,0.66,0.32,0.42,0.4,182927.9148,145373.6759
95,0.8,0.8,1.2,0.74,0.6,169614.1957,189390.5778
96,0.8,0.38,1.2,1.06,0.8,226067.761,159326.1979
97,2.3,0.66,0.76,0.42,0.2,191639.3471,132727.3107
98,1.8,0.8,0.76,1.06,0.2,235757.3703,156645.492
99,2.8,0.1,1.2,1.38,0.8,332149.9576,129322.5872
100,2.8,0.66,0.32,0.1,0.8,128387.2219,167396.8329
101,2.3,0.66,0.98,0.1,0.6,137832.9315,156625.9975
102,1.8,0.1,0.98,0.74,0.4,255388.0593,108487.7158
103,0.3,0.52,0.54,0.1,0.8,85961.20794,154505.6044
104,2.3,0.1,1.2,1.38,0.4,324521.6305,126194.9633
105,2.3,0.1,0.54,0.42,0.8,222393.4647,100378.4619
106,2.3,0.52,0.98,0.42,0.6,187422.8244,149678.0199
107,0.8,0.66,0.54,0.1,0.6,95644.49306,156456.2959
108,1.8,0.38,0.54,0.1,0.2,154943.8518,104021.871
109,2.8,0.8,0.98,0.42,0.6,176592.1797,178968.1506
110,0.3,0.66,0.98,0.1,0.2,106568.2053,125984.8323
111,2.3,0.1,0.54,0.1,0.8,183240.5668,90372.50078
112,1.3,0.66,0.76,1.06,0.6,213705.6488,178384.7029
113,1.8,0.1,0.1,0.1,0.8,161545.7808,87459.26704
114,2.8,0.8,0.32,0.74,0.2,218690.9139,147077.4515
115,2.3,0.52,1.2,0.42,0.8,185161.3088,162064.673
116,0.8,0.66,0.54,0.1,0.8,89811.01655,172695.4519
117,0.3,0.24,0.98,1.38,0.4,257181.7134,135263.8256
118,0.3,0.1,0.76,1.7,0.8,285309.9366,133253.3905
119,1.3,0.8,0.54,0.74,0.2,190113.2059,148010.3347
120,1.3,0.24,0.1,0.1,0.4,138171.9094,97106.21144
121,1.8,0.66,0.54,0.74,0.6,191448.9448,169915.8368
122,1.8,0.66,0.76,1.38,0.6,251549.7791,184521.4878
123,0.3,0.24,0.32,1.7,0.8,259843.4796,149871.5637
124,1.3,0.8,0.76,1.38,0.6,230051.7163,199028.6303
125,2.8,0.38,0.76,0.74,0.6,239966.1182,141834.5821
126,0.3,0.52,0.1,0.74,0.4,161195.4092,140158.3441
127,0.3,0.24,0.76,1.38,0.4,253393.1573,134070.4953
128,2.3,0.66,0.98,1.38,0.2,284595.855,156700.6906
129,2.8,0.24,0.32,0.1,0.6,172396.1674,105597.7451
130,2.3,0.8,0.1,1.06,0.6,212294.0393,188234.8604
131,2.3,0.38,0.54,0.74,0.6,225616.6794,140310.5887
132,0.3,0.8,0.98,1.7,0.4,240046.2664,188687.6104
133,0.3,0.8,1.2,0.1,0.8,82002.49341,197411.3181
134,1.8,0.38,1.2,1.06,0.6,255731.2465,151329.1588
135,1.8,0.8,0.1,0.74,0.2,192414.0856,145347.2233
136,0.8,0.52,0.98,0.1,0.8,107745.4196,155371.8007
137,1.8,0.24,0.98,0.74,0.2,246097.2379,115743.2891
138,2.8,0.52,0.76,1.7,0.8,300793.8661,187231.6201
139,1.3,0.8,0.32,0.1,0.4,102631.1565,150353.6331
140,0.8,0.8,1.2,0.42,0.8,130008.6749,201809.5754
141,0.8,0.8,0.98,0.1,0.2,113253.1997,135097.54
142,0.3,0.38,0.32,0.74,0.8,165450.2679,147907.4454
143,2.3,0.8,0.54,1.06,0.8,214142.9262,207950.8967
144,0.8,0.52,0.54,0.42,0.4,151310.2328,134850.5931
145,1.8,0.1,1.2,1.38,0.2,315250.8464,123514.5362
146,1.3,0.8,0.98,0.42,0.4,154000.7954,161564.3261
147,0.8,0.38,1.2,0.74,0.2,214684.9321,124454.7529
148,1.8,0.38,0.32,0.1,0.2,150289.3939,102630.6448
149,2.3,0.8,0.1,1.38,0.4,248358.1727,177003.0818
150,0.8,0.8,0.98,0.42,0.2,151762.3875,142913.6383
151,0.3,0.38,0.76,1.38,0.4,242039.8225,146073.9977
152,0.8,0.52,1.2,0.74,0.4,196959.0491,146250.0395
153,2.8,0.38,0.32,1.7,0.6,310112.4692,160651.3636
154,0.3,0.38,0.54,1.38,0.4,237904.183,144814.6172
155,0.8,0.38,0.1,1.7,0.4,266316.7033,148853.9496
156,2.8,0.8,0.76,0.42,0.6,172681.5371,177850.8226
157,2.8,0.38,0.32,1.38,0.4,293575.1023,145630.9701
158,2.3,0.52,0.1,0.42,0.6,169597.7689,144554.8424
159,1.3,0.1,0.76,0.1,0.2,168521.9309,85337.74908
160,1.8,0.38,0.98,1.38,0.8,273487.2288,165128.3179
161,1.8,0.8,0.32,1.38,0.4,242463.1316,178418.5304
162,1.3,0.24,0.98,0.1,0.4,156185.2218,102539.1933
163,2.8,0.24,0.1,0.42,0.6,206861.3307,113756.5627
164,0.8,0.52,0.98,0.1,0.8,107745.4196,155371.8007
165,1.8,0.52,0.98,0.1,0.8,131812.4098,153457.8611
166,2.3,0.38,0.1,1.06,0.4,252557.3722,136474.7628
167,2.8,0.1,0.1,1.06,0.6,287614.481,114117.5541
168,2.3,0.38,0.98,0.42,0.4,206579.946,125330.423
169,1.3,0.66,0.76,1.38,0.8,232793.7581,199231.4768
170,1.3,0.8,0.54,0.74,0.2,190113.2059,148010.3347
171,1.8,0.1,0.76,0.42,0.4,218173.307,98139.97725
172,0.8,0.52,1.2,0.42,0.6,155788.4663,151489.2835
173,1.8,0.52,0.1,1.06,0.8,216489.4247,171023.702
174,2.8,0.1,1.2,0.1,0.2,211171.5715,89622.91133
175,2.8,0.24,0.1,0.42,0.8,203922.0937,118523.8115
176,1.3,0.38,0.54,1.38,0.8,254076.167,162313.9744
177,0.3,0.1,0.32,0.42,0.8,163487.6548,99226.9614
178,0.3,0.8,0.1,1.38,0.8,182374.4733,215364.4578
179,0.3,0.66,0.1,1.38,0.2,217345.9771,150557.6321
180,2.8,0.8,0.32,1.38,0.8,245727.6734,212140.7072
181,0.3,0.66,0.98,0.74,0.6,161629.2125,173941.1737
182,2.3,0.24,0.1,0.1,0.8,153523.8579,108892.6626
183,0.8,0.24,0.32,1.06,0.6,228708.1189,130391.9901
184,2.3,0.52,0.98,0.74,0.4,229338.296,145475.9124
185,0.3,0.66,0.76,0.74,0.2,175043.4051,140388.3552
186,2.8,0.24,0.54,0.42,0.6,216346.1533,116598.6204
187,2.8,0.52,1.2,0.42,0.2,218239.4265,126678.2191
188,1.3,0.24,0.98,1.7,0.8,300029.0585,153345.9613
189,0.8,0.66,0.54,0.1,0.4,103124.9077,139583.5331
190,0.3,0.24,1.2,1.7,0.4,283854.5695,143106.3264
191,0.8,0.38,0.54,0.74,0.4,196302.1339,130144.752
192,1.8,0.52,0.54,1.7,0.4,289362.3891,163843.7282
193,2.8,0.24,0.32,0.1,0.6,172396.1674,105597.7451
194,0.8,0.24,0.54,0.42,0.6,169381.8437,115320.1005
195,1.3,0.66,0.32,0.74,0.6,175207.7306,169036.4508
196,0.3,0.38,0.76,1.06,0.6,209614.0142,148505.6803
197,2.3,0.38,0.1,0.1,0.8,137677.4665,128590.1116
198,2.3,0.24,1.2,0.42,0.2,227431.6023,108586.9507
199,1.3,0.66,0.76,1.7,0.8,256148.9016,204957.8104
200,1.3,0.66,0.1,1.06,0.8,192830.0121,189339.0746
201,1.8,0.38,0.1,0.1,0.4,137974.5636,110628.2709
202,2.8,0.8,1.2,0.74,0.2,234747.2644,151888.2042
203,0.3,0.1,0.1,1.38,0.2,254927.5516,114829.585
204,0.8,0.66,0.1,0.74,0.2,175472.9921,136363.0082
205,0.8,0.1,0.76,0.1,0.6,150156.2974,89783.5243
206,2.8,0.24,0.54,0.42,0.6,216346.1533,116598.6204
207,1.8,0.38,0.76,0.42,0.4,191502.0038,123843.7109
208,1.3,0.24,0.54,1.7,0.8,292254.5462,150931.6551
209,2.3,0.1,0.76,0.1,0.2,192933.5072,86546.9755
210,0.3,0.1,1.2,1.38,0.8,269416.86,128694.6132
211,2.3,0.8,0.54,1.7,0.6,271332.2376,202826.1259
212,1.8,0.8,1.2,0.74,0.6,193303.5619,187951.1671
213,1.8,0.1,0.1,0.42,0.2,206740.1961,91747.0712
214,0.3,0.8,0.98,0.1,0.8,78290.23641,196397.6451
215,1.8,0.66,1.2,1.06,0.4,241498.7671,165252.2192
216,2.8,0.52,0.1,1.06,0.8,237858.0669,170600.2386
217,1.8,0.52,0.54,0.1,0.4,136978.1292,126082.1554
218,2.8,0.1,0.54,1.38,0.2,325614.7256,121420.7493
219,1.3,0.52,0.1,1.7,0.6,260765.2418,172697.2729
220,0.8,0.38,0.98,1.38,0.2,266725.3501,138474.7503
221,2.3,0.52,0.1,0.42,0.6,169597.7689,144554.8424
222,1.8,0.24,0.98,1.38,0.2,300954.6927,131415.7336
223,0.8,0.8,0.76,0.42,0.8,122389.8444,199709.2034
224,2.8,0.1,0.98,0.1,0.8,202434.1369,93079.07478
225,1.8,0.66,0.32,1.06,0.6,216607.9132,175578.6671
226,2.3,0.38,0.54,0.1,0.6,152221.0078,122978.4193
227,0.3,0.52,0.98,1.06,0.2,216950.9853,139976.0775
228,2.3,0.52,0.32,0.42,0.4,182821.8567,133497.284
229,0.3,0.24,1.2,1.7,0.4,283854.5695,143106.3264
230,0.3,0.38,0.76,0.42,0.4,151941.7884,123259.1136
231,1.8,0.8,0.98,0.42,0.4,165545.0258,161145.52
232,2.3,0.38,0.32,1.38,0.6,276903.7828,153773.8108
233,2.3,0.8,0.54,1.38,0.8,240263.2848,213876.0363
234,2.3,0.38,1.2,1.06,0.4,273230.1968,142799.2607
235,0.3,0.52,0.98,1.38,0.2,243157.6262,146985.0603
236,1.3,0.38,0.98,1.38,0.8,261979.9414,164697.0867
237,0.8,0.66,0.76,1.06,0.6,201054.8529,178841.5038
238,2.3,0.52,0.76,1.06,0.8,241180.1726,174599.7383
239,2.3,0.1,0.76,0.74,0.4,263036.7883,107858.6251
240,0.3,0.8,1.2,0.42,0.8,117280.6156,203586.1558
241,1.8,0.52,0.98,1.7,0.8,283502.1948,188629.3084
242,0.8,0.24,1.2,1.38,0.8,267023.5188,147892.2627
243,1.3,0.66,0.98,1.38,0.8,236612.1422,200330.225
244,2.8,0.38,0.32,1.06,0.8,256491.5567,154542.7542
245,0.8,0.24,0.76,0.74,0.4,212224.4176,119086.5046
246,1.3,0.8,0.1,1.7,0.8,231932.5591,218356.2289
247,1.8,0.1,0.54,0.1,0.4,174812.11,86805.81101
248,0.3,0.24,0.98,1.06,0.8,222515.3389,139954.0144
249,0.8,0.8,0.54,1.7,0.4,245985.0866,186058.9894
250,2.3,0.38,1.2,1.38,0.6,292609.168,158581.4937
251,0.3,0.1,0.1,1.7,0.2,278026.919,121833.3452
252,0.8,0.66,0.54,0.42,0.4,141802.5135,147384.9324
253,1.8,0.38,0.32,0.1,0.2,150289.3939,102630.6448
254,0.3,0.52,0.1,1.38,0.6,210231.581,166926.0079
255,2.3,0.8,0.1,1.38,0.8,230832.8627,211374.0354
256,2.3,0.1,0.54,1.06,0.6,286249.3765,116485.4334
257,0.8,0.38,0.98,0.1,0.6,124884.5987,125557.8335
258,2.3,0.1,0.1,1.06,0.6,277092.1839,113634.1383
259,2.3,0.66,0.54,1.38,0.4,267070.9796,168645.6887
260,0.3,0.8,0.98,1.38,0.2,226982.7613,164324.4559
261,2.8,0.66,1.2,0.74,0.8,217038.2364,186906.5432
262,1.3,0.38,0.54,0.74,0.6,203082.1262,139581.7829
263,0.3,0.1,0.32,0.74,0.8,197661.2219,108022.0625
264,2.8,0.8,0.54,0.74,0.2,223223.9444,148400.0448
265,2.8,0.66,0.54,1.06,0.4,251028.264,162011.4026
266,2.8,0.66,0.98,0.74,0.8,213478.3285,185862.9824
267,2.3,0.38,0.54,0.42,0.6,191660.027,131971.2007
268,2.8,0.8,0.76,0.74,0.4,216182.7528,167168.4016
269,0.8,0.1,1.2,0.42,0.4,199290.1395,99556.76133
270,1.3,0.24,0.32,0.42,0.2,187915.9155,102085.6759
271,1.8,0.66,0.54,1.7,0.4,279514.7481,174780.7895
272,0.8,0.38,0.54,0.1,0.4,122722.2035,113104.0724
273,2.3,0.52,0.76,0.42,0.2,200435.2259,123967.0962
274,2.8,0.66,0.54,0.74,0.4,221409.6923,154634.2452
275,2.8,0.8,1.2,1.38,0.8,261619.9297,216579.6646
276,0.8,0.8,0.1,0.74,0.4,156971.1632,164304.6707
277,0.3,0.52,0.32,1.7,0.2,254102.0924,149723.3065
278,2.3,0.24,0.76,1.38,0.8,296122.354,146239.3527
279,0.3,0.52,0.54,1.06,0.6,193376.2212,163028.725
280,1.3,0.8,0.98,0.74,0.2,198208.6634,150413.6245
281,0.8,0.24,0.1,1.7,0.2,282221.0727,131463.8677
282,2.8,0.38,0.32,0.1,0.2,172370.9033,103385.7886
283,1.3,0.8,0.54,0.42,0.6,136909.4161,178448.7525
284,1.3,0.52,0.1,0.74,0.4,188738.1437,139942.1265
285,1.3,0.38,0.32,0.74,0.2,211885.2919,119848.7674
286,0.8,0.1,0.76,0.42,0.2,194069.636,94687.67879
287,2.3,0.66,0.1,1.06,0.2,241384.7056,144540.5075
288,0.3,0.38,0.1,1.06,0.8,190337.5954,153758.546
289,0.8,0.1,1.2,1.7,0.2,312844.9622,128986.3568
290,2.3,0.66,0.54,0.42,0.6,168378.4568,162179.3762
291,0.8,0.38,0.98,1.06,0.4,234057.1781,140328.6511
292,1.8,0.1,0.1,0.74,0.6,236401.5778,104850.2887
293,2.8,0.66,1.2,1.7,0.2,321066.9371,164633.5456
294,1.3,0.52,0.32,1.7,0.6,265649.9158,174070.3292
295,2.3,0.1,0.98,1.7,0.8,340860.542,134891.6745
296,0.3,0.52,1.2,0.1,0.6,103556.2718,144473.6501
297,0.8,0.1,0.54,0.1,0.2,150282.0707,83542.00661
298,1.3,0.52,1.2,1.38,0.2,273897.8388,148737.5569
299,0.8,0.66,0.98,0.42,0.6,141994.9121,166148.9433
300,0.3,0.1,0.76,1.38,0.4,266163.7121,121494.9774
301,1.3,0.1,0.32,0.1,0.2,159700.8396,82565.98549
302,0.3,0.24,0.54,0.42,0.4,159147.0052,108991.4079
303,1.3,0.38,0.54,0.42,0.2,182523.9691,112620.6084
304,0.8,0.8,1.2,1.38,0.2,244571.4319,165402.2832
305,1.3,0.24,0.1,1.06,0.8,233488.1148,134240.7235
306,1.8,0.38,0.98,0.42,0.6,188697.5211,134348.6953
307,2.3,0.8,0.32,0.74,0.4,197337.0693,164738.7707
308,2.8,0.38,0.32,1.06,0.8,256491.5567,154542.7542
309,0.8,0.52,0.32,1.06,0.6,202951.9446,161378.0847
310,0.8,0.8,1.2,0.42,0.6,136771.1939,182757.0498
311,2.8,0.8,0.32,0.1,0.2,145648.0244,130453.0117
312,2.3,0.52,0.54,0.1,0.4,148062.5953,126025.5583
313,2.8,0.52,1.2,0.74,0.2,251783.1791,135171.8565
314,0.8,0.52,1.2,1.7,0.6,268726.2361,178894.1786
315,0.8,0.1,0.98,0.42,0.6,193662.3169,100695.2901
316,2.3,0.38,0.76,0.1,0.6,156504.9455,124258.8193
317,1.8,0.8,0.98,0.1,0.2,137505.4756,134351.8832
318,2.3,0.66,0.76,1.7,0.8,278613.183,203952.3323
319,0.3,0.38,0.1,0.42,0.8,126338.3869,138881.5942
320,1.3,0.66,0.76,0.74,0.6,184057.6238,171525.3846
321,0.8,0.38,0.98,1.38,0.8,248811.0044,165045.2171
322,1.3,0.24,0.54,0.1,0.6,143175.3724,106101.1418
323,2.3,0.8,0.76,0.1,0.8,118110.562,189156.374
324,2.8,0.24,0.32,1.38,0.6,300796.1712,139510.4051
325,0.3,0.8,0.98,0.74,0.4,161078.1058,169878.8866
326,0.3,0.8,1.2,1.38,0.8,203565.6834,221045.9486
327,2.8,0.38,0.98,1.06,0.2,286764.4996,133673.0914
328,2.3,0.24,1.2,1.7,0.2,338040.3934,140087.8039
329,0.3,0.66,0.32,0.74,0.2,166168.2672,137800.0267
330,1.3,0.24,0.98,0.74,0.4,229440.7652,120679.6369
331,1.8,0.8,0.32,1.06,0.6,206615.8571,189956.4294
332,1.3,0.52,0.32,0.1,0.6,112896.3543,138090.6684
333,0.3,0.8,0.1,0.1,0.4,72141.49584,151048.4558
334,0.3,0.8,0.76,0.74,0.8,141567.3988,207527.2337
335,2.3,0.52,0.98,0.1,0.8,142659.1223,152854.8549
336,0.8,0.52,0.76,1.38,0.2,253647.9564,146106.8957
337,0.3,0.8,0.32,0.74,0.4,148211.6975,166267.3571
338,1.8,0.66,1.2,0.74,0.2,221744.0874,142937.3541
339,1.3,0.52,1.2,0.1,0.4,137066.9758,129775.9666
340,1.3,0.66,0.32,0.74,0.4,183839.4387,153326.4557
341,2.3,0.8,0.1,1.06,0.2,233126.5069,152897.6694
342,2.8,0.24,1.2,0.74,0.6,261428.6806,128996.2533
343,2.3,0.66,1.2,1.38,0.2,288060.3085,157777.5024
344,1.8,0.52,1.2,1.06,0.4,251429.9983,153931.9894
345,1.8,0.38,0.98,1.38,0.6,278312.4383,157271.0399
346,2.8,0.66,0.76,0.74,0.2,235668.3814,141249.7589
347,0.3,0.38,0.1,1.06,0.4,202019.301,134949.7806
348,0.3,0.8,0.76,0.1,0.2,95630.05786,134638.2129
349,2.3,0.8,1.2,1.38,0.2,279943.2594,165887.7653
350,2.8,0.1,0.54,1.06,0.6,296727.586,116964.5996
351,0.3,0.52,0.32,0.74,0.8,152629.8981,167581.8365
352,2.3,0.66,0.54,1.7,0.4,290308.7358,174907.1965
353,2.8,0.38,0.32,1.38,0.4,293575.1023,145630.9701
354,1.8,0.8,1.2,1.06,0.8,215071.2206,211930.9413
355,2.8,0.38,0.98,0.42,0.8,205478.0702,142509.4195
356,1.8,0.1,0.54,0.42,0.6,212143.786,98628.47542
357,2.8,0.8,0.32,1.7,0.8,269041.8444,217708.3266
358,1.8,0.52,0.98,0.74,0.8,204323.3915,168965.012
359,1.8,0.66,0.1,1.38,0.4,246823.8264,165872.4423
360,2.3,0.66,1.2,0.74,0.4,222825.0925,158007.9157
361,1.8,0.38,0.1,0.74,0.6,205045.4929,137385.273
362,0.8,0.24,0.76,0.74,0.2,216997.7535,113110.8217
363,0.8,0.24,0.98,1.7,0.4,294748.8311,142436.4862
364,1.3,0.52,0.76,1.7,0.8,267930.2808,187766.4517
365,0.8,0.66,1.2,0.1,0.8,101896.8489,176037.3227
366,0.8,0.1,0.54,1.7,0.8,296138.9597,131946.7303
367,0.3,0.66,0.98,1.06,0.2,208602.6828,148868.6957
368,1.3,0.8,0.98,0.42,0.6,145154.003,180740.0314
369,0.3,0.66,0.98,0.1,0.4,97991.18758,142840.839
370,0.3,0.66,1.2,0.42,0.4,139845.4068,151445.4499
371,1.3,0.24,0.76,0.1,0.8,143817.3541,112813.8785
372,1.3,0.1,1.2,0.74,0.6,244692.4216,111018.5894
373,0.3,0.38,0.54,0.74,0.8,170086.1136,149231.4713
374,0.8,0.1,1.2,0.1,0.8,155720.8414,94480.19382
375,2.3,0.66,0.54,0.42,0.2,187423.5867,131461.6358
376,1.3,0.52,0.32,0.74,0.4,193757.5431,141351.2571
377,1.8,0.8,0.54,0.74,0.2,201998.3933,148063.7857
378,1.3,0.8,0.76,0.74,0.6,174412.4841,186431.271
379,1.8,0.66,0.76,0.42,0.8,155236.5429,178733.4827
380,0.8,0.24,0.98,1.06,0.6,241163.2941,134232.8864
381,2.3,0.24,0.32,1.06,0.8,261677.2019,136343.6787
382,1.3,0.1,0.54,1.7,0.8,309665.7775,132022.9734
383,2.3,0.1,0.98,1.06,0.4,295684.6836,117442.2622
384,1.3,0.8,0.32,1.06,0.8,187425.1401,208413.8635
385,0.3,0.24,0.76,0.1,0.4,123648.1501,101299.9379
386,0.3,0.66,0.54,0.74,0.6,153426.6985,171611.0287
387,1.3,0.1,0.54,0.1,0.8,158192.0169,90425.5689
388,1.3,0.1,0.76,1.06,0.8,264987.3384,118789.6725
389,2.8,0.24,0.54,1.06,0.2,288895.9986,122822.0453
390,1.3,0.8,0.76,1.06,0.6,203891.5607,192925.0612
391,1.3,0.1,0.1,0.74,0.4,225821.7339,102441.6522
392,0.3,0.66,0.1,0.74,0.6,143667.3747,169003.7294
393,0.3,0.1,0.54,1.38,0.8,258076.702,125077.824
394,0.8,0.8,0.54,1.38,0.6,213386.2095,198472.1519
395,1.3,0.8,0.54,0.1,0.2,117498.4441,132198.6804
396,0.8,0.52,1.2,0.74,0.6,189466.8094,159021.524
397,2.8,0.66,1.2,0.74,0.4,232953.11,158100.7829
398,2.3,0.52,0.1,1.38,0.2,276130.5102,143426.0612
399,2.8,0.8,0.54,1.06,0.4,241620.8629,173063.4857
400,2.8,0.8,0.32,1.7,0.4,286575.1648,184469.4749
401,2.3,0.24,0.54,1.06,0.4,273886.794,127593.6661
402,1.8,0.52,0.1,0.42,0.6,158648.3918,144702.2018
403,2.8,0.1,0.54,1.38,0.2,325614.7256,121420.7493
404,1.3,0.66,1.2,1.38,0.8,240142.9814,201357.6299
405,0.3,0.52,0.1,0.42,0.4,127175.3479,132480.7674
406,0.3,0.24,0.98,0.1,0.8,119175.031,115361.0212
407,1.8,0.8,0.1,1.06,0.4,211214.7331,170549.0418
408,2.3,0.52,0.1,0.74,0.6,203692.4509,152463.7762
409,1.3,0.8,0.32,0.1,0.2,112757.8916,130886.2148
410,2.8,0.66,0.98,1.7,0.6,299165.4376,191492.3654
411,2.3,0.8,0.54,0.1,0.8,113790.4961,188000.4336
412,0.3,0.52,0.54,1.06,0.8,186915.3969,175603.7479
413,0.3,0.1,0.98,0.74,0.8,210235.2083,111962.6482
414,2.8,0.38,0.54,1.7,0.6,314485.8399,161966.6571
415,1.8,0.52,0.32,0.1,0.4,132268.1943,124738.943
416,0.3,0.66,0.54,0.74,0.2,170797.9687,139132.8439
417,0.3,0.1,0.98,1.7,0.2,294971.9398,127156.4891
418,1.8,0.8,0.76,0.42,0.6,152406.8387,178861.7664
419,0.8,0.24,0.1,0.42,0.2,169300.6772,100137.3326
420,2.8,0.24,0.76,0.1,0.2,191643.1373,96966.33821
421,1.8,0.1,0.98,1.38,0.2,311839.8632,122393.6101
422,2.3,0.8,1.2,1.06,0.4,243063.4834,176470.0145
423,1.3,0.38,0.76,1.7,0.4,292648.4005,153164.1695
424,2.8,0.1,0.98,1.7,0.8,351304.1249,135170.4686
425,0.8,0.8,0.32,0.74,0.6,153170.7613,184818.9836
426,2.3,0.66,0.1,1.06,0.6,222422.7338,174028.6665
427,0.8,0.8,0.1,0.74,0.2,167503.6978,145362.4644
428,2.8,0.38,0.98,1.06,0.6,273236.1732,150728.8412
429,1.3,0.24,0.1,0.1,0.4,138171.9094,97106.21144
430,0.8,0.8,0.76,0.74,0.2,181420.4661,149302.0354
431,2.3,0.8,0.32,1.7,0.6,266874.9521,201583.0256
432,2.8,0.24,0.1,1.38,0.6,296014.6036,138074.988
433,2.3,0.24,0.98,1.06,0.2,286387.4825,124600.9794
434,2.3,0.1,0.1,0.1,0.4,177091.8989,84363.88457
435,1.3,0.1,0.32,0.42,0.6,194997.533,96877.26484
436,0.8,0.52,1.2,1.38,0.2,260937.4708,148376.3096
437,0.3,0.38,0.54,0.74,0.2,188421.4017,120514.0982
438,0.3,0.38,0.76,1.38,0.6,235977.2365,155416.9775
439,0.8,0.1,0.54,1.06,0.6,249006.226,115345.7115
440,1.3,0.8,0.32,0.1,0.4,102631.1565,150353.6331
441,0.8,0.38,0.32,0.42,0.6,151275.3369,130242.0166
442,1.8,0.66,0.32,0.1,0.2,132363.1641,121285.4988
443,1.8,0.8,1.2,1.7,0.8,264264.2045,223237.8129
444,0.3,0.66,0.1,1.38,0.2,217345.9771,150557.6321
445,0.8,0.66,0.32,0.42,0.4,137114.5913,146078.8563
446,2.3,0.38,0.1,0.1,0.6,142405.5083,120189.5546
447,1.8,0.8,1.2,0.42,0.6,159984.0367,181023.0356
448,0.8,0.24,0.1,1.06,0.4,228321.6229,122978.3511
449,0.3,0.24,0.76,1.38,0.4,253393.1573,134070.4953
450,2.8,0.1,1.2,0.42,0.6,245950.3495,103100.4323
451,1.8,0.1,0.1,0.42,0.2,206740.1961,91747.0712
452,1.3,0.38,0.32,0.42,0.4,170956.2611,120548.2639
453,1.8,0.52,0.76,1.06,0.8,230158.2152,174885.9628
454,0.8,0.8,1.2,1.38,0.8,217128.0333,219716.4417
455,0.8,0.52,0.98,0.1,0.8,107745.4196,155371.8007
456,2.8,0.66,0.54,1.7,0.8,284568.8278,202509.2826
457,1.3,0.1,0.32,1.38,0.6,283991.2565,121865.2989
458,1.3,0.52,0.98,1.06,0.2,244392.4073,140527.3216
459,2.3,0.66,0.76,0.42,0.6,172632.1674,163393.8402
460,0.8,0.52,0.76,0.1,0.8,103728.2924,154226.0612
461,0.3,0.52,0.98,1.06,0.4,208794.2095,152610.0004
462,1.3,0.24,0.76,0.74,0.4,225621.5474,119466.1767
463,2.3,0.66,0.54,0.42,0.2,187423.5867,131461.6358
464,0.3,0.24,0.54,0.74,0.6,188713.5616,123760.3411
465,0.8,0.1,0.1,0.74,0.6,210074.0344,104203.2871
466,2.3,0.52,0.54,0.74,0.2,230021.3229,131157.8905
467,1.3,0.66,0.76,0.74,0.2,202382.5096,140465.8666
468,1.3,0.8,0.1,1.06,0.4,199477.6138,170767.1902
469,2.3,0.52,0.98,0.42,0.4,195528.06,137288.5047
470,1.3,0.1,0.54,0.42,0.6,199531.791,98289.16185
471,1.8,0.1,0.32,1.38,0.2,299801.7397,118527.2177
472,0.3,0.1,0.76,0.74,0.2,212830.8972,103123.1466
473,1.8,0.52,0.98,1.38,0.2,282238.2425,148145.9613
474,0.3,0.1,0.32,1.7,0.2,282820.2753,123294.3056
475,1.3,0.1,0.98,0.74,0.4,243069.6096,107873.5022
476,0.3,0.8,0.1,1.06,0.4,172717.7753,171594.2338
477,1.8,0.24,0.1,0.1,0.2,155515.0461,91664.20251
478,2.8,0.66,1.2,0.42,0.6,190117.2594,165390.4353
479,1.8,0.8,0.54,1.7,0.6,260733.5386,203129.2738
480,1.8,0.1,0.1,1.06,0.6,265683.6049,113209.5987
481,2.8,0.52,0.32,1.06,0.8,242786.4212,171964.5667
482,2.8,0.66,0.98,0.74,0.6,220259.8676,171868.6284
483,2.3,0.24,0.1,0.74,0.2,240150.945,111019.8904
484,0.8,0.24,0.1,1.38,0.6,250068.3534,136259.609
485,2.3,0.24,0.32,1.06,0.2,274204.8358,120735.6785
486,0.3,0.8,0.98,0.42,0.2,137843.6086,143313.4642
487,2.8,0.66,1.2,1.7,0.6,302617.1267,192528.9368
488,0.8,0.52,0.98,1.06,0.4,223077.055,152548.1055
489,0.8,0.24,1.2,0.42,0.6,181143.9894,118980.717
490,2.3,0.38,1.2,1.38,0.6,292609.168,158581.4937
491,1.3,0.8,0.54,1.38,0.8,218057.6769,215417.9216
492,1.3,0.8,1.2,0.42,0.4,157646.7675,162636.0346
493,2.8,0.66,0.98,0.1,0.2,166720.2433,125265.5222
494,1.8,0.38,1.2,1.7,0.6,304918.8349,164821.5904
495,2.3,0.52,0.76,0.42,0.8,177641.2308,159837.9638
496,2.3,0.52,0.32,0.42,0.6,174660.6392,145946.9507
497,0.3,0.1,0.32,0.42,0.4,167828.6241,94077.47475
498,1.8,0.66,1.2,0.42,0.4,178183.9981,150263.4393
499,1.8,0.38,0.54,1.38,0.2,283489.7319,137403.7628
500,1.8,0.52,0.32,0.74,0.8,191654.2731,165309.4826
501,1.3,0.38,0.54,1.06,0.2,245968.2865,129185.6357
502,2.8,0.66,0.76,0.42,0.6,182613.4925,163177.8552
503,0.3,0.24,0.1,1.7,0.2,267778.4476,130840.4128
504,2.8,0.1,0.32,0.74,0.2,267089.3459,103890.8528
505,2.3,0.24,0.54,0.74,0.6,239758.5535,124945.1192
506,0.8,0.66,0.76,1.7,0.8,243440.4408,205737.0844
507,0.3,0.1,0.1,0.1,0.4,122614.2782,83042.92978
508,0.3,0.1,1.2,1.38,0.2,275483.3013,121327.1768
509,1.8,0.66,0.98,0.1,0.4,135640.764,140964.4561
510,2.8,0.1,0.98,1.7,0.4,353902.056,132717.2439
511,1.3,0.38,0.76,1.38,0.4,269489.8528,146557.7613
512,1.3,0.8,0.32,0.74,0.2,185520.1013,146691.1739
513,0.8,0.8,0.32,1.06,0.2,202289.5231,153940.0088
514,1.3,0.38,0.76,0.74,0.8,202152.0052,149241.8033
515,2.3,0.8,0.32,1.06,0.2,238056.7923,154290.7122
516,0.3,0.38,0.1,1.7,0.8,240481.3463,166784.2459
517,1.8,0.66,0.98,1.38,0.8,248294.6891,199697.389
518,0.3,0.38,1.2,0.1,0.4,120205.3272,117106.7845
519,0.3,0.38,0.76,1.06,0.8,204141.0785,157711.7741
520,2.8,0.38,0.76,0.42,0.2,220327.9448,115659.5309
521,0.3,0.66,0.76,1.06,0.2,204738.0732,147698.7482
522,1.8,0.24,0.98,0.42,0.4,207570.5746,112648.5183
523,1.3,0.66,0.1,0.42,0.6,136359.1544,160454.2429
524,1.8,0.52,0.76,0.42,0.6,172635.174,148650.9699
525,2.8,0.38,0.32,1.06,0.8,256491.5567,154542.7542
526,2.3,0.1,0.76,1.06,0.2,293874.9354,114270.3918
527,1.8,0.52,1.2,1.38,0.4,277478.2728,160879.3809
528,1.3,0.1,0.76,0.42,0.6,203704.7032,99614.62725
529,2.8,0.52,1.2,1.7,0.2,329568.7619,156799.8727
530,0.3,0.38,0.1,0.42,0.8,126338.3869,138881.5942
531,0.3,0.24,0.98,0.42,0.4,167329.3621,111529.0796
532,2.3,0.66,0.98,1.38,0.2,284595.855,156700.6906
533,0.3,0.52,0.54,0.42,0.8,123889.0171,161817.1879
534,1.8,0.24,0.98,0.74,0.2,246097.2379,115743.2891
535,0.8,0.1,0.1,1.06,0.6,239683.0916,112482.7756
536,0.3,0.24,1.2,0.1,0.4,131326.9769,103699.3185
537,2.3,0.8,0.1,1.38,0.2,259280.3042,159759.2536
538,1.8,0.52,0.1,1.38,0.6,248968.8312,166601.558
539,0.3,0.38,1.2,0.42,0.8,148128.2414,145122.2427
540,1.8,0.38,0.98,0.74,0.8,217655.7518,150764.0811
541,1.8,0.24,1.2,0.42,0.2,216085.1886,107988.5329
542,1.8,0.1,0.32,1.38,0.6,296191.2903,122318.1568
543,0.3,0.52,0.76,1.06,0.6,197587.6143,164253.1294
544,0.3,0.8,0.32,0.74,0.4,148211.6975,166267.3571
545,1.8,0.52,1.2,0.42,0.6,180169.166,150910.8914
546,2.8,0.66,0.76,0.74,0.6,216408.2492,170735.0077
547,2.8,0.38,0.98,0.74,0.8,239307.7168,150698.0466
548,1.3,0.66,1.2,1.06,0.6,221115.4156,180565.578
549,1.8,0.52,0.98,0.42,0.8,170562.0165,161439.8096
550,2.8,0.24,1.2,0.74,0.4,266301.0013,123658.939
551,2.8,0.52,0.76,0.42,0.4,201933.8607,136298.1488
552,0.8,0.24,0.54,0.1,0.6,129684.1358,106234.1541
553,1.3,0.1,0.32,0.42,0.4,196974.1177,94829.64835
554,0.3,0.52,0.32,0.1,0.6,86620.60816,139691.4393
555,0.8,0.38,0.54,1.38,0.2,258859.9464,136016.9317
556,0.3,0.24,0.76,1.06,0.2,231874.276,120676.8958
557,0.3,0.8,0.98,1.06,0.4,190497.652,176538.8629
558,2.8,0.52,0.76,0.1,0.6,154453.1487,139942.5805
559,1.3,0.1,0.98,0.1,0.2,172415.5049,86599.50957
560,0.3,0.1,0.76,0.1,0.8,132433.2373,92583.99888
561,0.8,0.52,0.76,0.42,0.4,155593.6257,136110.2385
562,1.8,0.38,0.76,0.1,0.8,140549.6445,132938.413
563,0.8,0.24,1.2,1.06,0.4,249163.3684,129423.7842
564,0.8,0.8,0.32,1.38,0.6,208833.1688,197227.7894
565,0.8,0.66,0.76,0.74,0.8,164515.8957,187578.5067
566,1.8,0.8,0.1,1.7,0.6,251359.342,200573.0778
567,0.8,0.38,1.2,0.1,0.6,128578.5442,126683.8342
568,0.8,0.1,0.98,0.42,0.8,191686.8816,102898.3385
569,0.3,0.8,1.2,0.1,0.8,82002.49341,197411.3181
570,0.3,0.38,0.98,0.1,0.8,105630.2639,136041.2872
571,0.8,0.1,0.32,0.1,0.4,143356.3114,84643.39302
572,2.8,0.8,0.1,0.1,0.8,113447.3732,184623.9841
573,0.8,0.66,0.98,0.74,0.4,183691.1244,157260.4949
574,2.3,0.24,0.32,0.74,0.2,245007.9279,112489.985
575,0.3,0.52,0.54,1.06,0.6,193376.2212,163028.725
576,2.3,0.38,0.32,0.74,0.2,234896.7187,121205.674
577,1.3,0.52,0.98,1.7,0.4,285466.7835,165890.1231
578,0.8,0.8,0.98,0.42,0.2,151762.3875,142913.6383
579,0.8,0.24,0.98,1.06,0.4,245651.5337,128299.2105
580,2.3,0.66,0.76,1.38,0.4,271161.9567,169862.6659
581,2.8,0.66,1.2,0.1,0.2,170347.7242,126387.7122
582,0.3,0.1,1.2,1.06,0.6,245417.8085,118794.0222
583,1.3,0.52,0.32,1.38,0.2,258096.0765,143876.105
584,1.3,0.66,0.1,1.7,0.8,242630.6228,201236.7413
585,1.8,0.52,0.54,1.38,0.8,252286.4714,180241.7392
586,2.8,0.38,0.98,0.74,0.2,257631.3646,125635.5727
587,1.3,0.1,0.98,1.06,0.8,268742.988,119999.9399
588,1.3,0.52,0.98,0.1,0.6,125985.1502,141816.3407
589,0.3,0.66,1.2,1.38,0.4,229053.1481,172226.9703
590,1.3,0.66,0.1,0.74,0.4,178794.0416,151945.4197
591,0.8,0.1,0.1,0.1,0.8,134062.6325,87808.13033
592,0.3,0.38,0.98,0.74,0.2,196508.5958,123019.1306
593,1.3,0.8,0.1,0.74,0.2,180482.574,145300.0386
594,1.8,0.38,0.54,1.06,0.4,250825.2636,138867.3032
595,2.3,0.52,0.98,0.74,0.8,215349.2102,168614.5656
596,2.3,0.66,0.98,1.38,0.2,284595.855,156700.6906
597,0.8,0.24,0.1,0.42,0.4,164375.7557,106273.6486
598,1.3,0.38,0.76,1.7,0.6,286485.0784,161943.8291
599,0.8,0.52,1.2,0.1,0.4,124170.9627,130157.1793
600,1.8,0.8,0.54,0.74,0.6,181594.6652,184615.6531
601,0.8,0.38,1.2,0.1,0.8,123539.7158,135967.3653
602,1.3,0.66,0.98,1.7,0.8,259937.241,206048.4448
603,2.8,0.8,0.76,1.7,0.4,295058.4466,186925.5821
604,2.8,0.66,0.54,1.38,0.4,277125.3613,168818.9565
605,0.3,0.24,0.54,1.38,0.4,249283.7762,132791.2565
606,2.3,0.66,0.76,0.74,0.2,225401.5413,140924.8462
607,1.3,0.24,0.32,0.74,0.6,212271.7513,122626.6677
608,2.8,0.1,0.1,1.7,0.6,335789.8737,128808.7926
609,2.8,0.38,0.98,1.7,0.2,335153.5818,147794.2411
610,0.3,0.8,0.76,1.06,0.4,186608.287,175411.4853
611,0.8,0.8,1.2,1.7,0.2,267809.777,171598.5289
612,0.8,0.8,0.32,0.42,0.2,138835.0119,139186.7136
613,0.3,0.38,0.54,1.7,0.2,267708.8392,142255.3528
614,0.3,0.8,1.2,1.7,0.6,234580.2031,208056.6214
615,2.3,0.1,0.76,1.06,0.4,291976.0994,116232.8703
616,2.3,0.24,0.1,0.42,0.8,193173.227,118297.148
617,2.8,0.1,1.2,0.74,0.8,277910.0211,113393.0462
618,2.8,0.24,0.1,0.74,0.2,250605.9272,111713.2499
619,2.8,0.1,0.1,1.06,0.2,291194.8232,110872.7992
620,0.8,0.52,0.98,1.7,0.2,280629.3792,153805.5081
621,0.3,0.52,1.2,0.42,0.8,135859.0027,165241.7442
622,0.3,0.24,0.32,0.1,0.2,119420.7653,92089.1263
623,1.3,0.24,0.1,0.1,0.8,129648.354,108684.9679
624,0.3,0.1,0.32,1.7,0.6,278780.7685,128228.6074
625,1.3,0.8,0.32,0.42,0.8,125298.1901,195888.3189
626,2.8,0.52,0.32,0.42,0.6,184829.8688,145941.128
627,2.3,0.52,0.98,0.74,0.8,215349.2102,168614.5656
628,2.8,0.52,0.98,0.42,0.2,214685.7574,125555.8224
629,1.8,0.1,0.76,1.06,0.8,277425.865,118961.0417
630,0.8,0.38,0.32,0.42,0.4,157627.0468,120501.9218
631,1.3,0.24,0.32,0.1,0.8,134813.8536,110135.5447
632,1.3,0.52,0.32,0.74,0.2,202264.5293,128996.1774
633,2.3,0.24,0.1,0.1,0.6,156784.4639,103821.09
634,0.3,0.52,0.32,0.42,0.6,125215.3548,147335.6751
635,1.3,0.52,0.54,1.7,0.2,285719.6907,151793.2378
636,2.8,0.66,0.98,1.06,0.2,268843.4941,150062.4984
637,0.8,0.1,0.1,0.1,0.4,138253.995,83141.42634
638,2.3,0.66,0.32,0.42,0.2,182825.7139,130116.9115
639,2.8,0.1,0.54,1.7,0.8,343719.4588,132728.5544
640,0.8,0.38,0.54,0.42,0.8,150666.079,140658.4732
641,2.3,0.1,1.2,1.06,0.2,301005.5486,116611.0979
642,1.8,0.1,1.2,1.38,0.2,315250.8464,123514.5362
643,0.3,0.66,0.1,1.7,0.8,215907.1041,203031.2438
644,0.8,0.1,0.54,0.74,0.2,223659.8264,102413.8638
645,0.8,0.52,1.2,1.06,0.2,234857.9777,141315.747
646,2.8,0.8,0.32,1.06,0.6,227187.0519,189288.7825
647,2.8,0.38,0.32,1.06,0.2,274557.055,129850.9245
648,1.8,0.52,0.76,1.38,0.2,278484.7085,146976.4301
649,2.3,0.52,0.32,0.1,0.4,143375.0871,124679.0214
650,1.8,0.1,0.98,0.42,0.4,221991.7413,99380.35246
651,0.8,0.24,1.2,1.7,0.8,290225.3914,154486.292
652,0.3,0.1,0.32,0.74,0.6,199760.0779,105534.7453
653,2.3,0.38,0.32,0.74,0.6,221089.3475,138963.6285
654,1.3,0.66,0.32,1.7,0.6,254743.1389,188274.4531
655,0.3,0.24,1.2,0.74,0.6,200389.1628,127390.6055
656,2.3,0.8,0.1,0.74,0.2,203457.5066,145477.5733
657,1.3,0.52,0.32,1.7,0.8,259354.1842,185298.4547
658,1.8,0.1,0.32,0.1,0.6,168266.4623,87248.82099
659,1.8,0.24,0.1,0.74,0.6,219154.0109,121763.7659
660,1.8,0.24,0.1,1.06,0.4,253472.8628,124211.6204
661,0.3,0.1,0.76,0.1,0.8,132433.2373,92583.99888
662,1.3,0.66,0.76,0.42,0.8,143788.0254,179656.2379
663,0.8,0.8,0.98,0.42,0.2,151762.3875,142913.6383
664,2.8,0.38,0.32,0.42,0.4,204385.7148,121841.3099
665,2.8,0.66,0.32,0.74,0.8,200860.8301,182300.0706
666,0.8,0.8,0.98,1.38,0.8,213577.6499,218711.3292
667,2.3,0.8,0.54,1.38,0.4,257750.2773,179633.583
668,0.8,0.66,0.1,0.42,0.2,141483.483,128495.7473
669,1.3,0.1,0.1,0.42,0.8,188209.4635,97320.23572
670,2.8,0.1,0.98,1.7,0.8,351304.1249,135170.4686
671,0.3,0.52,0.54,0.42,0.2,145194.9166,121954.6678
672,1.3,0.52,1.2,1.38,0.6,258145.3194,172580.6995
673,0.3,0.52,0.98,0.42,0.6,138216.0712,151032.3737
674,0.3,0.66,0.1,0.74,0.6,143667.3747,169003.7294
675,2.3,0.8,0.32,0.42,0.4,163476.8473,157216.8026
676,0.8,0.52,0.98,1.38,0.8,235418.9622,183457.0926
677,0.3,0.38,0.1,0.42,0.8,126338.3869,138881.5942
678,0.3,0.66,0.98,1.7,0.4,248911.4785,177245.9443
679,1.8,0.66,1.2,1.38,0.6,258853.5879,186685.9899
680,1.3,0.66,0.32,1.38,0.4,239942.9199,167234.2001
681,2.3,0.66,0.76,1.7,0.4,294366.5081,176112.9377
682,1.3,0.8,0.32,0.42,0.6,132226.3965,177200.6441
683,1.8,0.8,0.98,1.7,0.2,288767.5631,170871.8224
684,0.8,0.38,1.2,0.1,0.8,123539.7158,135967.3653
685,0.3,0.52,0.54,1.7,0.6,243281.7409,175700.9162
686,1.8,0.66,0.54,0.74,0.4,200283.8314,154534.075
687,1.3,0.24,0.98,1.06,0.2,263539.9247,123045.3089
688,0.8,0.8,0.76,0.1,0.2,109241.028,133923.4554
689,0.3,0.24,0.32,0.42,0.6,149930.5523,114012.4848
690,1.8,0.24,1.2,1.7,0.8,315130.7907,154939.5292
691,1.3,0.66,0.98,1.06,0.4,226187.0415,164213.9991
692,0.8,0.24,0.32,0.1,0.4,129626.6509,98490.61469
693,0.8,0.52,0.32,1.7,0.2,268355.2202,150062.3323
694,2.8,0.52,0.1,0.1,0.8,134724.2658,147393.6454
695,0.3,0.52,1.2,1.38,0.2,246677.634,148083.5142
696,1.3,0.52,0.54,0.1,0.4,125065.5976,126198.6008
697,2.8,0.38,0.76,1.06,0.4,276179.4944,140971.0545
698,2.8,0.66,0.32,0.1,0.2,153862.3257,121445.0119
699,1.8,0.52,0.76,1.7,0.6,285757.2798,176738.0682
700,0.3,0.8,0.1,1.38,0.8,182374.4733,215364.4578
701,1.8,0.66,0.1,0.74,0.6,181811.4147,167273.6131
702,2.3,0.52,0.1,1.38,0.6,259808.1856,166648.5721
703,0.3,0.66,1.2,0.1,0.2,110282.7957,127106.1434
704,2.3,0.52,0.54,0.1,0.2,156904.3394,113538.6338
705,2.8,0.66,0.1,0.42,0.6,168683.0144,159310.31
706,1.3,0.24,0.32,0.42,0.2,187915.9155,102085.6759
707,1.3,0.8,0.76,0.1,0.6,103588.4264,172560.4019
708,0.8,0.38,0.1,0.1,0.8,101474.5345,129696.1533
709,2.8,0.66,0.54,1.38,0.8,261269.9872,196661.6528
710,2.3,0.24,0.54,0.74,0.6,239758.5535,124945.1192
711,2.8,0.66,0.32,1.7,0.8,280133.9493,201265.988
712,2.8,0.38,0.1,0.1,0.8,148241.3537,128445.616
713,2.8,0.66,0.54,0.42,0.4,187531.9793,146693.7852
714,1.3,0.8,0.54,1.38,0.4,235293.7044,179852.3545
715,0.3,0.24,0.54,1.38,0.8,240880.8758,144629.8749
716,0.8,0.38,0.54,1.38,0.2,258859.9464,136016.9317
717,2.8,0.38,0.32,1.06,0.4,267666.2023,138359.9247
718,2.8,0.66,1.2,0.1,0.6,151332.7907,157354.5772
719,0.3,0.1,1.2,0.1,0.2,146695.9982,87037.40153
720,1.8,0.38,1.2,0.74,0.2,239635.3532,125676.7628
721,1.3,0.38,1.2,0.74,0.8,209596.1584,151507.5711
722,0.8,0.52,0.76,1.06,0.6,211710.3456,163910.1515
723,2.8,0.24,1.2,1.38,0.4,320940.6491,139217.9707
724,1.3,0.24,0.1,1.38,0.6,263243.25,136520.4121
725,0.8,0.24,0.32,1.7,0.2,287018.8124,132909.9234
726,0.8,0.38,0.32,1.06,0.4,221556.7267,136522.8835
727,2.3,0.1,0.54,1.38,0.4,313456.9813,122602.6159
728,1.3,0.52,0.1,1.38,0.8,230943.787,177903.9259
729,2.3,0.38,0.54,1.06,0.2,268708.8828,130615.0896
730,1.8,0.1,0.32,0.74,0.2,245120.0137,102429.683
731,0.8,0.52,0.54,1.06,0.2,223342.3975,137759.4163
732,2.8,0.38,0.98,1.38,0.4,305724.592,149385.0862
733,0.8,0.1,1.2,0.74,0.4,232983.2688,108524.8861
734,1.8,0.24,0.1,1.38,0.8,271569.3219,141998.9083
735,1.3,0.8,0.1,0.42,0.2,146575.1291,137578.5877
736,1.3,0.38,0.1,0.1,0.2,133188.0426,100552.6373
737,0.8,0.52,0.76,1.06,0.6,211710.3456,163910.1515
738,2.8,0.66,0.76,1.7,0.2,313943.5512,162423.6645
739,0.3,0.38,0.98,1.38,0.6,239796.9856,156581.6721
740,1.3,0.1,0.76,1.38,0.2,296120.7004,120402.5967
741,1.8,0.1,0.32,0.74,0.2,245120.0137,102429.683
742,1.3,0.24,0.98,1.7,0.8,300029.0585,153345.9613
743,2.3,0.1,0.1,1.06,0.4,278809.9408,112083.0427
744,2.8,0.38,0.32,0.74,0.4,238214.2975,130440.5484
745,2.8,0.1,1.2,1.7,0.6,355693.7956,135154.536
746,2.8,0.66,0.98,0.1,0.2,166720.2433,125265.5222
747,0.3,0.52,1.2,1.06,0.8,198606.9403,179002.7257
748,2.3,0.38,0.32,0.1,0.2,161743.1097,102964.9767
749,2.3,0.24,0.1,0.1,0.8,153523.8579,108892.6626
750,0.3,0.66,0.54,0.1,0.2,98162.78959,123533.2422
751,0.3,0.8,0.32,1.7,0.6,218523.6315,203546.61
752,0.3,0.24,0.76,0.42,0.8,154752.5464,122825.3995
753,2.3,0.8,0.1,1.38,0.4,248358.1727,177003.0818
754,0.3,0.66,0.54,1.38,0.4,217490.9804,168805.3178
755,0.3,0.8,0.76,1.06,0.8,170318.5138,213387.9929
756,1.8,0.1,0.76,0.1,0.4,179018.6591,88147.36367
757,0.3,0.1,0.1,1.06,0.2,228883.2589,107199.4918
758,0.8,0.8,0.32,1.06,0.2,202289.5231,153940.0088
759,2.3,0.66,0.98,1.7,0.8,282373.5124,205042.0619
760,1.8,0.52,0.54,0.74,0.6,202336.6346,155220.0735
761,2.3,0.8,0.32,0.42,0.2,174583.482,138927.5525
762,1.8,0.24,0.98,1.06,0.6,266005.1938,135070.7189
763,0.3,0.66,0.98,1.38,0.8,210055.0236,202242.779
764,0.3,0.52,0.32,1.7,0.2,254102.0924,149723.3065
765,0.3,0.66,1.2,1.06,0.6,194669.6928,181605.9174
766,2.3,0.52,0.98,0.74,0.2,237976.0046,133620.6124
767,2.8,0.24,0.98,1.06,0.6,287164.8599,135924.4036
768,1.8,0.1,1.2,0.74,0.6,257068.5069,111406.9783
769,0.8,0.1,0.32,1.06,0.8,242668.127,116083.0203
770,2.8,0.52,0.76,0.42,0.2,210838.1986,124355.4115
771,1.3,0.38,0.1,1.06,0.2,236594.57,126369.6748
772,1.3,0.1,0.1,0.42,0.6,190035.4601,95388.80195
773,1.3,0.52,0.32,1.06,0.2,231950.6123,136730.4414
774,1.8,0.24,0.98,1.06,0.2,275293.8878,123923.0139
775,0.3,0.38,0.76,1.06,0.8,204141.0785,157711.7741
776,0.8,0.52,0.1,0.74,0.4,175602.9008,139979.3827
777,0.3,0.66,0.76,1.06,0.8,180095.5501,195184.5848
778,0.8,0.66,0.54,0.1,0.2,112200.9944,123015.5472
779,2.3,0.1,0.54,1.06,0.8,284932.5635,117841.6224
780,0.3,0.1,1.2,0.74,0.8,213794.5409,113111.6048
781,1.8,0.1,0.32,1.7,0.4,320668.5427,127604.3735
782,2.3,0.8,1.2,1.06,0.2,253997.0513,159069.5134
783,1.3,0.66,1.2,1.06,0.6,221115.4156,180565.578
784,1.3,0.1,1.2,1.7,0.6,322360.8432,133786.9237
785,1.3,0.66,0.1,1.38,0.4,235007.2215,165858.8594
786,0.8,0.66,0.76,0.74,0.8,164515.8957,187578.5067
787,0.3,0.38,0.76,0.42,0.6,145841.4986,133185.2888
788,1.8,0.38,1.2,0.1,0.6,153037.5228,126637.7742
789,0.3,0.52,0.98,1.38,0.6,227771.3779,171953.407
790,1.8,0.24,0.54,1.7,0.4,311602.0361,141298.8252
791,0.8,0.38,0.1,0.1,0.4,112768.482,110303.8614
792,1.8,0.66,0.1,0.1,0.2,127193.1743,119872.3043
793,2.3,0.24,0.32,0.42,0.6,201388.4088,114819.0986
794,2.8,0.38,0.1,1.06,0.2,269733.4429,128407.0574
795,0.8,0.8,0.76,1.06,0.2,211041.1294,156485.1774
796,2.8,0.66,1.2,1.38,0.4,288422.4472,172229.1736
797,0.3,0.1,0.76,1.06,0.8,236075.8025,118872.1345
798,0.3,0.1,0.54,0.1,0.4,132472.9825,85963.36794
799,1.8,0.52,0.98,0.1,0.8,131812.4098,153457.8611
800,1.3,0.1,0.54,1.7,0.6,311265.3491,130214.0273
801,0.8,0.1,0.76,1.38,0.2,282867.2063,119681.0327
802,2.3,0.1,0.54,0.74,0.4,258970.6864,106551.1456
803,2.8,0.8,1.2,0.42,0.6,180205.6057,180016.7515
804,0.8,0.52,0.98,0.74,0.8,179524.9347,170174.54
805,1.3,0.24,0.98,0.42,0.4,195630.0978,111954.1175
806,2.3,0.24,0.76,0.1,0.8,167518.9551,113032.2343
807,0.3,0.1,0.54,0.42,0.4,172423.7015,95492.99083
808,2.3,0.24,1.2,0.1,0.8,175059.7372,115392.794
809,2.3,0.1,1.2,1.7,0.2,348840.1023,131250.7083
810,2.8,0.66,0.98,0.42,0.6,186515.6099,164319.8976
811,2.3,0.52,1.2,0.74,0.8,218911.1052,169683.1695
812,2.8,0.52,0.76,1.38,0.2,299567.7563,147937.4806
813,2.8,0.38,1.2,0.42,0.8,209051.8269,143611.8726
814,1.8,0.24,0.32,0.74,0.6,224087.5334,123216.98
815,2.3,0.8,0.54,0.42,0.4,168121.0593,158507.0416
816,2.3,0.8,0.76,1.7,0.4,285111.5107,186878.9445
817,1.8,0.1,0.76,1.7,0.8,325883.2822,133504.8142
818,0.3,0.52,0.1,1.06,0.4,191129.0303,147471.6796
819,2.3,0.24,0.32,0.1,0.8,158619.8038,110349.9545
820,2.3,0.1,0.98,0.1,0.8,191305.9817,92956.2755
821,0.8,0.66,1.2,1.38,0.2,252507.9353,156915.7412
822,2.8,0.38,0.54,0.1,0.6,162540.0882,123076.6702
823,0.3,0.52,0.54,0.74,0.2,179136.4433,129961.57
824,2.3,0.8,1.2,0.42,0.8,163268.3595,198249.0633
825,1.3,0.8,0.54,0.1,0.8,93114.15193,190460.6608
826,1.3,0.52,0.76,0.1,0.4,129399.6519,127465.2991
827,0.3,0.24,0.76,1.7,0.6,272347.966,146775.0203
828,2.8,0.38,0.1,1.06,0.2,269733.4429,128407.0574
829,1.8,0.8,0.98,1.06,0.4,228747.6703,175521.7814
830,2.8,0.38,1.2,1.38,0.2,315810.4265,142132.7404
831,1.8,0.8,0.76,1.7,0.4,274389.0644,186911.2395
832,1.3,0.8,0.1,1.7,0.2,259885.6441,165636.9103
833,1.3,0.52,0.1,0.1,0.2,123611.0018,110431.3224
834,1.8,0.52,1.2,0.74,0.6,213967.1145,158697.4923
835,2.3,0.8,1.2,0.42,0.4,179907.8625,161940.6823
836,2.8,0.24,0.1,1.7,0.6,319004.8386,144876.3445
837,0.3,0.24,1.2,0.74,0.4,204892.1828,121156.9422
838,1.8,0.8,0.1,1.06,0.2,222135.9023,152704.9794
839,1.8,0.1,0.32,1.7,0.6,319001.4429,129313.8295
840,0.8,0.52,0.76,0.1,0.8,103728.2924,154226.0612
841,0.3,0.66,0.76,0.1,0.2,102541.2756,124794.4496
842,2.3,0.24,0.98,0.74,0.4,252480.1421,121953.7794
843,1.8,0.24,0.76,1.7,0.6,311199.6725,147963.0686
844,1.3,0.24,0.98,1.38,0.4,284790.288,136128.7225
845,2.3,0.66,1.2,0.1,0.4,150117.0072,141818.3397
846,0.8,0.38,0.76,1.38,0.4,256433.0757,146276.9025
847,1.3,0.1,0.1,0.74,0.2,227914.4351,100187.9917
848,0.8,0.1,0.1,0.74,0.8,208126.8119,106371.6033
849,0.8,0.24,0.98,1.06,0.8,237342.943,139619.3659
850,1.3,0.1,0.1,1.38,0.4,281000.2114,118453.5838
851,1.8,0.38,1.2,1.38,0.2,294725.4849,140952.6367
852,2.3,0.1,1.2,0.74,0.2,272212.1961,108233.0921
853,2.3,0.1,1.2,0.42,0.4,237065.9264,101089.5926
854,2.8,0.52,0.76,0.74,0.8,221763.8208,167284.8965
855,2.3,0.1,0.32,0.42,0.2,223232.8875,93925.36669
856,2.3,0.24,0.1,1.06,0.6,259899.4106,130184.5447
857,0.3,0.66,0.32,1.7,0.4,236453.8339,173616.5413
858,1.8,0.8,0.54,1.06,0.6,211175.5034,191209.9633
859,2.8,0.1,0.54,0.1,0.6,195650.7364,89290.85922
860,2.3,0.1,0.98,1.38,0.8,318210.1227,127941.0901
861,0.8,0.52,0.54,0.1,0.4,112108.2937,126586.8894
862,0.8,0.38,0.1,1.7,0.2,272769.1656,139949.8436
863,0.3,0.38,0.32,0.42,0.2,149730.2032,110801.573
864,0.8,0.38,0.98,1.7,0.8,272190.4659,171337.8235
865,1.8,0.52,0.1,0.42,0.6,158648.3918,144702.2018
866,0.8,0.66,0.32,0.42,0.6,129031.9817,162532.7692
867,0.3,0.8,0.32,1.7,0.6,218523.6315,203546.61
868,2.3,0.24,0.54,1.7,0.4,322540.0772,141887.422
869,2.8,0.38,0.32,0.74,0.6,231317.7817,139226.0922
870,1.8,0.24,0.1,0.1,0.4,150340.2504,97676.82518
871,1.8,0.66,0.54,1.06,0.4,229992.4616,161808.365
872,2.8,0.52,0.54,0.74,0.2,240356.9879,131602.4808
873,1.3,0.38,0.76,0.42,0.4,179806.6407,123202.3138
874,2.3,0.24,0.1,0.42,0.4,201410.6377,107726.0379
875,2.8,0.8,0.32,1.06,0.8,219556.8284,206159.2247
876,1.3,0.24,0.1,1.7,0.2,295324.9716,132127.6591
877,2.3,0.8,0.1,1.38,0.2,259280.3042,159759.2536
878,0.8,0.1,0.32,1.06,0.8,242668.127,116083.0203
879,1.8,0.1,0.98,1.06,0.2,286356.7145,114744.4954
880,1.3,0.8,0.98,0.42,0.4,154000.7954,161564.3261
881,0.3,0.8,0.98,1.38,0.6,207746.6995,201482.6532
882,0.3,0.52,0.32,1.7,0.6,238769.997,174410.366
883,1.3,0.66,1.2,1.38,0.6,247289.783,186951.2
884,2.8,0.1,0.98,1.06,0.8,303337.3788,120599.0748
885,2.8,0.24,0.1,1.7,0.4,323581.7341,139745.0446
886,2.8,0.24,0.1,0.1,0.2,177897.7448,92743.84603
887,2.8,0.1,0.32,1.7,0.8,339428.4864,131373.6228
888,2.8,0.8,1.2,0.1,0.6,141884.9202,172467.7446
889,0.8,0.38,0.54,0.42,0.4,162273.3203,121866.7389
890,2.8,0.52,0.32,0.74,0.8,213041.656,164768.7588
891,1.3,0.8,0.54,1.7,0.2,269224.6296,168316.6048
892,1.8,0.52,0.54,1.06,0.6,232095.8332,162521.1753
893,2.8,0.66,0.32,1.06,0.4,246536.8738,160704.5703
894,2.3,0.1,0.1,1.38,0.2,306258.3306,117824.1527
895,2.3,0.38,0.32,1.38,0.2,290096.3881,136632.8095
896,0.3,0.1,0.98,0.42,0.2,182810.9384,95431.74179
897,0.8,0.52,0.76,0.1,0.2,124627.4584,114607.8595
898,0.8,0.24,0.54,1.06,0.4,237726.0271,125809.2111
899,2.8,0.52,0.54,0.74,0.6,223363.5416,155243.9451
900,1.8,0.52,0.54,0.1,0.2,145633.1402,113356.5133
901,2.3,0.1,0.54,0.42,0.6,223810.0127,98972.63365
902,2.8,0.8,0.98,1.06,0.4,249562.4721,175395.1552
903,2.8,0.24,0.54,0.42,0.4,221408.1168,111127.4058
904,0.3,0.52,0.54,0.42,0.8,123889.0171,161817.1879
905,2.3,0.66,1.2,1.38,0.6,269532.9108,186536.5804
906,1.8,0.24,0.54,0.42,0.2,204531.7599,104287.9646
907,1.3,0.38,0.76,0.1,0.4,140355.0886,114244.9546
908,1.8,0.38,0.32,0.42,0.6,175955.85,130533.9776
909,2.8,0.8,0.32,1.38,0.2,274282.0888,161425.7692
910,1.3,0.1,0.32,1.38,0.8,282340.4006,123696.5442
911,2.3,0.1,0.54,0.42,0.4,225641.8375,97370.85818
912,0.3,0.8,0.54,0.1,0.6,75281.55314,174063.1458
913,0.3,0.24,1.2,0.42,0.4,170953.1223,112680.12
914,1.3,0.24,0.76,1.06,0.4,255117.6014,127532.3757
915,0.3,0.24,0.32,1.38,0.4,244807.5153,131426.6405
916,0.3,0.38,0.32,1.06,0.4,207008.5318,136379.1965
917,2.8,0.38,0.76,1.7,0.8,314241.4463,170481.6371
918,1.3,0.38,1.2,0.1,0.6,141580.9562,126295.7336
919,2.3,0.1,0.98,1.38,0.6,319477.7479,126603.9173
920,1.8,0.8,0.54,0.42,0.4,157342.7876,158786.6399
921,1.8,0.1,1.2,1.38,0.2,315250.8464,123514.5362
922,0.3,0.1,0.98,0.42,0.8,176241.4941,103198.8598
923,2.3,0.52,0.1,1.7,0.4,290988.4893,161422.5009
924,1.3,0.1,0.76,0.1,0.2,168521.9309,85337.74908
925,1.3,0.52,1.2,1.7,0.4,288932.5061,166959.9858
926,2.8,0.8,0.54,0.74,0.8,194609.7759,200992.117
927,1.3,0.8,0.32,0.42,0.8,125298.1901,195888.3189
928,0.8,0.8,0.98,1.06,0.6,195306.5678,194725.1086
929,2.3,0.8,0.54,0.74,0.8,184706.2764,201632.2653
930,0.3,0.38,0.54,1.06,0.6,205419.2014,147251.9319
931,0.3,0.38,1.2,0.74,0.6,187289.9718,143353.1819
932,2.3,0.1,1.2,1.7,0.8,344236.5381,135993.7806
933,1.8,0.1,0.76,1.38,0.6,304564.6059,124975.7601
934,2.3,0.8,0.98,0.42,0.8,159641.1461,197224.7831
935,0.8,0.66,0.32,0.42,0.6,129031.9817,162532.7692
936,1.8,0.52,0.54,0.1,0.6,129218.0281,139100.8007
937,0.3,0.1,0.76,1.06,0.8,236075.8025,118872.1345
938,2.3,0.8,1.2,0.1,0.6,132304.7322,173029.0789
939,2.3,0.24,0.98,0.74,0.8,244553.8738,132225.8288
940,0.3,0.8,0.32,0.1,0.4,77415.90774,152353.5816
941,1.8,0.1,0.1,1.06,0.4,267458.1327,111455.0262
942,2.3,0.52,0.54,0.1,0.6,140049.7859,138815.9142
943,1.8,0.1,0.32,0.1,0.8,166580.2565,88957.01803
944,0.3,0.24,0.32,1.7,0.8,259843.4796,149871.5637
945,2.8,0.38,0.32,0.42,0.2,211652.7194,112979.779
946,1.3,0.38,0.98,0.42,0.4,183709.247,124408.9931
947,0.3,0.38,0.76,0.1,0.4,112484.357,114753.8508
948,2.3,0.52,0.32,0.74,0.6,208684.6862,153855.9531
949,0.3,0.8,0.1,1.7,0.8,205666.9443,220639.3975
950,2.3,0.52,1.2,1.06,0.6,254406.919,165978.761
951,1.8,0.24,1.2,1.06,0.6,269490.8131,136182.3942
952,0.8,0.8,1.2,1.7,0.4,257419.4074,189405.511
953,0.3,0.52,0.32,1.06,0.4,196148.7159,148871.2756
954,0.8,0.1,0.98,1.06,0.8,255010.3167,119982.3259
955,1.3,0.38,0.1,0.42,0.8,154184.3296,137287.8067
956,2.3,0.38,0.76,1.7,0.4,314905.5087,154388.0929
957,2.8,0.1,0.1,1.06,0.8,286500.4524,115261.6508
958,2.3,0.52,0.98,1.06,0.2,267338.3325,141424.9914
959,0.3,0.66,0.32,1.38,0.4,212940.8933,167509.6239
960,1.8,0.52,0.54,0.1,0.6,129218.0281,139100.8007
961,1.8,0.24,0.1,1.38,0.8,271569.3219,141998.9083
962,0.3,0.52,0.54,1.06,0.6,193376.2212,163028.725
963,2.8,0.38,0.54,0.1,0.2,176974.2389,104779.5561
964,1.8,0.8,0.1,1.06,0.6,201624.6632,188634.818
965,1.3,0.52,0.76,1.38,0.2,266642.5953,146472.3574
966,2.8,0.52,0.76,1.38,0.4,291199.2632,159222.1824
967,1.8,0.24,0.76,0.42,0.8,195386.1511,122323.0968
968,2.3,0.1,1.2,1.38,0.2,326352.5932,124258.9123
969,1.3,0.8,0.32,1.06,0.4,204479.924,172119.0792
970,1.3,0.52,0.32,1.38,0.2,258096.0765,143876.105
971,0.8,0.24,0.1,0.42,0.4,164375.7557,106273.6486
972,2.8,0.1,0.54,1.38,0.2,325614.7256,121420.7493
973,0.8,0.66,1.2,1.7,0.8,250759.074,207849.9843
974,2.8,0.52,0.98,1.7,0.6,310130.0906,178116.2314
975,1.3,0.52,0.76,0.42,0.8,154807.3044,160872.7923
976,1.8,0.38,0.98,0.1,0.6,149380.5976,125511.99
977,0.3,0.38,0.32,1.7,0.4,256837.1588,150024.4893
978,1.8,0.38,0.54,1.38,0.2,283489.7319,137403.7628
979,2.3,0.24,0.76,1.38,0.6,299108.3703,141630.9783
980,1.3,0.8,0.32,1.38,0.6,221358.1936,196609.4402
981,2.3,0.24,0.1,0.1,0.2,167135.6058,92167.18624
982,2.3,0.8,1.2,1.06,0.6,233351.1576,194132.3957
983,0.8,0.52,0.76,1.7,0.2,276874.9266,152642.1779
984,1.8,0.8,0.32,0.1,0.8,99040.71863,187891.6853
985,2.8,0.1,0.54,1.7,0.6,344756.1886,131609.784
986,0.8,0.66,0.32,1.38,0.8,211360.7116,197651.6977
987,2.8,0.1,0.76,0.74,0.2,275514.4333,106594.3579
988,0.3,0.24,0.32,0.74,0.2,193476.5716,109924.146
989,0.8,0.66,1.2,1.38,0.6,234674.943,187336.372
990,1.3,0.52,0.32,0.1,0.8,107102.7041,150576.594
991,1.8,0.52,0.32,1.06,0.6,227571.6225,161211.8448
992,0.8,0.38,0.76,0.42,0.6,160212.3486,132858.5722
993,2.3,0.8,0.1,0.74,0.4,192318.3827,163378.257
994,2.8,0.52,0.76,0.1,0.6,154453.1487,139942.5805
995,0.3,0.24,0.32,0.1,0.6,110062.2549,105166.6331
996,2.3,0.52,0.54,1.38,0.2,285373.6818,146186.2064
997,2.8,0.66,0.1,0.1,0.2,148746.6331,120020.4249
998,2.3,0.38,0.1,0.1,0.8,137677.4665,128590.1116
999,2.8,0.52,1.2,1.06,0.2,281012.4068,142998.8067
1000,1.3,0.52,0.54,1.06,0.2,236454.5802,138079.5025
1001,0.8,0.52,0.1,1.38,0.6,224399.8946,166655.8325
1002,0.3,0.52,0.98,0.42,0.2,153432.1875,124440.314
1003,1.8,0.52,1.2,1.38,0.8,263695.1521,183620.0187
1004,2.8,0.52,0.32,0.42,0.8,179066.4936,157042.14
1005,2.8,0.1,0.54,1.38,0.6,322176.9075,124616.9007
1006,1.8,0.52,0.54,1.7,0.2,297495.829,152329.5035
1007,0.3,0.52,0.98,0.74,0.2,187261.3583,132431.1383
1008,0.8,0.52,0.32,1.06,0.6,202951.9446,161378.0847
1009,0.3,0.1,0.76,1.7,0.8,285309.9366,133253.3905
1010,1.3,0.66,0.1,0.74,0.4,178794.0416,151945.4197
1011,0.3,0.1,0.54,1.06,0.8,231944.8673,117572.2303
1012,0.8,0.66,0.32,1.7,0.4,250532.1756,173482.1848
1013,0.8,0.1,1.2,1.06,0.8,258503.5414,121114.7331
1014,2.3,0.66,0.98,1.06,0.6,239882.51,178996.751
1015,0.3,0.52,0.32,0.1,0.2,101082.9221,112277.8284
1016,1.8,0.66,0.98,0.1,0.4,135640.764,140964.4561
1017,2.8,0.52,0.76,0.74,0.8,221763.8208,167284.8965
1018,2.3,0.8,0.32,1.06,0.6,217269.8693,189558.7117
1019,1.8,0.8,0.54,0.1,0.6,110105.6243,170420.8967
1020,2.8,0.38,1.2,1.38,0.8,298293.0193,166285.7405
1021,0.8,0.24,0.54,1.06,0.6,233213.8424,131757.584
1022,1.8,0.38,0.32,0.1,0.6,136410.4191,121676.8914
1023,2.8,0.38,0.1,1.38,0.4,288772.2205,144210.026
1024,1.3,0.1,0.54,0.42,0.6,199531.791,98289.16185
1025,0.3,0.24,0.76,0.74,0.6,192926.0887,125052.125
1026,1.8,0.66,0.98,0.1,0.4,135640.764,140964.4561
1027,0.8,0.24,1.2,1.06,0.6,244685.7816,135349.1652
1028,1.8,0.52,0.1,0.42,0.4,166625.2086,131991.1409
1029,1.8,0.24,0.76,0.42,0.2,208697.5945,105603.9113
1030,2.8,0.8,0.32,0.1,0.8,118583.2611,185900.349
1031,1.8,0.66,0.98,1.38,0.8,248294.6891,199697.389
1032,1.8,0.38,0.32,1.38,0.4,272439.8675,144736.8322
1033,2.8,0.52,0.54,1.06,0.2,269713.0074,139464.4828
1034,1.8,0.8,0.98,0.1,0.6,118438.1727,172719.1405
1035,1.8,0.66,0.54,1.38,0.2,265853.8237,153956.9626
1036,1.8,0.1,1.2,1.06,0.6,286122.5979,119701.5391
1037,0.3,0.8,0.98,1.7,0.2,250314.9434,170475.2266
1038,2.3,0.1,1.2,1.7,0.6,345465.1252,134672.3375
1039,0.3,0.52,0.54,0.74,0.2,179136.4433,129961.57
1040,1.3,0.1,0.1,0.74,0.2,227914.4351,100187.9917
1041,2.3,0.52,0.54,0.42,0.4,187423.5493,134840.4597
1042,2.8,0.24,0.54,0.74,0.2,259869.1419,114566.779
1043,0.8,0.24,0.54,1.7,0.4,286967.4004,139989.6418
1044,0.3,0.38,0.32,0.1,0.6,97461.80535,122330.926
1045,2.3,0.8,0.32,1.06,0.2,238056.7923,154290.7122
1046,0.8,0.52,1.2,1.38,0.6,245365.7936,172755.9752
1047,0.3,0.1,0.1,0.74,0.6,194794.2502,104053.9686
1048,1.3,0.1,0.98,1.7,0.4,320673.8441,130757.4738
1049,2.3,0.8,1.2,1.38,0.4,269138.3206,182997.8215
1050,1.3,0.8,1.2,0.74,0.2,201790.9288,151503.0447
1051,2.3,0.8,1.2,0.74,0.4,213548.658,169441.8105
1052,0.8,0.1,0.32,1.38,0.2,274424.1841,117002.8738
1053,1.3,0.24,0.98,1.7,0.6,303432.9973,148481.5906
1054,2.3,0.52,0.98,0.1,0.8,142659.1223,152854.8549
1055,1.8,0.66,0.76,1.7,0.4,283590.8484,175987.8498
1056,2.3,0.8,0.98,0.42,0.6,166804.1342,179393.1891
1057,0.3,0.38,0.54,0.42,0.2,154388.3508,112179.5307
1058,0.8,0.38,0.98,0.1,0.2,137826.1563,105853.8259
1059,0.3,0.66,1.2,1.38,0.8,213617.3324,203270.5313
1060,2.3,0.24,0.1,1.7,0.4,313451.2875,139108.584
1061,1.3,0.38,0.32,1.7,0.4,284182.4313,150584.8194
1062,1.3,0.66,0.98,1.06,0.2,235817.1426,149129.6476
1063,0.8,0.52,0.32,0.74,0.6,173105.0087,154235.9637
1064,2.8,0.1,0.32,0.74,0.2,267089.3459,103890.8528
1065,0.3,0.24,0.1,0.42,0.4,149412.2318,106140.3707
1066,1.3,0.24,0.76,0.74,0.2,230407.9456,113671.7191
1067,2.3,0.8,0.76,0.1,0.8,118110.562,189156.374
1068,0.8,0.1,0.1,1.7,0.4,290613.7167,124878.2149
1069,0.8,0.24,0.32,1.7,0.4,282555.8869,138635.3057
1070,0.8,0.52,0.54,0.1,0.4,112108.2937,126586.8894
1071,1.3,0.24,0.98,1.7,0.2,312184.7922,137385.105
1072,1.8,0.66,0.54,1.06,0.4,229992.4616,161808.365
1073,1.3,0.52,1.2,1.06,0.6,231948.5096,165899.2082
1074,2.8,0.52,0.54,1.38,0.8,273467.2705,179903.8952
1075,1.3,0.8,0.1,1.7,0.4,249282.5069,183227.0352
1076,2.3,0.66,0.1,1.06,0.4,231460.2368,159179.4782
1077,2.8,0.38,0.1,0.42,0.8,187793.5571,137325.3551
1078,1.8,0.66,0.32,0.42,0.2,171681.9742,129932.4607
1079,2.8,0.38,0.98,1.06,0.4,279934.0811,142148.2849
1080,2.3,0.52,0.98,0.42,0.8,181551.7224,160988.1025
1081,1.3,0.52,0.98,0.1,0.4,133386.205,128657.1186
1082,2.3,0.38,0.32,1.7,0.8,295580.4368,167826.1672
1083,0.8,0.52,1.2,1.38,0.2,260937.4708,148376.3096
1084,0.8,0.66,0.76,0.42,0.4,146098.6828,148619.6774
1085,1.3,0.66,0.98,0.42,0.4,162804.7145,149397.1297
1086,2.3,0.24,1.2,0.1,0.6,178269.8105,110369.8633
1087,0.8,0.52,0.76,1.06,0.4,219233.7591,151381.7686
1088,1.3,0.1,0.76,0.1,0.8,162438.1752,91761.15527
1089,1.8,0.38,1.2,0.1,0.2,166766.8465,107714.8204
1090,0.3,0.52,0.1,0.1,0.4,87943.92043,124501.8311
1091,2.3,0.38,0.54,1.06,0.2,268708.8828,130615.0896
1092,1.8,0.24,0.1,0.74,0.8,215694.6414,126795.6992
1093,2.3,0.1,0.1,1.06,0.2,280733.1722,110113.9729
1094,1.8,0.66,0.76,1.06,0.8,218293.5788,192393.6136
1095,0.3,0.38,1.2,1.7,0.6,266701.208,164037.799
1096,0.8,0.24,0.98,0.74,0.2,220828.49,114335.4239
1097,2.8,0.38,1.2,0.1,0.4,181344.9607,117515.7102
1098,0.3,0.66,0.54,0.74,0.6,153426.6985,171611.0287
1099,0.3,0.1,1.2,0.42,0.8,179846.7977,104361.8442
1100,1.8,0.24,1.2,0.74,0.6,240075.9084,128208.4903
1101,0.3,0.8,0.76,0.74,0.8,141567.3988,207527.2337
1102,2.3,0.24,0.32,0.74,0.6,235272.2169,123571.6221
1103,1.3,0.66,0.32,0.74,0.4,183839.4387,153326.4557
1104,0.3,0.38,1.2,0.1,0.4,120205.3272,117106.7845
1105,2.8,0.52,0.98,1.7,0.8,304524.202,188343.7862
1106,0.3,0.1,0.54,0.74,0.8,202209.1877,109420.1551
1107,2.3,0.66,0.98,0.1,0.6,137832.9315,156625.9975
1108,1.3,0.24,0.98,1.06,0.6,254359.3149,134452.7261
1109,0.3,0.24,0.54,0.42,0.2,163988.045,102667.7751
1110,1.3,0.66,0.32,0.42,0.8,134820.685,177219.6227
1111,2.8,0.38,0.54,1.38,0.8,287039.9211,162843.5527
1112,0.3,0.52,1.2,1.06,0.4,212363.2813,153701.2018
1113,0.3,0.8,0.76,1.06,0.6,177808.7725,194468.1267
1114,1.8,0.1,0.76,1.7,0.8,325883.2822,133504.8142
1115,0.3,0.8,0.98,0.74,0.8,145500.1501,208603.4605
1116,1.3,0.1,1.2,0.1,0.8,169972.0877,94186.82085
1117,1.8,0.8,0.1,0.42,0.6,138356.3818,175110.0032
1118,0.3,0.66,0.98,0.42,0.2,145301.6121,133898.4643
1119,1.8,0.66,0.1,0.74,0.4,190682.9657,151836.7224
1120,1.3,0.52,0.54,0.42,0.4,164364.1172,134677.5821
1121,1.8,0.1,0.32,1.06,0.8,268961.0627,116281.6629
1122,2.8,0.8,1.2,0.74,0.4,223587.6288,169367.6437
1123,0.8,0.24,0.32,0.1,0.4,129626.6509,98490.61469
1124,0.3,0.52,0.54,0.42,0.2,145194.9166,121954.6678
1125,2.3,0.24,0.76,0.42,0.6,210115.3855,117499.7254
1126,1.3,0.8,1.2,0.42,0.6,148804.9578,181784.7377
1127,2.8,0.24,0.1,0.42,0.8,203922.0937,118523.8115
1128,1.3,0.66,0.54,0.74,0.6,179826.0221,170319.0173
1129,0.8,0.1,0.32,0.74,0.2,219173.9235,101006.2552
1130,1.8,0.66,1.2,1.06,0.8,225684.2344,194535.0455
1131,0.3,0.52,0.54,0.74,0.2,179136.4433,129961.57
1132,2.8,0.38,0.54,1.38,0.6,291383.506,155424.7436
1133,2.3,0.24,0.1,1.7,0.8,305992.1054,148931.1004
1134,0.3,0.66,0.1,0.74,0.2,161092.4457,136398.2783
1135,1.8,0.52,0.32,1.7,0.4,284939.66,162532.9184
1136,0.8,0.1,0.32,0.1,0.2,145646.6821,82114.5246
1137,0.3,0.8,0.32,0.42,0.8,100647.0522,199167.1566
1138,1.8,0.52,1.2,1.38,0.6,269735.57,172706.6259
1139,1.8,0.52,0.98,0.42,0.8,170562.0165,161439.8096
1140,2.3,0.52,0.98,0.42,0.8,181551.7224,160988.1025
1141,0.3,0.52,0.76,1.38,0.2,239346.1206,145810.3304
1142,2.3,0.38,0.32,0.74,0.6,221089.3475,138963.6285
1143,2.8,0.24,0.76,0.74,0.4,259051.1354,121328.3651
1144,2.8,0.52,0.98,1.06,0.4,269012.249,153357.4046
1145,1.3,0.8,0.76,0.1,0.8,97449.85671,191606.3066
1146,0.8,0.66,0.76,0.1,0.2,116554.3385,124281.4899
1147,0.8,0.8,0.32,1.7,0.8,224310.4911,220649.9531
1148,2.3,0.8,1.2,1.38,0.8,251708.0939,217098.2235
1149,2.8,0.8,0.98,1.7,0.8,281326.4393,221125.1034
1150,1.8,0.66,0.98,1.7,0.2,296801.125,162787.231
1151,2.8,0.8,1.2,1.7,0.6,292466.3614,205906.8568
1152,0.3,0.24,1.2,1.06,0.8,226064.8134,141065.3604
1153,0.8,0.24,0.54,0.42,0.8,165460.1908,120955.381
1154,0.3,0.1,0.54,1.7,0.4,285161.8739,127155.3061
1155,1.3,0.52,0.98,0.74,0.8,192429.8969,169412.2467
1156,0.3,0.1,0.76,1.38,0.8,262165.2464,126367.5212
1157,2.3,0.52,0.32,1.38,0.4,272605.2291,156346.9311
1158,0.3,0.1,0.1,0.1,0.6,120378.526,85732.2038
1159,0.3,0.8,0.54,0.42,0.6,111768.2621,180625.1828
1160,1.8,0.38,0.1,0.74,0.8,200054.0278,145608.6337
1161,1.8,0.66,0.1,1.38,0.4,246823.8264,165872.4423
1162,2.3,0.38,0.98,0.74,0.8,228890.7167,150657.7661
1163,1.3,0.52,0.32,0.1,0.8,107102.7041,150576.594
1164,1.3,0.1,0.1,1.06,0.6,253342.2556,112776.0676
1165,2.3,0.38,1.2,1.7,0.2,328487.496,148263.9687
1166,2.3,0.8,0.76,1.38,0.4,261861.605,180830
1167,1.3,0.1,0.32,0.42,0.4,196974.1177,94829.64835
1168,0.8,0.8,0.54,1.06,0.2,206853.5592,155253.2644
1169,1.3,0.66,0.54,1.06,0.4,218173.549,161840.076
1170,2.8,0.66,0.54,0.74,0.2,231526.8097,139993.8562
1171,1.3,0.8,0.98,0.74,0.2,198208.6634,150413.6245
1172,0.3,0.8,0.76,1.38,0.2,223144.295,163176.2888
1173,1.8,0.1,1.2,0.1,0.2,188643.4074,88376.85712
1174,1.8,0.8,0.1,1.7,0.8,243495.1452,217543.5795
1175,2.3,0.38,0.54,0.1,0.4,159095.2518,113599.8585
1176,2.3,0.66,0.98,0.1,0.8,131547.526,171618.2769
1177,1.8,0.24,0.98,1.38,0.8,288641.4742,147200.3901
1178,2.3,0.38,0.76,1.06,0.2,272779.6151,131890.9189
1179,2.8,0.8,1.2,0.1,0.8,135218.2221,190402.6357
1180,2.8,0.52,0.32,0.42,0.2,202109.1833,121707.2446
1181,2.3,0.1,0.76,1.38,0.8,314528.3503,126747.5706
1182,0.3,0.8,0.76,1.38,0.6,203885.4838,200386.6538
1183,0.3,0.66,0.54,1.06,0.6,182965.2571,178230.2469
1184,0.3,0.24,0.1,0.74,0.4,183662.3042,114657.9554
1185,2.8,0.38,0.76,1.06,0.4,276179.4944,140971.0545
1186,2.8,0.66,1.2,0.1,0.8,145024.6447,172036.2663
1187,1.3,0.38,0.54,1.7,0.6,282415.8188,160708.5631
1188,2.8,0.38,0.98,1.7,0.8,317949.7981,171617.9796
1189,0.8,0.24,0.76,0.74,0.4,212224.4176,119086.5046
1190,1.3,0.66,1.2,1.06,0.6,221115.4156,180565.578
1191,1.3,0.8,1.2,1.7,0.6,260683.0819,206831.2699
1192,0.3,0.52,0.76,0.1,0.8,90345.75398,155713.5899
1193,1.8,0.52,0.54,1.06,0.8,225998.2911,173675.357
1194,0.3,0.38,0.76,1.06,0.6,209614.0142,148505.6803
1195,2.8,0.24,0.54,0.74,0.8,247208.6125,130029.7345
1196,0.3,0.38,0.1,1.06,0.6,195844.4945,144505.3244
1197,1.8,0.1,0.76,1.38,0.4,306263.8033,123250.0679
1198,0.3,0.66,1.2,0.42,0.2,148960.7852,135012.2719
1199,1.3,0.38,1.2,0.1,0.4,147982.7993,116601.9953
1200,1.3,0.38,0.98,1.38,0.6,267000.9082,156637.3458
1201,2.3,0.8,1.2,1.38,0.8,251708.0939,217098.2235
1202,2.8,0.38,0.54,1.38,0.6,291383.506,155424.7436
1203,0.8,0.8,0.76,0.74,0.4,170946.4317,168138.819
1204,0.3,0.1,0.1,0.1,0.2,124969.9102,80309.24217
1205,1.3,0.24,1.2,1.7,0.2,315602.6775,138489.1244
1206,2.8,0.38,1.2,1.38,0.2,315810.4265,142132.7404
1207,0.8,0.8,0.1,0.42,0.8,108311.6976,196109.8282
1208,2.3,0.38,1.2,0.74,0.6,237134.7647,143855.0581
1209,2.8,0.8,0.98,1.06,0.2,260624.6312,158238.7606
1210,0.8,0.24,0.98,0.1,0.4,142600.0769,102444.4228
1211,2.8,0.38,0.76,0.42,0.6,206129.1016,133449.9579
1212,2.3,0.1,0.98,0.1,0.6,192760.9553,91519.013
1213,0.3,0.66,0.98,1.7,0.2,258143.2997,162001.1793
1214,1.3,0.66,0.32,0.74,0.8,168227.9794,184101.8405
1215,0.8,0.66,0.1,0.1,0.8,79852.99413,170172.7782
1216,1.3,0.52,0.54,1.38,0.2,262553.44,145217.4159
1217,0.8,0.8,1.2,1.7,0.2,267809.777,171598.5289
1218,0.3,0.66,0.98,1.06,0.8,183988.9183,196288.3442
1219,0.3,0.24,0.32,0.1,0.6,110062.2549,105166.6331
1220,0.8,0.52,1.2,0.42,0.8,149657.7146,164014.2835
1221,1.3,0.52,0.98,0.74,0.6,198705.1488,157614.8849
1222,1.8,0.66,1.2,1.38,0.8,251809.2276,200724.7802
1223,1.3,0.52,0.1,1.38,0.8,230943.787,177903.9259
1224,2.8,0.8,0.32,1.38,0.2,274282.0888,161425.7692
1225,1.3,0.8,1.2,1.7,0.6,260683.0819,206831.2699
1226,0.8,0.52,0.32,1.06,0.8,196515.7467,173412.2607
1227,1.3,0.8,0.1,1.38,0.6,216394.6681,195293.979
1228,1.8,0.66,0.76,0.42,0.8,155236.5429,178733.4827
1229,2.8,0.66,0.98,0.1,0.2,166720.2433,125265.5222
1230,1.8,0.1,0.1,1.06,0.4,267458.1327,111455.0262
1231,0.3,0.24,0.98,0.1,0.4,127640.3206,102537.1704
1232,0.3,0.52,0.54,0.1,0.2,105852.7085,113627.925
1233,2.3,0.24,0.98,0.1,0.4,179690.5237,103470.1279
1234,2.3,0.1,0.54,1.38,0.2,315303.6891,120660.5563
1235,0.8,0.66,0.54,0.1,0.8,89811.01655,172695.4519
1236,1.8,0.38,0.98,0.1,0.8,144518.9493,134124.7983
1237,0.3,0.1,0.98,1.38,0.6,267909.3211,125171.3528
1238,1.3,0.24,0.76,1.06,0.4,255117.6014,127532.3757
1239,1.8,0.52,0.76,0.1,0.6,133546.2522,140347.3062
1240,2.8,0.1,0.1,1.7,0.4,337380.4361,127468.3407
1241,1.8,0.52,0.1,1.7,0.2,288291.3861,149585.6486
1242,1.8,0.66,0.32,0.42,0.8,146300.0782,176289.0831
1243,2.8,0.38,0.98,1.7,0.8,317949.7981,171617.9796
1244,0.3,0.52,0.76,0.42,0.6,134242.181,149871.7949
1245,0.3,0.24,0.54,1.7,0.6,268262.9974,145516.7947
1246,1.3,0.1,0.76,0.74,0.6,237390.3228,108644.1703
1247,1.8,0.52,0.76,0.42,0.8,166637.2917,160290.2019
1248,0.3,0.38,0.54,0.1,0.2,114712.6259,103415.9636
1249,1.3,0.52,0.76,1.7,0.4,281712.6318,164743.5669
1250,1.8,0.66,0.1,0.1,0.4,117407.2341,135859.5024
1251,0.8,0.66,0.1,0.1,0.8,79852.99413,170172.7782
1252,2.8,0.66,0.54,1.06,0.6,241902.4411,176590.7324
1253,1.8,0.24,0.54,0.1,0.6,155131.2504,106501.9611
1254,2.8,0.38,0.76,0.1,0.2,181197.566,106088.3742
1255,2.8,0.24,0.98,1.06,0.2,296641.7587,125304.2741
1256,1.8,0.1,0.98,0.1,0.4,182899.3038,89403.18718
1257,0.8,0.1,0.76,1.38,0.4,280858.2702,122016.8458
1258,0.8,0.38,0.98,0.74,0.4,204371.8985,132619.3827
1259,2.3,0.8,0.98,0.42,0.8,159641.1461,197224.7831
1260,0.8,0.38,0.32,1.06,0.2,228248.2815,127354.6926
1261,0.8,0.1,0.1,0.1,0.8,134062.6325,87808.13033
1262,2.8,0.38,0.54,1.06,0.6,265378.5826,148311.9091
1263,1.8,0.66,0.32,1.38,0.2,261397.0605,152632.8231
1264,1.3,0.8,1.2,1.06,0.4,220642.722,176791.214
1265,0.3,0.1,0.1,0.74,0.2,199211.6468,98901.2181
1266,2.3,0.8,0.76,1.7,0.6,275422.3236,203991.0332
1267,1.3,0.66,0.32,1.7,0.4,263350.574,173442.874
1268,1.3,0.52,0.98,1.06,0.2,244392.4073,140527.3216
1269,2.8,0.8,1.2,0.74,0.4,223587.6288,169367.6437
1270,1.3,0.8,0.76,1.38,0.8,222217.7868,216560.7383
1271,0.8,0.1,0.32,0.42,0.6,181027.7898,96712.61012
1272,1.3,0.52,0.76,1.38,0.4,258446.0011,158351.5011
1273,0.3,0.38,0.54,0.1,0.4,108117.6547,113466.903
1274,1.3,0.38,1.2,1.38,0.2,283246.1206,140075.0548
1275,0.8,0.38,1.2,1.38,0.6,257567.0444,157667.2022
1276,0.3,0.1,0.32,1.06,0.8,227453.2095,116184.3916
1277,2.3,0.52,0.98,0.42,0.2,204301.4091,125169.0774
1278,0.3,0.52,0.1,1.7,0.8,227282.5891,185251.0663
1279,2.8,0.38,1.2,1.06,0.6,276716.9333,151818.2828
1280,2.3,0.38,0.32,0.42,0.2,201142.1366,112460.3995
1281,0.3,0.1,0.98,0.74,0.2,216662.5659,104360.3699
1282,1.8,0.24,0.54,1.38,0.2,293210.6763,128946.2866
1283,1.3,0.38,0.54,1.38,0.6,259117.278,154231.4297
1284,2.3,0.52,0.54,1.7,0.4,300204.9203,164125.3845
1285,1.3,0.66,0.76,0.74,0.8,177085.4383,186538.9136
1286,1.8,0.66,1.2,0.1,0.2,149000.5536,126220.9633
1287,1.8,0.66,0.98,0.74,0.4,208353.5179,156923.7085
1288,1.8,0.52,0.98,0.74,0.2,226862.9798,133229.6043
1289,2.8,0.24,0.1,0.1,0.6,167344.4285,104127.7243
1290,0.8,0.52,0.1,0.1,0.4,102105.998,123859.8423
1291,2.8,0.8,0.1,1.06,0.6,222228.4921,187963.3956
1292,0.3,0.66,0.54,0.42,0.6,120219.8048,164728.8849
1293,0.3,0.8,0.1,1.06,0.6,163910.2738,190748.3631
1294,0.8,0.66,0.98,1.7,0.4,262916.9386,177113.248
1295,2.3,0.8,0.98,0.42,0.6,166804.1342,179393.1891
1296,1.8,0.8,0.54,0.1,0.8,103749.772,189098.2258
1297,0.3,0.52,0.98,1.06,0.4,208794.2095,152610.0004
1298,1.3,0.38,0.54,0.1,0.4,136044.1206,112950.0569
1299,0.3,0.1,1.2,1.38,0.4,273395.9956,123832.4736
1300,1.3,0.1,0.76,1.7,0.8,313670.5259,133295.1797
1301,1.3,0.52,0.76,0.74,0.8,188540.814,168270.5951
1302,2.8,0.1,0.32,0.74,0.6,263396.6924,107183.8102
1303,0.3,0.1,1.2,0.42,0.2,186403.5304,96603.20886
1304,2.3,0.66,1.2,0.42,0.8,173474.9463,180206.1259
1305,0.3,0.8,1.2,0.74,0.6,156231.8355,190374.9667
1306,1.8,0.24,0.32,0.1,0.2,160573.0998,93152.18526
1307,0.3,0.38,1.2,1.06,0.6,217034.9477,150775.0556
1308,0.3,0.24,0.76,0.42,0.4,163406.0304,110299.9573
1309,1.8,0.38,0.54,1.7,0.8,288921.8208,169122.1516
1310,0.8,0.1,0.54,1.38,0.6,274914.6443,122923.9316
1311,0.3,0.38,0.76,1.38,0.6,235977.2365,155416.9775
1312,1.8,0.38,0.98,0.1,0.8,144518.9493,134124.7983
1313,2.8,0.38,0.1,0.42,0.4,199399.4647,120396.8806
1314,1.8,0.38,0.76,1.06,0.4,254935.0765,140132.4951
1315,0.8,0.52,1.2,1.06,0.8,212725.86,178099.6293
1316,2.3,0.24,0.54,1.7,0.6,318061.7065,147136.0737
1317,1.8,0.1,0.98,1.38,0.4,309959.4562,124448.6322
1318,0.3,0.24,1.2,0.1,0.8,122878.4516,116504.4282
1319,0.8,0.24,0.98,1.7,0.4,294748.8311,142436.4862
1320,1.8,0.8,0.32,1.38,0.8,225057.1993,213337.7285
1321,2.3,0.66,0.98,0.42,0.4,185476.8138,149081.2941
1322,2.3,0.66,0.76,1.7,0.2,303903.2009,162012.288
1323,2.3,0.38,0.54,1.38,0.2,294487.4426,137985.1156
1324,2.8,0.8,0.76,0.74,0.6,206307.3457,184995.4863
1325,0.8,0.52,0.98,0.74,0.8,179524.9347,170174.54
1326,2.3,0.66,0.98,1.06,0.4,248849.6882,164239.4129
1327,0.8,0.24,0.54,0.42,0.4,174036.6682,109133.5493
1328,2.3,0.38,0.1,1.38,0.4,278596.9866,143733.1272
1329,1.8,0.52,0.54,1.7,0.6,281685.0244,175530.1906
1330,0.8,0.1,1.2,1.7,0.6,309073.1462,133457.6377
1331,0.8,0.52,0.76,0.74,0.8,175617.5548,169034.191
1332,2.8,0.66,0.54,1.7,0.6,291369.8758,189198.3084
1333,1.3,0.52,0.76,1.7,0.8,267930.2808,187766.4517
1334,2.3,0.8,0.98,0.1,0.8,122088.2734,190247.4477
1335,1.8,0.38,1.2,0.42,0.8,187347.8122,143826.2834
1336,2.3,0.1,0.32,1.38,0.8,306186.0663,124099.1313
1337,2.8,0.24,0.32,0.74,0.4,250517.431,118657.5613
1338,0.8,0.1,0.98,0.1,0.8,152079.9047,93305.98472
1339,2.8,0.52,0.32,1.06,0.2,265271.9067,138117.4587
1340,0.8,0.66,0.32,0.1,0.6,90879.3006,155192.4113
1341,0.3,0.66,0.98,1.7,0.8,233375.3753,207827.201
1342,1.8,0.52,0.76,0.1,0.8,127826.8766,152304.977
1343,2.8,0.8,0.1,1.7,0.2,292598.1065,166406.3227
1344,2.8,0.38,0.76,0.74,0.8,235490.2936,149531.3844
1345,0.8,0.66,0.54,0.1,0.8,89811.01655,172695.4519
1346,1.3,0.38,0.54,0.42,0.6,169048.9428,131397.0868
1347,2.3,0.52,0.98,0.42,0.4,195528.06,137288.5047
1348,2.3,0.8,1.2,0.42,0.2,190927.2341,143769.5424
1349,0.3,0.8,0.76,1.38,0.8,196137.4726,218973.003
1350,2.8,0.38,0.32,0.42,0.4,204385.7148,121841.3099
1351,2.8,0.66,0.32,0.42,0.4,182927.9148,145373.6759
1352,1.3,0.24,0.54,1.38,0.4,276982.4656,133665.3176
1353,2.8,0.38,1.2,0.1,0.2,188679.0872,108465.5931
1354,1.3,0.8,1.2,1.06,0.2,231309.0161,158756.7361
1355,2.8,0.1,1.2,0.1,0.6,207216.7204,93042.72267
1356,0.3,0.24,0.76,1.7,0.4,276634.7766,140820.9105
1357,0.8,0.66,0.98,1.06,0.6,204924.4861,179966.9688
1358,1.3,0.24,0.98,1.38,0.6,280359.0919,141762.4795
1359,1.3,0.66,0.98,0.1,0.8,110014.8802,173574.2115
1360,1.3,0.24,0.1,1.06,0.8,233488.1148,134240.7235
1361,2.3,0.1,1.2,1.7,0.4,347060.9236,133167.2868
1362,2.8,0.52,1.2,1.7,0.6,313561.0451,179169.9789
1363,2.8,0.66,0.32,1.06,0.2,256515.6176,146320.7523
1364,1.3,0.52,0.54,0.42,0.2,172903.0851,122048.4449
1365,1.3,0.38,0.1,1.38,0.4,256073.7158,142533.1327
1366,2.3,0.38,0.32,0.74,0.4,227873.995,130018.6699
1367,2.3,0.8,0.76,0.1,0.2,144420.9634,133046.9072
1368,1.3,0.38,0.32,0.74,0.6,198513.535,138235.7814
1369,2.3,0.8,0.1,1.06,0.8,204621.1502,205442.6212
1370,1.3,0.38,0.32,1.38,0.8,249591.0877,160997.7909
1371,1.8,0.24,0.98,0.74,0.8,233136.0139,132080.0766
1372,0.3,0.8,0.32,1.38,0.8,187375.3592,216631.1018
1373,1.8,0.52,0.76,0.1,0.8,127826.8766,152304.977
1374,2.8,0.66,0.76,1.38,0.2,290949.514,155936.6214
1375,1.8,0.52,0.76,0.74,0.8,200449.8123,167822.8907
1376,2.8,0.8,0.54,0.42,0.6,168431.607,176661.7065
1377,0.3,0.52,0.98,1.06,0.4,208794.2095,152610.0004
1378,0.3,0.38,0.76,0.1,0.4,112484.357,114753.8508
1379,2.8,0.38,0.54,0.42,0.2,216173.2722,114361.9402
1380,2.3,0.24,0.54,0.42,0.8,202732.8947,121119.1611
1381,1.8,0.8,1.2,1.38,0.6,248851.5326,200680.1414
1382,2.3,0.8,1.2,0.42,0.4,179907.8625,161940.6823
1383,0.8,0.66,1.2,1.7,0.8,250759.074,207849.9843
1384,1.8,0.24,0.1,0.1,0.6,145359.1765,103646.3063
1385,2.3,0.38,0.98,0.74,0.4,240331.3133,133845.716
1386,0.3,0.66,1.2,0.42,0.6,132200.8347,168127.5951
1387,0.8,0.1,0.32,0.42,0.8,179032.2829,98925.15736
1388,1.3,0.52,1.2,1.06,0.2,247910.0373,141632.4167
1389,2.8,0.66,0.1,1.7,0.8,275277.1988,199949.6749
1390,1.3,0.38,0.54,0.42,0.4,175574.0547,121914.9446
1391,0.8,0.52,0.76,0.42,0.8,142043.4289,161795.1526
1392,1.8,0.8,0.76,1.06,0.2,235757.3703,156645.492
1393,1.8,0.52,0.98,1.7,0.4,297151.146,166215.5279
1394,1.3,0.24,0.76,1.38,0.8,273130.2253,145532.8015
1395,1.8,0.52,0.1,0.1,0.2,135805.453,110548.171
1396,2.3,0.1,0.76,0.1,0.6,188896.1489,90267.26118
1397,2.8,0.8,1.2,0.74,0.8,206245.558,204253.2261
1398,2.3,0.1,0.76,1.7,0.8,337207.1875,133710.8218
1399,0.8,0.38,0.1,0.74,0.4,186709.1705,127348.5869
1400,0.8,0.24,0.98,0.42,0.4,182162.3109,111671.9676
1401,0.3,0.66,0.54,0.74,0.4,161451.1981,155265.0996
1402,2.3,0.8,0.32,0.1,0.4,124582.1092,149267.7349
1403,1.3,0.24,0.1,1.7,0.6,286466.0883,143281.0715
1404,2.3,0.24,1.2,1.06,0.4,285152.073,131184.7141
1405,1.8,0.1,0.76,1.7,0.6,327309.3851,131946.1639
1406,1.8,0.52,0.1,0.1,0.6,119304.5819,136396.855
1407,0.3,0.52,0.98,1.38,0.4,235082.6911,159406.8893
1408,2.8,0.38,0.32,0.74,0.2,245293.9257,121775.7166
1409,0.3,0.8,0.54,0.74,0.2,163060.2963,148255.9387
1410,0.8,0.1,0.76,1.06,0.2,257113.528,112054.041
1411,1.8,0.8,0.32,0.74,0.6,176987.9663,183359.3871
1412,2.3,0.52,0.54,0.74,0.4,221344.2999,143048.0472
1413,0.3,0.24,1.2,0.74,0.8,196291.7891,133373.3881
1414,2.8,0.66,1.2,0.1,0.6,151332.7907,157354.5772
1415,0.8,0.66,0.32,1.38,0.6,218599.8,182705.4895
1416,2.8,0.24,0.1,1.7,0.8,316344.8412,149277.9987
1417,2.8,0.24,0.98,1.38,0.8,310206.7822,147732.6812
1418,0.3,0.38,0.1,1.7,0.6,245918.1644,157848.1886
1419,2.3,0.66,0.1,0.42,0.4,167639.3329,143971.5688
1420,2.3,0.52,0.54,1.7,0.4,300204.9203,164125.3845
1421,0.8,0.8,0.54,1.38,0.8,205554.8641,216500.0339
1422,2.3,0.8,0.32,0.1,0.8,109089.6797,186786.3879
1423,1.8,0.38,1.2,0.1,0.8,148184.3503,135238.2987
1424,1.8,0.38,1.2,0.1,0.6,153037.5228,126637.7742
1425,2.8,0.38,0.98,0.42,0.4,216952.3387,125696.0097
1426,2.8,0.1,0.1,0.74,0.2,262299.2099,102408.3101
1427,0.8,0.24,0.1,0.74,0.2,203364.7807,108936.2817
1428,1.8,0.52,0.76,0.1,0.2,149922.92,114647.7537
1429,2.8,0.66,0.32,1.38,0.8,256792.3517,195411.7498
1430,1.3,0.8,0.54,0.74,0.8,162759.5282,203496.103
1431,2.8,0.38,0.54,1.06,0.6,265378.5826,148311.9091
1432,2.3,0.66,0.32,1.06,0.4,236398.5339,160562.9657
1433,0.8,0.52,0.76,0.42,0.6,148184.5371,149234.3813
1434,1.8,0.24,0.1,0.1,0.8,141831.8677,108930.6117
1435,0.8,0.1,0.54,0.74,0.6,219507.8475,107086.6763
1436,1.8,0.8,0.32,0.42,0.2,163550.3885,138889.1682
1437,1.8,0.38,0.98,0.1,0.2,163138.9916,106562.1631
1438,2.8,0.38,0.54,0.74,0.6,235826.6022,140573.4381
1439,0.8,0.24,0.54,1.7,0.4,286967.4004,139989.6418
1440,2.8,0.66,0.76,0.74,0.6,216408.2492,170735.0077
1441,2.3,0.66,0.76,1.38,0.6,262257.1194,184373.7264
1442,0.3,0.24,0.98,1.38,0.4,257181.7134,135263.8256
1443,2.8,0.38,0.32,0.1,0.6,157881.9027,121717.4078
1444,2.8,0.38,0.1,0.42,0.8,187793.5571,137325.3551
1445,2.8,0.66,0.32,1.38,0.4,272678.0484,167521.9722
1446,2.3,0.66,0.1,0.1,0.2,138340.1297,119890.9503
1447,2.8,0.66,0.54,1.38,0.8,261269.9872,196661.6528
1448,0.3,0.38,0.98,1.7,0.2,275552.4022,144696.1428
1449,0.3,0.52,1.2,0.1,0.8,98106.64657,157929.7572
1450,1.8,0.24,0.1,1.06,0.4,253472.8628,124211.6204
1451,2.8,0.66,0.32,0.74,0.6,207666.7279,168234.9105
1452,0.3,0.1,0.32,1.06,0.6,229498.0539,113742.568
1453,2.3,0.52,0.98,1.38,0.2,293166.2341,148604.8589
1454,0.8,0.8,0.54,1.38,0.8,205554.8641,216500.0339
1455,0.8,0.66,0.1,0.74,0.2,175472.9921,136363.0082
1456,1.8,0.38,0.54,1.06,0.2,257610.7645,130052.9318
1457,2.3,0.24,0.32,0.1,0.6,161865.7767,105288.9431
1458,0.8,0.1,1.2,0.74,0.4,232983.2688,108524.8861
1459,0.3,0.52,0.98,1.38,0.2,243157.6262,146985.0603
1460,0.8,0.52,0.98,0.42,0.4,159535.006,137293.67
1461,2.3,0.66,0.76,0.74,0.4,215419.604,155772.4429
1462,0.8,0.1,1.2,0.74,0.4,232983.2688,108524.8861
1463,2.8,0.24,0.98,0.42,0.2,234417.9579,108081.5217
1464,0.8,0.24,0.98,1.38,0.4,271670.1913,135664.7071
1465,2.8,0.8,0.76,0.1,0.4,143545.7248,151477.4307
1466,0.8,0.66,0.76,1.7,0.8,243440.4408,205737.0844
1467,2.3,0.52,1.2,0.74,0.4,232879.2912,146572.1326
1468,1.8,0.66,0.98,1.06,0.6,229158.3779,179189.4817
1469,0.8,0.66,1.2,1.7,0.4,266414.5063,178170.3674
1470,2.8,0.24,0.54,1.7,0.6,328082.6285,147638.8101
1471,2.8,0.52,0.76,0.1,0.8,148864.9633,151300.2392
1472,2.8,0.38,0.76,0.74,0.4,246819.1706,133073.1678
1473,2.3,0.38,0.54,1.38,0.4,287836.3411,146494.9821
1474,0.3,0.66,0.76,1.06,0.6,187190.4831,179427.6518
1475,1.3,0.8,0.54,1.06,0.6,199691.1885,191749.4449
1476,2.8,0.24,0.98,1.7,0.8,333110.3944,154421.844
1477,0.3,0.24,1.2,1.7,0.8,275651.503,154721.5848
1478,1.3,0.66,0.54,0.1,0.6,107732.5469,155502.7688
1479,0.8,0.38,0.54,1.7,0.8,264315.4985,168971.4036
1480,1.3,0.8,0.1,0.74,0.2,180482.574,145300.0386
1481,0.8,0.38,0.76,1.7,0.2,286082.3215,143991.9834
1482,1.3,0.52,0.98,0.74,0.2,214851.2576,132821.6223
1483,2.3,0.52,0.76,1.7,0.8,290665.0981,187305.2575
1484,0.3,0.66,0.54,1.06,0.6,182965.2571,178230.2469
1485,1.3,0.66,0.54,1.38,0.4,244445.672,168532.4607
1486,2.3,0.24,0.32,0.1,0.4,166951.2959,99514.58152
1487,2.3,0.8,0.76,1.38,0.2,272703.3354,163677.3301
1488,0.8,0.1,0.54,0.42,0.4,187666.0514,95813.69496
1489,2.8,0.8,0.32,1.38,0.6,253407.8872,195567.9623
1490,1.3,0.8,0.1,1.38,0.2,236521.6462,159360.5647
1491,0.8,0.66,0.1,1.06,0.2,205300.3268,143792.8869
1492,1.8,0.8,0.1,0.74,0.2,192414.0856,145347.2233
1493,1.3,0.8,0.98,1.38,0.4,243255.0039,182170.4826
1494,1.3,0.52,0.32,1.06,0.4,223565.7467,148854.2695
1495,0.3,0.52,0.76,1.7,0.6,247413.0345,176910.0485
1496,2.8,0.24,0.98,1.7,0.4,340262.712,144938.3629
1497,1.3,0.1,0.54,0.1,0.2,164297.8944,83993.09158
1498,0.3,0.8,0.32,1.38,0.4,204074.9015,179235.4575
1499,0.8,0.38,0.54,1.7,0.6,269524.9307,160613.3315
1500,0.8,0.66,0.32,1.06,0.2,210282.6149,145201.7446
1501,1.8,0.1,0.1,1.38,0.4,293151.1623,119127.3927
1502,0.3,0.52,1.2,1.38,0.2,246677.634,148083.5142
1503,2.3,0.52,0.1,0.1,0.2,147132.376,110723.2359
1504,0.3,0.38,0.54,0.42,0.2,154388.3508,112179.5307
1505,1.3,0.24,1.2,1.7,0.4,311197.572,144020.4555
1506,0.8,0.8,0.54,0.74,0.2,177184.9199,148063.3203
1507,0.3,0.52,0.1,1.7,0.6,233835.5826,173042.8827
1508,1.8,0.52,1.2,1.7,0.6,292966.8015,178926.8819
1509,2.3,0.24,0.32,0.1,0.6,161865.7767,105288.9431
1510,1.8,0.38,0.98,0.42,0.8,183740.8269,142722.0599
1511,1.8,0.8,0.32,1.38,0.4,242463.1316,178418.5304
1512,1.3,0.8,0.98,1.38,0.6,233874.7044,200126.4332
1513,0.3,0.1,1.2,1.7,0.8,292493.6684,135556.7658
1514,2.8,0.52,0.32,0.42,0.2,202109.1833,121707.2446
1515,0.3,0.38,0.76,1.7,0.4,265402.6452,152608.8193
1516,1.8,0.8,0.98,0.42,0.8,149266.9925,198159.1107
1517,1.8,0.66,0.76,0.42,0.8,155236.5429,178733.4827
1518,2.3,0.1,0.1,1.06,0.6,277092.1839,113634.1383
1519,1.3,0.8,0.98,1.38,0.4,243255.0039,182170.4826
1520,2.8,0.66,0.1,0.42,0.6,168683.0144,159310.31
1521,2.3,0.8,0.1,0.1,0.8,103943.1894,185515.9593
1522,2.8,0.1,0.54,1.7,0.4,346330.9469,130270.5051
1523,1.8,0.52,0.54,0.1,0.2,145633.1402,113356.5133
1524,2.8,0.38,0.54,0.74,0.4,242699.6488,131799.7611
1525,1.8,0.24,0.76,1.06,0.4,266850.4874,128319.2907
1526,0.8,0.52,0.76,1.38,0.4,245498.9215,158253.2115
1527,2.8,0.1,1.2,1.06,0.8,306758.2366,121722.1235
1528,1.8,0.1,0.54,0.1,0.2,176992.9592,84595.76113
1529,1.8,0.38,0.54,1.06,0.8,239383.0116,155834.9198
1530,1.3,0.1,0.76,1.06,0.4,268505.9006,114965.8696
1531,2.3,0.66,0.98,0.42,0.4,185476.8138,149081.2941
1532,2.3,0.38,0.54,0.74,0.2,239378.5561,122580.2831
1533,2.8,0.1,0.54,0.74,0.6,267800.0253,108578.2165
1534,1.3,0.1,0.32,1.06,0.6,258175.5615,114247.6019
1535,2.8,0.8,0.98,0.74,0.8,202677.1483,203234.7412
1536,2.8,0.8,0.54,1.38,0.4,267762.4185,179651.3574
1537,0.3,0.66,0.54,0.42,0.4,127880.5616,147968.4526
1538,1.8,0.1,1.2,1.06,0.8,284616.5079,121296.2231
1539,2.8,0.52,0.54,1.06,0.8,247284.5667,173255.178
1540,2.8,0.38,0.98,0.74,0.8,239307.7168,150698.0466
1541,2.3,0.8,1.2,0.1,0.6,132304.7322,173029.0789
1542,0.3,0.66,0.76,0.1,0.8,81549.64448,175645.3208
1543,0.3,0.1,0.32,1.38,0.8,253625.4066,123701.1777
1544,1.8,0.1,1.2,1.06,0.4,287865.9281,117956.3723
1545,2.8,0.1,0.1,1.7,0.8,334748.4979,129929.6545
1546,0.3,0.66,1.2,0.1,0.2,110282.7957,127106.1434
1547,1.3,0.38,0.1,1.06,0.8,218275.3917,152707.029
1548,0.8,0.38,0.54,1.7,0.6,269524.9307,160613.3315
1549,2.8,0.24,0.98,1.38,0.2,322126.7419,132827.9422
1550,1.8,0.24,0.76,1.7,0.2,320063.0167,137108.4111
1551,2.3,0.1,0.98,1.7,0.4,343688.7281,132062.4026
1552,1.3,0.52,1.2,1.7,0.2,296965.9999,155283.1757
1553,0.3,0.24,0.76,0.74,0.8,188810.5213,131051.745
1554,1.3,0.1,1.2,0.74,0.4,246573.1385,109022.5294
1555,1.8,0.1,0.1,0.42,0.8,201062.3738,97392.47672
1556,1.8,0.52,0.54,0.42,0.4,176319.6027,134746.6689
1557,1.8,0.52,0.1,1.38,0.4,256794.4316,154688.9585
1558,0.8,0.66,0.1,0.74,0.2,175472.9921,136363.0082
1559,1.3,0.52,0.98,0.42,0.6,164895.4696,149935.2477
1560,2.8,0.38,0.54,0.42,0.6,201934.3372,132177.8395
1561,0.8,0.1,1.2,0.42,0.2,201490.6047,97105.13734
1562,1.8,0.24,0.32,1.06,0.4,258327.3588,125665.0196
1563,0.8,0.66,0.1,1.7,0.2,255028.6763,157102.7871
1564,2.3,0.52,1.2,0.74,0.4,232879.2912,146572.1326
1565,0.8,0.24,0.98,1.38,0.8,263531.1024,146792.1654
1566,1.3,0.52,0.98,0.42,0.6,164895.4696,149935.2477
1567,2.8,0.52,0.32,0.74,0.4,227077.5008,141966.8939
1568,1.3,0.1,0.1,1.7,0.2,305814.7004,123306.3722
1569,0.8,0.8,0.76,1.38,0.4,226739.0234,181315.8754
1570,0.8,0.66,0.76,0.1,0.2,116554.3385,124281.4899
1571,1.8,0.8,0.98,1.38,0.6,245331.4504,199652.9095
1572,1.8,0.24,0.76,0.1,0.6,159400.4289,107811.3227
1573,0.3,0.8,0.98,1.38,0.2,226982.7613,164324.4559
1574,0.8,0.1,1.2,0.42,0.4,199290.1395,99556.76133
1575,0.8,0.38,1.2,1.38,0.2,270209.2416,139581.9891
1576,2.8,0.66,0.54,1.7,0.8,284568.8278,202509.2826
1577,1.3,0.24,0.54,1.7,0.4,300032.76,140482.2339
1578,2.3,0.38,0.32,0.42,0.6,187070.0405,130618.0468
1579,0.8,0.8,0.98,1.38,0.6,221403.6876,200740.0522
1580,0.3,0.66,0.98,0.42,0.6,128524.3073,167061.6871
1581,2.8,0.1,0.54,1.38,0.4,323797.9377,123263.4852
1582,1.3,0.52,0.32,0.1,0.6,112896.3543,138090.6684
1583,1.8,0.66,0.98,0.74,0.4,208353.5179,156923.7085
1584,1.8,0.8,1.2,1.7,0.8,264264.2045,223237.8129
1585,2.3,0.1,0.98,1.06,0.6,293992.47,118986.8419
1586,1.3,0.52,0.98,1.7,0.8,271705.4764,188882.6057
1587,2.3,0.8,0.32,1.7,0.6,266874.9521,201583.0256
1588,2.3,0.24,0.1,1.38,0.2,295122.6133,126834.2154
1589,0.3,0.66,0.32,0.42,0.8,109183.0539,179962.2442
1590,0.8,0.66,0.76,0.42,0.8,131480.0707,180856.2854
1591,2.3,0.66,0.98,1.7,0.6,289293.1119,191501.7294
1592,2.3,0.24,1.2,0.42,0.4,222439.1638,114257.6382
1593,0.3,0.8,0.98,0.1,0.8,78290.23641,196397.6451
1594,2.3,0.66,0.54,1.38,0.2,276775.2865,154306.3362
1595,2.8,0.66,0.54,0.42,0.6,178374.1895,161961.7985
1596,2.3,0.52,0.54,0.1,0.2,156904.3394,113538.6338
1597,0.3,0.66,0.98,1.06,0.8,183988.9183,196288.3442
1598,1.8,0.52,0.98,0.1,0.6,137525.1765,141520.1748
1599,1.8,0.24,0.54,1.7,0.6,307182.4045,146709.6023
1600,1.8,0.66,1.2,1.7,0.2,300246.0918,163857.4187
1601,0.8,0.1,0.98,0.1,0.4,156194.7421,88670.58239
1602,2.3,0.52,0.76,1.06,0.8,241180.1726,174599.7383
1603,2.8,0.38,0.54,1.38,0.8,287039.9211,162843.5527
1604,0.3,0.8,0.76,1.06,0.6,177808.7725,194468.1267
1605,1.3,0.24,0.76,0.42,0.4,191759.0915,110726.1223
1606,0.8,0.52,0.54,1.38,0.8,227435.2222,181131.8656
1607,2.3,0.24,0.32,0.1,0.8,158619.8038,110349.9545
1608,1.3,0.8,0.98,0.74,0.2,198208.6634,150413.6245
1609,1.3,0.24,0.54,1.38,0.8,269047.3896,144273.1907
1610,0.8,0.38,0.54,0.1,0.8,111471.5426,132413.5885
1611,0.3,0.1,0.76,1.38,0.6,264144.57,123965.1137
1612,2.3,0.38,0.1,1.06,0.4,252557.3722,136474.7628
1613,1.3,0.66,0.1,0.42,0.2,154568.4256,128439.0437
1614,1.8,0.52,0.1,0.1,0.6,119304.5819,136396.855
1615,0.8,0.8,0.98,0.74,0.8,158696.7524,207021.7517
1616,1.8,0.38,0.98,0.42,0.2,202420.4618,115901.8478
1617,1.3,0.1,0.54,1.38,0.4,290161.1783,121296.9589
1618,2.8,0.8,0.54,1.06,0.4,241620.8629,173063.4857
1619,0.8,0.8,0.1,1.06,0.2,197283.8381,152553.4439
1620,2.3,0.24,0.98,1.7,0.4,330204.2208,144313.7477
1621,2.8,0.38,0.1,0.1,0.4,159866.3824,111038.9803
1622,0.3,0.52,0.76,1.7,0.8,240887.717,189058.6845
1623,2.8,0.1,1.2,0.1,0.4,209078.1662,91589.39446
1624,2.3,0.66,1.2,1.38,0.6,269532.9108,186536.5804
1625,2.8,0.24,0.54,1.7,0.6,328082.6285,147638.8101
1626,1.3,0.66,0.76,1.38,0.4,248573.646,169749.8425
1627,2.8,0.38,0.32,1.38,0.2,300299.3711,137250.2312
1628,2.8,0.66,0.32,1.06,0.8,230550.9201,189093.728
1629,2.8,0.8,1.2,0.74,0.8,206245.558,204253.2261
1630,0.8,0.1,0.76,0.74,0.6,223647.2569,108402.0134
1631,0.3,0.1,0.98,1.7,0.4,292933.6766,129636.0161
1632,0.3,0.66,0.76,0.1,0.6,87035.27698,158838.2396
1633,1.3,0.8,1.2,1.38,0.6,237408.5105,201153.4154
1634,0.8,0.66,1.2,1.38,0.4,243091.7801,172037.7838
1635,2.3,0.1,0.98,0.1,0.4,194656.8842,89877.49496
1636,1.8,0.66,0.98,0.1,0.2,145341.1737,125097.4887
1637,0.3,0.8,0.32,0.74,0.6,139722.5724,185822.066
1638,1.3,0.8,0.76,0.42,0.2,160616.4802,141526.7964
1639,1.3,0.24,0.76,0.74,0.2,230407.9456,113671.7191
1640,1.8,0.66,0.54,1.06,0.4,229992.4616,161808.365
1641,2.3,0.1,1.2,0.74,0.2,272212.1961,108233.0921
1642,0.8,0.38,0.32,1.06,0.6,215268.2757,145852.9663
1643,0.3,0.1,0.54,0.1,0.6,130260.7941,88642.55825
1644,1.8,0.52,1.2,1.38,0.4,277478.2728,160879.3809
1645,1.8,0.38,0.76,0.74,0.2,232302.306,123346.053
1646,2.3,0.8,0.32,0.42,0.8,146803.8763,193757.713
1647,2.3,0.52,0.98,0.74,0.6,221271.9199,157567.5225
1648,1.3,0.38,0.32,1.7,0.8,272998.351,167359.9222
1649,1.3,0.24,0.32,0.1,0.4,143297.8783,98581.44399
1650,0.8,0.66,0.54,0.74,0.2,185118.2079,139108.2774
1651,1.3,0.24,1.2,1.06,0.2,267021.7746,124171.9219
1652,0.8,0.38,0.76,0.74,0.2,207273.0206,122113.9199
1653,0.8,0.38,0.98,1.06,0.2,240695.406,131202.7846
1654,2.8,0.52,1.2,0.42,0.6,201124.8211,150766.9629
1655,1.8,0.8,1.2,0.1,0.2,141176.6287,135459.2541
1656,0.8,0.52,0.98,1.38,0.8,235418.9622,183457.0926
1657,1.8,0.1,0.76,1.06,0.8,277425.865,118961.0417
1658,2.8,0.8,0.32,0.74,0.4,207437.6255,164664.001
1659,2.8,0.24,0.1,0.1,0.4,172584.9608,98492.4801
1660,2.3,0.38,0.98,0.42,0.8,195010.6964,142532.8207
1661,0.3,0.52,0.98,0.74,0.8,165477.3451,171214.0161
1662,0.3,0.66,1.2,0.42,0.8,125857.8013,184523.9443
1663,0.3,0.52,0.1,0.1,0.6,81335.86371,138337.886
1664,0.3,0.66,0.32,1.7,0.6,228182.1661,189048.4887
1665,1.3,0.52,1.2,0.1,0.4,137066.9758,129775.9666
1666,2.3,0.66,0.76,1.7,0.8,278613.183,203952.3323
1667,0.8,0.8,0.98,1.7,0.2,264317.4371,170535.5285
1668,1.8,0.24,0.54,0.42,0.4,199533.9161,110116.3631
1669,2.3,0.38,0.76,0.74,0.6,229774.1908,141572.9284
1670,0.8,0.66,0.76,0.74,0.6,171450.5105,172087.4861
1671,0.3,0.66,0.54,1.38,0.4,217490.9804,168805.3178
1672,1.8,0.52,0.54,0.42,0.4,176319.6027,134746.6689
1673,0.3,0.24,0.54,1.06,0.2,227733.7286,119380.7583
1674,1.8,0.66,1.2,1.38,0.2,277189.8914,157433.2375
1675,2.3,0.38,0.54,1.06,0.2,268708.8828,130615.0896
1676,2.3,0.24,0.32,1.7,0.2,322683.6734,135198.333
1677,0.8,0.24,0.1,0.42,0.6,159683.248,112483.0886
1678,1.8,0.52,0.32,0.1,0.6,124495.3238,137781.6904
1679,2.3,0.24,0.98,0.1,0.2,184842.5766,97636.38409
1680,0.8,0.38,0.76,1.06,0.6,223980.3803,148445.1345
1681,1.8,0.38,0.32,0.1,0.4,143115.9733,112074.8842
1682,2.8,0.8,0.76,1.38,0.8,254331.8467,214503.3738
1683,0.8,0.66,0.1,0.42,0.8,117358.871,177129.8228
1684,0.3,0.24,1.2,1.06,0.8,226064.8134,141065.3604
1685,2.3,0.8,0.54,1.7,0.8,263555.9965,219401.8372
1686,1.8,0.38,1.2,1.06,0.6,255731.2465,151329.1588
1687,0.3,0.24,0.32,0.1,0.2,119420.7653,92089.1263
1688,0.8,0.52,0.76,0.1,0.6,109413.6876,141323.6043
1689,0.8,0.8,0.32,1.7,0.8,224310.4911,220649.9531
1690,0.8,0.38,0.76,1.06,0.8,218672.5315,157078.6772
1691,0.3,0.8,0.54,0.74,0.8,137300.155,206385.8946
1692,1.8,0.52,0.54,1.38,0.6,258352.9099,169283.7132
1693,1.3,0.52,0.32,1.06,0.2,231950.6123,136730.4414
1694,1.8,0.8,0.54,0.1,0.8,103749.772,189098.2258
1695,0.8,0.8,0.32,0.1,0.6,82897.401,171368.2576
1696,1.3,0.24,0.1,0.74,0.6,207308.1869,121173.1715
1697,0.8,0.52,0.76,0.42,0.8,142043.4289,161795.1526
1698,1.3,0.38,0.32,1.38,0.6,254644.4626,152901.4452
1699,0.3,0.24,0.98,0.1,0.2,132446.4102,96068.82915
1700,2.8,0.38,0.1,1.38,0.6,282141.7727,152689.9921
1701,0.3,0.38,0.54,0.42,0.4,147656.8094,121975.3565
1702,2.3,0.66,1.2,1.7,0.6,292758.2469,192540.1262
1703,0.3,0.38,0.76,1.06,0.6,209614.0142,148505.6803
1704,1.3,0.52,0.98,1.38,0.6,254638.2204,171514.9236
1705,0.8,0.1,0.32,0.74,0.2,219173.9235,101006.2552
1706,0.3,0.38,0.32,1.06,0.8,195359.1651,155153.2472
1707,0.8,0.66,0.76,0.1,0.4,107492.1286,140818.3373
1708,2.8,0.1,0.98,1.38,0.8,328759.0369,128213.4234
1709,1.8,0.52,0.98,0.74,0.6,210400.5741,157614.254
1710,1.8,0.38,1.2,0.74,0.2,239635.3532,125676.7628
1711,2.3,0.52,0.54,1.7,0.4,300204.9203,164125.3845
1712,2.3,0.24,0.1,1.38,0.8,282860.0162,142215.4978
1713,1.8,0.52,0.54,1.38,0.8,252286.4714,180241.7392
1714,1.3,0.8,1.2,1.38,0.4,246775.3372,183219.113
1715,1.8,0.38,0.54,0.42,0.6,180569.2496,131885.7367
1716,1.8,0.66,0.32,0.74,0.2,205610.4249,138060.099
1717,2.8,0.66,1.2,0.1,0.8,145024.6447,172036.2663
1718,0.8,0.66,0.54,0.1,0.6,95644.49306,156456.2959
1719,1.8,0.52,1.2,0.74,0.2,230401.857,134343.337
1720,0.8,0.52,0.32,1.38,0.4,236858.4695,155695.1836
1721,0.8,0.38,0.1,0.1,0.2,119630.6311,100472.4907
1722,0.3,0.24,0.32,0.74,0.6,184126.1296,122387.995
1723,0.8,0.1,0.54,0.42,0.6,185594.6807,98124.00966
1724,0.8,0.24,0.98,1.06,0.4,245651.5337,128299.2105
1725,0.3,0.8,0.1,1.7,0.4,222591.5004,183781.5035
1726,2.8,0.8,0.76,1.7,0.2,305849.3512,170296.6665
1727,0.8,0.66,0.32,0.42,0.4,137114.5913,146078.8563
1728,2.8,0.1,0.98,0.1,0.4,205531.1969,90417.58034
1729,0.3,0.24,0.54,1.7,0.2,277032.1443,133651.4907
1730,2.8,0.8,0.32,1.06,0.6,227187.0519,189288.7825
1731,2.8,0.8,1.2,0.74,0.6,213732.6487,187149.3067
1732,2.8,0.1,0.98,0.42,0.4,244239.2371,100526.4742
1733,0.3,0.24,0.98,0.42,0.2,172143.6164,105224.835
1734,2.3,0.24,0.98,1.7,0.8,322835.0614,154083.8903
1735,0.3,0.1,0.54,1.06,0.6,233984.0037,115133.7434
1736,0.3,0.66,0.54,1.06,0.6,182965.2571,178230.2469
1737,2.8,0.8,0.98,0.1,0.4,147508.768,152627.3138
1738,1.8,0.24,0.1,0.1,0.8,141831.8677,108930.6117
1739,1.8,0.8,1.2,1.7,0.6,272105.957,206405.2486
1740,2.8,0.66,0.54,0.74,0.8,205432.0192,183562.3044
1741,0.3,0.8,0.32,1.7,0.8,210628.9551,221906.4464
1742,0.3,0.66,1.2,1.7,0.8,236906.2378,208849.3657
1743,2.8,0.66,0.54,1.38,0.6,268090.7586,183139.0709
1744,1.8,0.38,1.2,0.74,0.6,226148.8427,143700.0852
1745,1.3,0.38,0.1,1.7,0.2,285815.4502,140476.7979
1746,2.8,0.8,0.1,1.06,0.2,243338.3323,153146.6302
1747,0.8,0.8,0.32,0.74,0.4,162055.0098,165650.5614
1748,1.8,0.52,0.54,0.1,0.6,129218.0281,139100.8007
1749,2.3,0.52,1.2,1.06,0.6,254406.919,165978.761
1750,2.3,0.52,0.98,0.1,0.2,165100.3233,116045.0618
1751,1.8,0.66,0.98,1.7,0.6,278650.8963,191616.6784
1752,2.3,0.8,0.98,1.06,0.6,229810.116,193097.8332
1753,2.3,0.52,1.2,0.1,0.2,168728.6952,117182.5908
1754,0.3,0.1,0.54,0.1,0.8,128116.49,91250.53561
1755,2.8,0.38,1.2,1.7,0.6,325615.0729,165409.7949
1756,1.3,0.66,0.54,1.06,0.2,227844.5212,146711.7014
1757,0.3,0.24,0.54,0.42,0.4,159147.0052,108991.4079
1758,0.3,0.38,0.1,0.74,0.8,160371.3617,146513.5804
1759,0.3,0.8,0.76,0.74,0.4,157145.3366,168746.182
1760,1.3,0.8,0.76,1.38,0.4,239440.2395,181048.9971
1761,2.3,0.24,0.54,1.06,0.2,278606.3847,122112.9602
1762,1.3,0.24,0.54,1.06,0.4,251018.675,126245.7605
1763,1.3,0.66,0.54,1.38,0.6,235808.5502,183591.1596
1764,2.8,0.24,0.1,0.1,0.6,167344.4285,104127.7243
1765,1.8,0.1,0.98,0.1,0.2,185063.4218,87198.25531
1766,2.3,0.66,0.1,0.1,0.2,138340.1297,119890.9503
1767,2.8,0.52,0.1,0.74,0.4,222129.5278,140553.5192
1768,0.8,0.24,0.54,1.7,0.8,278947.5251,150978.2992
1769,0.3,0.38,1.2,0.1,0.6,114358.9731,127254.537
1770,1.3,0.24,0.76,1.7,0.6,299713.106,147311.0984
1771,1.8,0.52,0.98,0.74,0.6,210400.5741,157614.254
1772,0.3,0.66,0.76,1.7,0.8,229548.17,206737.2349
1773,2.8,0.24,1.2,1.06,0.4,295360.2717,131784.4357
1774,2.8,0.1,0.54,0.42,0.4,236362.1005,97971.17975
1775,1.8,0.66,0.54,0.42,0.4,166388.1512,146769.2015
1776,1.8,0.24,0.98,0.1,0.8,159852.7192,114284.5139
1777,0.8,0.1,1.2,0.42,0.2,201490.6047,97105.13734
1778,1.3,0.52,0.76,0.1,0.2,137815.3938,114518.6501
1779,0.8,0.8,1.2,1.38,0.2,244571.4319,165402.2832
1780,0.8,0.1,1.2,1.06,0.2,264353.0027,114416.8308
1781,1.3,0.52,1.2,0.42,0.4,176166.969,138234.0622
1782,2.3,0.38,1.2,1.06,0.8,262001.0311,159258.5947
1783,0.3,0.8,1.2,0.1,0.4,94354.10544,157003.9295
1784,2.3,0.66,1.2,1.7,0.2,311050.3884,164226.5238
1785,0.3,0.8,0.32,0.1,0.6,70523.94758,172851.6356
1786,0.3,0.24,0.98,1.7,0.8,272169.4006,153630.038
1787,1.8,0.38,0.76,1.38,0.8,269715.6822,163979.2404
1788,1.3,0.8,0.32,1.7,0.8,236852.0464,219633.4597
1789,0.3,0.1,1.2,0.42,0.4,184129.2907,99241.24998
1790,2.3,0.1,0.98,0.1,0.8,191305.9817,92956.2755
1791,1.3,0.66,0.76,1.06,0.2,231996.3792,147961.0502
1792,2.3,0.8,0.54,1.7,0.4,281038.2807,185690.6187
1793,2.3,0.52,0.54,0.74,0.8,207303.9156,166253.9331
1794,2.8,0.66,0.32,1.7,0.8,280133.9493,201265.988
1795,1.3,0.8,0.76,1.7,0.4,262778.9035,187030.3161
1796,1.3,0.66,0.32,0.1,0.8,96928.1933,170029.4128
1797,0.3,0.38,0.98,0.74,0.6,183683.851,142246.2547
1798,2.3,0.66,1.2,1.38,0.4,278412.0599,172060.3438
1799,2.8,0.66,0.98,0.1,0.6,147673.7305,156275.7899
1800,2.3,0.38,0.54,0.74,0.8,220888.1312,148241.6014
1801,1.3,0.66,0.32,0.74,0.8,168227.9794,184101.8405
1802,2.3,0.38,0.1,1.38,0.2,285297.8874,135197.4083
1803,0.3,0.66,1.2,0.42,0.4,139845.4068,151445.4499
1804,1.3,0.52,0.1,1.06,0.6,210869.9693,159756.9629
1805,2.3,0.66,0.98,0.1,0.4,146456.4813,140718.5856
1806,0.8,0.8,0.1,0.42,0.4,123431.385,157205.8163
1807,0.8,0.66,0.32,0.1,0.2,107447.9799,121683.272
1808,1.3,0.38,0.32,0.1,0.8,119883.6579,130230.5146
1809,1.3,0.8,0.54,0.74,0.4,179385.5632,166494.3958
1810,0.3,0.38,0.54,0.74,0.4,181702.6827,130090.5112
1811,0.3,0.24,1.2,1.38,0.6,256328.1785,142405.2514
1812,1.8,0.66,1.2,0.1,0.4,139317.2329,142064.1703
1813,2.8,0.24,0.32,1.06,0.6,274947.8225,132104.455
1814,0.8,0.24,0.76,1.38,0.8,259748.2827,145615.2135
1815,0.8,0.52,0.54,0.74,0.2,193629.3352,130103.3677
1816,2.3,0.66,0.32,0.1,0.6,124817.0229,152974.884
1817,0.3,0.52,0.76,1.38,0.8,217427.7281,183150.2
1818,0.8,0.66,0.98,0.1,0.8,98188.08179,174986.6271
1819,2.3,0.1,0.54,0.1,0.2,188759.9416,85205.29343
1820,0.3,0.52,1.2,1.06,0.4,212363.2813,153701.2018
1821,1.8,0.66,0.98,0.42,0.6,165871.4489,164897.9738
1822,1.3,0.38,0.76,1.06,0.6,237016.4168,148457.1313
1823,2.8,0.24,0.54,1.38,0.8,302467.8487,145313.3088
1824,2.8,0.24,0.76,1.7,0.2,341088.4111,138538.4889
1825,1.3,0.38,0.54,0.1,0.2,143015.5793,103403.6515
1826,0.3,0.52,0.1,1.7,0.2,249210.125,148309.7909
1827,1.3,0.1,0.1,0.42,0.4,192023.2245,93338.17165
1828,2.3,0.8,0.76,0.1,0.2,144420.9634,133046.9072
1829,2.8,0.1,0.54,1.7,0.4,346330.9469,130270.5051
1830,1.3,0.52,0.76,1.38,0.2,266642.5953,146472.3574
1831,2.8,0.1,1.2,1.38,0.6,333209.49,128197.3476
1832,2.8,0.8,0.54,1.38,0.2,278717.9128,162732.7851
1833,2.3,0.66,0.32,0.42,0.6,163736.5101,160891.1887
1834,0.8,0.24,0.54,0.42,0.4,174036.6682,109133.5493
1835,0.8,0.1,0.1,1.7,0.8,286966.6922,129131.8026
1836,2.3,0.8,0.98,0.42,0.2,187330.0335,142672.0919
1837,2.3,0.38,0.98,0.1,0.6,160448.7735,125460.1406
1838,1.3,0.1,0.76,0.1,0.8,162438.1752,91761.15527
1839,2.8,0.1,0.98,0.1,0.8,202434.1369,93079.07478
1840,2.3,0.38,0.1,0.74,0.6,216131.5676,137540.867
1841,0.3,0.8,0.1,0.1,0.8,60038.83811,191800.4475
1842,1.8,0.66,0.54,0.1,0.2,137068.9468,122628.385
1843,0.8,0.38,0.76,1.06,0.2,236884.053,130004.9515
1844,2.3,0.66,1.2,0.74,0.8,206982.5666,187318.6196
1845,2.8,0.1,0.1,1.7,0.6,335789.8737,128808.7926
1846,2.3,0.24,0.76,1.7,0.4,326529.7807,143144.0582
1847,2.8,0.1,0.32,0.42,0.2,233947.3149,94632.2339
1848,2.8,0.24,0.98,1.7,0.2,344737.8181,139711.92
1849,0.3,0.8,0.54,0.1,0.2,91243.89731,133400.152
1850,0.3,0.38,0.32,1.06,0.2,213655.0066,126967.3554
1851,2.3,0.24,0.1,1.06,0.6,259899.4106,130184.5447
1852,1.8,0.24,1.2,0.1,0.8,163489.5075,115427.0765
1853,0.3,0.1,0.76,0.74,0.4,210603.5886,105709.8558
1854,1.8,0.1,0.1,0.42,0.2,206740.1961,91747.0712
1855,1.3,0.1,0.98,0.74,0.4,243069.6096,107873.5022
1856,0.3,0.52,0.1,1.38,0.6,210231.581,166926.0079
1857,1.3,0.24,0.54,1.06,0.6,246452.9905,131980.3518
1858,0.3,0.8,0.1,1.06,0.8,156444.9319,209777.1591
1859,1.3,0.24,0.54,1.38,0.6,272531.518,139313.8153
1860,2.8,0.66,1.2,0.1,0.2,170347.7242,126387.7122
1861,1.8,0.1,0.32,1.06,0.2,274212.3881,110841.0729
1862,0.8,0.38,0.54,1.7,0.6,269524.9307,160613.3315
1863,1.3,0.1,1.2,1.06,0.8,272217.0215,121130.6878
1864,2.8,0.8,0.1,1.06,0.8,214597.8214,204870.0637
1865,2.3,0.1,1.2,0.1,0.2,200345.0793,88978.43873
1866,1.8,0.38,1.2,1.06,0.2,268955.4397,133636.5317
1867,1.8,0.52,0.32,0.42,0.8,157724.6516,157771.0981
1868,1.8,0.1,0.98,1.06,0.8,281161.2033,120168.2317
1869,1.8,0.24,1.2,1.38,0.4,299842.1846,138032.9233
1870,1.3,0.1,1.2,0.1,0.2,176017.6818,87780.56892
1871,2.8,0.24,0.32,0.1,0.6,172396.1674,105597.7451
1872,0.8,0.8,1.2,0.74,0.2,188918.6558,151556.4416
1873,2.3,0.1,1.2,0.1,0.2,200345.0793,88978.43873
1874,1.3,0.38,0.98,0.1,0.6,137905.5632,125168.6448
1875,1.8,0.38,0.32,0.1,0.8,131518.8191,130338.3925
1876,2.3,0.38,0.1,1.7,0.2,308281.4788,141987.1041
1877,2.3,0.66,0.1,1.7,0.2,290652.848,158073.499
1878,0.3,0.8,0.54,1.7,0.8,215160.642,223109.6026
1879,1.8,0.38,0.98,0.42,0.8,183740.8269,142722.0599
1880,2.3,0.1,1.2,0.42,0.4,237065.9264,101089.5926
1881,2.8,0.8,1.2,0.42,0.8,172994.4832,197513.0905
1882,0.3,0.52,1.2,1.38,0.2,246677.634,148083.5142
1883,0.3,0.1,0.98,1.38,0.2,272016.3497,120196.9811
1884,2.3,0.24,1.2,0.74,0.2,260808.8611,117528.3459
1885,1.3,0.66,0.54,0.42,0.6,146158.92,163077.8449
1886,0.3,0.52,0.98,0.1,0.4,106431.2187,129648.679
1887,0.3,0.8,0.54,1.06,0.6,173579.0145,193296.6065
1888,0.8,0.66,0.32,0.1,0.6,90879.3006,155192.4113
1889,1.3,0.66,0.98,1.7,0.4,275674.9087,177072.2932
1890,2.8,0.1,0.54,0.74,0.8,266654.0721,109737.2349
1891,0.3,0.1,1.2,1.7,0.8,292493.6684,135556.7658
1892,0.3,0.8,0.54,0.74,0.6,144383.4387,187062.5591
1893,1.8,0.66,0.32,1.7,0.8,259253.9352,201963.6571
1894,0.8,0.1,0.32,0.42,0.4,183107.9609,94398.40716
1895,2.8,0.24,1.2,1.38,0.2,325527.6228,133934.8971
1896,2.3,0.66,0.32,1.7,0.6,277028.8994,187937.5594
1897,0.3,0.38,0.98,0.1,0.8,105630.2639,136041.2872
1898,0.3,0.66,0.1,1.38,0.8,192440.0813,197428.2732
1899,0.3,0.66,0.1,1.7,0.6,223226.0059,187711.7939
1900,1.8,0.1,0.32,0.1,0.8,166580.2565,88957.01803
1901,2.3,0.1,0.98,0.1,0.6,192760.9553,91519.013
1902,0.3,0.38,0.54,0.1,0.4,108117.6547,113466.903
1903,2.3,0.66,0.1,1.7,0.2,290652.848,158073.499
1904,0.3,0.8,0.1,0.1,0.6,65295.51651,171586.2421
1905,1.8,0.24,0.54,1.06,0.4,262770.6041,127035.24
1906,0.8,0.1,0.76,0.1,0.4,152264.4006,87410.92084
1907,0.3,0.38,1.2,0.74,0.6,187289.9718,143353.1819
1908,2.8,0.1,0.76,0.42,0.8,237478.7657,101891.646
1909,0.3,0.52,1.2,0.74,0.4,182677.8713,146417.3579
1910,0.3,0.52,0.98,1.7,0.6,251215.5938,178042.7042
1911,2.3,0.52,0.76,0.42,0.8,177641.2308,159837.9638
1912,2.3,0.52,0.1,1.38,0.6,259808.1856,166648.5721
1913,0.8,0.1,0.32,0.42,0.2,185340.036,91934.39291
1914,0.8,0.38,0.32,0.42,0.8,145989.9951,139329.5206
1915,2.8,0.66,0.1,1.7,0.8,275277.1988,199949.6749
1916,2.3,0.24,0.98,0.1,0.4,179690.5237,103470.1279
1917,1.3,0.66,0.76,1.7,0.2,281313.417,161313.9996
1918,0.8,0.8,1.2,1.38,0.4,234108.6556,183487.2819
1919,0.3,0.52,0.98,1.06,0.6,201466.2713,165401.5043
1920,0.8,0.66,0.32,1.38,0.8,211360.7116,197651.6977
1921,1.3,0.66,1.2,0.1,0.2,137118.7524,126321.1749
1922,2.3,0.66,1.2,0.42,0.2,199106.0044,135025.4633
1923,2.8,0.38,1.2,0.74,0.8,242835.6869,151786.8836
1924,2.8,0.1,1.2,1.38,0.6,333209.49,128197.3476
1925,0.3,0.8,0.32,1.06,0.2,188111.6911,154010.6944
1926,1.3,0.38,0.98,0.1,0.2,151255.3191,105945.3985
1927,2.3,0.24,0.76,1.38,0.2,308260.9525,130922.5916
1928,0.3,0.38,0.54,1.7,0.2,267708.8392,142255.3528
1929,2.8,0.38,0.1,0.1,0.8,148241.3537,128445.616
1930,0.3,0.38,0.98,0.42,0.6,149798.5989,134376.0083
1931,2.3,0.1,0.1,1.38,0.2,306258.3306,117824.1527
1932,2.8,0.66,0.76,0.74,0.2,235668.3814,141249.7589
1933,2.8,0.52,0.98,1.38,0.4,294940.4718,160372.975
1934,1.3,0.52,0.76,1.7,0.8,267930.2808,187766.4517
1935,1.3,0.38,0.32,1.7,0.2,290620.1146,141908.5018
1936,0.3,0.8,0.32,1.38,0.4,204074.9015,179235.4575
1937,2.3,0.38,1.2,1.7,0.4,322023.9053,156625.7519
1938,2.8,0.38,0.98,0.74,0.6,243777.4724,143013.7895
1939,0.3,0.38,0.54,1.7,0.2,267708.8392,142255.3528
1940,2.3,0.52,0.32,1.38,0.4,272605.2291,156346.9311
1941,0.8,0.66,1.2,1.7,0.4,266414.5063,178170.3674
1942,1.8,0.38,0.54,1.7,0.6,293694.7758,161366.221
1943,2.3,0.24,0.76,1.38,0.6,299108.3703,141630.9783
1944,2.3,0.52,0.76,0.42,0.4,191643.4589,136104.1425
1945,0.8,0.24,0.32,0.74,0.8,194980.6333,127981.3576
1946,0.8,0.8,0.76,0.74,0.8,154777.5788,205941.4107
1947,2.3,0.52,0.32,0.74,0.2,225511.7314,129798.7619
1948,2.8,0.52,0.1,1.06,0.4,251786.4802,148214.691
1949,2.3,0.24,1.2,0.1,0.8,175059.7372,115392.794
1950,0.3,0.1,0.32,1.7,0.2,282820.2753,123294.3056
1951,0.3,0.1,1.2,0.74,0.2,220203.6788,105519.0826
1952,1.8,0.66,1.2,1.38,0.2,277189.8914,157433.2375
1953,1.8,0.38,0.76,1.7,0.8,292982.2305,170341.0657
1954,2.8,0.1,0.98,1.06,0.2,307963.9066,116226.8511
1955,1.8,0.52,0.54,0.74,0.6,202336.6346,155220.0735
1956,1.3,0.24,0.76,0.74,0.8,217340.6281,130440.9088
1957,0.3,0.38,0.76,1.06,0.8,204141.0785,157711.7741
1958,0.3,0.66,0.54,1.7,0.2,250234.1328,159616.0557
1959,1.8,0.38,1.2,0.74,0.4,232745.4226,134614.202
1960,1.8,0.24,0.98,0.74,0.2,246097.2379,115743.2891
1961,2.3,0.8,1.2,0.42,0.8,163268.3595,198249.0633
1962,2.3,0.1,0.98,1.7,0.4,343688.7281,132062.4026
1963,1.8,0.66,0.98,0.1,0.2,145341.1737,125097.4887
1964,0.3,0.38,0.98,0.1,0.4,116499.4514,115966.3075
1965,0.8,0.24,0.1,1.7,0.2,282221.0727,131463.8677
1966,1.3,0.24,0.76,0.74,0.2,230407.9456,113671.7191
1967,2.3,0.38,0.98,0.42,0.2,213698.4377,116360.0143
1968,0.8,0.66,0.32,0.1,0.4,98358.89424,138284.8471
1969,0.8,0.38,0.1,0.1,0.2,119630.6311,100472.4907
1970,2.3,0.24,0.54,1.38,0.2,304248.4063,129647.886
1971,2.3,0.52,0.1,0.74,0.6,203692.4509,152463.7762
1972,2.3,0.66,0.76,0.1,0.2,152450.177,123930.3103
1973,2.8,0.24,0.54,1.38,0.8,302467.8487,145313.3088
1974,1.3,0.52,0.76,1.38,0.4,258446.0011,158351.5011
1975,2.3,0.1,1.2,1.06,0.4,299114.9033,118569.8275
1976,2.8,0.1,0.1,1.7,0.6,335789.8737,128808.7926
1977,2.3,0.1,0.32,1.06,0.8,280546.7443,116459.1269
1978,1.8,0.66,0.54,1.38,0.6,247425.6075,183326.1974
1979,1.8,0.1,0.76,0.1,0.2,181191.3507,85939.48506
1980,2.3,0.1,0.1,1.7,0.4,327096.1319,126801.5686
1981,1.3,0.52,0.54,1.06,0.6,220396.9647,162448.1413
1982,0.3,0.1,0.32,1.7,0.4,280762.1197,125781.7185
1983,0.3,0.66,0.76,0.42,0.4,132199.792,149198.9036
1984,1.8,0.8,0.1,1.06,0.8,193925.6645,206189.8187
1985,1.8,0.66,0.76,1.7,0.2,293068.2196,161639.5394
1986,2.3,0.1,0.98,0.1,0.4,194656.8842,89877.49496
1987,2.8,0.52,0.1,0.42,0.6,179786.1961,144546.4848
1988,0.3,0.8,0.98,1.38,0.6,207746.6995,201482.6532
1989,1.3,0.52,0.1,1.38,0.8,230943.787,177903.9259
1990,2.3,0.1,0.32,0.74,0.4,254550.8778,105153.4694
1991,2.8,0.24,0.32,1.06,0.4,279742.1611,126835.0613
1992,2.8,0.52,0.76,1.38,0.6,283226.3916,170697.546
1993,1.8,0.8,1.2,1.7,0.2,292222.3758,171930.5932
1994,2.8,0.38,0.54,1.7,0.6,314485.8399,161966.6571
1995,0.3,0.24,0.54,0.1,0.4,119307.192,99984.60548
1996,2.8,0.1,0.98,0.1,0.6,203664.4847,91872.75485
1997,0.3,0.66,1.2,0.1,0.8,89300.2124,177798.3882
1998,0.8,0.52,0.32,1.7,0.6,252855.7862,174200.2884
1999,1.8,0.1,0.54,1.7,0.6,323328.6766,130675.2486
2000,2.3,0.24,0.98,1.06,0.6,277019.0935,135455.5682
2001,1.3,0.38,0.54,1.06,0.8,227767.883,155432.5871
2002,0.8,0.52,0.1,0.74,0.2,184028.5508,127315.4657
2003,1.8,0.38,1.2,1.7,0.8,300171.4958,172547.3423
2004,0.3,0.1,0.54,1.38,0.8,258076.702,125077.824
2005,1.3,0.66,1.2,1.7,0.2,288525.2987,163535.6299
2006,2.3,0.38,0.98,1.38,0.6,289150.1298,157499.5031
2007,1.8,0.1,0.76,0.74,0.8,248239.5732,110662.7456
2008,1.8,0.8,0.54,0.42,0.6,148129.5582,177677.8415
2009,2.8,0.38,0.1,1.06,0.2,269733.4429,128407.0574
2010,1.8,0.1,0.32,1.7,0.4,320668.5427,127604.3735
2011,0.3,0.1,0.98,1.06,0.8,239881.2176,120088.9282
2012,0.3,0.1,1.2,1.06,0.8,243398.8432,121223.5789
2013,1.8,0.8,1.2,0.42,0.4,169175.7553,162217.8574
2014,2.8,0.38,0.76,0.42,0.2,220327.9448,115659.5309
2015,1.3,0.1,0.98,1.7,0.2,322551.8597,128604.2866
2016,2.8,0.38,0.1,1.38,0.6,282141.7727,152689.9921
2017,2.8,0.52,0.98,0.74,0.6,231361.1917,157637.1224
2018,2.3,0.66,0.98,1.38,0.6,266038.7298,185491.2933
2019,0.8,0.1,0.1,0.74,0.6,210074.0344,104203.2871
2020,1.8,0.1,0.54,1.06,0.8,273370.9712,117665.9405
2021,0.8,0.1,0.76,1.38,0.6,278974.4357,124213.1505
2022,2.3,0.38,0.76,1.7,0.8,304025.1192,170348.5193
2023,2.8,0.52,1.2,1.06,0.6,264425.9455,166092.3655
2024,0.8,0.38,0.54,0.1,0.6,116530.5812,123084.8429
2025,1.3,0.24,0.32,0.1,0.4,143297.8783,98581.44399
2026,2.3,0.24,0.98,1.7,0.6,325749.7777,149552.6855
2027,2.3,0.38,0.76,0.1,0.2,170614.8732,105667.6863
2028,1.3,0.38,0.98,0.42,0.8,172118.3181,142461.9109
2029,2.8,0.1,0.76,0.42,0.6,238666.5804,100712.6885
2030,1.8,0.38,1.2,0.74,0.4,232745.4226,134614.202
2031,1.3,0.66,0.98,1.06,0.4,226187.0415,164213.9991
2032,1.8,0.8,1.2,0.42,0.4,169175.7553,162217.8574
2033,2.3,0.24,0.76,0.42,0.4,215063.2581,111891.7776
2034,1.3,0.24,0.32,0.1,0.6,138488.2254,104712.3814
2035,2.8,0.8,0.76,1.06,0.6,235865.4798,191723.3119
2036,0.8,0.52,0.1,1.06,0.6,197945.054,159998.3674
2037,2.3,0.1,0.98,0.1,0.6,192760.9553,91519.013
2038,0.8,0.1,0.1,0.1,0.8,134062.6325,87808.13033
2039,2.8,0.1,0.1,1.7,0.4,337380.4361,127468.3407
2040,1.8,0.24,0.1,1.38,0.8,271569.3219,141998.9083
2041,2.3,0.66,0.76,1.7,0.2,303903.2009,162012.288
2042,0.3,0.52,0.98,1.7,0.6,251215.5938,178042.7042
2043,1.8,0.66,0.76,1.06,0.6,225324.2216,178063.8445
2044,2.3,0.24,0.1,1.7,0.8,305992.1054,148931.1004
2045,2.3,0.8,0.76,1.06,0.6,225979.5674,191992.3044
2046,2.3,0.24,0.98,0.42,0.4,218895.7535,113115.0189
2047,2.8,0.38,0.1,1.06,0.2,269733.4429,128407.0574
2048,1.3,0.24,0.54,0.42,0.4,187554.1019,109417.0408
2049,1.3,0.1,0.76,0.42,0.2,207806.5662,95282.49167
2050,2.3,0.66,0.54,1.7,0.8,274528.1641,202786.5634
2051,0.8,0.38,0.98,1.38,0.4,260218.6641,147452.2652
2052,2.3,0.8,1.2,0.74,0.8,196380.5039,204890.9568
2053,1.3,0.52,0.76,0.74,0.2,211001.2673,131628.5503
2054,0.8,0.66,0.1,0.1,0.4,93104.33054,136925.868
2055,0.8,0.38,0.54,1.06,0.6,219810.9822,147190.8334
2056,2.8,0.52,1.2,0.74,0.8,229152.4303,169493.5209
2057,0.3,0.8,0.32,0.42,0.6,107063.1139,179396.0395
2058,0.3,0.1,0.32,0.1,0.2,130121.9572,81814.22363
2059,1.8,0.38,0.98,0.74,0.6,222598.9821,142596.2226
2060,1.8,0.24,0.1,1.7,0.4,302467.9618,138515.6456
2061,0.8,0.1,0.1,0.42,0.4,178121.0922,92907.53941
2062,1.3,0.38,0.32,1.06,0.6,228350.6382,145863.8212
2063,2.3,0.52,0.54,1.7,0.6,292424.2408,175608.6668
2064,0.3,0.8,0.98,1.06,0.2,200795.1817,157705.4863
2065,1.3,0.24,0.32,1.7,0.8,287843.2566,149594.5313
2066,1.3,0.8,1.2,0.42,0.2,168178.1308,143797.9811
2067,0.8,0.24,1.2,1.06,0.4,249163.3684,129423.7842
2068,2.8,0.24,0.1,1.06,0.2,279730.5821,119990.0322
2069,1.8,0.38,0.32,1.7,0.2,302098.6812,142814.2639
2070,2.8,0.8,0.98,1.06,0.8,232072.2822,209613.247
2071,0.3,0.8,0.54,1.7,0.8,215160.642,223109.6026
2072,1.8,0.38,0.76,0.74,0.8,213802.0137,149595.2616
2073,2.8,0.66,0.1,1.38,0.8,251892.6115,194089.4483
2074,1.3,0.8,0.54,1.06,0.4,209046.8307,173401.2421
2075,0.3,0.1,0.98,0.74,0.2,216662.5659,104360.3699
2076,0.3,0.24,0.32,1.38,0.2,249401.7657,125438.3313
2077,1.3,0.66,0.98,0.1,0.2,133440.8273,125197.4376
2078,1.8,0.1,0.54,0.1,0.4,174812.11,86805.81101
2079,1.3,0.24,0.1,1.38,0.8,259735.764,141496.7853
2080,1.3,0.8,0.76,1.38,0.8,222217.7868,216560.7383
2081,2.8,0.24,0.32,1.7,0.8,321094.6748,150694.0019
2082,2.3,0.1,0.98,1.38,0.2,322956.7735,123140.9682
2083,1.3,0.8,0.54,1.38,0.2,245942.7315,162053.8649
2084,2.3,0.1,1.2,1.7,0.2,348840.1023,131250.7083
2085,0.3,0.38,0.54,1.38,0.2,244420.7544,135575.4599
2086,2.3,0.38,0.1,1.7,0.8,290756.328,166440.5438
2087,0.8,0.38,0.32,1.7,0.8,259847.8082,167664.0316
2088,0.8,0.66,0.1,0.1,0.4,93104.33054,136925.868
2089,2.3,0.8,0.32,1.7,0.8,259092.3223,218189.55
2090,2.8,0.8,0.1,1.06,0.6,222228.4921,187963.3956
2091,0.3,0.24,0.54,1.7,0.4,272560.3994,139552.4913
2092,1.3,0.52,0.76,0.1,0.8,116198.4718,153086.3115
2093,1.3,0.38,0.98,1.06,0.4,247193.8517,140565.5822
2094,0.8,0.24,0.54,0.42,0.8,165460.1908,120955.381
2095,2.3,0.66,0.32,1.7,0.6,277028.8994,187937.5594
2096,2.3,0.24,0.98,0.1,0.2,184842.5766,97636.38409
2097,2.3,0.8,1.2,0.42,0.6,170428.9966,180440.73
2098,2.3,0.66,0.32,1.7,0.8,270079.2347,201543.4688
2099,0.3,0.24,0.1,1.38,0.2,244526.3024,123982.147
2100,0.3,0.8,1.2,1.06,0.4,194092.3387,177595.0643
2101,1.8,0.1,1.2,0.74,0.6,257068.5069,111406.9783
2102,1.8,0.1,0.98,0.1,0.6,180952.9922,91260.95227
2103,1.8,0.1,0.32,1.7,0.4,320668.5427,127604.3735
2104,2.3,0.8,0.98,1.7,0.8,271420.9115,221605.4713
2105,2.8,0.66,0.76,1.7,0.2,313943.5512,162423.6645
2106,0.3,0.8,1.2,0.1,0.2,103384.6917,136911.1343
2107,0.3,0.38,0.98,1.7,0.2,275552.4022,144696.1428
2108,2.3,0.52,0.98,0.42,0.2,204301.4091,125169.0774
2109,2.3,0.52,0.32,0.74,0.6,208684.6862,153855.9531
2110,2.8,0.24,0.76,0.74,0.8,251318.3198,131305.8536
2111,1.3,0.1,1.2,0.74,0.2,248626.7007,106781.4014
2112,1.3,0.38,0.54,0.74,0.4,209565.8388,130315.7098
2113,1.3,0.38,0.98,0.74,0.2,224402.8043,123724.8407
2114,2.8,0.8,0.98,0.42,0.6,176592.1797,178968.1506
2115,0.3,0.66,0.32,0.42,0.6,115506.8127,163463.6825
2116,1.8,0.24,1.2,0.74,0.8,236666.8009,133197.3194
2117,1.3,0.24,0.32,0.42,0.2,187915.9155,102085.6759
2118,1.8,0.8,1.2,1.06,0.8,215071.2206,211930.9413
2119,0.8,0.8,1.2,1.38,0.2,244571.4319,165402.2832
2120,1.3,0.38,1.2,0.1,0.4,147982.7993,116601.9953
2121,0.3,0.52,0.98,1.06,0.2,216950.9853,139976.0775
2122,1.8,0.52,0.1,0.1,0.6,119304.5819,136396.855
2123,1.8,0.38,0.54,1.38,0.4,276875.0834,146078.4238
2124,2.3,0.66,0.76,1.7,0.4,294366.5081,176112.9377
2125,0.3,0.52,0.32,1.7,0.2,254102.0924,149723.3065
2126,0.8,0.38,0.76,1.06,0.8,218672.5315,157078.6772
2127,0.8,0.66,1.2,1.38,0.6,234674.943,187336.372
2128,0.8,0.24,0.76,0.1,0.8,130139.2004,113314.2903
2129,2.8,0.66,1.2,1.7,0.2,321066.9371,164633.5456
2130,0.8,0.38,0.54,1.7,0.2,282019.7664,142731.025
2131,0.8,0.66,0.1,1.7,0.4,245619.6596,172114.9574
2132,2.8,0.8,0.76,1.7,0.8,277569.9146,220059.6764
2133,2.3,0.66,0.1,0.1,0.6,119639.2518,151624.8616
2134,2.8,0.66,0.54,0.74,0.2,231526.8097,139993.8562
2135,0.8,0.52,0.76,0.74,0.2,197833.477,131378.8826
2136,0.3,0.52,0.98,0.42,0.6,138216.0712,151032.3737
2137,2.3,0.8,0.98,1.7,0.8,271420.9115,221605.4713
2138,0.3,0.38,0.76,1.06,0.4,215739.8764,138998.9226
2139,2.8,0.52,0.76,1.38,0.8,277553.4086,181104.361
2140,2.3,0.1,0.54,0.1,0.4,186615.5074,87286.20903
2141,1.3,0.1,0.98,0.1,0.8,166353.4204,93014.03175
2142,1.8,0.24,0.1,0.1,0.8,141831.8677,108930.6117
2143,2.3,0.24,0.1,1.06,0.2,269396.6587,119275.5847
2144,0.8,0.52,0.54,0.74,0.6,177726.6156,155547.0364
2145,1.3,0.52,0.1,0.74,0.2,197273.6953,127562.4471
2146,0.3,0.66,0.98,0.1,0.4,97991.18758,142840.839
2147,2.8,0.66,0.98,1.38,0.4,284955.4988,171169.0691
2148,2.3,0.52,0.98,0.42,0.8,181551.7224,160988.1025
2149,0.8,0.24,0.76,0.1,0.2,143546.8104,94930.33466
2150,2.8,0.1,0.54,0.1,0.6,195650.7364,89290.85922
2151,0.3,0.66,0.32,1.7,0.4,236453.8339,173616.5413
2152,2.8,0.1,0.98,0.1,0.8,202434.1369,93079.07478
2153,0.3,0.24,0.98,1.38,0.4,257181.7134,135263.8256
2154,2.8,0.1,0.54,0.1,0.6,195650.7364,89290.85922
2155,2.8,0.66,0.54,1.7,0.4,300305.0771,175105.8739
2156,1.3,0.38,1.2,1.7,0.4,299830.5025,155412.8003
2157,0.3,0.1,0.54,0.42,0.6,170233.219,98097.10731
2158,0.3,0.66,0.76,0.74,0.6,157696.4462,172811.7973
2159,0.8,0.8,0.76,0.42,0.2,147811.8783,141743.3142
2160,1.8,0.24,0.98,1.38,0.2,300954.6927,131415.7336
2161,0.8,0.1,0.76,0.42,0.6,189794.3713,99451.54111
2162,2.3,0.66,1.2,1.7,0.6,292758.2469,192540.1262
2163,1.3,0.1,0.32,1.38,0.4,285781.2295,119917.3093
2164,0.3,0.1,0.98,1.06,0.8,239881.2176,120088.9282
2165,1.8,0.52,0.98,0.42,0.2,193112.7953,124850.2517
2166,0.3,0.66,0.98,0.42,0.2,145301.6121,133898.4643
2167,0.3,0.1,0.32,0.74,0.4,201910.1604,102984.2308
2168,1.3,0.24,0.54,0.74,0.2,226274.6259,112365.9031
2169,0.8,0.24,0.32,1.38,0.2,263942.6619,126035.2302
2170,1.8,0.24,0.1,1.06,0.6,248805.2527,129794.4381
2171,2.3,0.8,1.2,1.7,0.4,292327.1875,189030.2571
2172,0.3,0.38,1.2,1.06,0.6,217034.9477,150775.0556
2173,1.3,0.66,0.98,0.42,0.6,154392.5699,165425.7634
2174,0.3,0.38,0.1,0.1,0.2,104716.9365,100589.602
2175,1.3,0.38,0.32,0.42,0.6,164409.4748,130046.244
2176,2.3,0.52,0.98,1.38,0.8,271153.1206,182328.2281
2177,1.3,0.38,0.32,0.42,0.4,170956.2611,120548.2639
2178,0.8,0.66,0.32,1.7,0.8,234797.9615,203331.6767
2179,1.8,0.66,0.54,0.74,0.6,191448.9448,169915.8368
2180,1.8,0.1,0.54,0.1,0.4,174812.11,86805.81101
2181,1.3,0.38,0.98,0.1,0.2,151255.3191,105945.3985
2182,0.3,0.24,0.1,0.74,0.8,174942.2949,126970.3741
2183,1.3,0.1,0.32,1.06,0.8,256476.0326,116106.5539
2184,2.8,0.24,0.1,1.38,0.6,296014.6036,138074.988
2185,1.3,0.1,0.1,0.1,0.4,152416.1695,83416.12074
2186,1.8,0.38,1.2,1.7,0.8,300171.4958,172547.3423
2187,1.8,0.8,0.98,1.7,0.2,288767.5631,170871.8224
2188,2.8,0.1,0.1,0.1,0.6,186163.6851,86372.36205
2189,0.3,0.24,0.1,0.1,0.2,114212.6688,90611.27606
2190,1.3,0.38,0.1,1.06,0.8,218275.3917,152707.029
2191,2.8,0.1,0.54,0.42,0.8,233371.1123,100573.9304
2192,0.8,0.66,0.98,0.42,0.8,135443.19,181968.8467
2193,2.3,0.52,0.32,1.7,0.8,282165.7748,184838.3793
2194,1.3,0.38,0.54,1.06,0.2,245968.2865,129185.6357
2195,2.3,0.24,0.1,0.74,0.2,240150.945,111019.8904
2196,2.8,0.8,0.32,0.74,0.2,218690.9139,147077.4515
2197,2.8,0.52,0.98,1.06,0.4,269012.249,153357.4046
2198,2.3,0.8,0.32,0.74,0.2,208445.3723,146875.0576
2199,2.8,0.66,0.54,0.42,0.2,197768.8403,131722.5309
2200,0.8,0.66,0.32,1.7,0.8,234797.9615,203331.6767
2201,0.8,0.8,0.54,0.74,0.6,157814.0715,186067.7892
2202,1.3,0.8,0.76,1.06,0.8,196199.2353,210777.3906
2203,0.8,0.1,0.1,1.06,0.4,241647.0379,110249.1946
2204,1.8,0.66,0.98,1.7,0.2,296801.125,162787.231
2205,1.3,0.24,1.2,0.42,0.2,204092.123,107195.8576
2206,1.8,0.38,0.32,0.42,0.8,170964.9394,138951.6286
2207,2.8,0.52,0.76,1.7,0.2,322478.9215,154568.0054
2208,0.8,0.38,0.32,1.38,0.2,254400.7209,134659.1962
2209,0.3,0.38,0.54,1.06,0.2,218187.6504,128335.3537
2210,0.8,0.66,0.1,1.38,0.8,206383.8346,196339.4498
2211,2.3,0.52,0.98,1.7,0.8,294407.9872,188419.4772
2212,0.8,0.24,0.1,1.06,0.2,233033.9289,117084.7205
2213,1.8,0.38,0.98,1.7,0.2,314198.1411,146583.3855
2214,2.3,0.8,0.1,1.7,0.4,271729.3777,183074.0434
2215,0.8,0.66,0.76,1.38,0.4,235745.6273,169833.0881
2216,2.3,0.1,0.32,1.7,0.4,331784.8619,128249.7548
2217,2.8,0.8,0.32,1.7,0.2,297412.4322,167784.9199
2218,1.3,0.38,0.98,0.42,0.8,172118.3181,142461.9109
2219,2.8,0.52,0.1,0.1,0.6,140335.6833,135970.3397
2220,2.8,0.66,0.32,1.38,0.2,282479.348,153378.9272
2221,2.8,0.1,0.1,0.1,0.8,184912.9284,87582.67617
2222,0.8,0.1,0.1,1.38,0.8,263844.8057,122183.4675
2223,2.3,0.38,0.1,1.06,0.6,245880.6273,145258.7718
2224,1.3,0.66,0.98,0.1,0.6,116090.8505,157854.4828
2225,1.8,0.38,0.54,1.7,0.8,288921.8208,169122.1516
2226,2.3,0.8,0.76,1.7,0.4,285111.5107,186878.9445
2227,0.8,0.8,0.54,1.7,0.8,228825.8234,221856.4938
2228,1.3,0.1,0.76,0.1,0.4,166309.8792,87684.91991
2229,0.8,0.38,0.1,1.38,0.8,231421.1353,159952.669
2230,0.8,0.1,0.32,0.42,0.4,183107.9609,94398.40716
2231,1.3,0.1,0.54,0.1,0.8,158192.0169,90425.5689
2232,2.8,0.66,1.2,1.7,0.2,321066.9371,164633.5456
2233,0.3,0.24,1.2,0.42,0.6,166428.7129,119049.1587
2234,2.8,0.24,0.76,0.74,0.4,259051.1354,121328.3651
2235,2.3,0.38,0.98,1.7,0.6,312249.2869,164002.0426
2236,1.8,0.1,0.1,1.38,0.6,291428.579,120858.4663
2237,0.3,0.24,0.32,0.42,0.8,145796.6937,120171.4529
2238,1.3,0.8,0.1,0.1,0.8,83234.64004,188010.6253
2239,1.8,0.24,0.54,1.7,0.8,303967.2197,151447.3911
2240,0.3,0.52,1.2,1.38,0.6,231316.8551,173020.2552
2241,2.3,0.38,0.32,0.74,0.6,221089.3475,138963.6285
2242,1.8,0.38,0.54,0.74,0.2,228165.1497,122056.6698
2243,1.3,0.8,0.76,1.06,0.2,223931.5005,156521.5019
2244,0.3,0.38,0.98,1.7,0.6,263205.8662,162959.0869
2245,2.8,0.24,0.76,0.74,0.2,263943.6485,115865.0202
2246,0.8,0.52,0.1,0.1,0.4,102105.998,123859.8423
2247,1.3,0.66,1.2,0.74,0.8,184590.6072,188695.0894
2248,0.3,0.52,0.1,1.06,0.6,183747.1705,160350.2889
2249,2.8,0.8,0.98,0.1,0.6,138218.4586,171413.5592
2250,2.8,0.1,0.54,0.1,0.8,194413.7173,90499.27259
2251,0.3,0.66,0.76,0.42,0.8,118203.5061,182371.6015
2252,0.3,0.1,0.1,0.42,0.8,158434.896,97746.19943
2253,1.3,0.24,0.54,1.7,0.6,295673.3984,146054.6942
2254,2.3,0.52,0.32,1.7,0.4,295803.7798,162815.3117
2255,2.8,0.52,0.1,0.1,0.4,148601.2512,123330.2075
2256,1.8,0.66,0.32,1.7,0.6,266332.6435,188049.6884
2257,1.3,0.52,0.1,1.38,0.4,244944.9264,154394.3037
2258,1.8,0.24,0.54,0.1,0.2,165187.1642,94563.07581
2259,2.8,0.24,0.32,1.06,0.6,274947.8225,132104.455
2260,0.3,0.24,0.32,1.7,0.2,272609.396,132287.4217
2261,2.3,0.52,0.98,1.38,0.6,277010.7886,171688.2677
2262,2.8,0.24,0.1,0.1,0.8,164362.7744,109024.6249
2263,0.8,0.1,0.54,0.42,0.2,189889.5672,93353.95978
2264,0.3,0.1,0.32,0.42,0.6,165627.7389,96687.03679
2265,1.3,0.24,1.2,0.1,0.6,155069.756,109794.1614
2266,1.8,0.8,0.1,1.38,0.4,237533.7482,177066.7473
2267,1.8,0.38,0.76,1.7,0.2,310494.9193,145413.9829
2268,1.3,0.8,0.1,1.7,0.2,259885.6441,165636.9103
2269,1.3,0.66,0.76,0.1,0.6,112086.1982,156713.8388
2270,0.8,0.66,0.76,1.38,0.4,235745.6273,169833.0881
2271,0.8,0.24,0.1,0.1,0.8,115867.4242,109199.9699
2272,2.8,0.66,0.98,1.38,0.4,284955.4988,171169.0691
2273,0.3,0.24,1.2,1.38,0.6,256328.1785,142405.2514
2274,0.3,0.24,0.98,0.74,0.4,201318.917,120019.2047
2275,1.8,0.1,0.98,0.74,0.2,257395.3112,106374.5072
2276,1.3,0.1,0.1,1.06,0.2,257215.215,108582.6249
2277,0.3,0.24,1.2,1.06,0.2,239209.2554,123022.6612
2278,2.3,0.24,0.1,1.38,0.6,285871.1727,137581.7994
2279,2.3,0.38,0.54,1.06,0.8,250589.5442,155780.8036
2280,0.8,0.66,0.32,0.42,0.2,146603.6552,129897.2345
2281,2.8,0.38,0.98,1.38,0.2,312391.375,141036.3051
2282,1.3,0.8,0.54,1.38,0.4,235293.7044,179852.3545
2283,2.3,0.38,0.32,0.74,0.2,234896.7187,121205.674
2284,2.8,0.66,0.54,1.38,0.6,268090.7586,183139.0709
2285,2.3,0.66,0.76,0.74,0.6,206411.6584,170866.1651
2286,2.8,0.1,0.54,1.7,0.4,346330.9469,130270.5051
2287,1.3,0.38,1.2,0.74,0.8,209596.1584,151507.5711
2288,1.3,0.1,0.76,1.06,0.2,270500.4082,112757.0364
2289,2.8,0.1,0.54,1.06,0.4,298399.2272,115593.1508
2290,0.3,0.66,0.54,1.7,0.4,240966.1567,174905.5856
2291,2.8,0.38,0.76,0.1,0.2,181197.566,106088.3742
2292,0.3,0.52,0.98,0.74,0.6,171796.2727,158394.1902
2293,0.8,0.8,0.54,1.06,0.2,206853.5592,155253.2644
2294,1.8,0.1,0.76,1.7,0.4,328965.8564,130240.0013
2295,1.3,0.8,0.32,1.38,0.2,241446.6111,160745.8321
2296,0.3,0.8,0.1,0.42,0.2,119687.0225,138238.8417
2297,1.8,0.66,0.98,0.74,0.6,199541.1702,172258.722
2298,0.3,0.38,0.98,1.06,0.2,226180.5498,130817.8434
2299,0.8,0.24,0.32,1.06,0.8,224857.6574,135801.7949
2300,2.3,0.8,1.2,0.42,0.2,190927.2341,143769.5424
2301,0.3,0.66,0.54,1.06,0.2,200540.5307,146449.8659
2302,1.8,0.1,0.1,1.06,0.8,264152.666,114813.9271
2303,0.3,0.1,0.54,0.74,0.4,206438.5046,104390.1294
2304,1.3,0.1,0.1,1.38,0.4,281000.2114,118453.5838
2305,1.8,0.1,0.54,1.38,0.8,299078.5817,125270.0558
2306,0.3,0.52,0.32,0.1,0.4,93232.05026,125886.594
2307,1.8,0.1,0.54,1.7,0.4,324989.0976,128967.5627
2308,2.3,0.24,0.54,1.06,0.6,269188.2713,132992.7725
2309,1.3,0.1,0.32,1.06,0.6,258175.5615,114247.6019
2310,0.8,0.1,0.54,1.06,0.4,250949.9898,113118.4477
2311,0.8,0.8,0.54,1.7,0.8,228825.8234,221856.4938
2312,2.3,0.66,0.54,0.42,0.6,168378.4568,162179.3762
2313,1.3,0.66,0.54,1.7,0.8,252030.7351,203791.7301
2314,0.8,0.1,0.54,1.38,0.4,276803.9253,120724.8594
2315,1.3,0.38,0.76,0.1,0.2,147305.7554,104714.0943
2316,0.3,0.8,0.76,1.7,0.2,246510.8873,169336.2407
2317,1.3,0.8,0.54,1.06,0.8,192000.9966,209630.2036
2318,0.3,0.24,0.76,1.38,0.6,249025.6704,140111.0292
2319,1.3,0.38,0.1,0.1,0.6,119675.9446,119916.2908
2320,2.8,0.38,1.2,1.7,0.4,332041.0426,157108.0317
2321,2.8,0.52,0.76,0.1,0.4,162660.3932,127373.696
2322,2.8,0.24,0.32,0.74,0.8,242729.4474,128667.0767
2323,0.3,0.66,0.54,1.7,0.6,232706.0446,190313.8197
2324,1.3,0.24,1.2,0.1,0.4,159823.556,103700.5017
2325,2.8,0.52,0.54,0.1,0.4,158388.5682,126101.507
2326,0.3,0.38,0.54,1.38,0.2,244420.7544,135575.4599
2327,0.3,0.1,0.98,0.42,0.2,182810.9384,95431.74179
2328,2.8,0.1,1.2,0.42,0.6,245950.3495,103100.4323
2329,0.3,0.24,0.54,0.42,0.4,159147.0052,108991.4079
2330,1.8,0.52,0.1,0.1,0.2,135805.453,110548.171
2331,1.3,0.66,0.1,1.06,0.6,199954.6509,174550.5728
2332,1.8,0.24,0.76,0.1,0.2,169424.098,95891.10022
2333,0.8,0.1,0.54,0.74,0.8,217575.5814,109248.639
2334,0.8,0.24,1.2,1.38,0.6,270764.989,142610.6153
2335,0.3,0.38,1.2,1.38,0.6,243321.9043,157669.5335
2336,2.8,0.52,0.98,1.06,0.2,277542.8556,141900.6964
2337,0.3,0.8,0.54,0.74,0.6,144383.4387,187062.5591
2338,2.3,0.38,0.76,1.38,0.4,291887.2893,147747.961
2339,0.3,0.1,0.98,0.74,0.4,214440.5666,106945.7029
2340,2.3,0.52,0.98,0.42,0.6,187422.8244,149678.0199
2341,0.8,0.38,0.54,0.42,0.2,169122.2139,112330.4211
2342,1.3,0.1,0.54,0.1,0.8,158192.0169,90425.5689
2343,0.8,0.38,0.54,0.74,0.6,189966.3574,139641.5847
2344,1.8,0.1,0.32,0.1,0.4,170236.0687,85384.0665
2345,1.3,0.1,0.98,1.38,0.4,297899.347,123787.1367
2346,0.3,0.66,0.32,0.74,0.4,156799.8091,153961.9415
2347,0.8,0.1,0.54,1.06,0.4,250949.9898,113118.4477
2348,1.3,0.38,0.76,0.1,0.8,128955.6915,132825.7227
2349,2.8,0.1,0.32,1.38,0.8,316787.8195,124379.7443
2350,1.8,0.24,0.54,0.1,0.2,165187.1642,94563.07581
2351,2.3,0.38,0.54,0.1,0.2,166371.2364,104358.1065
2352,2.8,0.66,0.76,1.7,0.2,313943.5512,162423.6645
2353,0.8,0.8,0.76,1.7,0.6,240900.2545,205273.2664
2354,0.3,0.38,0.1,0.1,0.4,98080.07194,110685.6438
2355,0.8,0.52,0.32,0.42,0.4,146638.3056,133515.2841
2356,0.8,0.52,1.2,0.74,0.6,189466.8094,159021.524
2357,0.8,0.52,0.1,1.06,0.6,197945.054,159998.3674
2358,1.3,0.24,0.76,1.7,0.8,296298.2641,152181.0314
2359,0.8,0.38,0.98,0.42,0.8,158893.1759,143091.2139
2360,0.3,0.66,0.54,0.74,0.4,161451.1981,155265.0996
2361,2.8,0.38,1.2,1.7,0.6,325615.0729,165409.7949
2362,2.3,0.8,1.2,1.7,0.2,302996.3046,172184.2293
2363,0.3,0.66,1.2,0.74,0.2,182562.0399,142671.8355
2364,2.8,0.52,0.54,0.1,0.6,150162.8982,138691.7739
2365,2.8,0.1,0.98,0.74,0.4,277309.5642,109708.3086
2366,2.8,0.38,1.2,1.38,0.6,302609.8367,158899.8713
2367,0.3,0.8,0.1,1.38,0.4,199073.0812,177893.0462
2368,1.8,0.24,1.2,1.38,0.2,304387.0669,132527.5959
2369,1.3,0.66,0.76,0.74,0.8,177085.4383,186538.9136
2370,1.3,0.8,0.32,0.42,0.2,151683.3381,138963.6419
2371,1.3,0.66,0.54,1.06,0.8,202409.5323,191909.8092
2372,2.8,0.52,0.76,0.1,0.2,171644.5855,115108.2528
2373,0.3,0.24,0.98,0.74,0.6,196805.5483,126259.9086
2374,1.8,0.66,0.54,1.06,0.4,229992.4616,161808.365
2375,2.8,0.8,0.54,1.7,0.8,273488.0081,218921.4603
2376,0.3,0.8,0.32,0.1,0.8,65206.06354,193023.0993
2377,2.8,0.38,0.1,0.74,0.8,221870.4551,145542.9032
2378,0.3,0.66,1.2,1.7,0.6,244196.0633,193649.6512
2379,2.8,0.1,0.54,1.38,0.8,321112.2132,125746.721
2380,0.3,0.8,0.32,0.1,0.6,70523.94758,172851.6356
2381,1.3,0.1,0.1,0.1,0.6,150364.0995,85522.3487
2382,1.3,0.8,0.98,1.38,0.4,243255.0039,182170.4826
2383,0.3,0.52,0.32,1.7,0.4,246082.0526,162016.1508
2384,0.3,0.24,0.54,1.7,0.2,277032.1443,133651.4907
2385,2.8,0.24,0.32,1.38,0.8,298084.5381,143973.8268
2386,2.3,0.52,0.32,0.42,0.4,182821.8567,133497.284
2387,1.8,0.38,1.2,1.38,0.6,281787.0322,158354.2943
2388,0.3,0.24,0.1,1.7,0.6,258944.1728,142740.6633
2389,2.3,0.24,0.54,1.06,0.4,273886.794,127593.6661
2390,0.8,0.66,0.76,1.7,0.8,243440.4408,205737.0844
2391,1.8,0.24,0.32,1.06,0.4,258327.3588,125665.0196
2392,0.3,0.52,0.1,1.38,0.8,203699.3117,179326.6161
2393,2.3,0.52,0.32,1.38,0.6,264692.9968,168030.2649
2394,1.8,0.8,0.98,1.38,0.4,254892.1034,182013.7769
2395,1.3,0.66,0.32,0.1,0.8,96928.1933,170029.4128
2396,0.8,0.52,0.32,1.38,0.2,245052.2394,143509.1609
2397,0.3,0.66,0.1,1.7,0.6,223226.0059,187711.7939
2398,0.3,0.8,0.76,1.06,0.4,186608.287,175411.4853
2399,0.8,0.38,0.76,0.42,0.2,173360.2559,113632.4711
2400,1.8,0.52,0.54,1.7,0.8,275660.2199,186320.0714
2401,0.8,0.8,1.2,0.42,0.8,130008.6749,201809.5754
2402,1.3,0.1,0.76,0.42,0.4,205665.6124,97571.51544
2403,1.3,0.1,0.54,0.1,0.4,162077.1809,86342.47291
2404,1.3,0.66,0.32,0.1,0.2,120399.8232,121393.6538
2405,1.8,0.38,0.1,1.7,0.2,297319.0416,141385.2977
2406,0.8,0.52,0.54,1.38,0.6,233877.3452,169330.4318
2407,0.3,0.38,0.1,1.06,0.4,202019.301,134949.7806
2408,0.8,0.24,1.2,1.06,0.6,244685.7816,135349.1652
2409,1.8,0.52,0.98,1.7,0.2,305256.4593,154731.3023
2410,2.8,0.52,0.32,0.42,0.4,193150.5042,133690.4763
2411,1.3,0.8,0.1,1.7,0.4,249282.5069,183227.0352
2412,0.8,0.24,0.98,1.06,0.2,250296.8808,122439.0767
2413,1.8,0.24,0.54,1.7,0.2,316067.8902,135842.1181
2414,0.8,0.24,0.54,0.42,0.4,174036.6682,109133.5493
2415,0.3,0.38,0.1,0.1,0.4,98080.07194,110685.6438
2416,0.8,0.38,1.2,0.74,0.6,201650.2844,143194.8549
2417,2.3,0.24,0.32,1.7,0.8,310765.5451,150348.0818
2418,2.3,0.38,0.1,0.74,0.2,229996.049,119751.4303
2419,2.3,0.1,0.76,1.7,0.6,338439.1657,132387.129
2420,0.3,0.52,0.98,1.06,0.2,216950.9853,139976.0775
2421,2.3,0.1,0.1,0.1,0.2,179260.2408,82279.47324
2422,1.3,0.38,1.2,1.06,0.2,257366.7174,132777.1656
2423,1.8,0.8,0.1,1.7,0.8,243495.1452,217543.5795
2424,0.3,0.8,0.76,1.06,0.6,177808.7725,194468.1267
2425,0.3,0.66,1.2,0.74,0.6,165261.2375,175001.9129
2426,0.8,0.66,0.76,1.38,0.8,220079.7328,200069.1091
2427,2.8,0.8,0.1,0.1,0.2,140508.284,129055.1765
2428,1.3,0.24,0.76,0.1,0.8,143817.3541,112813.8785
2429,1.8,0.66,0.98,0.42,0.6,165871.4489,164897.9738
2430,2.3,0.8,0.1,1.38,0.8,230832.8627,211374.0354
2431,0.8,0.8,0.54,1.38,0.8,205554.8641,216500.0339
2432,1.3,0.52,0.98,0.74,0.4,206409.4777,145118.1479
2433,2.8,0.66,0.1,0.42,0.2,188176.1258,128956.0574
2434,1.3,0.52,1.2,0.74,0.8,196022.4726,170481.1939
2435,0.3,0.52,0.54,0.42,0.8,123889.0171,161817.1879
2436,1.3,0.8,0.32,1.06,0.8,187425.1401,208413.8635
2437,0.8,0.8,0.98,1.38,0.6,221403.6876,200740.0522
2438,2.3,0.8,1.2,1.06,0.6,233351.1576,194132.3957
2439,2.8,0.38,0.98,1.06,0.2,286764.4996,133673.0914
2440,2.8,0.52,0.76,0.1,0.2,171644.5855,115108.2528
2441,1.8,0.52,0.76,1.7,0.6,285757.2798,176738.0682
2442,1.8,0.1,1.2,0.1,0.8,182881.6641,94133.40491
2443,2.3,0.38,0.54,0.74,0.8,220888.1312,148241.6014
2444,1.8,0.52,0.32,0.1,0.4,132268.1943,124738.943
2445,0.8,0.8,0.54,1.06,0.4,196311.9847,173738.6801
2446,0.8,0.52,1.2,1.7,0.2,284098.3094,154890.9037
2447,0.8,0.66,0.76,1.7,0.2,268471.3671,161048.5066
2448,2.8,0.38,0.54,0.74,0.8,231340.0617,148284.0661
2449,2.8,0.24,1.2,0.1,0.8,185787.1682,115524.2533
2450,0.3,0.24,0.54,0.42,0.6,154590.7038,115389.41
2451,0.3,0.66,0.54,1.38,0.4,217490.9804,168805.3178
2452,1.3,0.66,0.32,1.7,0.6,254743.1389,188274.4531
2453,0.8,0.24,0.76,1.7,0.6,286708.3601,147021.1983
2454,2.3,0.1,0.98,0.42,0.2,235596.5823,97901.83616
2455,0.8,0.52,0.1,0.42,0.6,134070.6242,145312.5923
2456,1.3,0.66,0.98,0.42,0.6,154392.5699,165425.7634
2457,1.3,0.8,0.1,0.74,0.6,160482.476,182681.8125
2458,1.8,0.1,0.54,1.06,0.2,278598.5464,112231.2506
2459,2.8,0.38,1.2,0.42,0.8,209051.8269,143611.8726
2460,1.8,0.52,1.2,1.06,0.6,243593.0964,165972.1366
2461,1.3,0.8,0.32,1.38,0.2,241446.6111,160745.8321
2462,2.3,0.38,0.32,0.42,0.6,187070.0405,130618.0468
2463,0.8,0.52,0.76,0.42,0.8,142043.4289,161795.1526
2464,2.8,0.1,0.98,1.06,0.8,303337.3788,120599.0748
2465,1.3,0.66,0.54,1.38,0.2,254003.2348,153660.7858
2466,1.3,0.1,0.98,0.1,0.2,172415.5049,86599.50957
2467,2.8,0.8,0.76,1.38,0.2,282791.9951,163955.8012
2468,0.8,0.24,0.1,0.42,0.4,164375.7557,106273.6486
2469,1.3,0.1,0.98,0.42,0.8,205750.1298,102776.3273
2470,0.8,0.8,0.76,0.1,0.2,109241.028,133923.4554
2471,2.8,0.24,1.2,0.42,0.6,227872.3648,120243.0103
2472,2.8,0.8,0.32,0.42,0.8,156579.0458,193014.2728
2473,1.8,0.1,0.54,0.1,0.8,171174.2797,90375.02149
2474,1.3,0.24,0.1,0.1,0.6,133337.6891,103250.1238
2475,1.8,0.8,0.98,1.06,0.4,228747.6703,175521.7814
2476,0.3,0.52,0.1,0.42,0.2,135382.1973,119182.2372
2477,1.3,0.24,0.98,1.38,0.2,289308.5446,130523.6588
2478,1.8,0.66,0.98,0.74,0.6,199541.1702,172258.722
2479,2.3,0.1,0.32,1.06,0.6,281867.9751,115100.8477
2480,2.8,0.52,0.54,0.42,0.4,197730.2887,135034.3695
2481,0.3,0.52,0.32,1.7,0.8,232231.3344,186594.3054
2482,0.8,0.24,0.54,0.1,0.6,129684.1358,106234.1541
2483,0.8,0.1,0.76,0.74,0.4,225647.2438,106139.4332
2484,1.3,0.38,0.54,0.74,0.6,203082.1262,139581.7829
2485,1.8,0.1,0.98,0.74,0.4,255388.0593,108487.7158
2486,0.8,0.38,0.98,0.42,0.4,170455.3995,124359.7052
2487,1.8,0.52,0.98,0.1,0.4,145257.9189,128545.169
2488,0.8,0.38,0.76,0.74,0.4,200504.3104,131423.3872
2489,2.8,0.24,0.98,0.42,0.6,224331.3764,119109.6715
2490,2.8,0.52,0.1,0.1,0.6,140335.6833,135970.3397
2491,2.8,0.66,0.76,0.42,0.2,201966.6242,132988.3054
2492,0.3,0.8,0.54,1.7,0.6,223056.9674,204783.2278
2493,1.8,0.38,0.54,0.1,0.4,147796.0317,113446.5378
2494,1.3,0.66,0.76,1.38,0.2,258112.306,154901.0605
2495,2.3,0.38,0.98,0.74,0.2,247288.7764,125071.4485
2496,1.8,0.38,0.54,0.74,0.8,209613.8971,148346.6936
2497,2.3,0.24,0.98,1.7,0.8,322835.0614,154083.8903
2498,1.3,0.24,0.98,1.7,0.6,303432.9973,148481.5906
2499,2.8,0.1,1.2,1.06,0.2,311374.2665,117353.6174
2500,0.8,0.52,0.76,1.7,0.8,255025.8426,188305.7728
2501,2.3,0.1,0.54,0.1,0.6,184704.6389,88931.98579
2502,2.8,0.24,0.32,1.7,0.2,332816.8253,135928.7819
2503,1.3,0.38,0.76,0.1,0.6,133925.3383,123967.127
2504,1.8,0.66,0.76,0.1,0.8,117126.7178,171350.1046
2505,0.8,0.66,1.2,1.38,0.4,243091.7801,172037.7838
2506,0.8,0.38,0.76,0.42,0.2,173360.2559,113632.4711
2507,2.8,0.66,1.2,0.1,0.4,160209.3129,141706.313
2508,1.8,0.24,0.1,1.7,0.6,298019.3608,143940.0449
2509,2.8,0.24,0.76,0.42,0.4,225547.8851,112431.4582
2510,0.3,0.66,1.2,0.1,0.2,110282.7957,127106.1434
2511,1.8,0.24,0.32,1.7,0.6,302803.9918,145367.2362
2512,2.3,0.52,0.1,1.06,0.2,250136.8416,136207.6701
2513,0.8,0.66,1.2,0.1,0.4,115218.3044,143078.2495
2514,1.8,0.24,1.2,1.06,0.6,269490.8131,136182.3942
2515,0.3,0.8,0.32,0.1,0.2,86456.33141,132106.7538
2516,2.8,0.38,1.2,1.06,0.8,272327.7154,159338.7185
2517,2.3,0.1,0.76,0.1,0.6,188896.1489,90267.26118
2518,0.3,0.1,1.2,1.38,0.8,269416.86,128694.6132
2519,2.3,0.8,0.54,0.42,0.8,151454.223,194978.5004
2520,1.3,0.1,0.54,0.42,0.8,197722.6599,100214.2146
2521,1.8,0.66,1.2,0.42,0.2,188036.6627,134841.7942
2522,1.8,0.1,0.1,1.38,0.6,291428.579,120858.4663
2523,0.3,0.24,0.76,1.38,0.8,245014.1305,145891.9667
2524,1.8,0.24,0.76,0.42,0.8,195386.1511,122323.0968
2525,1.8,0.52,0.32,0.42,0.6,163737.6502,146090.0677
2526,2.3,0.66,0.98,0.74,0.4,219270.2219,156928.1455
2527,0.8,0.38,1.2,1.38,0.8,252324.9701,166121.8282
2528,2.8,0.38,0.76,0.74,0.4,246819.1706,133073.1678
2529,1.8,0.52,0.98,1.06,0.4,247916.7858,152844.0564
2530,2.3,0.8,0.1,1.38,0.4,248358.1727,177003.0818
2531,1.8,0.24,0.54,1.7,0.8,303967.2197,151447.3911
2532,2.3,0.38,1.2,1.38,0.2,305675.8703,141525.9792
2533,0.8,0.24,0.32,1.7,0.8,274513.762,149640.0196
2534,1.3,0.38,0.1,1.38,0.8,244680.5097,159603.8245
2535,0.3,0.8,0.54,0.42,0.4,119719.0457,160641.3863
2536,0.3,0.52,0.32,1.7,0.6,238769.997,174410.366
2537,2.8,0.52,0.32,0.1,0.2,162762.5222,112443.2963
2538,1.3,0.8,0.32,0.1,0.4,102631.1565,150353.6331
2539,2.3,0.1,0.98,1.7,0.8,340860.542,134891.6745
2540,0.3,0.66,0.98,1.7,0.4,248911.4785,177245.9443
2541,2.8,0.66,0.1,1.7,0.6,282097.6645,186586.1562
2542,0.8,0.24,0.1,0.42,0.6,159683.248,112483.0886
2543,1.3,0.66,1.2,1.38,0.4,255885.2733,171953.0393
2544,1.8,0.38,0.54,0.42,0.2,194365.7672,113382.0077
2545,0.8,0.52,0.76,0.74,0.6,181963.5338,156780.4155
2546,2.8,0.52,0.98,0.42,0.8,191804.4242,160719.332
2547,1.3,0.38,0.54,0.74,0.2,216414.3437,121225.1607
2548,0.3,0.8,0.1,0.1,0.8,60038.83811,191800.4475
2549,2.8,0.1,1.2,1.7,0.4,357258.5878,133818.2766
2550,0.8,0.8,0.54,0.1,0.6,87644.41968,172592.4087
2551,0.3,0.52,0.98,0.42,0.2,153432.1875,124440.314
2552,2.8,0.52,0.54,1.7,0.2,318473.0294,153330.3762
2553,2.8,0.38,0.54,0.42,0.6,201934.3372,132177.8395
2554,1.3,0.1,0.98,0.1,0.4,170212.8543,88943.53163
2555,0.8,0.52,0.54,1.7,0.4,264753.4092,163378.6334
2556,0.3,0.66,0.98,1.06,0.4,199249.7669,164622.6613
2557,0.8,0.1,0.98,1.06,0.2,260876.0384,113275.7649
2558,1.8,0.8,0.98,0.1,0.6,118438.1727,172719.1405
2559,0.8,0.52,0.54,0.42,0.4,151310.2328,134850.5931
2560,2.8,0.1,0.1,0.42,0.6,225235.7643,96500.58052
2561,0.8,0.1,0.76,1.7,0.6,301939.9888,131153.9052
2562,1.3,0.38,1.2,0.42,0.2,194206.2741,116287.0081
2563,0.3,0.24,1.2,1.7,0.6,279582.9074,149048.6643
2564,1.8,0.24,0.98,0.74,0.8,233136.0139,132080.0766
2565,0.3,0.38,0.76,0.1,0.8,101599.7039,134861.8671
2566,1.8,0.1,0.32,1.38,0.2,299801.7397,118527.2177
2567,2.8,0.52,0.76,1.7,0.8,300793.8661,187231.6201
2568,1.3,0.8,0.32,1.06,0.6,195116.8542,190497.577
2569,0.3,0.38,0.54,1.7,0.2,267708.8392,142255.3528
2570,1.8,0.1,0.54,1.38,0.4,302259.8342,121965.7652
2571,0.3,0.8,0.98,1.06,0.4,190497.652,176538.8629
2572,1.3,0.1,0.1,0.42,0.2,194195.9569,91041.14681
2573,0.3,0.1,1.2,1.06,0.8,243398.8432,121223.5789
2574,2.3,0.66,0.98,0.42,0.8,169853.3506,179155.3399
2575,1.8,0.38,0.98,1.7,0.2,314198.1411,146583.3855
2576,0.8,0.38,0.54,1.7,0.2,282019.7664,142731.025
2577,0.8,0.66,0.1,0.42,0.4,131976.3614,144709.069
2578,2.8,0.8,0.98,1.7,0.6,289004.657,204889.1484
2579,1.8,0.24,1.2,1.7,0.2,327145.9891,139389.1993
2580,2.3,0.66,0.1,1.7,0.2,290652.848,158073.499
2581,1.3,0.1,0.32,0.42,0.8,193181.1256,98806.53997
2582,1.8,0.52,0.76,0.74,0.6,206535.8215,156457.0086
2583,0.3,0.24,1.2,1.7,0.4,283854.5695,143106.3264
2584,1.8,0.1,0.76,0.42,0.8,214665.4246,101607.1894
2585,0.3,0.52,0.54,1.7,0.8,236748.0093,187865.9135
2586,1.3,0.66,0.54,0.74,0.4,188441.6437,154637.7613
2587,1.3,0.8,0.76,1.38,0.8,222217.7868,216560.7383
2588,2.8,0.52,0.1,1.06,0.4,251786.4802,148214.691
2589,2.8,0.1,0.1,1.7,0.4,337380.4361,127468.3407
2590,1.3,0.24,0.54,1.06,0.2,255685.6747,120544.7246
2591,0.8,0.66,1.2,0.1,0.8,101896.8489,176037.3227
2592,2.8,0.52,1.2,1.7,0.2,329568.7619,156799.8727
2593,0.8,0.52,0.32,1.06,0.2,218812.312,136410.5098
2594,1.3,0.24,0.32,0.1,0.8,134813.8536,110135.5447
2595,1.3,0.24,0.1,1.38,0.2,272307.7264,125222.9856
2596,2.8,0.38,0.76,1.38,0.2,308688.1872,139861.889
2597,1.3,0.24,0.32,1.06,0.6,241970.5329,130615.4166
2598,2.8,0.1,1.2,1.7,0.2,359008.1237,131999.0245
2599,0.8,0.8,0.32,1.38,0.6,208833.1688,197227.7894
2600,2.3,0.24,1.2,0.74,0.6,251185.1209,128557.4289
2601,0.8,0.24,0.98,1.7,0.4,294748.8311,142436.4862
2602,2.3,0.66,0.54,1.38,0.4,267070.9796,168645.6887
2603,1.8,0.1,0.32,0.1,0.2,172427.9778,83171.77114
2604,2.8,0.52,0.76,0.42,0.4,201933.8607,136298.1488
2605,2.3,0.24,0.32,0.1,0.8,158619.8038,110349.9545
2606,0.3,0.8,0.76,1.38,0.6,203885.4838,200386.6538
2607,2.3,0.1,0.32,0.1,0.4,182067.9501,85866.09937
2608,2.3,0.1,0.76,1.06,0.2,293874.9354,114270.3918
2609,0.8,0.38,0.32,1.06,0.4,221556.7267,136522.8835
2610,2.8,0.24,1.2,0.1,0.2,199079.0392,99369.76457
2611,0.8,0.1,0.1,0.42,0.8,174022.3711,97440.93341
2612,1.8,0.1,0.54,0.1,0.2,176992.9592,84595.76113
2613,2.8,0.8,1.2,0.74,0.2,234747.2644,151888.2042
2614,2.3,0.52,0.1,1.06,0.2,250136.8416,136207.6701
2615,0.8,0.38,1.2,0.42,0.8,162534.2296,144196.8478
2616,2.8,0.66,0.76,0.74,0.2,235668.3814,141249.7589
2617,1.8,0.52,1.2,0.74,0.4,221870.7927,146401.0323
2618,1.8,0.24,0.54,1.7,0.8,303967.2197,151447.3911
2619,2.8,0.8,1.2,1.38,0.4,279106.0607,183012.7849
2620,0.8,0.1,1.2,0.42,0.6,197238.7525,101859.4415
2621,1.3,0.52,0.76,1.7,0.4,281712.6318,164743.5669
2622,2.8,0.8,0.54,1.7,0.8,273488.0081,218921.4603
2623,0.3,0.1,0.54,0.74,0.2,208673.492,101799.1238
2624,2.3,0.24,0.1,1.38,0.4,290489.8862,132249.8849
2625,0.3,0.8,0.54,1.7,0.8,215160.642,223109.6026
2626,1.3,0.52,0.32,0.1,0.4,120332.4119,124861.5374
2627,0.8,0.52,0.32,0.1,0.6,100283.7242,138780.4163
2628,1.3,0.66,0.54,0.1,0.2,125128.7312,122732.3201
2629,0.3,0.24,1.2,1.7,0.8,275651.503,154721.5848
2630,1.3,0.38,0.54,1.7,0.8,277444.4959,168666.9791
2631,2.3,0.38,0.32,0.42,0.6,187070.0405,130618.0468
2632,2.3,0.8,0.32,0.42,0.4,163476.8473,157216.8026
2633,2.3,0.66,0.54,0.42,0.8,161673.4927,176845.2325
2634,0.3,0.8,1.2,1.06,0.8,177813.087,215471.0388
2635,1.3,0.66,0.76,0.1,0.6,112086.1982,156713.8388
2636,0.3,0.8,0.32,0.74,0.6,139722.5724,185822.066
2637,0.3,0.1,0.32,1.06,0.6,229498.0539,113742.568
2638,0.8,0.66,0.98,1.06,0.4,213338.3392,164356.6434
2639,1.8,0.24,0.54,1.7,0.6,307182.4045,146709.6023
2640,0.8,0.52,0.32,0.74,0.2,189047.4621,128747.1685
2641,1.8,0.1,1.2,0.42,0.4,225518.6889,100541.1533
2642,0.3,0.66,0.54,1.38,0.6,209245.8134,184475.7599
2643,2.3,0.1,1.2,1.06,0.8,296118.971,121464.6655
2644,0.3,0.1,0.54,0.1,0.8,128116.49,91250.53561
2645,1.8,0.52,0.76,1.7,0.2,301536.7883,153572.4413
2646,1.8,0.1,0.54,1.7,0.6,323328.6766,130675.2486
2647,0.3,0.52,0.76,1.06,0.6,197587.6143,164253.1294
2648,0.3,0.8,0.76,0.1,0.8,74276.67116,195325.3126
2649,1.8,0.38,0.32,0.1,0.4,143115.9733,112074.8842
2650,0.8,0.24,0.1,0.74,0.6,193896.3042,121013.2665
2651,1.3,0.38,0.32,0.74,0.4,205015.5024,128954.2493
2652,1.3,0.38,0.76,0.74,0.8,202152.0052,149241.8033
2653,2.8,0.24,0.98,0.42,0.8,221434.8612,123839.9435
2654,1.8,0.38,0.54,0.74,0.8,209613.8971,148346.6936
2655,1.3,0.24,0.54,1.38,0.8,269047.3896,144273.1907
2656,2.3,0.1,0.32,1.38,0.4,309122.9736,121229.9352
2657,1.3,0.1,0.1,1.06,0.2,257215.215,108582.6249
2658,0.3,0.24,0.54,1.38,0.4,249283.7762,132791.2565
2659,0.3,0.66,0.32,1.38,0.4,212940.8933,167509.6239
2660,2.3,0.38,0.32,0.1,0.8,142826.1324,130001.6403
2661,2.8,0.1,0.98,1.7,0.6,352334.0934,134054.2026
2662,2.3,0.38,0.1,1.7,0.8,290756.328,166440.5438
2663,0.8,0.52,1.2,1.7,0.8,262318.2426,190467.1239
2664,0.3,0.52,0.1,1.38,0.6,210231.581,166926.0079
2665,0.8,0.38,0.32,0.1,0.6,111779.3499,121740.2327
2666,1.8,0.38,0.54,1.38,0.8,265621.0179,162748.4502
2667,2.8,0.8,0.54,1.06,0.6,231714.3374,190544.5899
2668,0.3,0.38,0.76,1.7,0.8,254019.6348,170697.4983
2669,0.8,0.38,0.98,0.1,0.2,137826.1563,105853.8259
2670,1.3,0.24,0.54,0.74,0.4,221472.2167,118167.9779
2671,0.3,0.38,0.76,1.06,0.4,215739.8764,138998.9226
2672,1.8,0.66,0.1,1.38,0.4,246823.8264,165872.4423
2673,2.8,0.24,1.2,1.38,0.2,325527.6228,133934.8971
2674,1.3,0.1,0.1,1.06,0.8,251634.0185,114638.206
2675,2.3,0.8,0.1,0.1,0.8,103943.1894,185515.9593
2676,1.8,0.8,0.1,1.06,0.4,211214.7331,170549.0418
2677,0.3,0.8,0.54,1.7,0.2,242379.7352,168119.8282
2678,2.8,0.24,0.98,1.38,0.2,322126.7419,132827.9422
2679,2.8,0.24,0.32,1.06,0.8,272171.4705,136651.014
2680,1.3,0.52,0.76,1.38,0.4,258446.0011,158351.5011
2681,1.8,0.52,0.54,0.74,0.2,218870.649,130763.83
2682,2.8,0.8,0.98,0.1,0.6,138218.4586,171413.5592
2683,2.3,0.66,0.32,1.38,0.2,272335.8378,152983.8243
2684,0.3,0.8,0.76,1.06,0.2,196917.2672,156550.8943
2685,1.8,0.1,0.54,1.7,0.4,324989.0976,128967.5627
2686,1.8,0.1,1.2,1.06,0.8,284616.5079,121296.2231
2687,2.8,0.38,0.54,1.06,0.4,272104.3858,139710.6605
2688,2.3,0.24,0.76,1.7,0.6,322061.3666,148387.6964
2689,2.8,0.52,1.2,1.06,0.2,281012.4068,142998.8067
2690,1.3,0.38,0.98,1.7,0.8,285278.0295,171031.7454
2691,0.8,0.8,0.32,0.1,0.2,100115.4116,131374.8242
2692,0.8,0.8,0.54,1.06,0.8,179574.1679,210802.9721
2693,2.3,0.52,1.2,1.38,0.6,280487.0891,172751.9599
2694,1.3,0.38,0.1,1.06,0.4,229837.4722,135328.842
2695,0.3,0.1,0.32,0.42,0.8,163487.6548,99226.9614
2696,1.8,0.24,1.2,0.42,0.2,216085.1886,107988.5329
2697,2.3,0.38,0.32,0.42,0.8,182294.6999,138760.4089
2698,0.8,0.66,0.76,0.1,0.4,107492.1286,140818.3373
2699,2.8,0.38,0.76,0.1,0.2,181197.566,106088.3742
2700,1.3,0.8,0.32,1.38,0.2,241446.6111,160745.8321
2701,2.8,0.66,0.76,0.74,0.8,209622.8267,184749.0799
2702,1.3,0.8,0.98,0.42,0.8,138202.1929,199333.0083
2703,1.3,0.66,0.32,1.38,0.4,239942.9199,167234.2001
2704,1.3,0.38,0.98,0.42,0.4,183709.247,124408.9931
2705,1.3,0.1,0.76,0.74,0.6,237390.3228,108644.1703
2706,0.3,0.24,0.32,0.74,0.2,193476.5716,109924.146
2707,2.8,0.66,0.54,0.74,0.8,205432.0192,183562.3044
2708,2.3,0.38,0.1,1.38,0.2,285297.8874,135197.4083
2709,2.8,0.52,0.32,1.7,0.4,305858.367,163157.7561
2710,2.3,0.52,0.54,0.1,0.8,134372.8757,150471.2674
2711,2.8,0.66,0.1,1.06,0.8,225602.564,187766.2554
2712,2.3,0.24,1.2,0.42,0.6,217518.4599,119849.6413
2713,1.3,0.52,0.32,0.1,0.2,128791.36,111864.5505
2714,2.3,0.1,0.98,1.38,0.6,319477.7479,126603.9173
2715,2.8,0.8,0.1,1.38,0.4,258406.0689,177020.1685
2716,2.3,0.38,0.32,1.06,0.8,246100.1388,154457.1565
2717,1.8,0.24,0.98,0.42,0.6,202733.9411,118424.2426
2718,2.8,0.1,0.1,0.74,0.4,260332.4163,104309.9113
2719,2.3,0.52,0.76,0.42,0.4,191643.4589,136104.1425
2720,2.3,0.38,0.98,0.42,0.6,199751.1533,134434.1707
2721,1.8,0.8,0.54,1.7,0.4,270298.7624,185722.2661
2722,2.3,0.1,0.1,1.7,0.2,328905.1314,124875.8504
2723,1.3,0.38,0.54,0.1,0.6,129596.9863,122689.9474
2724,0.8,0.1,1.2,0.42,0.4,199290.1395,99556.76133
2725,1.8,0.66,0.98,1.7,0.6,278650.8963,191616.6784
2726,0.8,0.1,0.32,0.74,0.8,213059.4737,107849.8852
2727,0.8,0.38,1.2,1.38,0.6,257567.0444,157667.2022
2728,1.8,0.24,0.76,0.1,0.8,155911.3848,113064.3758
2729,0.3,0.8,0.32,1.38,0.6,195117.1639,197978.5484
2730,0.3,0.52,0.32,1.06,0.8,182314.3473,174322.4113
2731,1.3,0.24,0.54,0.74,0.2,226274.6259,112365.9031
2732,2.3,0.8,0.76,0.74,0.2,217173.8472,149438.4412
2733,1.8,0.38,0.76,0.42,0.4,191502.0038,123843.7109
2734,2.8,0.52,0.54,1.38,0.4,287142.464,157989.2805
2735,2.8,0.8,0.32,0.42,0.8,156579.0458,193014.2728
2736,2.8,0.24,0.76,0.1,0.4,186404.4622,102690.2538
2737,1.3,0.1,0.32,1.06,0.6,258175.5615,114247.6019
2738,2.3,0.52,0.76,0.1,0.4,152353.1034,127297.1255
2739,0.3,0.38,1.2,1.06,0.4,223139.7928,141293.4589
2740,0.3,0.52,0.32,0.74,0.6,158968.6992,154701.7626
2741,0.3,0.52,0.32,0.42,0.8,119177.5252,160539.0971
2742,2.8,0.52,0.76,0.1,0.6,154453.1487,139942.5805
2743,0.3,0.8,1.2,1.7,0.2,253826.0827,171539.0084
2744,1.3,0.1,0.32,0.1,0.8,153564.7729,89007.52587
2745,2.8,0.38,0.1,1.7,0.6,305325.3753,159250.3484
2746,2.8,0.8,1.2,0.42,0.6,180205.6057,180016.7515
2747,0.8,0.38,1.2,1.38,0.6,257567.0444,157667.2022
2748,0.8,0.52,0.76,0.1,0.4,116465.1457,127849.7183
2749,1.8,0.1,1.2,1.7,0.6,334369.4988,134237.8735
2750,1.8,0.38,0.54,1.06,0.2,257610.7645,130052.9318
2751,2.8,0.66,0.76,0.42,0.6,182613.4925,163177.8552
2752,1.3,0.38,0.98,1.38,0.2,279780.0282,138970.2018
2753,2.3,0.38,0.32,0.1,0.6,147542.0575,121620.8389
2754,2.3,0.38,1.2,0.74,0.4,243851.0401,134959.0597
2755,1.3,0.24,0.32,0.74,0.6,212271.7513,122626.6677
2756,1.8,0.8,0.1,0.74,0.4,181442.8673,163556.818
2757,0.3,0.8,0.32,1.7,0.8,210628.9551,221906.4464
2758,0.3,0.8,0.32,1.38,0.2,214429.244,160647.5966
2759,0.8,0.24,0.54,0.42,0.8,165460.1908,120955.381
2760,1.8,0.8,0.98,1.06,0.2,239576.4546,157799.0779
2761,1.3,0.52,0.98,0.74,0.4,206409.4777,145118.1479
2762,0.8,0.66,0.1,0.74,0.4,165852.4464,152189.2752
2763,1.3,0.1,0.32,0.42,0.8,193181.1256,98806.53997
2764,1.3,0.38,0.32,1.06,0.8,223239.6847,154107.8948
2765,0.8,0.8,0.32,0.74,0.4,162055.0098,165650.5614
2766,2.3,0.8,0.1,1.38,0.6,238584.81,194469.9888
2767,2.8,0.1,0.32,1.7,0.4,342050.0558,128913.8718
2768,1.3,0.8,0.76,1.7,0.8,245474.9972,221978.6904
2769,2.8,0.8,0.76,1.06,0.4,245754.8883,174267.6383
2770,2.3,0.52,0.54,0.42,0.2,196240.364,122682.915
2771,2.3,0.8,1.2,1.7,0.8,274903.0191,222604.3961
2772,1.3,0.52,0.98,1.06,0.4,236073.9295,152596.0532
2773,2.8,0.38,0.54,1.38,0.2,304670.1872,138599.8744
2774,1.8,0.1,1.2,0.1,0.4,186484.2239,90579.18473
2775,2.8,0.24,1.2,0.1,0.8,185787.1682,115524.2533
2776,2.8,0.38,0.54,0.1,0.6,162540.0882,123076.6702
2777,2.3,0.1,0.54,0.74,0.6,257207.7182,108122.2847
2778,1.3,0.52,1.2,0.74,0.4,209982.4582,146217.3141
2779,2.3,0.66,1.2,0.74,0.4,222825.0925,158007.9157
2780,2.3,0.24,0.1,0.74,0.4,235235.6471,116610.9088
2781,1.3,0.38,0.98,1.06,0.6,240832.5886,149629.899
2782,2.3,0.66,1.2,0.1,0.2,160040.5699,126250.57
2783,2.8,0.8,0.32,1.7,0.2,297412.4322,167784.9199
2784,2.8,0.38,0.98,0.42,0.4,216952.3387,125696.0097
2785,1.3,0.38,0.54,1.7,0.2,295016.026,143254.468
2786,1.8,0.1,0.32,0.42,0.8,205999.8352,98879.67255
2787,2.3,0.8,0.54,1.38,0.6,248011.8755,197040.1591
2788,2.3,0.52,0.98,1.38,0.6,277010.7886,171688.2677
2789,1.3,0.38,0.76,1.7,0.8,281523.5115,169888.476
2790,0.8,0.1,0.98,0.1,0.6,154093.7153,91039.78546
2791,0.8,0.24,0.98,1.06,0.6,241163.2941,134232.8864
2792,0.8,0.66,0.98,1.38,0.8,223916.6286,201166.4021
2793,1.8,0.1,0.54,0.74,0.8,244142.5018,109354.8211
2794,0.8,0.8,0.98,1.7,0.2,264317.4371,170535.5285
2795,1.8,0.52,0.76,0.74,0.4,214464.7362,144128.3228
2796,0.8,0.1,0.54,1.38,0.4,276803.9253,120724.8594
2797,2.3,0.8,0.76,1.7,0.8,267650.7465,220540.1764
2798,1.8,0.8,0.98,1.7,0.2,288767.5631,170871.8224
2799,0.8,0.24,0.76,0.74,0.2,216997.7535,113110.8217
2800,2.3,0.1,0.76,1.7,0.6,338439.1657,132387.129
2801,1.3,0.66,0.54,1.38,0.6,235808.5502,183591.1596
2802,2.8,0.24,0.1,0.74,0.8,237837.3171,127223.6441
2803,1.8,0.52,0.54,1.38,0.4,266138.0676,157411.2264
2804,2.3,0.52,0.1,0.74,0.4,211837.4385,140296.7023
2805,2.8,0.38,0.98,0.74,0.8,239307.7168,150698.0466
2806,1.3,0.8,1.2,1.7,0.6,260683.0819,206831.2699
2807,1.3,0.8,0.54,1.06,0.2,219763.7472,155289.2504
2808,1.8,0.24,0.54,0.74,0.2,238199.9857,113221.5911
2809,2.8,0.38,0.54,1.38,0.6,291383.506,155424.7436
2810,0.8,0.24,0.98,0.1,0.2,147500.2928,96177.76592
2811,2.8,0.52,0.76,1.38,0.4,291199.2632,159222.1824
2812,0.8,0.8,1.2,0.1,0.2,116956.1966,136202.813
2813,1.3,0.66,0.1,1.7,0.6,249834.7378,186932.3132
2814,1.3,0.38,0.32,1.06,0.8,223239.6847,154107.8948
2815,1.3,0.24,0.54,0.42,0.2,192476.3716,103488.3468
2816,0.3,0.8,0.76,0.42,0.2,133872.9536,142145.359
2817,2.3,0.38,0.54,0.42,0.2,205682.7909,113843.7452
2818,2.8,0.24,0.54,1.06,0.6,279364.9406,133466.2445
2819,2.3,0.24,1.2,0.42,0.8,214335.4805,124744.7343
2820,1.8,0.38,1.2,0.42,0.6,192295.6006,135464.1258
2821,0.3,0.66,0.98,1.7,0.8,233375.3753,207827.201
2822,2.8,0.52,0.32,0.74,0.4,227077.5008,141966.8939
2823,0.8,0.52,0.32,1.06,0.2,218812.312,136410.5098
2824,0.8,0.24,0.98,1.7,0.2,299174.1836,136732.4852
2825,1.8,0.8,0.32,1.7,0.4,265837.2813,184454.4953
2826,2.3,0.24,0.76,1.06,0.2,282655.7207,123399.5868
2827,0.8,0.52,1.2,0.74,0.4,196959.0491,146250.0395
2828,2.3,0.66,0.32,0.1,0.2,143481.5547,121310.3014
2829,1.3,0.24,0.54,0.1,0.6,143175.3724,106101.1418
2830,1.8,0.8,0.98,0.42,0.6,156346.0096,179975.8393
2831,1.3,0.1,0.98,1.7,0.8,317359.9265,134481.9615
2832,0.8,0.1,0.32,0.1,0.4,143356.3114,84643.39302
2833,0.8,0.24,0.32,1.38,0.8,251169.7124,143006.0889
2834,0.8,0.24,0.54,0.1,0.8,125806.7242,112017.4338
2835,0.8,0.66,0.32,0.74,0.4,170920.1727,153565.9827
2836,1.3,0.52,0.1,1.06,0.4,218608.0802,147448.2893
2837,0.3,0.52,1.2,1.38,0.4,238614.4984,160487.9684
2838,2.8,0.52,0.54,0.74,0.8,217590.1632,166066.2411
2839,2.3,0.8,0.98,0.42,0.8,159641.1461,197224.7831
2840,0.3,0.52,0.1,0.1,0.2,95809.01802,110864.2867
2841,0.8,0.66,1.2,1.06,0.6,208496.7747,181022.0766
2842,2.3,0.1,0.76,0.42,0.8,226521.078,101697.4912
2843,0.8,0.38,0.76,0.74,0.6,194183.0253,140905.8467
2844,2.3,0.8,0.32,0.42,0.4,163476.8473,157216.8026
2845,0.8,0.66,0.1,1.06,0.6,187240.8787,175016.9643
2846,2.8,0.8,0.1,0.1,0.6,120075.2594,166526.3654
2847,2.3,0.1,0.32,0.1,0.6,180148.1751,87512.09636
2848,2.8,0.8,0.54,1.7,0.6,281179.4225,202635.9539
2849,1.8,0.38,0.1,0.1,0.4,137974.5636,110628.2709
2850,2.3,0.66,0.1,1.7,0.6,272161.3171,186594.1721
2851,2.8,0.24,1.2,1.38,0.8,313633.0413,148823.5839
2852,1.3,0.1,1.2,1.38,0.2,303256.0244,122731.6489
2853,2.3,0.66,1.2,0.42,0.2,199106.0044,135025.4633
2854,0.3,0.24,1.2,0.74,0.8,196291.7891,133373.3881
2855,0.3,0.1,0.32,1.7,0.4,280762.1197,125781.7185
2856,1.8,0.24,0.54,1.06,0.8,254782.2795,137511.1793
2857,2.8,0.1,1.2,0.42,0.4,247732.8596,101681.4351
2858,0.3,0.38,0.32,0.74,0.6,170913.4124,138461.365
2859,1.8,0.66,0.1,1.06,0.4,220501.5698,159119.1461
2860,2.3,0.1,0.76,1.38,0.8,314528.3503,126747.5706
2861,2.8,0.66,0.98,1.7,0.2,317646.1124,163566.7737
2862,1.8,0.38,0.54,1.38,0.8,265621.0179,162748.4502
2863,0.8,0.1,1.2,0.42,0.6,197238.7525,101859.4415
2864,0.3,0.24,0.54,1.7,0.4,272560.3994,139552.4913
2865,1.3,0.8,0.32,1.06,0.8,187425.1401,208413.8635
2866,2.3,0.24,0.98,1.7,0.2,334655.3945,138989.9739
2867,2.8,0.52,0.54,1.7,0.2,318473.0294,153330.3762
2868,2.8,0.8,0.98,1.38,0.8,258120.6832,215576.1324
2869,0.8,0.52,0.32,1.06,0.8,196515.7467,173412.2607
2870,0.3,0.52,0.76,0.42,0.4,141339.7624,136459.6969
2871,1.3,0.52,0.98,0.74,0.6,198705.1488,157614.8849
2872,0.8,0.24,0.54,0.74,0.2,212841.909,111802.9519
2873,0.8,0.1,0.32,1.7,0.4,295384.5022,126333.0461
2874,0.3,0.66,0.32,0.1,0.2,93380.62749,122211.579
2875,1.8,0.1,0.98,1.06,0.4,284416.9817,116825.5114
2876,0.8,0.38,0.76,1.38,0.8,245005.2364,163893.5797
2877,1.3,0.66,0.32,0.1,0.6,102983.9136,154229.8344
2878,0.3,0.66,1.2,0.1,0.8,89300.2124,177798.3882
2879,0.3,0.24,0.54,0.74,0.6,188713.5616,123760.3411
2880,2.3,0.52,0.32,1.38,0.8,258804.7432,178720.439
2881,0.3,0.24,1.2,0.1,0.4,131326.9769,103699.3185
2882,1.8,0.1,0.1,1.7,0.6,314279.6267,127864.5671
2883,1.8,0.52,0.54,1.06,0.6,232095.8332,162521.1753
2884,1.3,0.8,0.1,1.38,0.6,216394.6681,195293.979
2885,1.3,0.24,0.76,0.1,0.6,147468.3257,107411.3279
2886,1.8,0.1,0.98,0.1,0.2,185063.4218,87198.25531
2887,2.8,0.52,0.1,1.7,0.8,287494.7685,183415.6587
2888,1.8,0.1,0.98,0.1,0.4,182899.3038,89403.18718
2889,0.3,0.52,0.98,1.38,0.4,235082.6911,159406.8893
2890,1.3,0.66,0.32,0.1,0.4,110934.9097,137655.0321
2891,2.8,0.24,1.2,0.74,0.6,261428.6806,128996.2533
2892,0.8,0.1,0.32,0.1,0.4,143356.3114,84643.39302
2893,1.8,0.38,0.76,1.7,0.2,310494.9193,145413.9829
2894,2.3,0.8,0.32,1.06,0.8,209594.2906,206729.0291
2895,1.3,0.1,0.32,1.7,0.8,305307.4219,130661.0929
2896,0.3,0.38,0.76,1.7,0.4,265402.6452,152608.8193
2897,2.3,0.1,0.98,0.1,0.2,196785.0597,87803.23571
2898,1.3,0.1,0.98,0.1,0.2,172415.5049,86599.50957
2899,2.3,0.52,0.98,0.74,0.2,237976.0046,133620.6124
2900,0.3,0.66,0.32,0.42,0.8,109183.0539,179962.2442
2901,0.3,0.24,1.2,0.74,0.4,204892.1828,121156.9422
2902,2.8,0.66,0.1,1.06,0.6,232451.8001,173950.4858
2903,1.3,0.1,0.32,1.38,0.6,283991.2565,121865.2989
2904,1.3,0.1,0.76,0.74,0.8,235646.2258,110527.1909
2905,1.3,0.24,0.1,1.38,0.4,267728.6883,130857.3243
2906,1.8,0.8,1.2,0.1,0.6,122126.8333,173769.7746
2907,1.3,0.8,0.54,1.38,0.2,245942.7315,162053.8649
2908,2.3,0.24,0.76,0.74,0.2,253552.6755,115178.6037
2909,2.3,0.52,1.2,0.74,0.8,218911.1052,169683.1695
2910,1.3,0.38,0.54,0.74,0.6,203082.1262,139581.7829
2911,1.8,0.24,0.98,1.38,0.2,300954.6927,131415.7336
2912,1.8,0.24,0.1,1.38,0.8,271569.3219,141998.9083
2913,0.3,0.66,0.32,0.74,0.4,156799.8091,153961.9415
2914,1.3,0.8,0.98,0.1,0.6,107594.6995,173672.1211
2915,0.3,0.66,0.32,0.42,0.4,123169.2918,146670.4968
2916,2.8,0.8,0.1,1.38,0.8,240815.0435,210853.6321
2917,2.3,0.24,0.32,0.74,0.2,245007.9279,112489.985
2918,0.3,0.24,0.98,0.1,0.8,119175.031,115361.0212
2919,2.8,0.52,0.1,1.38,0.4,277882.5277,155269.58
2920,2.3,0.24,0.54,1.38,0.6,295067.382,140368.2015
2921,2.3,0.1,1.2,0.74,0.8,267155.3551,113163.3285
2922,1.8,0.8,0.1,0.42,0.8,131307.5052,193429.0127
2923,0.3,0.66,0.1,1.7,0.6,223226.0059,187711.7939
2924,2.8,0.52,1.2,0.74,0.8,229152.4303,169493.5209
2925,2.8,0.52,0.98,0.1,0.8,152819.8475,152456.3059
2926,1.3,0.38,0.32,1.38,0.8,249591.0877,160997.7909
2927,0.3,0.24,1.2,0.1,0.4,131326.9769,103699.3185
2928,0.3,0.1,1.2,0.42,0.2,186403.5304,96603.20886
2929,2.8,0.24,0.32,1.38,0.8,298084.5381,143973.8268
2930,0.8,0.1,0.1,1.7,0.2,292591.9398,122557.8075
2931,0.3,0.1,0.54,1.7,0.6,283188.6866,129598.5099
2932,0.3,0.66,0.54,0.74,0.2,170797.9687,139132.8439
2933,2.3,0.8,0.1,1.38,0.8,230832.8627,211374.0354
2934,1.3,0.1,0.32,0.74,0.4,230703.3703,103925.9192
2935,0.3,0.24,0.76,0.74,0.2,202216.5577,112628.3016
2936,0.3,0.24,0.54,1.7,0.2,277032.1443,133651.4907
2937,2.8,0.8,0.1,0.1,0.6,120075.2594,166526.3654
2938,2.8,0.8,0.1,1.38,0.2,269425.3325,160038.484
2939,0.8,0.52,0.54,1.06,0.6,207520.0507,162684.3146
2940,0.3,0.66,0.1,1.7,0.4,231513.0474,172251.7005
2941,2.3,0.24,0.54,1.38,0.4,299653.8619,135049.5616
2942,2.8,0.1,0.76,1.7,0.8,347666.0979,133992.5316
2943,2.8,0.38,0.54,1.38,0.2,304670.1872,138599.8744
2944,0.8,0.24,0.1,0.1,0.2,129429.2416,90708.11685
2945,0.8,0.38,0.54,1.38,0.6,246138.4835,154172.5771
2946,1.3,0.38,0.76,0.74,0.4,213745.3708,131594.0332
2947,0.3,0.8,0.54,0.1,0.4,82199.35497,153605.3933
2948,2.3,0.1,0.98,0.74,0.2,268749.2409,107088.9453
2949,1.8,0.52,0.54,1.38,0.6,258352.9099,169283.7132
2950,2.8,0.38,0.54,0.74,0.6,235826.6022,140573.4381
2951,1.8,0.1,0.98,1.38,0.4,309959.4562,124448.6322
2952,1.8,0.52,0.54,0.74,0.2,218870.649,130763.83
2953,2.3,0.24,0.54,0.42,0.4,210901.1272,110586.6311
2954,1.8,0.66,0.54,0.74,0.8,184501.4069,184562.9782
2955,1.3,0.24,1.2,1.7,0.8,303468.7196,154433.3643
2956,2.8,0.52,0.76,0.74,0.2,244478.0766,132873.9891
2957,2.3,0.8,0.32,1.7,0.4,276596.4534,184422.1108
2958,2.8,0.1,0.98,1.06,0.4,306096.7013,118091.0126
2959,1.8,0.24,0.1,0.42,0.8,181568.4733,118211.2195
2960,2.3,0.24,0.1,0.42,0.4,201410.6377,107726.0379
2961,2.3,0.24,0.1,1.38,0.8,282860.0162,142215.4978
2962,0.3,0.1,0.32,1.7,0.8,276838.9453,130607.8222
2963,1.8,0.8,1.2,0.74,0.2,213621.2561,151555.4622
2964,0.8,0.8,1.2,0.1,0.6,99737.80791,175915.8685
2965,2.3,0.52,0.76,1.38,0.4,281123.1025,158901.0336
2966,0.8,0.8,0.1,0.1,0.2,94860.08398,130014.7519
2967,2.3,0.52,0.1,0.42,0.8,163687.0218,155945.2427
2968,2.8,0.52,0.32,0.1,0.8,139872.4292,148764.6458
2969,2.8,0.24,0.76,0.74,0.8,251318.3198,131305.8536
2970,0.8,0.24,0.98,1.06,0.6,241163.2941,134232.8864
2971,1.3,0.8,0.32,0.42,0.2,151683.3381,138963.6419
2972,2.8,0.8,0.98,1.38,0.4,275624.949,181966.9579
2973,2.3,0.52,0.32,0.1,0.8,129661.8417,149170.377
2974,0.8,0.8,0.54,0.1,0.6,87644.41968,172592.4087
2975,0.8,0.1,0.98,0.74,0.8,225543.3243,111787.5609
2976,2.8,0.66,0.1,0.42,0.6,168683.0144,159310.31
2977,1.3,0.8,0.32,0.42,0.6,132226.3965,177200.6441
2978,2.8,0.66,1.2,1.06,0.4,262440.0265,165448.1173
2979,0.3,0.66,0.98,1.06,0.4,199249.7669,164622.6613
2980,0.8,0.38,0.98,0.1,0.2,137826.1563,105853.8259
2981,2.3,0.1,0.98,0.1,0.4,194656.8842,89877.49496
2982,2.3,0.8,0.54,1.7,0.2,291770.9131,168778.1243
2983,0.8,0.66,0.1,1.06,0.6,187240.8787,175016.9643
2984,0.8,0.24,0.32,0.74,0.4,203510.5372,116401.5602
2985,2.8,0.66,0.54,0.74,0.6,212227.4696,169524.7993
2986,1.8,0.52,0.32,0.74,0.6,197757.9836,153903.9341
2987,2.8,0.8,0.98,1.06,0.6,239681.31,192829.1999
2988,1.8,0.24,0.32,0.42,0.2,199997.4605,102888.0672
2989,0.8,0.52,0.1,0.1,0.6,95034.02822,137414.4758
2990,0.3,0.38,0.76,0.74,0.4,185930.5729,131368.1376
2991,0.3,0.24,1.2,1.38,0.4,260680.1082,136377.619
2992,2.8,0.66,1.2,1.06,0.6,253356.4113,179973.3576
2993,1.3,0.1,0.98,1.06,0.6,270427.6735,118148.5885
2994,1.8,0.52,0.1,1.06,0.8,216489.4247,171023.702
2995,2.3,0.8,1.2,0.42,0.2,190927.2341,143769.5424
2996,1.8,0.24,0.76,1.7,0.4,315611.2057,142558.511
2997,2.8,0.24,0.54,0.74,0.2,259869.1419,114566.779
2998,1.8,0.66,0.98,0.74,0.8,192607.836,186861.4216
2999,0.3,0.24,0.98,1.06,0.6,226580.9637,134075.2188
3000,1.8,0.8,0.98,0.74,0.8,182229.5764,204694.6984
3001,1.8,0.52,0.76,1.06,0.4,244109.4249,151679.5421
3002,2.8,0.52,0.54,1.7,0.2,318473.0294,153330.3762
3003,2.3,0.52,0.76,0.1,0.2,161171.9433,114831.0712
3004,1.8,0.24,0.54,0.1,0.8,151631.1775,111764.727
3005,1.8,0.52,0.32,0.74,0.6,197757.9836,153903.9341
3006,1.8,0.52,0.76,1.06,0.8,230158.2152,174885.9628
3007,1.3,0.24,0.54,0.1,0.6,143175.3724,106101.1418
3008,0.8,0.1,0.76,1.06,0.6,253102.3305,116647.239
3009,1.8,0.66,0.54,1.7,0.6,270792.3417,189318.0466
3010,0.8,0.8,0.76,0.42,0.4,137577.5956,161027.3899
3011,2.3,0.52,0.1,0.1,0.4,138228.0591,123260.5313
3012,0.3,0.24,0.1,1.06,0.8,204972.0162,134704.8959
3013,2.3,0.52,0.32,0.42,0.8,168763.2412,157314.1728
3014,2.3,0.66,0.32,1.38,0.6,253663.9113,181902.6834
3015,2.3,0.52,0.54,0.1,0.6,140049.7859,138815.9142
3016,2.3,0.52,0.1,1.38,0.2,276130.5102,143426.0612
3017,2.8,0.52,0.76,1.06,0.4,265238.4688,152195.1093
3018,2.3,0.8,0.54,0.1,0.4,129301.0272,150556.6195
3019,1.8,0.24,0.32,0.42,0.6,190095.8482,114525.6029
3020,0.8,0.1,0.32,1.7,0.8,291753.2342,130581.5354
3021,2.8,0.8,0.76,0.1,0.4,143545.7248,151477.4307
3022,1.3,0.1,0.76,1.7,0.6,315264.4269,131488.5637
3023,2.3,0.1,0.76,0.1,0.4,190798.5445,88625.32739
3024,1.3,0.1,0.32,0.74,0.4,230703.3703,103925.9192
3025,1.3,0.66,1.2,1.7,0.4,279155.9332,178128.0799
3026,0.8,0.8,0.32,0.74,0.8,145889.5035,203585.4624
3027,0.3,0.8,1.2,0.1,0.8,82002.49341,197411.3181
3028,2.8,0.1,0.54,1.06,0.2,300276.2329,113726.8914
3029,1.3,0.66,1.2,0.42,0.8,151382.2062,181821.3687
3030,0.8,0.38,0.54,1.7,0.2,282019.7664,142731.025
3031,0.3,0.38,0.76,0.74,0.8,174336.2552,150477.9003
3032,0.3,0.1,0.76,1.06,0.6,238108.2101,116437.6185
3033,0.8,0.52,0.54,0.1,0.2,120288.4917,113320.7093
3034,2.3,0.24,0.98,0.74,0.4,252480.1421,121953.7794
3035,1.3,0.24,0.1,1.38,0.8,259735.764,141496.7853
3036,1.3,0.52,0.98,1.06,0.2,244392.4073,140527.3216
3037,0.8,0.24,0.1,0.1,0.2,129429.2416,90708.11685
3038,1.8,0.38,1.2,0.42,0.2,205990.0091,117041.9749
3039,0.3,0.8,0.32,0.74,0.8,132652.1529,205183.6723
3040,2.3,0.52,0.98,1.06,0.4,258871.6801,153064.7755
3041,1.8,0.38,0.98,1.7,0.2,314198.1411,146583.3855
3042,1.8,0.8,0.98,1.38,0.2,265619.2152,164594.3003
3043,1.8,0.52,0.98,0.74,0.6,210400.5741,157614.254
3044,0.8,0.1,0.54,0.1,0.2,150282.0707,83542.00661
3045,0.3,0.24,0.98,1.7,0.8,272169.4006,153630.038
3046,2.8,0.8,1.2,1.06,0.6,243208.0513,193863.7819
3047,0.8,0.8,0.54,1.7,0.2,256422.3642,168180.1628
3048,1.3,0.38,0.32,0.74,0.4,205015.5024,128954.2493
3049,2.3,0.66,0.1,1.7,0.8,265205.2578,200226.7606
3050,0.8,0.1,0.76,1.7,0.4,303774.3226,128984.4434
3051,2.3,0.24,0.32,0.1,0.8,158619.8038,110349.9545
3052,1.8,0.52,0.54,1.06,0.6,232095.8332,162521.1753
3053,1.3,0.24,0.32,0.74,0.2,221778.1505,110973.4401
3054,1.8,0.66,0.54,1.06,0.8,214114.6229,191212.4718
3055,0.3,0.8,0.54,1.7,0.2,242379.7352,168119.8282
3056,2.3,0.52,1.2,1.38,0.8,274640.7307,183377.8609
3057,1.3,0.52,0.1,1.7,0.6,260765.2418,172697.2729
3058,1.3,0.66,0.1,0.42,0.4,144808.595,144307.7309
3059,2.3,0.66,0.54,0.42,0.6,168378.4568,162179.3762
3060,2.8,0.38,0.54,1.38,0.4,297969.4249,146969.5392
3061,1.3,0.38,0.76,0.1,0.8,128955.6915,132825.7227
3062,1.8,0.24,0.76,0.1,0.6,159400.4289,107811.3227
3063,2.8,0.8,0.98,0.74,0.2,231212.8142,150802.8437
3064,1.3,0.52,1.2,1.06,0.4,239602.8089,153684.7718
3065,2.8,0.38,1.2,1.7,0.2,338541.4131,148879.7844
3066,2.3,0.8,0.32,1.7,0.6,266874.9521,201583.0256
3067,0.3,0.1,1.2,1.7,0.8,292493.6684,135556.7658
3068,1.3,0.52,0.1,1.06,0.6,210869.9693,159756.9629
3069,0.8,0.38,0.98,1.38,0.2,266725.3501,138474.7503
3070,1.8,0.38,0.76,0.74,0.2,232302.306,123346.053
3071,1.8,0.8,0.32,0.1,0.2,124487.0797,130602.4649
3072,0.3,0.8,0.54,1.7,0.2,242379.7352,168119.8282
3073,0.3,0.66,0.98,0.42,0.4,136175.562,150356.7006
3074,1.3,0.1,0.1,0.74,0.8,222142.4656,106342.3086
3075,2.8,0.52,0.98,1.7,0.6,310130.0906,178116.2314
3076,0.8,0.38,0.1,0.74,0.4,186709.1705,127348.5869
3077,1.3,0.1,0.32,1.38,0.2,287728.491,117730.927
3078,1.8,0.52,0.54,1.06,0.2,248418.7648,138548.3351
3079,1.8,0.1,1.2,0.74,0.2,260876.9312,107522.632
3080,1.3,0.24,0.98,0.1,0.6,151420.1306,108641.1365
3081,2.8,0.1,0.1,1.7,0.8,334748.4979,129929.6545
3082,0.3,0.38,1.2,1.06,0.6,217034.9477,150775.0556
3083,1.3,0.1,0.76,1.06,0.2,270500.4082,112757.0364
3084,2.3,0.38,0.76,0.74,0.4,236520.3432,132654.2308
3085,0.3,0.1,0.54,1.38,0.8,258076.702,125077.824
3086,1.3,0.52,1.2,1.7,0.8,275189.5194,189925.5929
3087,0.3,0.66,0.76,0.74,0.8,150885.0527,188901.2278
3088,1.8,0.24,0.76,0.1,0.2,169424.098,95891.10022
3089,2.8,0.1,0.1,0.42,0.4,227053.6522,95075.4264
3090,0.3,0.66,0.54,0.74,0.4,161451.1981,155265.0996
3091,2.3,0.1,0.98,0.74,0.6,265034.8996,110650.2779
3092,2.3,0.24,1.2,0.42,0.8,214335.4805,124744.7343
3093,0.3,0.52,0.32,0.42,0.2,140515.1875,120601.1661
3094,2.8,0.38,0.76,1.38,0.8,291101.1547,164070.2287
3095,0.8,0.66,0.98,0.42,0.6,141994.9121,166148.9433
3096,2.8,0.52,1.2,0.1,0.2,179167.7395,117457.6791
3097,0.3,0.8,1.2,1.38,0.4,220236.5488,183872.1458
3098,2.3,0.38,0.76,0.1,0.2,170614.8732,105667.6863
3099,2.8,0.66,0.54,0.1,0.8,133088.6514,168658.2933
3100,0.8,0.66,1.2,1.7,0.2,275722.0357,163273.6702
3101,0.8,0.8,0.32,1.38,0.2,228564.923,160651.9903
3102,2.3,0.8,0.54,0.1,0.2,140116.7406,131792.2597
3103,2.3,0.1,0.32,1.7,0.2,333586.097,126325.5001
3104,1.3,0.52,0.76,0.1,0.8,116198.4718,153086.3115
3105,2.8,0.38,0.98,1.38,0.2,312391.375,141036.3051
3106,2.3,0.1,0.1,1.38,0.8,301446.0928,122642.9186
3107,0.3,0.66,0.1,0.42,0.8,104042.874,178672.2902
3108,2.8,0.24,0.76,1.38,0.6,309193.44,142120.0677
3109,0.3,0.24,0.76,1.7,0.6,272347.966,146775.0203
3110,2.8,0.66,0.54,1.38,0.8,261269.9872,196661.6528
3111,1.3,0.38,1.2,1.7,0.8,288744.0147,172099.9464
3112,2.8,0.52,0.32,0.74,0.4,227077.5008,141966.8939
3113,1.8,0.1,1.2,0.74,0.4,258872.3948,109632.9136
3114,0.3,0.24,1.2,0.74,0.6,200389.1628,127390.6055
3115,0.3,0.24,0.32,0.74,0.8,179988.2233,128407.4427
3116,0.8,0.66,0.54,0.42,0.6,133728.1479,163806.9874
3117,0.3,0.1,0.98,0.74,0.8,210235.2083,111962.6482
3118,0.8,0.24,0.54,1.7,0.2,291414.8477,134271.9684
3119,0.3,0.66,0.98,1.38,0.2,234820.1559,155682.9925
3120,1.8,0.24,0.98,1.7,0.8,311705.01,153855.048
3121,1.3,0.24,0.32,0.42,0.2,187915.9155,102085.6759
3122,2.8,0.24,0.76,1.06,0.4,288191.0628,129480.2123
3123,2.8,0.66,0.1,0.1,0.8,123236.8013,166072.9235
3124,2.8,0.66,0.98,1.06,0.8,243030.3982,192636.9255
3125,1.8,0.66,0.54,1.06,0.8,214114.6229,191212.4718
3126,1.8,0.1,0.76,0.74,0.2,253635.5335,105145.7123
3127,1.8,0.52,0.98,1.38,0.4,273997.7053,159801.6876
3128,1.3,0.1,1.2,1.7,0.2,325952.8482,129717.42
3129,1.8,0.38,0.32,1.7,0.2,302098.6812,142814.2639
3130,0.3,0.52,0.76,1.38,0.4,231255.4881,158248.5886
3131,1.3,0.24,1.2,0.74,0.2,237735.3431,116034.2845
3132,2.8,0.38,0.54,0.74,0.4,242699.6488,131799.7611
3133,1.8,0.38,0.1,0.74,0.4,211734.3331,128230.3818
3134,0.8,0.52,0.1,0.74,0.4,175602.9008,139979.3827
3135,2.3,0.52,1.2,0.1,0.2,168728.6952,117182.5908
3136,1.8,0.66,0.98,1.7,0.8,271592.8381,205462.8484
3137,0.3,0.52,0.32,0.74,0.2,174525.7811,128608.4819
3138,2.8,0.52,1.2,1.38,0.4,298390.0058,161446.9736
3139,0.8,0.52,0.1,0.1,0.6,95034.02822,137414.4758
3140,1.3,0.66,0.1,1.38,0.4,235007.2215,165858.8594
3141,1.8,0.8,0.1,0.42,0.2,158462.0284,137497.4
3142,2.3,0.66,0.98,0.42,0.6,176547.872,164535.6045
3143,0.8,0.38,0.1,0.74,0.2,193546.6518,117991.1544
3144,2.3,0.52,1.2,1.38,0.6,280487.0891,172751.9599
3145,0.8,0.24,0.1,0.1,0.2,129429.2416,90708.11685
3146,2.3,0.66,0.1,1.38,0.8,241784.8151,194397.2595
3147,0.3,0.8,0.76,1.7,0.2,246510.8873,169336.2407
3148,1.3,0.52,0.1,1.7,0.8,254458.1952,183949.1636
3149,2.8,0.52,0.98,1.38,0.6,286976.6162,171834.7271
3150,0.8,0.8,0.98,0.42,0.6,133106.8885,181714.7776
3151,0.3,0.52,0.98,0.42,0.4,145302.9674,137641.1547
3152,0.3,0.52,0.54,0.1,0.8,85961.20794,154505.6044
3153,2.8,0.66,0.76,0.1,0.6,143711.0284,155128.3897
3154,0.8,0.38,0.98,1.7,0.2,289822.0829,145167.3972
3155,1.8,0.66,0.54,0.74,0.6,191448.9448,169915.8368
3156,1.3,0.8,1.2,1.06,0.6,211320.692,195063.5287
3157,2.8,0.24,0.1,0.74,0.2,250605.9272,111713.2499
3158,1.8,0.8,0.32,1.06,0.8,198918.4375,207472.2248
3159,1.3,0.24,1.2,1.38,0.2,292758.7727,131638.7968
3160,1.3,0.24,0.1,0.1,0.8,129648.354,108684.9679
3161,2.8,0.8,0.1,0.74,0.6,192519.8368,181220.7578
3162,1.3,0.38,0.98,1.38,0.8,261979.9414,164697.0867
3163,2.8,0.24,0.54,0.42,0.2,226488.6499,105542.2086
3164,2.8,0.24,0.32,1.38,0.4,305470.4593,134319.9831
3165,0.3,0.38,0.98,1.06,0.4,219585.6464,140184.9808
3166,2.8,0.52,1.2,0.74,0.6,234898.4144,158718.8663
3167,2.8,0.52,1.2,1.06,0.6,264425.9455,166092.3655
3168,1.8,0.38,0.32,0.42,0.4,182695.3961,121189.8515
3169,2.8,0.1,0.1,1.7,0.2,339162.2604,125639.7359
3170,2.8,0.66,0.54,0.1,0.4,148317.7153,138187.8044
3171,1.8,0.8,0.1,0.42,0.2,158462.0284,137497.4
3172,1.3,0.38,0.98,1.38,0.4,273257.4945,147730.9367
3173,0.8,0.66,1.2,0.42,0.2,163128.9003,134798.917
3174,1.8,0.66,0.54,0.74,0.6,191448.9448,169915.8368
3175,0.8,0.52,0.98,1.7,0.6,265231.148,177834.7999
3176,1.8,0.1,0.54,0.1,0.4,174812.11,86805.81101
3177,0.3,0.1,0.32,0.42,0.4,167828.6241,94077.47475
3178,2.8,0.1,1.2,0.1,0.8,205989.603,94247.56538
3179,0.8,0.38,0.54,1.7,0.8,264315.4985,168971.4036
3180,2.3,0.66,0.76,1.7,0.6,285546.2908,190393.4557
3181,2.8,0.8,0.76,0.1,0.6,134250.5272,170293.1804
3182,0.3,0.66,0.76,0.74,0.6,157696.4462,172811.7973
3183,2.8,0.38,0.54,0.74,0.2,249754.1268,123149.3047
3184,0.8,0.66,0.32,1.7,0.6,242082.7091,188613.0528
3185,1.8,0.1,0.54,0.1,0.6,172852.4698,88669.07811
3186,1.8,0.24,0.1,0.42,0.4,189992.2489,107254.586
3187,1.8,0.38,1.2,0.1,0.8,148184.3503,135238.2987
3188,1.3,0.52,0.98,1.7,0.6,277967.031,177704.0054
3189,1.8,0.66,0.76,1.7,0.8,267818.8304,204372.5345
3190,1.3,0.1,0.98,1.38,0.4,297899.347,123787.1367
3191,2.3,0.8,0.76,1.38,0.2,272703.3354,163677.3301
3192,0.8,0.66,0.54,0.42,0.2,151272.3107,131233.5999
3193,1.3,0.8,0.98,0.1,0.2,125833.8556,134624.2426
3194,0.3,0.1,0.98,1.7,0.8,289044.677,134444.754
3195,1.8,0.38,0.1,0.42,0.2,184790.492,110538.3125
3196,2.3,0.1,0.32,1.7,0.2,333586.097,126325.5001
3197,1.8,0.52,0.98,1.38,0.4,273997.7053,159801.6876
3198,2.3,0.52,0.98,0.42,0.2,204301.4091,125169.0774
3199,2.8,0.52,0.1,0.74,0.2,230957.3841,128808.6748
3200,1.3,0.24,0.76,1.7,0.6,299713.106,147311.0984
3201,0.8,0.52,0.76,0.74,0.6,181963.5338,156780.4155
3202,1.3,0.24,1.2,1.38,0.6,283825.8751,142864.7592
3203,0.3,0.52,1.2,0.42,0.4,148963.4066,138750.6787
3204,0.8,0.8,0.76,1.06,0.4,200517.8924,174941.0099
3205,0.3,0.24,1.2,0.74,0.6,200389.1628,127390.6055
3206,2.8,0.66,1.2,1.06,0.8,246551.1718,193671.9213
3207,2.3,0.66,0.32,0.74,0.4,206675.2844,153223.8237
3208,0.3,0.1,0.98,0.74,0.8,210235.2083,111962.6482
3209,0.3,0.24,0.1,1.38,0.4,239912.7254,129980.7851
3210,1.8,0.1,1.2,1.38,0.2,315250.8464,123514.5362
3211,2.8,0.24,0.1,1.38,0.8,293293.6123,142548.1382
3212,1.3,0.8,1.2,1.7,0.6,260683.0819,206831.2699
3213,0.3,0.8,0.76,1.7,0.4,236228.9965,187574.1445
3214,0.8,0.38,0.76,1.06,0.2,236884.053,130004.9515
3215,2.3,0.1,0.54,1.38,0.8,310532.3891,125468.5969
3216,0.3,0.52,0.76,0.74,0.4,175154.8789,144142.1791
3217,0.3,0.8,0.1,1.38,0.8,182374.4733,215364.4578
3218,1.3,0.8,0.98,0.1,0.6,107594.6995,173672.1211
3219,0.8,0.38,0.1,0.74,0.6,180336.1836,136880.3869
3220,1.3,0.66,0.54,0.74,0.2,198182.2727,139207.9743
3221,2.3,0.24,1.2,0.42,0.2,227431.6023,108586.9507
3222,2.3,0.52,0.98,0.74,0.8,215349.2102,168614.5656
3223,0.8,0.66,0.32,1.06,0.2,210282.6149,145201.7446
3224,0.3,0.1,0.32,0.74,0.2,204155.1863,100390.2815
3225,1.8,0.24,1.2,1.7,0.6,318326.6672,150221.2267
3226,0.3,0.1,0.76,1.7,0.6,287239.9951,130880.2954
3227,1.3,0.38,0.32,0.1,0.6,124872.5807,121338.2782
3228,2.3,0.66,0.1,1.7,0.8,265205.2578,200226.7606
3229,0.8,0.24,0.32,0.42,0.2,174328.1779,101614.4708
3230,2.3,0.8,0.98,0.42,0.4,176292.211,160868.4675
3231,0.3,0.8,0.98,1.38,0.4,216679.5878,182822.1634
3232,2.8,0.66,1.2,1.38,0.6,279433.3895,186496.2331
3233,2.8,0.66,0.54,0.42,0.8,171703.9816,176335.6107
3234,0.8,0.1,1.2,1.06,0.2,264353.0027,114416.8308
3235,0.3,0.24,0.1,1.06,0.6,209081.6751,128790.256
3236,0.8,0.8,0.54,0.74,0.2,177184.9199,148063.3203
3237,1.3,0.1,1.2,1.7,0.4,324082.2468,131868.0412
3238,0.8,0.1,0.76,1.38,0.4,280858.2702,122016.8458
3239,1.8,0.1,0.1,0.1,0.4,165224.4036,83881.06778
3240,2.8,0.8,1.2,0.74,0.4,223587.6288,169367.6437
3241,1.3,0.1,0.32,1.38,0.6,283991.2565,121865.2989
3242,0.3,0.8,1.2,0.74,0.4,164712.2914,170941.7263
3243,2.8,0.8,0.98,0.42,0.6,176592.1797,178968.1506
3244,1.3,0.1,0.76,0.74,0.4,239281.7795,106643.5823
3245,0.8,0.52,0.1,1.06,0.4,205516.3956,147403.9757
3246,1.3,0.52,0.32,1.38,0.4,249850.491,155793.8668
3247,1.8,0.52,0.76,0.1,0.8,127826.8766,152304.977
3248,2.3,0.24,0.1,1.06,0.2,269396.6587,119275.5847
3249,2.3,0.38,0.1,1.38,0.2,285297.8874,135197.4083
3250,2.3,0.8,1.2,1.06,0.2,253997.0513,159069.5134
3251,0.8,0.24,1.2,0.74,0.2,224369.4527,115478.6742
3252,0.8,0.66,0.1,0.74,0.8,150547.9503,183839.0546
3253,1.3,0.66,0.98,0.1,0.8,110014.8802,173574.2115
3254,0.3,0.24,0.54,0.42,0.6,154590.7038,115389.41
3255,0.8,0.8,0.98,1.06,0.6,195306.5678,194725.1086
3256,1.3,0.24,0.32,1.38,0.8,264600.6691,142925.2239
3257,0.8,0.38,0.32,1.38,0.8,236358.9402,161344.993
3258,1.3,0.38,0.98,1.7,0.4,296384.5953,154327.1606
3259,1.3,0.8,0.76,1.38,0.6,230051.7163,199028.6303
3260,2.8,0.66,0.1,0.74,0.8,195854.1953,180970.5914
3261,2.3,0.1,0.76,0.42,0.2,231806.0289,96662.19394
3262,2.3,0.66,0.54,0.1,0.2,148162.7097,122656.8217
3263,2.8,0.66,0.98,1.06,0.4,258940.0537,164379.0836
3264,2.8,0.52,0.76,1.06,0.6,257140.3562,163873.1961
3265,0.3,0.52,0.32,1.06,0.4,196148.7159,148871.2756
3266,1.3,0.8,0.1,1.06,0.6,190103.7472,189180.8025
3267,0.3,0.52,0.54,1.7,0.8,236748.0093,187865.9135
3268,0.3,0.38,0.1,0.1,0.8,87153.46379,130915.2114
3269,2.8,0.8,0.1,1.7,0.4,281728.4195,183120.9454
3270,2.3,0.52,0.32,0.42,0.2,191669.2583,121319.1734
3271,1.8,0.24,1.2,1.7,0.8,315130.7907,154939.5292
3272,2.3,0.52,1.2,0.74,0.8,218911.1052,169683.1695
3273,2.3,0.66,0.54,0.1,0.8,123247.5048,169302.9964
3274,0.3,0.8,1.2,1.7,0.4,243571.3675,189732.0003
3275,2.3,0.38,0.1,0.1,0.8,137677.4665,128590.1116
3276,2.8,0.8,0.98,0.74,0.2,231212.8142,150802.8437
3277,2.8,0.66,0.54,0.42,0.2,197768.8403,131722.5309
3278,0.3,0.24,0.1,0.1,0.8,100774.6146,110052.776
3279,1.8,0.24,0.32,0.42,0.8,186593.9918,119659.4434
3280,0.3,0.1,0.98,1.38,0.6,267909.3211,125171.3528
3281,2.3,0.38,1.2,1.38,0.4,299066.5354,150005.1182
3282,2.8,0.52,0.76,0.74,0.2,244478.0766,132873.9891
3283,2.8,0.1,0.1,1.06,0.4,289301.7101,112744.0994
3284,2.3,0.1,0.1,0.42,0.8,212999.8474,97485.60498
3285,1.3,0.1,1.2,1.7,0.6,322360.8432,133786.9237
3286,1.8,0.24,1.2,1.38,0.6,295352.7391,143498.9463
3287,1.8,0.52,0.1,1.7,0.2,288291.3861,149585.6486
3288,1.3,0.24,0.76,1.38,0.2,285577.4847,129328.7554
3289,1.3,0.24,0.98,1.38,0.8,276890.8589,146707.8284
3290,2.8,0.24,0.1,1.38,0.4,300706.9174,132878.5292
3291,2.3,0.24,0.76,1.38,0.8,296122.354,146239.3527
3292,2.8,0.8,0.32,1.38,0.4,263297.6689,178374.5927
3293,2.3,0.24,0.32,1.06,0.8,261677.2019,136343.6787
3294,1.8,0.1,0.98,0.74,0.2,257395.3112,106374.5072
3295,2.3,0.38,0.54,1.38,0.8,276743.6309,162729.7027
3296,2.3,0.52,0.1,1.38,0.6,259808.1856,166648.5721
3297,1.3,0.66,1.2,1.7,0.6,270605.4172,192878.8621
3298,2.8,0.1,0.98,1.7,0.6,352334.0934,134054.2026
3299,0.3,0.66,0.54,0.74,0.2,170797.9687,139132.8439
3300,1.3,0.24,0.76,1.7,0.4,304062.5491,141745.6619
3301,1.3,0.38,0.1,0.42,0.2,172894.1192,109778.1901
3302,2.3,0.52,0.76,1.7,0.6,296478.4621,176815.9822
3303,2.8,0.66,0.32,1.38,0.6,263626.0945,181864.016
3304,2.3,0.38,1.2,0.42,0.2,217249.7766,117498.1383
3305,0.3,0.38,1.2,1.38,0.6,243321.9043,157669.5335
3306,2.8,0.38,0.98,0.74,0.6,243777.4724,143013.7895
3307,0.3,0.38,0.98,0.42,0.8,144466.0486,144018.2793
3308,0.3,0.1,1.2,1.38,0.4,273395.9956,123832.4736
3309,2.8,0.1,1.2,1.38,0.6,333209.49,128197.3476
3310,1.8,0.8,0.32,1.7,0.2,276512.6769,167221.6253
3311,0.8,0.66,0.32,1.06,0.8,185117.9237,191583.9701
3312,2.8,0.24,1.2,1.7,0.6,339132.5859,151135.8489
3313,1.3,0.1,0.98,0.74,0.4,243069.6096,107873.5022
3314,1.8,0.66,0.98,1.06,0.8,222132.0306,193499.6331
3315,1.3,0.38,0.32,1.7,0.2,290620.1146,141908.5018
3316,0.8,0.8,0.32,0.1,0.6,82897.401,171368.2576
3317,2.8,0.8,0.54,1.06,0.8,224089.1596,207381.7294
3318,0.8,0.38,0.54,0.74,0.8,184639.5941,148480.7501
3319,2.3,0.38,1.2,0.1,0.2,178133.4935,108048.0207
3320,1.8,0.8,0.76,1.06,0.8,207660.889,209841.0172
3321,0.8,0.52,0.32,1.06,0.2,218812.312,136410.5098
3322,0.3,0.38,0.54,0.1,0.4,108117.6547,113466.903
3323,1.8,0.24,0.76,1.7,0.8,307991.88,152693.5803
3324,1.8,0.8,0.32,1.7,0.6,256261.8651,201887.8638
3325,0.8,0.24,0.1,0.1,0.4,124453.3585,97020.02523
3326,1.8,0.38,0.98,0.1,0.2,163138.9916,106562.1631
3327,1.3,0.66,0.1,0.1,0.2,115195.7122,119989.69
3328,0.3,0.52,0.1,0.74,0.2,169471.1185,127181.854
3329,1.8,0.8,1.2,0.74,0.8,185825.7403,205712.5952
3330,1.3,0.66,0.54,0.74,0.2,198182.2727,139207.9743
3331,1.3,0.24,1.2,0.74,0.4,232974.7902,121812.1816
3332,1.8,0.38,0.1,0.42,0.6,170894.4701,129108.7759
3333,1.3,0.24,0.32,1.06,0.2,251238.1764,119163.6363
3334,2.3,0.8,0.32,0.42,0.2,174583.482,138927.5525
3335,0.3,0.8,0.54,0.42,0.4,119719.0457,160641.3863
3336,1.8,0.38,0.54,0.1,0.8,136232.4168,131675.8625
3337,2.3,0.52,0.1,0.1,0.6,130179.757,136101.3183
3338,0.8,0.1,0.76,1.06,0.4,255041.619,114422.3776
3339,1.3,0.52,0.54,1.7,0.4,277640.011,163515.4288
3340,1.8,0.8,0.1,1.7,0.4,260952.4188,183106.6848
3341,0.3,0.66,0.1,0.1,0.6,72606.88815,155082.7816
3342,2.3,0.66,1.2,0.1,0.2,160040.5699,126250.57
3343,2.8,0.24,0.76,1.06,0.8,280665.2788,139268.066
3344,2.3,0.66,0.98,0.1,0.4,146456.4813,140718.5856
3345,0.8,0.24,0.54,1.38,0.8,255642.3175,144353.7519
3346,1.8,0.66,0.98,1.38,0.6,255347.4344,185639.7603
3347,0.3,0.52,0.1,0.74,0.2,169471.1185,127181.854
3348,1.8,0.38,0.32,1.06,0.6,239800.0177,146476.0819
3349,0.8,0.8,0.98,1.7,0.2,264317.4371,170535.5285
3350,0.3,0.66,1.2,0.74,0.4,173261.0728,158729.5116
3351,2.3,0.1,0.54,1.06,0.2,289859.0101,112973.6704
3352,2.3,0.24,1.2,0.1,0.2,188429.6898,98801.34576
3353,1.3,0.24,1.2,0.1,0.2,164792.4288,97630.86122
3354,2.3,0.24,0.54,1.7,0.2,327011.4081,136550.8086
3355,1.8,0.24,0.76,1.7,0.6,311199.6725,147963.0686
3356,1.8,0.38,0.54,1.38,0.4,276875.0834,146078.4238
3357,2.3,0.8,1.2,0.1,0.2,152036.4674,135333.303
3358,2.3,0.66,0.54,0.42,0.4,177334.2618,146676.8916
3359,1.3,0.66,0.32,1.7,0.8,247545.8256,202550.1156
3360,1.8,0.8,0.54,1.38,0.4,246966.5051,179695.3917
3361,2.3,0.8,1.2,1.38,0.4,269138.3206,182997.8215
3362,2.3,0.1,0.54,0.42,0.8,222393.4647,100378.4619
3363,0.3,0.38,0.54,0.42,0.2,154388.3508,112179.5307
3364,2.8,0.66,0.76,1.06,0.8,239216.2032,191531.7463
3365,1.8,0.66,0.32,0.74,0.6,186849.5742,168630.0977
3366,0.3,0.1,0.76,1.38,0.2,268264.202,118984.4561
3367,1.8,0.8,0.1,1.7,0.4,260952.4188,183106.6848
3368,1.8,0.8,0.54,0.74,0.6,181594.6652,184615.6531
3369,2.8,0.52,1.2,1.38,0.6,290441.1249,172896.9491
3370,2.8,0.38,0.32,0.42,0.8,192817.5708,138737.0666
3371,2.3,0.38,0.54,1.06,0.8,250589.5442,155780.8036
3372,0.3,0.1,1.2,1.06,0.2,249631.6457,113757.6224
3373,1.8,0.24,0.98,0.42,0.4,207570.5746,112648.5183
3374,2.8,0.8,0.1,1.38,0.4,258406.0689,177020.1685
3375,2.8,0.38,0.1,0.1,0.2,167328.6045,101916.5094
3376,1.3,0.66,1.2,1.06,0.6,221115.4156,180565.578
3377,1.3,0.38,0.1,0.74,0.8,188340.6475,145255.871
3378,1.8,0.1,1.2,1.06,0.6,286122.5979,119701.5391
3379,1.3,0.24,1.2,0.1,0.6,155069.756,109794.1614
3380,1.8,0.24,0.98,0.74,0.8,233136.0139,132080.0766
3381,1.3,0.1,1.2,1.06,0.4,275716.7019,117314.876
3382,1.3,0.66,0.76,1.06,0.2,231996.3792,147961.0502
3383,0.8,0.66,0.98,0.1,0.6,104034.2305,158798.0117
3384,1.8,0.1,0.32,0.42,0.8,205999.8352,98879.67255
3385,0.3,0.1,0.1,0.1,0.2,124969.9102,80309.24217
3386,1.8,0.1,0.98,1.38,0.6,308262.5285,126172.9235
3387,1.8,0.24,0.32,1.06,0.6,253676.7903,131240.3371
3388,1.3,0.1,0.98,1.7,0.6,318952.106,132677.3144
3389,1.3,0.1,0.76,1.38,0.4,294186.7012,122584.7758
3390,0.8,0.8,0.98,1.38,0.8,213577.6499,218711.3292
3391,1.3,0.24,0.76,1.7,0.2,308484.4344,136202.2193
3392,1.8,0.8,0.76,0.1,0.6,114445.5809,171603.842
3393,0.3,0.52,0.98,0.42,0.2,153432.1875,124440.314
3394,2.8,0.8,0.32,1.06,0.6,227187.0519,189288.7825
3395,2.3,0.38,0.32,0.74,0.6,221089.3475,138963.6285
3396,2.8,0.66,0.76,1.06,0.4,255149.4541,163234.8153
3397,2.8,0.52,0.76,0.42,0.4,201933.8607,136298.1488
3398,1.8,0.38,0.1,1.06,0.4,241449.052,136084.9436
3399,0.8,0.1,0.32,0.42,0.6,181027.7898,96712.61012
3400,1.8,0.24,0.1,1.7,0.8,294781.6299,148693.9194
3401,0.3,0.1,1.2,0.42,0.6,181959.3178,101836.3769
3402,1.3,0.52,0.32,0.1,0.8,107102.7041,150576.594
3403,1.3,0.52,0.76,0.42,0.4,168624.986,135939.7798
3404,2.3,0.38,0.54,1.06,0.2,268708.8828,130615.0896
3405,0.8,0.38,0.54,1.7,0.8,264315.4985,168971.4036
3406,1.3,0.1,0.32,0.1,0.6,155430.0959,87022.02151
3407,2.8,0.8,0.54,0.42,0.8,161214.9719,194238.4536
3408,1.3,0.38,0.32,0.42,0.2,177931.7949,111236.3349
3409,0.8,0.66,0.1,1.06,0.4,195701.6867,159302.6628
3410,0.8,0.1,0.32,0.1,0.4,143356.3114,84643.39302
3411,1.8,0.24,0.32,1.06,0.8,250312.8584,136155.4277
3412,2.3,0.8,0.1,0.74,0.8,175084.2191,199123.5393
3413,0.3,0.8,0.1,1.06,0.2,183079.6533,152629.2789
3414,1.8,0.38,1.2,0.74,0.6,226148.8427,143700.0852
3415,2.3,0.24,0.76,1.38,0.4,303679.2203,136317.7771
3416,0.8,0.24,1.2,0.42,0.6,181143.9894,118980.717
3417,0.3,0.38,0.1,0.74,0.8,160371.3617,146513.5804
3418,2.8,0.8,0.76,1.7,0.4,295058.4466,186925.5821
3419,0.3,0.52,0.76,1.7,0.8,240887.717,189058.6845
3420,1.3,0.38,0.1,0.74,0.2,206931.486,118393.5865
3421,0.3,0.24,0.54,1.38,0.8,240880.8758,144629.8749
3422,0.3,0.8,0.98,1.7,0.2,250314.9434,170475.2266
3423,1.3,0.8,0.76,0.1,0.8,97449.85671,191606.3066
3424,1.8,0.52,0.76,0.74,0.2,223031.6154,132038.3931
3425,0.8,0.1,0.76,1.38,0.4,280858.2702,122016.8458
3426,0.3,0.8,0.32,1.7,0.4,227549.2857,185120.6988
3427,0.8,0.38,0.1,0.74,0.6,180336.1836,136880.3869
3428,2.3,0.38,0.32,1.38,0.8,272298.5015,161415.7538
3429,0.3,0.38,0.76,1.7,0.8,254019.6348,170697.4983
3430,2.8,0.1,0.54,0.1,0.4,197530.6621,87832.39944
3431,1.3,0.66,0.98,0.1,0.6,116090.8505,157854.4828
3432,2.8,0.38,1.2,1.7,0.8,321370.5393,172679.834
3433,1.3,0.8,1.2,1.06,0.8,203635.8862,212867.2556
3434,2.8,0.8,0.32,0.1,0.8,118583.2611,185900.349
3435,0.3,0.66,0.76,1.7,0.6,236854.2854,191499.8227
3436,0.3,0.8,1.2,1.7,0.8,226689.0815,226302.9526
3437,2.8,0.52,0.1,0.42,0.4,188128.6519,132272.0783
3438,0.8,0.24,1.2,1.38,0.6,270764.989,142610.6153
3439,0.3,0.38,0.32,0.1,0.2,109965.6198,102036.5606
3440,0.3,0.1,0.76,0.1,0.8,132433.2373,92583.99888
3441,1.8,0.24,0.98,1.06,0.6,266005.1938,135070.7189
3442,1.3,0.38,1.2,0.42,0.2,194206.2741,116287.0081
3443,1.3,0.1,0.98,1.38,0.6,296128.1596,125728.8537
3444,1.3,0.38,0.32,0.1,0.2,138332.7258,102014.27
3445,2.8,0.66,0.54,0.1,0.2,158521.9011,122793.9186
3446,0.8,0.52,0.54,0.74,0.4,185255.6134,142719.8975
3447,0.8,0.8,0.32,0.42,0.4,128573.4958,158542.374
3448,1.8,0.8,0.54,0.74,0.4,191083.1156,166202.2003
3449,1.8,0.8,1.2,1.38,0.6,248851.5326,200680.1414
3450,1.8,0.38,0.54,1.38,0.6,270465.5633,154869.6649
3451,1.8,0.24,0.1,1.06,0.2,258220.2727,118588.1196
3452,1.3,0.1,0.32,0.74,0.6,228795.8028,105932.1057
3453,0.3,0.1,0.76,0.74,0.6,208471.5934,108253.7336
3454,2.8,0.38,1.2,1.38,0.2,315810.4265,142132.7404
3455,0.8,0.38,0.54,1.38,0.2,258859.9464,136016.9317
3456,1.3,0.38,1.2,0.1,0.2,154902.0359,107100.2854
3457,1.3,0.24,0.98,0.74,0.2,234214.4717,114893.4184
3458,0.8,0.38,1.2,0.74,0.6,201650.2844,143194.8549
3459,2.3,0.8,0.98,0.74,0.2,221017.3333,150601.4215
3460,2.3,0.52,0.54,1.38,0.2,285373.6818,146186.2064
3461,0.8,0.1,1.2,0.74,0.2,235112.2073,106124.9035
3462,1.8,0.1,0.54,0.42,0.8,210514.9879,100286.5131
3463,0.3,0.8,0.54,0.42,0.2,129558.0492,140906.007
3464,2.8,0.66,0.1,0.1,0.4,138481.9055,135476.6572
3465,0.8,0.1,0.76,0.42,0.6,189794.3713,99451.54111
3466,0.8,0.38,1.2,1.7,0.8,275674.0855,172407.057
3467,0.8,0.38,0.76,0.42,0.4,166532.3817,123152.5028
3468,0.8,0.1,0.1,1.38,0.2,269623.2398,115534.1116
3469,2.3,0.1,1.2,0.74,0.8,267155.3551,113163.3285
3470,0.8,0.52,1.2,1.38,0.6,245365.7936,172755.9752
3471,2.3,0.52,0.1,0.1,0.2,147132.376,110723.2359
3472,2.3,0.52,0.98,0.42,0.2,204301.4091,125169.0774
3473,1.3,0.52,0.54,1.38,0.6,246711.9929,169156.4199
3474,1.3,0.24,0.98,0.74,0.6,224797.7375,126498.1161
3475,2.3,0.24,0.32,1.06,0.6,264747.6631,131628.9626
3476,0.8,0.52,1.2,1.7,0.2,284098.3094,154890.9037
3477,0.3,0.1,0.32,0.1,0.8,123406.6575,89838.53745
3478,1.8,0.8,0.98,1.7,0.4,278152.3641,188024.3735
3479,1.3,0.52,0.32,0.1,0.8,107102.7041,150576.594
3480,2.8,0.38,0.1,1.06,0.6,256044.8049,145558.0376
3481,0.8,0.52,1.2,1.7,0.6,268726.2361,178894.1786
3482,1.3,0.52,0.54,0.42,0.4,164364.1172,134677.5821
3483,2.8,0.52,0.76,1.06,0.8,251414.0731,174464.2292
3484,0.3,0.1,0.1,1.7,0.2,278026.919,121833.3452
3485,1.8,0.24,0.98,1.38,0.8,288641.4742,147200.3901
3486,1.8,0.66,0.32,1.06,0.4,225465.6129,160501.7632
3487,2.8,0.1,0.1,0.42,0.8,224031.549,97682.49045
3488,1.3,0.52,0.76,0.1,0.2,137815.3938,114518.6501
3489,1.8,0.8,0.76,1.38,0.2,261837.5719,163448.6801
3490,2.8,0.1,0.98,0.74,0.6,275589.9916,111100.557
3491,0.3,0.24,0.1,0.74,0.4,183662.3042,114657.9554
3492,1.3,0.1,1.2,1.38,0.2,303256.0244,122731.6489
3493,2.3,0.52,0.54,0.74,0.4,221344.2999,143048.0472
3494,1.3,0.66,0.1,0.74,0.8,163169.404,182784.533
3495,2.8,0.8,0.76,0.74,0.4,216182.7528,167168.4016
3496,0.8,0.24,0.1,0.1,0.6,119769.6022,103393.4723
3497,1.3,0.52,0.1,0.1,0.8,101890.652,149225.046
3498,2.3,0.8,0.76,0.74,0.2,217173.8472,149438.4412
3499,0.3,0.24,0.54,0.1,0.4,119307.192,99984.60548
3500,0.8,0.8,0.1,1.7,0.8,219372.2089,219377.241
3501,2.3,0.52,0.1,0.74,0.4,211837.4385,140296.7023
3502,1.8,0.1,0.54,0.1,0.4,174812.11,86805.81101
3503,2.8,0.52,0.1,0.1,0.2,157675.4108,110995.9473
3504,1.3,0.1,0.76,1.38,0.6,292409.3913,124528.7747
3505,2.8,0.52,0.32,1.38,0.8,269012.5418,178621.7403
3506,2.8,0.24,1.2,0.42,0.2,237931.6122,109228.5454
3507,2.8,0.52,0.54,1.38,0.8,273467.2705,179903.8952
3508,1.8,0.38,0.1,0.1,0.4,137974.5636,110628.2709
3509,2.8,0.1,0.54,0.42,0.2,238386.6914,96040.9271
3510,0.3,0.1,0.32,1.06,0.8,227453.2095,116184.3916
3511,2.3,0.24,0.76,0.74,0.8,240748.5596,131030.6007
3512,1.3,0.8,0.1,1.7,0.2,259885.6441,165636.9103
3513,2.3,0.24,0.32,1.06,0.2,274204.8358,120735.6785
3514,1.3,0.1,0.98,0.74,0.2,245128.4762,105630.5091
3515,0.8,0.52,0.54,0.42,0.8,137743.9826,160578.4836
3516,0.3,0.8,0.54,0.74,0.6,144383.4387,187062.5591
3517,1.8,0.8,0.76,1.38,0.6,241522.6159,198554.9035
3518,2.3,0.8,0.76,0.1,0.4,133624.0424,151776.6568
3519,0.8,0.8,0.1,0.74,0.8,140826.9783,202319.9216
3520,0.3,0.52,0.76,1.38,0.2,239346.1206,145810.3304
3521,2.8,0.24,0.98,1.7,0.4,340262.712,144938.3629
3522,1.3,0.8,0.1,1.7,0.8,231932.5591,218356.2289
3523,1.8,0.52,0.1,1.38,0.6,248968.8312,166601.558
3524,0.8,0.66,0.54,1.7,0.6,246583.3573,189880.3464
3525,1.8,0.52,1.2,1.38,0.6,269735.57,172706.6259
3526,1.3,0.24,0.98,1.06,0.4,258898.0099,128731.9746
3527,1.3,0.8,0.1,1.06,0.8,182417.0859,207135.9327
3528,1.3,0.1,1.2,0.42,0.6,211102.1264,102017.8848
3529,1.3,0.24,0.54,0.1,0.8,139512.6226,111514.074
3530,1.3,0.66,0.32,1.7,0.2,272799.0157,158765.641
3531,2.8,0.66,0.1,0.1,0.8,123236.8013,166072.9235
3532,1.3,0.24,0.54,0.42,0.4,187554.1019,109417.0408
3533,2.3,0.66,0.1,1.06,0.6,222422.7338,174028.6665
3534,0.8,0.38,0.1,1.06,0.2,223319.1725,125907.092
3535,0.8,0.1,0.98,0.74,0.6,227464.4707,109631.6934
3536,0.3,0.38,0.1,0.74,0.8,160371.3617,146513.5804
3537,0.8,0.38,0.76,1.38,0.4,256433.0757,146276.9025
3538,2.8,0.52,0.76,1.06,0.6,257140.3562,163873.1961
3539,0.8,0.1,0.32,1.7,0.8,291753.2342,130581.5354
3540,1.3,0.24,0.98,1.06,0.8,250815.984,139492.1491
3541,2.3,0.1,0.54,0.42,0.8,222393.4647,100378.4619
3542,0.8,0.1,0.1,0.74,0.8,208126.8119,106371.6033
3543,1.8,0.52,0.98,1.38,0.4,273997.7053,159801.6876
3544,2.8,0.8,0.76,1.7,0.4,295058.4466,186925.5821
3545,2.3,0.1,0.1,1.06,0.4,278809.9408,112083.0427
3546,0.8,0.8,0.54,1.38,0.2,233084.4961,161958.5774
3547,1.8,0.24,0.76,0.1,0.8,155911.3848,113064.3758
3548,2.3,0.66,1.2,1.06,0.6,243408.4199,180050.9321
3549,0.3,0.38,1.2,1.06,0.6,217034.9477,150775.0556
3550,0.8,0.52,0.76,0.42,0.2,163948.0417,123208.6694
3551,0.8,0.52,0.76,1.06,0.2,227497.1051,139025.1095
3552,2.8,0.8,0.1,1.7,0.6,271873.7642,200075.2898
3553,2.3,0.24,0.76,0.1,0.2,180958.6362,96393.66317
3554,2.3,0.1,0.98,0.1,0.2,196785.0597,87803.23571
3555,1.3,0.1,0.1,1.7,0.8,300551.0278,129211.4999
3556,1.3,0.8,0.98,0.74,0.2,198208.6634,150413.6245
3557,1.8,0.52,0.76,0.42,0.6,172635.174,148650.9699
3558,0.3,0.52,0.1,1.06,0.6,183747.1705,160350.2889
3559,0.3,0.38,0.54,0.42,0.6,141541.4486,131918.2551
3560,0.8,0.1,1.2,1.7,0.4,310900.63,131293.0984
3561,2.8,0.66,1.2,0.42,0.8,183461.7953,179698.9959
3562,2.8,0.1,0.1,1.06,0.6,287614.481,114117.5541
3563,0.3,0.24,0.76,0.74,0.6,192926.0887,125052.125
3564,0.8,0.52,0.76,0.1,0.8,103728.2924,154226.0612
3565,0.8,0.38,0.76,0.1,0.6,120882.4013,124358.6282
3566,2.3,0.1,0.1,0.42,0.8,212999.8474,97485.60498
3567,2.8,0.1,0.32,0.1,0.2,195134.6216,84439.8638
3568,2.3,0.52,0.76,1.7,0.8,290665.0981,187305.2575
3569,1.8,0.52,0.76,1.7,0.8,279745.1318,187514.0697
3570,2.8,0.66,0.1,0.42,0.8,162000.0606,173744.4617
3571,0.8,0.8,1.2,0.74,0.2,188918.6558,151556.4416
3572,1.3,0.8,0.98,1.7,0.4,266561.4789,188144.1481
3573,2.8,0.38,0.32,0.74,0.6,231317.7817,139226.0922
3574,2.3,0.24,0.32,0.1,0.6,161865.7767,105288.9431
3575,1.8,0.66,1.2,0.42,0.2,188036.6627,134841.7942
3576,0.3,0.38,0.76,0.1,0.8,101599.7039,134861.8671
3577,0.8,0.1,0.98,0.42,0.8,191686.8816,102898.3385
3578,0.8,0.1,0.32,1.38,0.2,274424.1841,117002.8738
3579,1.8,0.38,0.76,0.74,0.2,232302.306,123346.053
3580,1.3,0.66,0.98,0.42,0.8,147736.3069,180772.0872
3581,0.8,0.8,0.54,0.42,0.2,143519.9933,140500.1055
3582,2.8,0.24,0.1,0.74,0.2,250605.9272,111713.2499
3583,0.8,0.52,1.2,0.42,0.2,171496.6644,125542.6432
3584,2.3,0.24,0.76,0.1,0.2,180958.6362,96393.66317
3585,1.3,0.38,0.32,0.1,0.2,138332.7258,102014.27
3586,2.3,0.38,1.2,0.74,0.8,232432.4265,151749.1399
3587,0.8,0.24,0.98,1.38,0.2,276200.321,129889.5922
3588,0.8,0.24,0.54,0.42,0.8,165460.1908,120955.381
3589,0.8,0.38,1.2,0.1,0.2,141494.0594,107009.6176
3590,0.3,0.8,1.2,1.38,0.4,220236.5488,183872.1458
3591,2.8,0.38,0.32,0.74,0.8,226820.3981,146951.6776
3592,2.8,0.52,0.1,1.38,0.8,264135.1888,177264.0802
3593,1.3,0.66,0.32,0.74,0.4,183839.4387,153326.4557
3594,0.8,0.1,0.1,0.74,0.6,210074.0344,104203.2871
3595,1.8,0.52,0.32,0.42,0.4,171695.4657,133405.0555
3596,2.8,0.8,0.98,0.1,0.4,147508.768,152627.3138
3597,0.8,0.52,0.76,0.42,0.8,142043.4289,161795.1526
3598,2.8,0.38,0.54,1.7,0.4,320951.1903,153636.0935
3599,0.3,0.8,0.1,1.7,0.4,222591.5004,183781.5035
3600,2.3,0.38,0.54,0.74,0.6,225616.6794,140310.5887
3601,1.8,0.24,0.32,0.74,0.2,233723.5387,111831.7613
3602,2.8,0.1,0.98,1.06,0.6,304435.7176,119459.242
3603,1.3,0.24,0.98,1.7,0.8,300029.0585,153345.9613
3604,1.3,0.52,0.1,0.74,0.4,188738.1437,139942.1265
3605,1.8,0.1,0.32,1.7,0.6,319001.4429,129313.8295
3606,0.8,0.8,0.32,1.7,0.6,232248.186,202869.5564
3607,0.8,0.52,0.54,1.7,0.8,250906.8681,187111.3315
3608,0.8,0.52,0.54,0.42,0.6,143890.5774,147996.8738
3609,1.3,0.66,1.2,1.7,0.4,279155.9332,178128.0799
3610,1.8,0.38,0.54,0.1,0.8,136232.4168,131675.8625
3611,1.8,0.8,1.2,1.06,0.8,215071.2206,211930.9413
3612,2.8,0.8,0.76,1.38,0.4,271858.4611,180847.3502
3613,0.3,0.52,0.1,0.74,0.6,153876.7172,153329.1215
3614,1.3,0.24,1.2,0.42,0.4,199209.7498,113101.7519
3615,0.3,0.66,0.98,1.38,0.8,210055.0236,202242.779
3616,1.3,0.1,0.54,1.06,0.4,264437.8182,113664.0594
3617,0.3,0.66,0.98,0.74,0.6,161629.2125,173941.1737
3618,1.8,0.24,0.76,1.7,0.8,307991.88,152693.5803
3619,1.8,0.8,1.2,1.06,0.4,232288.8193,176578.6433
3620,2.8,0.66,0.98,1.06,0.8,243030.3982,192636.9255
3621,1.3,0.8,1.2,1.7,0.8,252782.0254,224044.0502
3622,1.8,0.38,0.98,0.42,0.4,195383.8333,125048.2912
3623,2.8,0.66,0.32,1.7,0.8,280133.9493,201265.988
3624,1.3,0.1,0.32,1.06,0.2,262029.1499,110060.0146
3625,0.8,0.38,0.76,1.06,0.4,230233.1228,139143.4848
3626,2.8,0.8,1.2,1.7,0.8,284797.8114,222122.9201
3627,1.8,0.24,0.32,0.42,0.2,199997.4605,102888.0672
3628,1.3,0.52,1.2,1.38,0.6,258145.3194,172580.6995
3629,2.3,0.8,0.54,0.74,0.8,184706.2764,201632.2653
3630,0.8,0.38,0.98,1.7,0.2,289822.0829,145167.3972
3631,2.8,0.24,0.98,1.7,0.4,340262.712,144938.3629
3632,1.3,0.1,0.98,0.74,0.6,241182.764,109871.3352
3633,2.8,0.1,0.54,1.38,0.6,322176.9075,124616.9007
3634,1.3,0.1,0.76,1.7,0.8,313670.5259,133295.1797
3635,1.8,0.38,0.1,0.42,0.6,170894.4701,129108.7759
3636,2.3,0.52,0.1,1.06,0.2,250136.8416,136207.6701
3637,2.3,0.52,0.98,1.38,0.2,293166.2341,148604.8589
3638,0.8,0.24,0.76,0.74,0.6,207636.2142,125130.7798
3639,0.3,0.52,0.54,0.42,0.2,145194.9166,121954.6678
3640,0.8,0.38,0.1,0.74,0.8,174982.1603,145751.2978
3641,2.3,0.38,0.98,1.7,0.8,307747.038,171486.8423
3642,0.8,0.24,0.98,0.74,0.8,207608.2103,131828.3184
3643,2.3,0.24,0.1,0.74,0.6,230365.1897,122118.0311
3644,2.3,0.38,1.2,0.42,0.6,203333.5703,135548.1961
3645,1.3,0.1,0.54,1.7,0.8,309665.7775,132022.9734
3646,1.3,0.1,0.98,0.74,0.2,245128.4762,105630.5091
3647,0.8,0.52,0.98,0.74,0.6,185865.2033,157937.9279
3648,1.3,0.1,0.32,1.7,0.4,308653.9886,126923.0537
3649,2.3,0.1,0.1,0.1,0.2,179260.2408,82279.47324
3650,2.3,0.8,1.2,0.74,0.4,213548.658,169441.8105
3651,2.8,0.1,0.76,0.42,0.8,237478.7657,101891.646
3652,0.3,0.38,0.32,1.7,0.6,250826.258,159247.5004
3653,2.8,0.8,0.76,1.38,0.8,254331.8467,214503.3738
3654,2.3,0.8,1.2,1.7,0.6,282659.7093,206099.1093
3655,2.3,0.38,1.2,1.38,0.4,299066.5354,150005.1182
3656,2.3,0.1,0.54,1.7,0.6,334477.5218,131118.8405
3657,2.3,0.38,0.98,0.1,0.4,167288.6078,116111.4861
3658,2.3,0.52,0.54,0.74,0.8,207303.9156,166253.9331
3659,1.8,0.38,0.98,0.42,0.6,188697.5211,134348.6953
3660,2.8,0.66,0.54,1.06,0.4,251028.264,162011.4026
3661,0.8,0.66,0.54,1.38,0.8,215907.7253,198897.392
3662,2.3,0.38,0.98,1.7,0.8,307747.038,171486.8423
3663,0.8,0.66,0.1,1.06,0.2,205300.3268,143792.8869
3664,1.8,0.8,0.32,1.7,0.4,265837.2813,184454.4953
3665,0.3,0.52,0.1,0.1,0.6,81335.86371,138337.886
3666,0.8,0.1,0.98,1.38,0.8,280899.6157,127506.3108
3667,0.3,0.1,0.98,1.06,0.4,243976.3493,115156.6826
3668,1.8,0.1,0.76,0.74,0.6,249806.0564,109038.0821
3669,1.3,0.52,1.2,1.7,0.4,288932.5061,166959.9858
3670,0.3,0.8,0.98,1.06,0.2,200795.1817,157705.4863
3671,2.3,0.38,0.98,1.7,0.6,312249.2869,164002.0426
3672,2.8,0.66,0.98,0.42,0.2,205831.1311,134174.8351
3673,1.8,0.8,0.98,1.38,0.6,245331.4504,199652.9095
3674,1.3,0.1,0.32,1.06,0.4,260018.5503,112273.4989
3675,0.3,0.66,0.98,1.38,0.8,210055.0236,202242.779
3676,0.3,0.8,0.76,1.7,0.4,236228.9965,187574.1445
3677,1.8,0.52,0.98,1.06,0.2,256316.0721,140992.981
3678,0.3,0.38,0.98,1.7,0.8,257812.5226,171841.6795
3679,2.8,0.52,0.54,0.42,0.2,206661.7107,123072.0955
3680,1.3,0.8,0.1,0.42,0.2,146575.1291,137578.5877
3681,1.8,0.52,1.2,1.38,0.8,263695.1521,183620.0187
3682,1.3,0.1,0.1,1.38,0.2,282956.9761,116264.9415
3683,2.8,0.52,1.2,1.7,0.8,307966.1704,189385.0438
3684,0.8,0.38,0.54,1.7,0.6,269524.9307,160613.3315
3685,0.3,0.24,0.1,1.38,0.8,231452.8131,141856.4616
3686,1.8,0.24,0.1,1.7,0.8,294781.6299,148693.9194
3687,1.8,0.52,0.1,1.38,0.6,248968.8312,166601.558
3688,2.8,0.38,1.2,1.38,0.2,315810.4265,142132.7404
3689,2.3,0.1,0.32,0.42,0.2,223232.8875,93925.36669
3690,0.3,0.52,0.98,0.1,0.6,99830.96557,143378.6873
3691,0.3,0.52,1.2,1.38,0.8,224825.048,185328.5537
3692,1.3,0.1,1.2,1.38,0.6,299566.0087,126848.8712
3693,1.8,0.24,1.2,1.06,0.6,269490.8131,136182.3942
3694,2.3,0.66,0.32,1.38,0.4,262604.9101,167348.2414
3695,2.8,0.1,1.2,1.7,0.2,359008.1237,131999.0245
3696,0.8,0.66,0.32,1.7,0.4,250532.1756,173482.1848
3697,0.8,0.24,0.54,1.7,0.8,278947.5251,150978.2992
3698,0.3,0.8,0.98,1.7,0.2,250314.9434,170475.2266
3699,2.8,0.52,0.1,1.06,0.6,243625.3568,159947.3457
3700,0.8,0.66,0.1,0.74,0.2,175472.9921,136363.0082
3701,1.8,0.52,0.54,1.38,0.6,258352.9099,169283.7132
3702,1.3,0.38,0.54,1.38,0.6,259117.278,154231.4297
3703,2.8,0.38,1.2,1.06,0.4,283399.6857,143246.4382
3704,0.8,0.38,0.1,1.38,0.4,242940.2322,142250.4976
3705,0.8,0.24,0.98,0.1,0.4,142600.0769,102444.4228
3706,1.8,0.1,0.98,1.7,0.6,330977.4321,133131.2343
3707,1.8,0.8,0.76,1.06,0.8,207660.889,209841.0172
3708,2.8,0.52,0.76,0.1,0.2,171644.5855,115108.2528
3709,1.3,0.8,0.32,1.7,0.8,236852.0464,219633.4597
3710,2.8,0.66,1.2,1.7,0.6,302617.1267,192528.9368
3711,2.3,0.38,0.32,1.38,0.4,283421.0192,145155.7896
3712,0.3,0.66,1.2,0.1,0.2,110282.7957,127106.1434
3713,1.8,0.1,0.54,1.38,0.6,300553.7086,123692.1126
3714,0.8,0.8,0.1,1.7,0.2,247037.3601,165501.6469
3715,0.3,0.1,0.32,0.42,0.4,167828.6241,94077.47475
3716,2.8,0.38,1.2,1.7,0.8,321370.5393,172679.834
3717,0.3,0.8,0.98,0.74,0.6,152593.4519,189338.1818
3718,1.3,0.66,0.1,0.1,0.2,115195.7122,119989.69
3719,0.3,0.52,0.54,1.38,0.2,235205.8002,144553.0839
3720,2.3,0.66,0.98,1.06,0.4,248849.6882,164239.4129
3721,0.8,0.66,0.76,1.7,0.2,268471.3671,161048.5066
3722,1.3,0.66,0.32,1.38,0.4,239942.9199,167234.2001
3723,2.8,0.8,0.1,0.1,0.8,113447.3732,184623.9841
3724,2.8,0.8,0.1,1.38,0.2,269425.3325,160038.484
3725,2.8,0.24,0.98,1.06,0.6,287164.8599,135924.4036
3726,0.8,0.66,0.54,1.7,0.2,264379.1023,159815.8054
3727,2.8,0.8,0.32,1.38,0.2,274282.0888,161425.7692
3728,1.8,0.38,1.2,0.1,0.6,153037.5228,126637.7742
3729,1.3,0.8,0.54,1.38,0.4,235293.7044,179852.3545
3730,0.3,0.66,0.54,1.38,0.2,226837.6013,153280.1854
3731,0.3,0.8,0.76,0.74,0.8,141567.3988,207527.2337
3732,1.8,0.1,0.98,0.1,0.8,179284.4577,92961.4043
3733,1.3,0.24,0.54,0.74,0.4,221472.2167,118167.9779
3734,2.8,0.8,0.98,0.42,0.8,169379.0106,196488.2116
3735,2.8,0.8,1.2,1.38,0.2,290001.2472,166161.4481
3736,1.3,0.1,0.1,0.1,0.2,154663.3069,81058.95275
3737,0.8,0.66,1.2,0.74,0.4,187294.0813,158342.9762
3738,2.3,0.38,0.98,1.7,0.6,312249.2869,164002.0426
3739,0.8,0.66,1.2,1.7,0.4,266414.5063,178170.3674
3740,2.8,0.52,0.98,0.42,0.6,197539.5161,149674.4851
3741,1.3,0.24,0.76,1.38,0.2,285577.4847,129328.7554
3742,1.8,0.1,0.98,1.38,0.8,306798.0024,127747.414
3743,1.3,0.1,0.32,0.1,0.6,155430.0959,87022.02151
3744,2.8,0.24,0.1,1.38,0.4,300706.9174,132878.5292
3745,1.3,0.52,0.1,1.38,0.4,244944.9264,154394.3037
3746,0.8,0.1,0.98,1.06,0.8,255010.3167,119982.3259
3747,0.8,0.38,0.1,1.06,0.2,223319.1725,125907.092
3748,0.8,0.52,0.98,0.42,0.8,146002.5625,162939.1659
3749,2.3,0.38,0.1,1.06,0.4,252557.3722,136474.7628
3750,0.3,0.24,1.2,1.06,0.4,234558.3907,129071.2536
3751,2.3,0.66,0.98,1.38,0.2,284595.855,156700.6906
3752,0.3,0.52,0.1,1.06,0.8,177269.9505,172972.1243
3753,0.3,0.8,0.54,0.42,0.2,129558.0492,140906.007
3754,2.8,0.52,1.2,1.06,0.4,272499.0556,154440.3351
3755,2.3,0.52,0.54,0.42,0.8,173395.1,158613.2214
3756,0.8,0.8,0.54,0.42,0.8,118091.3114,198564.8004
3757,2.8,0.38,0.32,1.38,0.8,282613.7306,161530.6969
3758,1.8,0.24,0.76,1.7,0.4,315611.2057,142558.511
3759,0.3,0.38,1.2,1.06,0.8,211579.7325,159959.516
3760,0.8,0.38,0.54,1.38,0.2,258859.9464,136016.9317
3761,0.3,0.8,0.54,1.7,0.2,242379.7352,168119.8282
3762,1.3,0.1,0.32,1.7,0.2,310547.3288,124762.8254
3763,2.3,0.8,1.2,1.7,0.4,292327.1875,189030.2571
3764,2.3,0.1,0.76,1.06,0.8,288966.3735,119134.0284
3765,0.3,0.1,0.76,1.38,0.4,266163.7121,121494.9774
3766,0.8,0.66,1.2,0.74,0.4,187294.0813,158342.9762
3767,2.8,0.8,1.2,0.1,0.8,135218.2221,190402.6357
3768,0.3,0.66,0.76,1.7,0.2,254353.2315,160848.694
3769,0.8,0.1,0.32,0.1,0.2,145646.6821,82114.5246
3770,1.8,0.1,1.2,1.7,0.2,337842.394,130505.1424
3771,0.3,0.1,1.2,0.1,0.8,140075.6023,95012.35548
3772,0.8,0.38,0.76,0.74,0.2,207273.0206,122113.9199
3773,0.8,0.38,0.1,0.1,0.4,112768.482,110303.8614
3774,0.8,0.1,0.1,0.74,0.6,210074.0344,104203.2871
3775,0.3,0.24,0.54,0.74,0.2,198033.3408,111318.078
3776,2.3,0.38,0.76,1.7,0.2,321399.6708,146008.6536
3777,0.3,0.52,0.98,1.38,0.4,235082.6911,159406.8893
3778,1.3,0.52,0.32,1.38,0.4,249850.491,155793.8668
3779,0.3,0.8,0.54,0.42,0.6,111768.2621,180625.1828
3780,1.3,0.52,0.1,1.7,0.6,260765.2418,172697.2729
3781,0.3,0.38,0.76,0.74,0.6,179779.734,141064.1645
3782,2.8,0.38,1.2,1.7,0.6,325615.0729,165409.7949
3783,1.8,0.24,0.1,0.1,0.8,141831.8677,108930.6117
3784,0.3,0.8,1.2,0.1,0.4,94354.10544,157003.9295
3785,0.3,0.38,1.2,1.06,0.2,229721.53,131938.1551
3786,1.3,0.38,1.2,0.42,0.8,175740.6271,143567.5207
3787,1.8,0.1,0.98,1.38,0.4,309959.4562,124448.6322
3788,2.3,0.8,0.76,0.1,0.2,144420.9634,133046.9072
3789,0.8,0.1,0.54,1.38,0.4,276803.9253,120724.8594
3790,1.3,0.8,0.1,1.7,0.6,239851.1506,201001.1714
3791,2.8,0.52,0.98,1.7,0.2,326166.7883,155722.7102
3792,0.8,0.66,0.1,1.38,0.6,213625.986,181361.2833
3793,2.3,0.38,0.1,1.38,0.8,267434.6731,160022.6277
3794,1.8,0.52,0.98,1.38,0.4,273997.7053,159801.6876
3795,1.3,0.66,1.2,0.1,0.8,113712.4426,174628.3212
3796,1.3,0.38,1.2,0.1,0.6,141580.9562,126295.7336
3797,0.8,0.66,0.98,1.38,0.2,248995.921,155832.1449
3798,2.3,0.52,0.1,1.06,0.4,241572.1448,147918.9517
3799,2.8,0.24,1.2,1.38,0.8,313633.0413,148823.5839
3800,1.8,0.52,0.1,1.06,0.2,239034.9633,135769.4636
3801,2.8,0.66,0.76,0.42,0.4,191755.9674,147934.5259
3802,1.8,0.1,0.98,0.42,0.4,221991.7413,99380.35246
3803,1.3,0.1,0.98,1.7,0.8,317359.9265,134481.9615
3804,1.8,0.52,0.1,1.06,0.2,239034.9633,135769.4636
3805,2.8,0.1,0.98,0.1,0.6,203664.4847,91872.75485
3806,0.3,0.52,0.76,1.38,0.2,239346.1206,145810.3304
3807,0.8,0.66,0.1,0.1,0.8,79852.99413,170172.7782
3808,0.3,0.8,0.76,1.7,0.4,236228.9965,187574.1445
3809,0.3,0.8,0.54,1.38,0.4,208637.9,180506.9182
3810,0.3,0.8,0.32,1.06,0.2,188111.6911,154010.6944
3811,2.8,0.8,1.2,1.7,0.6,292466.3614,205906.8568
3812,1.3,0.52,0.54,0.74,0.2,206818.2163,130353.5754
3813,2.8,0.38,0.54,0.1,0.6,162540.0882,123076.6702
3814,2.3,0.38,0.76,0.74,0.2,243496.5419,123868.0157
3815,1.3,0.1,0.98,1.06,0.4,272251.5386,116180.734
3816,2.3,0.66,0.54,0.42,0.4,177334.2618,146676.8916
3817,2.3,0.52,0.98,0.74,0.8,215349.2102,168614.5656
3818,2.3,0.66,0.98,1.06,0.6,239882.51,178996.751
3819,0.8,0.8,1.2,1.06,0.2,218455.1874,158722.3694
3820,2.8,0.1,0.1,0.1,0.4,188064.2242,84912.2484
3821,2.8,0.24,1.2,0.1,0.4,193867.894,105079.8002
3822,0.8,0.8,1.2,1.7,0.8,240305.1377,225055.709
3823,2.8,0.66,0.54,0.74,0.4,221409.6923,154634.2452
3824,1.8,0.52,1.2,0.42,0.8,174187.7262,162517.0574
3825,0.8,0.66,0.32,1.7,0.6,242082.7091,188613.0528
3826,0.8,0.24,0.54,0.42,0.6,169381.8437,115320.1005
3827,1.8,0.1,0.1,1.06,0.6,265683.6049,113209.5987
3828,2.8,0.1,1.2,1.38,0.4,334815.1445,126846.6292
3829,1.3,0.8,0.1,0.74,0.8,153082.1476,201006.9693
3830,0.3,0.38,0.76,0.42,0.4,151941.7884,123259.1136
3831,0.3,0.24,0.98,1.38,0.6,252821.3596,141297.3463
3832,2.8,0.66,0.98,0.74,0.8,213478.3285,185862.9824
3833,0.8,0.1,0.54,0.1,0.2,150282.0707,83542.00661
3834,0.3,0.1,0.1,0.42,0.6,160585.3267,95202.08373
3835,2.3,0.8,0.32,1.7,0.6,266874.9521,201583.0256
3836,0.8,0.1,0.98,1.06,0.4,258809.6217,115641.5865
3837,1.3,0.66,0.76,1.06,0.6,213705.6488,178384.7029
3838,2.3,0.66,0.1,1.7,0.4,281038.928,172246.8057
3839,0.3,0.8,0.98,1.38,0.8,199997.4883,220042.1836
3840,0.3,0.24,0.32,0.1,0.8,106036.8192,111487.3001
3841,0.8,0.38,0.54,0.1,0.2,129534.3166,103313.7869
3842,1.8,0.1,0.1,1.06,0.2,269424.9241,109366.0374
3843,0.8,0.24,0.54,0.74,0.6,203451.5982,123839.4572
3844,2.8,0.8,0.32,1.06,0.4,237111.0022,171778.1577
3845,0.8,0.1,0.76,0.42,0.6,189794.3713,99451.54111
3846,1.8,0.24,0.76,0.42,0.4,203717.592,111423.2279
3847,1.8,0.52,0.32,1.38,0.2,269982.0017,144382.0167
3848,2.8,0.24,0.54,1.7,0.2,337126.099,137279.035
3849,0.3,0.38,1.2,0.74,0.8,181862.6011,152742.3221
3850,2.8,0.66,0.54,0.74,0.6,212227.4696,169524.7993
3851,2.8,0.66,0.54,0.42,0.8,171703.9816,176335.6107
3852,2.8,0.24,0.32,1.38,0.2,310108.3016,129010.6416
3853,2.3,0.38,0.98,1.06,0.6,263147.3504,150434.587
3854,2.8,0.1,1.2,1.7,0.8,354664.2662,136269.3556
3855,1.8,0.1,0.1,1.7,0.8,312837.4979,129428.4316
3856,0.8,0.1,0.76,0.42,0.2,194069.636,94687.67879
3857,2.3,0.52,0.76,0.74,0.6,217424.6757,156410.1905
3858,0.8,0.24,0.76,1.06,0.2,246509.6463,121228.4129
3859,0.3,0.1,0.98,0.42,0.2,182810.9384,95431.74179
3860,2.8,0.66,0.32,0.74,0.8,200860.8301,182300.0706
3861,2.8,0.24,1.2,1.7,0.2,348109.579,140806.6401
3862,1.3,0.1,0.54,0.1,0.8,158192.0169,90425.5689
3863,2.8,0.38,0.54,0.42,0.8,197400.6474,140074.813
3864,2.3,0.38,0.76,0.42,0.4,202718.0481,124126.9853
3865,0.3,0.24,0.32,0.1,0.6,110062.2549,105166.6331
3866,0.3,0.66,0.76,1.38,0.6,213431.5066,185666.8944
3867,2.8,0.66,0.1,1.06,0.4,241622.461,159320.5063
3868,2.8,0.38,1.2,1.38,0.8,298293.0193,166285.7405
3869,2.3,0.38,0.32,1.06,0.4,257430.3535,137905.565
3870,1.8,0.1,0.1,1.06,0.4,267458.1327,111455.0262
3871,0.3,0.38,0.54,0.1,0.6,102241.7357,123665.8879
3872,0.3,0.8,0.98,0.1,0.8,78290.23641,196397.6451
3873,0.3,0.24,0.1,1.06,0.8,204972.0162,134704.8959
3874,0.3,0.38,1.2,0.42,0.2,166217.231,115848.6543
3875,1.3,0.8,0.98,1.06,0.2,227767.7025,157676.419
3876,1.8,0.8,0.76,0.42,0.4,161611.6415,160002.0704
3877,1.3,0.1,0.98,0.1,0.8,166353.4204,93014.03175
3878,2.8,0.38,0.54,1.06,0.2,278971.7175,131212.0201
3879,0.8,0.66,0.76,0.42,0.6,138033.4762,165013.0694
3880,0.3,0.1,0.98,1.38,0.2,272016.3497,120196.9811
3881,0.3,0.52,0.98,0.74,0.6,171796.2727,158394.1902
3882,0.3,0.52,0.76,1.7,0.8,240887.717,189058.6845
3883,0.8,0.52,0.32,1.7,0.4,260288.1263,162067.4153
3884,2.8,0.24,1.2,1.06,0.2,300076.2604,126421.8345
3885,1.8,0.52,0.98,0.74,0.6,210400.5741,157614.254
3886,2.3,0.8,0.54,0.1,0.8,113790.4961,188000.4336
3887,2.3,0.38,0.54,0.1,0.2,166371.2364,104358.1065
3888,0.8,0.24,0.54,0.42,0.2,178916.4203,103016.9723
3889,1.3,0.8,1.2,0.1,0.4,119440.1204,155059.6589
3890,2.3,0.8,0.32,0.1,0.8,109089.6797,186786.3879
3891,2.8,0.24,0.76,0.1,0.6,181230.5842,108299.6505
3892,1.3,0.8,0.1,1.06,0.8,182417.0859,207135.9327
3893,1.3,0.38,0.98,1.38,0.6,267000.9082,156637.3458
3894,2.3,0.1,1.2,1.7,0.6,345465.1252,134672.3375
3895,1.3,0.38,0.76,1.06,0.4,243388.6061,139381.5538
3896,2.3,0.52,0.76,0.42,0.6,183522.6038,148511.4287
3897,2.8,0.66,0.98,1.7,0.4,308074.7729,177434.9741
3898,0.3,0.38,0.98,1.7,0.6,263205.8662,162959.0869
3899,2.8,0.52,0.98,1.06,0.4,269012.249,153357.4046
3900,2.3,0.8,0.54,0.1,0.4,129301.0272,150556.6195
3901,0.3,0.38,0.32,1.06,0.4,207008.5318,136379.1965
3902,0.3,0.52,1.2,1.38,0.2,246677.634,148083.5142
3903,0.3,0.1,0.54,1.38,0.8,258076.702,125077.824
3904,1.3,0.8,0.32,1.7,0.4,254188.4836,184573.1472
3905,1.3,0.24,1.2,1.7,0.4,311197.572,144020.4555
3906,2.8,0.8,0.54,0.1,0.4,139236.1685,150255.3919
3907,2.3,0.1,0.54,1.06,0.8,284932.5635,117841.6224
3908,0.3,0.66,0.32,0.42,0.4,123169.2918,146670.4968
3909,1.8,0.24,0.1,0.42,0.6,185085.1006,113065.4712
3910,2.8,0.1,1.2,1.7,0.2,359008.1237,131999.0245
3911,1.3,0.1,0.76,0.42,0.2,207806.5662,95282.49167
3912,1.3,0.1,0.32,1.38,0.4,285781.2295,119917.3093
3913,2.3,0.66,0.32,1.06,0.6,227383.1644,175384.3284
3914,2.3,0.8,1.2,0.42,0.2,190927.2341,143769.5424
3915,1.8,0.66,0.54,0.42,0.6,157670.5256,162544.4817
3916,1.8,0.52,1.2,1.7,0.6,292966.8015,178926.8819
3917,0.8,0.66,0.76,0.42,0.2,155551.9183,132496.9492
3918,2.3,0.24,1.2,1.38,0.2,315373.531,133219.7396
3919,1.8,0.52,0.76,1.06,0.4,244109.4249,151679.5421
3920,2.8,0.24,1.2,1.06,0.8,287870.7364,141547.6987
3921,1.8,0.8,1.2,0.42,0.4,169175.7553,162217.8574
3922,0.3,0.8,0.76,1.7,0.6,227217.2078,205945.6568
3923,2.3,0.1,0.76,1.38,0.4,317444.6457,123884.2298
3924,0.3,0.1,0.54,0.74,0.8,202209.1877,109420.1551
3925,0.3,0.1,0.54,0.1,0.4,132472.9825,85963.36794
3926,1.8,0.1,0.1,1.7,0.8,312837.4979,129428.4316
3927,1.3,0.52,0.76,1.38,0.4,258446.0011,158351.5011
3928,1.8,0.66,0.1,1.7,0.8,254357.0579,200648.1871
3929,1.8,0.8,0.1,0.42,0.6,138356.3818,175110.0032
3930,2.3,0.1,1.2,1.06,0.4,299114.9033,118569.8275
3931,0.8,0.52,0.32,1.7,0.2,268355.2202,150062.3323
3932,1.3,0.66,0.1,0.74,0.8,163169.404,182784.533
3933,2.3,0.8,0.98,0.74,0.6,200298.1636,186439.0018
3934,0.3,0.8,0.1,0.42,0.4,109839.1802,158050.1366
3935,1.3,0.8,0.32,1.7,0.8,236852.0464,219633.4597
3936,1.3,0.38,0.32,1.06,0.6,228350.6382,145863.8212
3937,0.8,0.66,0.32,0.74,0.4,170920.1727,153565.9827
3938,2.8,0.1,0.1,0.1,0.6,186163.6851,86372.36205
3939,2.8,0.24,0.54,1.06,0.4,284143.4446,128201.7519
3940,1.8,0.52,0.76,0.1,0.2,149922.92,114647.7537
3941,0.3,0.24,0.98,1.06,0.6,226580.9637,134075.2188
3942,0.8,0.1,0.76,0.74,0.8,221721.951,110559.6879
3943,2.3,0.1,0.54,0.42,0.8,222393.4647,100378.4619
3944,0.8,0.52,0.1,1.7,0.8,241492.802,184491.0891
3945,1.3,0.24,0.76,1.06,0.6,250567.289,133259.1629
3946,0.3,0.1,1.2,0.1,0.8,140075.6023,95012.35548
3947,2.3,0.24,0.54,0.42,0.6,205938.858,116201.4228
3948,1.3,0.8,0.32,1.38,0.6,221358.1936,196609.4402
3949,1.3,0.52,0.54,1.38,0.4,254331.967,157114.7242
3950,0.8,0.38,1.2,1.7,0.6,280854.4068,164081.1281
3951,0.8,0.1,0.32,1.7,0.4,295384.5022,126333.0461
3952,0.3,0.24,0.32,0.1,0.6,110062.2549,105166.6331
3953,1.3,0.52,0.98,0.74,0.4,206409.4777,145118.1479
3954,1.3,0.66,0.32,1.38,0.2,249524.4745,152335.7463
3955,2.3,0.8,0.76,1.7,0.2,295822.9668,169993.5803
3956,2.3,0.66,0.54,1.06,0.8,224969.0304,190701.3442
3957,1.8,0.24,0.98,0.74,0.6,236551.2401,127083.512
3958,1.8,0.38,0.1,1.38,0.2,274253.7572,134612.6059
3959,2.3,0.24,1.2,1.7,0.4,333601.1847,145407.0379
3960,2.8,0.38,0.98,1.06,0.4,279934.0811,142148.2849
3961,0.3,0.1,0.98,0.42,0.6,178358.4998,100669.7131
3962,2.3,0.66,0.98,0.74,0.4,219270.2219,156928.1455
3963,1.3,0.52,1.2,0.1,0.8,123894.706,155318.0035
3964,1.8,0.8,0.54,0.1,0.8,103749.772,189098.2258
3965,1.3,0.66,0.54,1.7,0.8,252030.7351,203791.7301
3966,2.3,0.66,1.2,0.74,0.4,222825.0925,158007.9157
3967,2.8,0.38,0.98,0.42,0.2,224153.3039,116874.901
3968,1.8,0.52,0.32,0.1,0.6,124495.3238,137781.6904
3969,0.3,0.52,0.1,1.06,0.2,199370.343,134752.403
3970,2.3,0.8,0.98,1.38,0.2,276469.5856,164821.493
3971,2.3,0.24,0.54,0.1,0.8,163263.5743,111731.5624
3972,0.3,0.24,0.54,0.74,0.8,184589.4178,129770.1831
3973,0.8,0.38,0.32,1.06,0.2,228248.2815,127354.6926
3974,1.8,0.1,0.1,1.06,0.2,269424.9241,109366.0374
3975,2.3,0.66,0.54,1.38,0.2,276775.2865,154306.3362
3976,2.8,0.38,0.98,0.1,0.4,177735.565,116378.1957
3977,0.3,0.1,1.2,0.42,0.8,179846.7977,104361.8442
3978,0.8,0.52,1.2,1.7,0.8,262318.2426,190467.1239
3979,2.8,0.1,0.76,1.7,0.4,350269.5414,131536.5031
3980,0.3,0.24,0.98,1.7,0.8,272169.4006,153630.038
3981,2.3,0.1,0.54,1.06,0.2,289859.0101,112973.6704
3982,2.8,0.38,0.76,1.06,0.6,269469.3907,149562.0012
3983,0.8,0.52,1.2,0.42,0.8,149657.7146,164014.2835
3984,0.8,0.66,0.76,0.74,0.2,189338.4649,140366.0291
3985,1.8,0.1,0.98,1.06,0.2,286356.7145,114744.4954
3986,0.3,0.24,0.54,1.38,0.8,240880.8758,144629.8749
3987,0.3,0.8,0.1,0.74,0.2,153322.359,145568.0972
3988,2.8,0.38,0.1,0.1,0.8,148241.3537,128445.616
3989,2.3,0.24,0.1,0.42,0.4,201410.6377,107726.0379
3990,1.8,0.8,0.54,1.06,0.2,231608.4059,155413.2386
3991,0.8,0.38,0.76,1.06,0.2,236884.053,130004.9515
3992,1.8,0.24,0.54,1.38,0.6,284109.2719,139956.2977
3993,1.3,0.24,0.54,1.38,0.2,281525.5136,128047.4318
3994,2.3,0.38,0.32,1.38,0.4,283421.0192,145155.7896
3995,0.8,0.52,0.98,1.7,0.8,258821.8448,189422.476
3996,2.3,0.52,1.2,1.38,0.6,280487.0891,172751.9599
3997,1.8,0.8,0.98,1.38,0.2,265619.2152,164594.3003
3998,2.3,0.38,0.98,1.06,0.6,263147.3504,150434.587
3999,1.8,0.66,0.54,1.38,0.8,240353.0582,197425.1972
4000,2.3,0.52,0.54,1.38,0.4,277046.7563,157666.5282
4001,1.3,0.52,0.76,1.38,0.6,250838.9439,170374.5479
4002,1.3,0.66,0.32,1.06,0.6,204957.3368,175902.7302
4003,2.8,0.66,0.32,0.42,0.4,182927.9148,145373.6759
4004,2.3,0.52,1.2,0.42,0.2,207870.1377,126293.5653
4005,2.3,0.38,0.1,0.42,0.6,182033.895,129190.3333
4006,1.3,0.66,0.98,1.38,0.6,243768.7085,185903.9144
4007,1.8,0.8,0.76,1.7,0.4,274389.0644,186911.2395
4008,0.8,0.52,0.98,0.42,0.8,146002.5625,162939.1659
4009,1.3,0.8,0.54,1.06,0.2,219763.7472,155289.2504
4010,1.8,0.24,1.2,1.06,0.4,274088.6718,130634.7106
4011,2.3,0.38,0.1,0.42,0.4,188941.7648,120029.1836
4012,2.3,0.24,0.1,0.74,0.8,227202.9662,126945.5456
4013,2.8,0.52,0.32,1.7,0.6,297969.3824,174488.5281
4014,2.3,0.52,0.76,0.42,0.2,200435.2259,123967.0962
4015,1.8,0.24,1.2,0.42,0.2,216085.1886,107988.5329
4016,0.3,0.24,0.32,1.06,0.2,223230.5379,117995.3026
4017,1.3,0.24,1.2,0.74,0.2,237735.3431,116034.2845
4018,1.8,0.24,0.76,0.1,0.2,169424.098,95891.10022
4019,2.8,0.8,0.98,0.74,0.6,210167.0806,186107.3791
4020,1.8,0.52,0.54,0.1,0.4,136978.1292,126082.1554
4021,1.8,0.66,1.2,0.1,0.6,131013.642,158219.6123
4022,2.3,0.1,0.76,1.7,0.6,338439.1657,132387.129
4023,1.8,0.38,0.54,1.06,0.6,244296.2333,147813.402
4024,2.3,0.66,0.1,0.74,0.2,211745.1915,136909.3034
4025,2.3,0.24,0.76,1.7,0.8,319142.0952,152925.0836
4026,0.3,0.52,1.2,0.1,0.4,110149.4499,130765.2854
4027,2.8,0.8,0.32,0.1,0.8,118583.2611,185900.349
4028,0.3,0.52,0.76,1.38,0.8,217427.7281,183150.2
4029,2.3,0.1,1.2,1.06,0.2,301005.5486,116611.0979
4030,2.8,0.1,0.54,0.1,0.6,195650.7364,89290.85922
4031,1.8,0.66,0.54,0.1,0.2,137068.9468,122628.385
4032,2.8,0.52,0.1,0.42,0.8,174009.9021,155670.448
4033,0.3,0.24,0.1,1.06,0.2,218305.4169,116531.5318
4034,2.8,0.1,0.54,0.42,0.8,233371.1123,100573.9304
4035,1.3,0.52,1.2,0.42,0.6,168529.6831,151027.5336
4036,1.8,0.66,0.54,0.74,0.4,200283.8314,154534.075
4037,0.8,0.24,1.2,0.74,0.6,215052.5404,127467.3044
4038,0.8,0.1,0.1,0.1,0.6,136111.5484,85526.21246
4039,1.8,0.52,1.2,0.1,0.6,141200.9474,142621.3403
4040,2.8,0.52,0.98,0.1,0.4,166594.0158,128567.6156
4041,1.3,0.38,0.32,1.38,0.6,254644.4626,152901.4452
4042,0.8,0.52,0.1,0.42,0.2,149940.0564,119138.4658
4043,1.3,0.52,0.1,1.06,0.2,227020.6642,135301.1107
4044,2.8,0.8,0.76,0.1,0.2,154612.9023,133035.2601
4045,0.8,0.52,0.98,0.1,0.4,120472.1308,129039.0139
4046,2.8,0.8,0.1,1.38,0.2,269425.3325,160038.484
4047,0.8,0.8,0.54,1.38,0.2,233084.4961,161958.5774
4048,1.8,0.8,0.32,0.74,0.4,186484.4019,164914.2422
4049,0.8,0.52,0.76,0.1,0.2,124627.4584,114607.8595
4050,1.3,0.24,0.98,1.06,0.8,250815.984,139492.1491
4051,2.3,0.1,0.54,0.1,0.6,184704.6389,88931.98579
4052,1.8,0.8,0.76,1.38,0.2,261837.5719,163448.6801
4053,1.8,0.52,1.2,0.74,0.2,230401.857,134343.337
4054,1.3,0.8,0.54,0.42,0.8,129967.6418,197098.3882
4055,2.3,0.52,1.2,0.74,0.2,241496.7951,134732.0537
4056,2.3,0.8,0.54,0.1,0.4,129301.0272,150556.6195
4057,0.3,0.24,0.32,1.06,0.4,218527.0355,124075.8487
4058,0.8,0.66,0.32,1.06,0.2,210282.6149,145201.7446
4059,2.8,0.24,0.1,0.42,0.4,211965.2505,108269.3735
4060,0.3,0.1,0.1,1.06,0.8,222537.271,114715.6166
4061,0.8,0.1,1.2,1.06,0.4,262294.1203,116778.5909
4062,2.3,0.1,0.1,1.06,0.8,275765.2996,114992.624
4063,2.3,0.8,0.32,0.42,0.8,146803.8763,193757.713
4064,2.3,0.66,1.2,1.38,0.2,288060.3085,157777.5024
4065,0.3,0.52,0.98,1.38,0.6,227771.3779,171953.407
4066,2.8,0.66,1.2,0.42,0.6,190117.2594,165390.4353
4067,2.8,0.8,0.76,1.06,0.4,245754.8883,174267.6383
4068,0.8,0.38,0.32,1.38,0.2,254400.7209,134659.1962
4069,0.8,0.1,0.32,0.42,0.4,183107.9609,94398.40716
4070,2.8,0.1,0.1,0.74,0.8,257432.3141,106866.9335
4071,1.8,0.1,0.54,0.1,0.4,174812.11,86805.81101
4072,2.3,0.8,0.76,0.42,0.4,172375.0321,159724.0423
4073,2.8,0.8,0.54,0.42,0.8,161214.9719,194238.4536
4074,2.3,0.24,0.76,1.7,0.8,319142.0952,152925.0836
4075,0.8,0.24,0.1,0.1,0.2,129429.2416,90708.11685
4076,0.8,0.38,0.54,0.74,0.4,196302.1339,130144.752
4077,0.8,0.66,0.32,0.42,0.2,146603.6552,129897.2345
4078,1.3,0.1,0.1,0.74,0.2,227914.4351,100187.9917
4079,0.8,0.66,1.2,1.38,0.8,227461.9943,202194.3734
4080,0.8,0.24,1.2,0.42,0.6,181143.9894,118980.717
4081,0.3,0.52,0.1,0.42,0.6,120052.8655,145971.2288
4082,1.3,0.8,0.54,0.42,0.4,145766.4696,159209.8645
4083,1.8,0.24,0.98,0.74,0.4,241276.0701,121432.1655
4084,0.8,0.8,0.76,0.1,0.2,109241.028,133923.4554
4085,2.8,0.1,0.76,0.1,0.4,201691.9032,89167.48521
4086,0.3,0.8,0.54,1.7,0.4,232073.412,186386.6698
4087,1.8,0.24,1.2,1.7,0.8,315130.7907,154939.5292
4088,1.3,0.38,0.1,1.38,0.8,244680.5097,159603.8245
4089,0.8,0.24,0.1,0.74,0.4,198534.7174,114939.1199
4090,2.8,0.52,0.1,1.06,0.8,237858.0669,170600.2386
4091,0.3,0.66,0.98,0.1,0.4,97991.18758,142840.839
4092,2.8,0.66,0.1,0.42,0.8,162000.0606,173744.4617
4093,2.3,0.38,0.76,0.1,0.8,151812.3804,132606.4415
4094,0.3,0.66,1.2,1.06,0.6,194669.6928,181605.9174
4095,0.8,0.52,0.1,0.42,0.8,127916.3821,157943.3699
4096,2.3,0.66,0.32,0.74,0.2,216707.8032,138326.9358
4097,2.8,0.24,1.2,1.06,0.2,300076.2604,126421.8345
4098,1.3,0.38,0.98,1.38,0.4,273257.4945,147730.9367
4099,0.8,0.1,0.98,1.06,0.8,255010.3167,119982.3259
4100,1.3,0.1,0.1,0.74,0.2,227914.4351,100187.9917
4101,2.3,0.8,0.76,0.1,0.8,118110.562,189156.374
4102,0.8,0.38,0.98,1.7,0.4,283439.2246,154019.0989
4103,1.8,0.66,0.1,1.7,0.4,270204.2566,172120.6483
4104,1.3,0.38,0.76,1.7,0.2,299055.7034,144512.9684
4105,1.3,0.66,0.54,1.38,0.2,254003.2348,153660.7858
4106,0.8,0.1,0.54,1.7,0.6,297914.4539,129875.75
4107,1.8,0.1,0.76,0.42,0.8,214665.4246,101607.1894
4108,2.3,0.66,0.1,1.7,0.2,290652.848,158073.499
4109,0.8,0.38,0.98,1.38,0.2,266725.3501,138474.7503
4110,2.8,0.52,0.98,1.7,0.4,317971.1397,166829.3622
4111,1.3,0.66,0.76,1.7,0.8,256148.9016,204957.8104
4112,1.8,0.1,0.1,1.7,0.2,317808.8229,124112.5207
4113,1.3,0.24,0.54,1.06,0.8,242891.9433,137034.568
4114,2.8,0.24,0.98,1.7,0.8,333110.3944,154421.844
4115,2.8,0.52,0.54,0.42,0.2,206661.7107,123072.0955
4116,1.3,0.52,1.2,1.06,0.2,247910.0373,141632.4167
4117,2.8,0.38,1.2,1.38,0.8,298293.0193,166285.7405
4118,2.8,0.24,1.2,0.42,0.2,237931.6122,109228.5454
4119,2.8,0.66,1.2,1.06,0.2,272330.3565,151148.9008
4120,0.3,0.66,0.1,1.7,0.2,240827.5193,156905.2885
4121,0.8,0.52,0.1,0.74,0.8,161670.3399,165175.6071
4122,2.3,0.38,0.32,1.7,0.4,306514.7222,151817.7603
4123,1.8,0.8,0.32,1.7,0.6,256261.8651,201887.8638
4124,2.8,0.24,0.98,0.74,0.4,262819.4602,122533.514
4125,2.3,0.38,1.2,1.38,0.4,299066.5354,150005.1182
4126,2.3,0.52,0.76,1.06,0.8,241180.1726,174599.7383
4127,2.8,0.1,0.98,1.7,0.8,351304.1249,135170.4686
4128,0.8,0.52,0.76,0.42,0.8,142043.4289,161795.1526
4129,1.8,0.8,1.2,0.42,0.8,152905.5162,199181.6436
4130,0.8,0.8,0.32,0.74,0.8,145889.5035,203585.4624
4131,1.8,0.1,0.1,1.7,0.2,317808.8229,124112.5207
4132,2.3,0.38,0.98,1.06,0.2,276534.7921,133080.0923
4133,0.8,0.1,1.2,0.74,0.8,229078.0893,112933.9906
4134,1.3,0.38,0.1,0.1,0.4,126161.5093,110137.4264
4135,1.8,0.8,0.1,1.06,0.8,193925.6645,206189.8187
4136,1.8,0.52,0.32,0.74,0.8,191654.2731,165309.4826
4137,2.8,0.8,0.54,0.1,0.8,123276.3331,187120.5393
4138,1.3,0.38,1.2,0.42,0.4,187309.9403,125538.5673
4139,1.3,0.24,0.76,0.74,0.8,217340.6281,130440.9088
4140,2.8,0.52,0.1,0.42,0.8,174009.9021,155670.448
4141,0.3,0.38,0.54,1.7,0.2,267708.8392,142255.3528
4142,0.8,0.1,0.98,1.06,0.4,258809.6217,115641.5865
4143,2.3,0.52,0.54,1.7,0.2,308386.2992,152812.4514
4144,0.8,0.38,1.2,1.38,0.6,257567.0444,157667.2022
4145,1.8,0.24,0.76,1.38,0.8,284897.4693,146028.4642
4146,2.8,0.8,0.1,0.42,0.2,179827.2727,137654.9676
4147,1.3,0.1,0.76,1.06,0.6,266676.2699,116935.1784
4148,2.8,0.52,0.76,1.06,0.8,251414.0731,174464.2292
4149,1.3,0.24,0.32,1.7,0.8,287843.2566,149594.5313
4150,1.3,0.1,0.98,1.06,0.2,274240.292,113974.1888
4151,0.3,0.52,0.76,1.06,0.4,204928.8902,151444.1385
4152,0.3,0.1,0.54,0.42,0.4,172423.7015,95492.99083
4153,1.3,0.52,0.76,1.7,0.2,289775.6542,153038.794
4154,1.3,0.8,0.1,0.74,0.6,160482.476,182681.8125
4155,2.3,0.52,0.76,1.38,0.6,273244.1865,170549.5151
4156,1.8,0.38,0.98,0.42,0.6,188697.5211,134348.6953
4157,1.8,0.24,0.32,0.42,0.4,194980.0077,108725.0116
4158,1.8,0.38,0.76,0.42,0.8,179835.5215,141542.9259
4159,0.8,0.38,0.1,1.06,0.6,210292.9868,144438.7669
4160,1.3,0.1,1.2,0.1,0.8,169972.0877,94186.82085
4161,1.3,0.8,1.2,1.06,0.6,211320.692,195063.5287
4162,2.8,0.66,1.2,1.06,0.8,246551.1718,193671.9213
4163,0.3,0.52,0.1,1.38,0.8,203699.3117,179326.6161
4164,2.8,0.38,0.98,1.38,0.2,312391.375,141036.3051
4165,1.8,0.8,0.76,1.38,0.8,233723.2071,215697.2046
4166,1.3,0.8,1.2,0.1,0.8,105141.5856,193712.7225
4167,2.8,0.1,0.1,1.38,0.4,314781.2235,120436.0076
4168,2.3,0.8,0.32,1.38,0.2,264159.4766,161145.6473
4169,0.8,0.24,0.32,0.74,0.4,203510.5372,116401.5602
4170,2.8,0.24,1.2,1.38,0.4,320940.6491,139217.9707
4171,0.8,0.8,0.32,1.06,0.8,174984.586,209591.1291
4172,1.3,0.38,0.76,0.74,0.4,213745.3708,131594.0332
4173,2.3,0.66,0.76,1.7,0.6,285546.2908,190393.4557
4174,0.8,0.24,0.98,1.7,0.4,294748.8311,142436.4862
4175,0.8,0.1,0.1,0.42,0.6,176029.1244,95224.82774
4176,2.8,0.1,0.76,1.38,0.8,325092.9279,127022.8478
4177,0.3,0.24,1.2,0.74,0.8,196291.7891,133373.3881
4178,2.3,0.38,1.2,0.74,0.8,232432.4265,151749.1399
4179,2.8,0.52,0.1,1.7,0.4,301061.5938,161765.7254
4180,1.8,0.38,1.2,0.1,0.4,159675.141,117097.3202
4181,0.3,0.38,0.1,0.42,0.2,144624.9601,109353.9312
4182,0.8,0.52,0.76,1.06,0.2,227497.1051,139025.1095
4183,2.8,0.1,1.2,1.06,0.6,307855.5557,120583.405
4184,0.8,0.52,0.76,0.42,0.8,142043.4289,161795.1526
4185,0.3,0.38,0.98,1.06,0.2,226180.5498,130817.8434
4186,2.8,0.24,0.54,0.74,0.6,250050.6423,125391.3528
4187,1.8,0.66,0.1,0.42,0.4,156649.8185,144071.1722
4188,0.8,0.38,0.54,1.06,0.2,232752.4153,128723.463
4189,1.8,0.8,0.98,1.7,0.4,278152.3641,188024.3735
4190,2.3,0.24,0.76,0.74,0.4,248695.2116,120746.4558
4191,2.8,0.8,0.32,1.06,0.6,227187.0519,189288.7825
4192,1.3,0.38,0.54,0.42,0.2,182523.9691,112620.6084
4193,1.3,0.8,1.2,0.42,0.8,141852.8128,200353.3938
4194,0.8,0.8,0.1,0.1,0.6,77681.05554,170085.9836
4195,1.3,0.1,0.76,1.7,0.4,316993.5343,129567.0978
4196,2.8,0.38,0.98,0.74,0.8,239307.7168,150698.0466
4197,2.8,0.1,0.1,1.7,0.6,335789.8737,128808.7926
4198,0.8,0.1,0.1,0.1,0.4,138253.995,83141.42634
4199,1.8,0.66,0.1,0.1,0.2,127193.1743,119872.3043
4200,0.3,0.8,0.32,0.42,0.8,100647.0522,199167.1566
4201,2.8,0.52,0.76,0.74,0.4,235738.8106,144559.3568
4202,2.8,0.66,0.76,0.42,0.6,182613.4925,163177.8552
4203,1.3,0.66,0.32,1.06,0.6,204957.3368,175902.7302
4204,2.3,0.8,0.98,0.74,0.4,209981.8672,168377.4837
4205,0.3,0.24,0.1,0.42,0.8,140672.0608,118735.3498
4206,2.3,0.1,0.1,1.38,0.4,304394.4568,119770.2751
4207,1.3,0.1,0.98,0.42,0.2,211639.1721,96529.1035
4208,0.3,0.8,0.54,1.7,0.8,215160.642,223109.6026
4209,1.8,0.52,0.54,1.7,0.6,281685.0244,175530.1906
4210,2.8,0.66,0.1,0.42,0.8,162000.0606,173744.4617
4211,0.3,0.66,0.54,0.1,0.6,82649.27816,157641.5584
4212,2.8,0.8,0.1,0.1,0.2,140508.284,129055.1765
4213,1.8,0.52,0.1,0.74,0.6,192742.6578,152514.7293
4214,1.3,0.38,1.2,1.38,0.2,283246.1206,140075.0548
4215,0.8,0.24,0.32,1.7,0.4,282555.8869,138635.3057
4216,2.3,0.8,1.2,0.1,0.2,152036.4674,135333.303
4217,2.3,0.66,0.1,1.7,0.2,290652.848,158073.499
4218,1.3,0.38,1.2,1.7,0.4,299830.5025,155412.8003
4219,1.8,0.24,0.54,1.7,0.6,307182.4045,146709.6023
4220,1.8,0.1,0.1,0.74,0.2,240280.1756,100943.5652
4221,2.3,0.24,1.2,1.06,0.2,289835.7369,125721.3287
4222,2.3,0.52,0.54,1.38,0.6,269150.6824,169332.3345
4223,2.8,0.8,0.54,0.74,0.4,211999.3794,165954.9283
4224,0.8,0.24,0.76,0.74,0.6,207636.2142,125130.7798
4225,0.3,0.24,0.54,1.38,0.2,253863.5819,126812.5218
4226,1.8,0.8,0.76,0.74,0.6,185822.4044,185799.1356
4227,1.3,0.24,0.98,1.06,0.2,263539.9247,123045.3089
4228,1.3,0.52,0.98,0.42,0.2,181043.0628,124537.5352
4229,0.8,0.66,0.98,0.1,0.4,111509.611,141981.6594
4230,2.3,0.8,1.2,0.74,0.8,196380.5039,204890.9568
4231,0.3,0.66,0.76,0.74,0.2,175043.4051,140388.3552
4232,0.8,0.8,0.1,1.06,0.4,186697.6239,171110.3294
4233,0.3,0.52,0.98,0.42,0.8,132187.429,164168.7832
4234,2.3,0.52,0.76,0.42,0.8,177641.2308,159837.9638
4235,0.8,0.66,0.32,1.38,0.2,236558.0437,152105.7726
4236,0.3,0.38,0.76,1.7,0.6,259421.0483,161803.687
4237,2.8,0.66,0.98,0.74,0.2,239482.6248,142425.2126
4238,2.8,0.24,0.1,0.74,0.2,250605.9272,111713.2499
4239,1.3,0.66,1.2,1.38,0.4,255885.2733,171953.0393
4240,0.8,0.38,0.1,0.1,0.8,101474.5345,129696.1533
4241,1.8,0.24,1.2,1.06,0.8,266158.8533,141068.5603
4242,1.3,0.52,0.1,1.7,0.2,276467.774,149048.0416
4243,2.3,0.66,1.2,0.42,0.2,199106.0044,135025.4633
4244,0.8,0.38,0.32,0.1,0.2,124822.8004,101927.8301
4245,0.8,0.52,0.1,0.42,0.2,149940.0564,119138.4658
4246,2.8,0.38,1.2,1.38,0.8,298293.0193,166285.7405
4247,2.3,0.66,0.54,1.06,0.2,250771.5391,147284.3359
4248,0.3,0.52,0.98,1.06,0.4,208794.2095,152610.0004
4249,0.3,0.38,1.2,0.42,0.2,166217.231,115848.6543
4250,1.8,0.24,0.76,1.38,0.4,292675.5462,135743.1842
4251,2.3,0.52,0.32,0.74,0.4,216806.3136,141709.7115
4252,0.3,0.38,0.76,1.38,0.4,242039.8225,146073.9977
4253,1.3,0.38,0.98,0.74,0.6,211139.9984,142028.5702
4254,1.3,0.8,0.98,0.74,0.2,198208.6634,150413.6245
4255,0.8,0.38,0.1,1.06,0.4,216603.822,135091.3418
4256,2.3,0.66,0.1,1.06,0.2,241384.7056,144540.5075
4257,0.3,0.1,0.32,0.42,0.4,167828.6241,94077.47475
4258,2.3,0.66,0.1,1.7,0.8,265205.2578,200226.7606
4259,2.8,0.38,0.76,1.38,0.6,295432.1163,156663.4718
4260,0.8,0.24,0.76,1.06,0.6,237351.2482,133037.3317
4261,2.3,0.38,0.76,1.06,0.6,259364.3294,149266.189
4262,0.3,0.8,0.1,0.42,0.6,101918.6529,178110.4373
4263,2.8,0.1,1.2,0.42,0.4,247732.8596,101681.4351
4264,2.8,0.1,1.2,0.74,0.2,282688.2393,108957.7684
4265,0.3,0.66,0.76,1.7,0.2,254353.2315,160848.694
4266,0.3,0.52,0.1,0.1,0.8,75916.24382,151911.5245
4267,2.8,0.38,0.98,1.38,0.6,299166.6032,157819.5456
4268,2.8,0.66,0.1,1.38,0.6,258734.708,180512.8428
4269,1.8,0.38,0.98,0.42,0.2,202420.4618,115901.8478
4270,2.8,0.52,0.54,0.74,0.4,231592.7597,143305.0808
4271,1.3,0.1,0.1,0.42,0.8,188209.4635,97320.23572
4272,0.8,0.24,0.32,1.7,0.4,282555.8869,138635.3057
4273,1.3,0.8,0.76,0.74,0.2,194328.4818,149249.9591
4274,0.8,0.66,0.54,1.38,0.2,241059.4414,153430.674
4275,1.8,0.24,0.1,1.06,0.6,248805.2527,129794.4381
4276,2.3,0.1,1.2,1.7,0.4,347060.9236,133167.2868
4277,0.3,0.52,0.98,1.7,0.8,244700.6815,190176.497
4278,2.8,0.66,1.2,0.42,0.8,183461.7953,179698.9959
4279,0.8,0.38,0.54,1.7,0.6,269524.9307,160613.3315
4280,2.8,0.8,0.1,1.7,0.6,271873.7642,200075.2898
4281,1.8,0.38,0.76,0.42,0.4,191502.0038,123843.7109
4282,0.3,0.38,0.32,1.38,0.8,221833.72,161906.6159
4283,2.3,0.24,0.98,1.06,0.4,281692.922,130069.3706
4284,0.8,0.8,0.1,1.06,0.2,197283.8381,152553.4439
4285,0.3,0.52,1.2,1.06,0.8,198606.9403,179002.7257
4286,0.3,0.8,0.32,1.06,0.6,168963.6286,192052.8771
4287,1.3,0.24,1.2,1.7,0.8,303468.7196,154433.3643
4288,1.8,0.38,1.2,0.42,0.6,192295.6006,135464.1258
4289,2.3,0.1,1.2,0.1,0.4,198222.9744,91051.31604
4290,2.8,0.1,0.32,1.7,0.4,342050.0558,128913.8718
4291,2.3,0.38,0.1,1.7,0.2,308281.4788,141987.1041
4292,1.3,0.1,0.98,1.06,0.8,268742.988,119999.9399
4293,0.8,0.8,0.98,1.38,0.8,213577.6499,218711.3292
4294,0.8,0.8,0.98,1.7,0.6,244711.1784,206363.2826
4295,2.8,0.8,0.1,0.42,0.4,168492.6905,155694.0679
4296,0.8,0.38,0.54,1.06,0.8,214493.7238,155838.6471
4297,1.3,0.66,1.2,0.1,0.6,119788.9148,158929.5994
4298,2.8,0.38,0.76,0.42,0.4,213106.9486,124494.0306
4299,0.3,0.8,0.32,0.1,0.4,77415.90774,152353.5816
4300,1.3,0.38,0.98,0.42,0.6,177213.8807,133861.6124
4301,2.3,0.66,0.76,0.42,0.4,181574.5535,147917.1473
4302,1.3,0.1,1.2,0.74,0.4,246573.1385,109022.5294
4303,1.3,0.8,0.76,1.7,0.2,273313.0604,169533.2572
4304,0.3,0.52,0.32,0.74,0.8,152629.8981,167581.8365
4305,1.8,0.24,0.54,1.38,0.2,293210.6763,128946.2866
4306,1.3,0.66,0.98,1.38,0.8,236612.1422,200330.225
4307,1.3,0.66,0.1,1.06,0.8,192830.0121,189339.0746
4308,1.8,0.24,1.2,0.74,0.8,236666.8009,133197.3194
4309,2.8,0.52,0.98,1.38,0.2,303288.0232,149101.6067
4310,2.3,0.24,0.32,0.1,0.4,166951.2959,99514.58152
4311,0.8,0.52,0.32,1.38,0.2,245052.2394,143509.1609
4312,2.8,0.1,0.54,0.1,0.2,199647.6767,85859.42263
4313,2.8,0.8,0.76,1.7,0.8,277569.9146,220059.6764
4314,2.8,0.52,0.98,0.74,0.8,225606.0571,168425.9117
4315,0.3,0.38,1.2,1.38,0.2,255840.2703,139147.1592
4316,2.3,0.24,0.1,1.06,0.4,264636.8521,124773.3569
4317,0.8,0.38,0.54,1.06,0.2,232752.4153,128723.463
4318,0.8,0.24,0.54,1.06,0.4,237726.0271,125809.2111
4319,1.8,0.1,0.32,0.1,0.2,172427.9778,83171.77114
4320,0.8,0.8,0.1,0.42,0.8,108311.6976,196109.8282
4321,1.3,0.52,0.1,1.38,0.2,253216.2494,142455.3384
4322,0.3,0.24,0.76,1.06,0.6,222745.0149,132878.3425
4323,2.3,0.24,1.2,0.42,0.6,217518.4599,119849.6413
4324,2.8,0.66,0.54,1.7,0.6,291369.8758,189198.3084
4325,1.3,0.66,0.1,1.7,0.6,249834.7378,186932.3132
4326,1.3,0.52,1.2,0.42,0.6,168529.6831,151027.5336
4327,1.3,0.52,1.2,1.38,0.8,251857.682,183918.3795
4328,2.3,0.66,0.98,1.06,0.8,232956.7107,192988.2228
4329,2.3,0.38,1.2,0.42,0.2,217249.7766,117498.1383
4330,1.8,0.24,0.54,0.1,0.4,160066.7011,100555.9405
4331,2.3,0.24,1.2,1.38,0.8,303290.6976,148502.3243
4332,0.3,0.38,1.2,1.38,0.2,255840.2703,139147.1592
4333,0.3,0.52,0.54,1.06,0.4,200726.7881,150198.0105
4334,2.8,0.52,1.2,0.1,0.2,179167.7395,117457.6791
4335,1.3,0.24,0.54,1.7,0.6,295673.3984,146054.6942
4336,1.3,0.52,0.54,1.38,0.6,246711.9929,169156.4199
4337,0.8,0.1,0.32,0.42,0.8,179032.2829,98925.15736
4338,2.8,0.52,0.1,0.1,0.4,148601.2512,123330.2075
4339,0.8,0.66,0.32,1.7,0.4,250532.1756,173482.1848
4340,0.8,0.52,0.1,1.7,0.6,247947.2426,172829.5199
4341,2.3,0.38,0.32,0.1,0.8,142826.1324,130001.6403
4342,2.3,0.52,0.1,1.38,0.4,267748.2571,154945.2328
4343,0.3,0.52,0.76,0.1,0.4,102400.792,128463.071
4344,2.3,0.66,0.1,1.7,0.8,265205.2578,200226.7606
4345,0.8,0.52,0.32,1.38,0.2,245052.2394,143509.1609
4346,1.3,0.66,0.32,1.38,0.2,249524.4745,152335.7463
4347,1.8,0.8,0.1,1.06,0.8,193925.6645,206189.8187
4348,0.8,0.1,1.2,0.42,0.2,201490.6047,97105.13734
4349,0.8,0.52,0.32,1.38,0.6,229354.099,168030.6258
4350,2.3,0.52,0.54,0.1,0.6,140049.7859,138815.9142
4351,2.3,0.52,1.2,1.38,0.2,296616.6177,149693.8592
4352,1.8,0.38,1.2,1.7,0.8,300171.4958,172547.3423
4353,2.8,0.24,1.2,0.74,0.2,271166.5172,118208.5418
4354,2.8,0.1,1.2,1.06,0.6,307855.5557,120583.405
4355,1.8,0.52,1.2,0.1,0.8,135491.2969,154542.4535
4356,0.8,0.38,1.2,0.42,0.6,167781.5455,135168.254
4357,1.8,0.1,0.98,1.38,0.2,311839.8632,122393.6101
4358,2.3,0.24,0.32,0.74,0.2,245007.9279,112489.985
4359,2.8,0.66,0.98,0.42,0.4,195642.6276,149097.5541
4360,2.8,0.24,0.32,0.1,0.2,182892.676,94231.73789
4361,2.3,0.1,0.54,0.1,0.8,183240.5668,90372.50078
4362,2.8,0.8,1.2,0.42,0.4,189929.3994,161784.0244
4363,1.3,0.38,0.32,1.38,0.4,260946.849,143957.1732
4364,1.3,0.8,0.32,1.38,0.6,221358.1936,196609.4402
4365,0.3,0.66,0.1,0.1,0.6,72606.88815,155082.7816
4366,1.3,0.24,0.1,0.42,0.8,169455.2516,117830.367
4367,2.3,0.66,0.1,1.7,0.6,272161.3171,186594.1721
4368,0.8,0.66,0.76,0.42,0.4,146098.6828,148619.6774
4369,2.3,0.1,1.2,1.38,0.8,321619.3235,129052.8879
4370,0.3,0.52,0.98,0.74,0.2,187261.3583,132431.1383
4371,1.3,0.8,0.32,1.38,0.4,230771.9828,178576.0431
4372,0.3,0.1,0.98,1.7,0.2,294971.9398,127156.4891
4373,0.8,0.8,0.54,1.38,0.4,222573.3876,180119.6362
4374,2.8,0.66,0.32,0.42,0.4,182927.9148,145373.6759
4375,0.3,0.38,0.32,0.74,0.8,165450.2679,147907.4454
4376,0.8,0.8,0.1,1.38,0.4,213055.0997,177498.5902
4377,0.8,0.52,0.32,0.42,0.2,155038.0151,120566.6289
4378,2.3,0.66,0.76,1.38,0.8,255314.839,198141.6533
4379,1.8,0.24,0.98,1.38,0.4,296401.5568,136927.7139
4380,0.8,0.52,0.54,1.06,0.2,223342.3975,137759.4163
4381,2.8,0.66,0.32,0.1,0.8,128387.2219,167396.8329
4382,0.8,0.66,0.54,1.7,0.8,239305.3109,204572.0018
4383,2.8,0.52,0.54,1.06,0.6,253021.8066,162646.8468
4384,0.8,0.24,0.54,1.38,0.8,255642.3175,144353.7519
4385,0.3,0.24,0.76,0.1,0.6,119168.2331,107847.7286
4386,1.3,0.24,1.2,1.06,0.6,257861.7539,135566.4916
4387,2.8,0.66,0.54,0.74,0.6,212227.4696,169524.7993
4388,0.8,0.66,0.98,0.74,0.4,183691.1244,157260.4949
4389,0.3,0.1,0.76,0.42,0.8,172336.3238,101956.8401
4390,2.3,0.24,0.54,1.06,0.8,266125.0744,137697.7458
4391,0.8,0.38,0.54,0.74,0.4,196302.1339,130144.752
4392,0.3,0.66,1.2,1.06,0.8,187584.3697,197323.0229
4393,0.8,0.1,0.1,0.42,0.2,180365.138,90440.8727
4394,0.3,0.38,0.1,0.1,0.4,98080.07194,110685.6438
4395,0.3,0.38,0.1,1.38,0.6,222351.3123,151437.9541
4396,1.8,0.24,0.1,1.38,0.2,284038.2988,126128.0931
4397,2.8,0.52,0.76,0.42,0.2,210838.1986,124355.4115
4398,0.8,0.8,0.98,0.42,0.8,126349.3166,200790.4388
4399,0.3,0.52,0.98,1.7,0.4,258485.7912,165706.2013
4400,1.8,0.1,0.32,0.42,0.4,209536.1056,95401.93664
4401,2.8,0.38,0.1,1.06,0.2,269733.4429,128407.0574
4402,2.3,0.66,0.54,0.42,0.2,187423.5867,131461.6358
4403,1.8,0.66,1.2,0.42,0.8,162803.8968,180902.5269
4404,2.8,0.66,0.1,0.42,0.8,162000.0606,173744.4617
4405,1.3,0.66,0.1,1.7,0.4,258459.7861,172074.0835
4406,2.3,0.1,0.98,0.1,0.2,196785.0597,87803.23571
4407,0.3,0.24,0.98,0.1,0.8,119175.031,115361.0212
4408,0.3,0.66,0.32,0.1,0.2,93380.62749,122211.579
4409,0.8,0.52,0.98,1.06,0.2,231324.7402,140208.596
4410,1.8,0.66,0.32,0.74,0.4,195703.8392,153221.2069
4411,0.3,0.24,1.2,1.06,0.2,239209.2554,123022.6612
4412,2.3,0.24,0.54,1.7,0.8,315131.5951,151681.7915
4413,2.3,0.1,1.2,1.7,0.8,344236.5381,135993.7806
4414,1.3,0.66,0.98,0.42,0.2,172480.5485,133643.3705
4415,2.3,0.52,0.76,0.1,0.4,152353.1034,127297.1255
4416,1.3,0.66,0.1,1.7,0.2,267943.2416,157369.0091
4417,0.8,0.24,1.2,1.7,0.8,290225.3914,154486.292
4418,1.3,0.52,0.54,1.06,0.8,214072.5947,174037.7542
4419,1.3,0.66,1.2,0.1,0.4,127719.6586,142467.5592
4420,1.3,0.24,0.76,1.06,0.4,255117.6014,127532.3757
4421,2.8,0.66,0.1,1.06,0.6,232451.8001,173950.4858
4422,0.8,0.1,0.1,0.1,0.8,134062.6325,87808.13033
4423,0.8,0.8,0.98,1.38,0.8,213577.6499,218711.3292
4424,2.8,0.66,0.76,1.06,0.6,246039.0534,177794.7195
4425,1.3,0.24,0.32,0.1,0.6,138488.2254,104712.3814
4426,0.8,0.52,0.98,0.74,0.4,193369.1445,145149.6055
4427,1.3,0.24,0.98,0.42,0.6,190900.6271,117897.3754
4428,2.3,0.8,1.2,1.7,0.6,282659.7093,206099.1093
4429,2.3,0.1,0.98,0.1,0.4,194656.8842,89877.49496
4430,2.8,0.8,0.98,1.38,0.2,286541.8064,165097.1972
4431,1.3,0.66,0.32,1.38,0.8,224109.6929,196810.6081
4432,0.8,0.24,1.2,0.1,0.2,151147.5583,97348.73129
4433,1.3,0.52,0.98,1.7,0.4,285466.7835,165890.1231
4434,2.3,0.66,0.54,1.38,0.6,258146.9437,183177.9681
4435,1.3,0.66,0.1,1.38,0.4,235007.2215,165858.8594
4436,2.8,0.52,0.32,0.1,0.2,162762.5222,112443.2963
4437,1.8,0.66,0.98,1.06,0.2,247701.2868,149383.6037
4438,0.3,0.52,0.54,1.38,0.6,219763.4885,169594.7254
4439,2.3,0.52,0.76,1.38,0.2,289430.5512,147438.0626
4440,1.3,0.1,0.1,0.74,0.6,223905.662,104449.2923
4441,2.8,0.8,0.54,0.42,0.8,161214.9719,194238.4536
4442,2.3,0.66,0.32,1.38,0.4,262604.9101,167348.2414
4443,2.8,0.1,0.76,1.38,0.6,326155.2277,125894.6508
4444,1.3,0.66,0.1,0.74,0.6,170147.1409,167684.2793
4445,1.3,0.8,0.32,1.06,0.8,187425.1401,208413.8635
4446,1.8,0.38,0.76,0.74,0.8,213802.0137,149595.2616
4447,2.3,0.1,1.2,0.1,0.6,196331.2989,92691.29867
4448,1.8,0.1,0.54,0.74,0.6,245714.0626,107728.7106
4449,2.3,0.38,0.54,0.42,0.4,198521.8951,122840.1717
4450,1.8,0.1,0.76,1.06,0.2,282636.1686,113531.2782
4451,2.8,0.1,0.32,1.06,0.2,295932.3495,112342.1897
4452,0.3,0.38,0.76,1.38,0.6,235977.2365,155416.9775
4453,0.8,0.38,0.98,0.42,0.2,177265.627,114855.1651
4454,0.8,0.8,0.1,0.42,0.2,133703.7794,137812.6174
4455,2.3,0.8,0.54,1.06,0.6,221811.474,190814.1009
4456,2.3,0.8,0.1,0.74,0.4,192318.3827,163378.257
4457,1.8,0.52,0.1,1.7,0.8,266333.6158,183695.2274
4458,2.8,0.66,0.1,0.74,0.6,202667.0353,166873.4368
4459,2.8,0.1,0.54,0.74,0.2,271474.7133,105288.2243
4460,0.8,0.66,0.32,1.38,0.6,218599.8,182705.4895
4461,2.3,0.1,0.76,1.38,0.6,315799.1975,125409.9858
4462,0.8,0.24,0.76,0.1,0.6,134005.709,107541.7922
4463,2.8,0.66,0.32,0.74,0.8,200860.8301,182300.0706
4464,0.3,0.38,1.2,0.1,0.2,126755.4623,107107.1384
4465,1.3,0.52,1.2,0.74,0.8,196022.4726,170481.1939
4466,2.3,0.8,1.2,0.74,0.6,203877.3895,187480.5592
4467,0.8,0.66,0.1,1.7,0.2,255028.6763,157102.7871
4468,1.3,0.24,0.1,1.7,0.4,290856.1756,137693.325
4469,1.3,0.1,0.1,1.7,0.2,305814.7004,123306.3722
4470,0.3,0.8,1.2,0.42,0.6,123748.7165,183937.5447
4471,2.3,0.66,0.54,0.74,0.6,202212.6112,169656.9125
4472,2.3,0.24,0.76,1.7,0.8,319142.0952,152925.0836
4473,2.8,0.66,0.98,0.1,0.2,166720.2433,125265.5222
4474,0.3,0.52,0.32,1.06,0.2,204361.5434,136177.2714
4475,2.8,0.1,0.1,0.74,0.4,260332.4163,104309.9113
4476,2.3,0.66,0.76,0.1,0.4,142488.863,139548.0635
4477,2.8,0.38,0.98,0.74,0.2,257631.3646,125635.5727
4478,2.3,0.66,0.98,0.42,0.6,176547.872,164535.6045
4479,2.3,0.38,0.1,1.7,0.4,301728.2578,150404.9457
4480,0.3,0.8,0.1,1.7,0.8,205666.9443,220639.3975
4481,2.3,0.1,0.32,1.06,0.2,285494.351,111586.0309
4482,2.8,0.8,0.98,1.7,0.2,309566.2219,171428.2824
4483,1.3,0.38,1.2,0.42,0.6,180828.4813,134978.8692
4484,1.3,0.52,0.1,0.42,0.6,146910.5287,144832.4497
4485,0.3,0.8,0.32,0.74,0.2,158414.4609,146946.0136
4486,0.3,0.52,0.98,1.7,0.6,251215.5938,178042.7042
4487,1.3,0.66,0.98,1.38,0.8,236612.1422,200330.225
4488,0.3,0.24,1.2,1.38,0.4,260680.1082,136377.619
4489,0.3,0.24,0.76,0.74,0.6,192926.0887,125052.125
4490,1.3,0.8,0.98,0.74,0.2,198208.6634,150413.6245
4491,0.3,0.24,0.32,1.7,0.6,263811.7492,144169.4413
4492,2.3,0.8,0.76,0.42,0.4,172375.0321,159724.0423
4493,1.3,0.24,0.32,1.38,0.6,268092.7573,137958.1262
4494,1.8,0.38,1.2,0.74,0.6,226148.8427,143700.0852
4495,1.3,0.52,0.98,1.38,0.6,254638.2204,171514.9236
4496,2.8,0.24,0.98,1.06,0.6,287164.8599,135924.4036
4497,2.3,0.38,0.32,1.38,0.6,276903.7828,153773.8108
4498,1.8,0.1,0.54,0.42,0.4,214035.0422,96814.76406
4499,0.3,0.52,0.1,1.7,0.4,241162.9747,160626.3009
4500,0.3,0.8,0.1,0.42,0.8,95541.63643,197926.0136
4501,0.8,0.1,0.1,1.06,0.6,239683.0916,112482.7756
4502,2.3,0.24,0.32,1.7,0.4,318197.7793,140540.8411
4503,0.8,0.66,0.54,1.38,0.8,215907.7253,198897.392
4504,0.3,0.52,0.54,1.38,0.2,235205.8002,144553.0839
4505,1.3,0.66,0.54,1.06,0.6,209521.2035,177183.1186
4506,2.3,0.8,0.98,1.38,0.6,255933.3406,199310.5429
4507,1.3,0.1,0.1,0.1,0.6,150364.0995,85522.3487
4508,1.3,0.24,0.98,0.42,0.2,200524.2935,106040.8286
4509,2.3,0.66,0.32,0.74,0.6,197634.3789,168368.1859
4510,2.3,0.66,0.32,0.74,0.6,197634.3789,168368.1859
4511,2.8,0.38,0.98,0.42,0.4,216952.3387,125696.0097
4512,0.8,0.24,0.76,0.74,0.8,203743.0992,130629.1202
4513,1.8,0.66,0.76,0.42,0.4,170645.8185,148008.5432
4514,0.3,0.24,1.2,0.74,0.8,196291.7891,133373.3881
4515,1.3,0.38,0.1,0.1,0.2,133188.0426,100552.6373
4516,0.3,0.8,0.98,0.42,0.2,137843.6086,143313.4642
4517,2.8,0.8,0.1,1.38,0.4,258406.0689,177020.1685
4518,1.8,0.24,0.54,1.38,0.8,280835.5843,144772.0266
4519,0.3,0.24,1.2,1.06,0.4,234558.3907,129071.2536
4520,1.8,0.66,1.2,0.1,0.2,149000.5536,126220.9633
4521,2.3,0.1,0.54,1.7,0.2,337879.8767,127687.9557
4522,2.8,0.8,0.76,0.74,0.2,227384.2413,149641.5836
4523,2.8,0.66,0.1,1.7,0.4,291076.9025,172446.2774
4524,2.8,0.24,1.2,1.7,0.4,343645.1644,146029.2519
4525,1.3,0.38,1.2,1.06,0.8,239284.9059,158919.1312
4526,0.8,0.66,0.1,0.1,0.8,79852.99413,170172.7782
4527,2.8,0.1,0.76,0.1,0.4,201691.9032,89167.48521
4528,1.8,0.1,0.54,0.74,0.6,245714.0626,107728.7106
4529,2.3,0.38,0.1,0.1,0.4,149331.6751,110775.705
4530,1.8,0.66,0.32,1.7,0.4,275074.4156,173490.4779
4531,1.8,0.1,0.32,0.74,0.8,239683.9966,107959.2797
4532,0.3,0.24,1.2,0.42,0.2,175754.8027,106384.3004
4533,0.3,0.1,0.1,0.1,0.4,122614.2782,83042.92978
4534,2.3,0.52,0.76,0.1,0.2,161171.9433,114831.0712
4535,0.8,0.24,0.98,0.1,0.6,137981.9723,108771.3455
4536,2.3,0.38,0.54,0.74,0.4,232382.1813,131378.2603
4537,1.3,0.38,0.54,0.74,0.8,197947.524,147992.4138
4538,0.3,0.1,0.1,0.1,0.4,122614.2782,83042.92978
4539,0.3,0.38,0.76,1.7,0.6,259421.0483,161803.687
4540,2.3,0.8,0.76,0.74,0.4,206116.422,167241.3114
4541,1.3,0.24,0.32,1.7,0.4,295646.3813,139130.6425
4542,1.8,0.24,0.32,0.74,0.8,220642.964,128238.5545
4543,2.8,0.38,0.54,1.38,0.6,291383.506,155424.7436
4544,2.3,0.24,0.98,1.06,0.2,286387.4825,124600.9794
4545,0.8,0.1,0.98,1.7,0.2,309426.2435,127869.0429
4546,1.3,0.66,0.98,0.1,0.2,133440.8273,125197.4376
4547,1.8,0.66,0.54,1.06,0.4,229992.4616,161808.365
4548,0.8,0.8,0.76,0.1,0.4,99608.32903,153690.9607
4549,2.3,0.66,1.2,0.74,0.4,222825.0925,158007.9157
4550,2.3,0.8,0.32,0.74,0.4,197337.0693,164738.7707
4551,2.8,0.24,0.1,1.7,0.8,316344.8412,149277.9987
4552,1.8,0.24,0.32,0.42,0.4,194980.0077,108725.0116
4553,2.8,0.1,0.1,0.1,0.2,190204.1819,82936.48416
4554,0.3,0.1,0.76,0.1,0.8,132433.2373,92583.99888
4555,1.8,0.52,1.2,1.7,0.8,286973.6411,189672.3296
4556,2.3,0.38,1.2,0.1,0.8,159412.4617,134906.7231
4557,1.3,0.66,1.2,0.74,0.6,191548.0344,173721.4839
4558,1.3,0.38,0.76,0.74,0.8,202152.0052,149241.8033
4559,0.8,0.8,1.2,0.1,0.8,93901.29735,195384.5956
4560,0.3,0.52,0.32,0.1,0.2,101082.9221,112277.8284
4561,1.8,0.1,1.2,0.1,0.4,186484.2239,90579.18473
4562,2.8,0.52,0.98,0.74,0.4,239555.0574,145730.7219
4563,2.3,0.52,1.2,1.7,0.6,303659.4409,179001.8884
4564,0.8,0.66,0.32,0.74,0.8,155622.7366,185149.0674
4565,0.3,0.8,0.54,0.1,0.2,91243.89731,133400.152
4566,1.3,0.1,1.2,0.74,0.2,248626.7007,106781.4014
4567,0.3,0.24,0.32,1.38,0.8,236379.1179,143282.5974
4568,2.8,0.1,0.54,1.38,0.8,321112.2132,125746.721
4569,0.8,0.52,0.1,0.74,0.4,175602.9008,139979.3827
4570,0.3,0.24,1.2,1.06,0.6,230123.0428,135192.9885
4571,0.3,0.38,0.54,1.7,0.8,249896.8915,169474.895
4572,1.8,0.66,0.54,0.74,0.6,191448.9448,169915.8368
4573,1.8,0.8,0.32,0.1,0.4,113975.6203,149719.8555
4574,0.8,0.8,0.98,1.38,0.8,213577.6499,218711.3292
4575,1.8,0.38,0.98,1.38,0.8,273487.2288,165128.3179
4576,1.8,0.38,0.98,0.74,0.2,236112.9621,124551.6291
4577,2.3,0.66,0.32,1.38,0.8,246705.4141,195718.4757
4578,2.3,0.66,0.1,0.42,0.8,151940.9009,174261.9693
4579,0.3,0.24,0.32,1.06,0.6,214048.3915,130233.1902
4580,2.3,0.66,0.54,0.74,0.8,195332.6838,183975.1128
4581,0.3,0.1,0.76,0.1,0.4,136771.8515,87306.64121
4582,1.3,0.1,1.2,0.74,0.4,246573.1385,109022.5294
4583,2.3,0.1,0.1,0.74,0.6,247948.0449,105247.5241
4584,0.3,0.24,1.2,1.06,0.2,239209.2554,123022.6612
4585,0.3,0.1,1.2,0.42,0.2,186403.5304,96603.20886
4586,1.3,0.24,0.32,1.7,0.6,291274.5308,144708.8533
4587,1.3,0.38,0.54,0.42,0.8,163934.2526,140025.1927
4588,2.8,0.66,0.32,1.7,0.8,280133.9493,201265.988
4589,1.8,0.8,0.98,0.74,0.2,210055.2565,150467.5858
4590,2.3,0.8,1.2,1.06,0.2,253997.0513,159069.5134
4591,0.3,0.66,0.32,0.1,0.6,77869.6934,156389.7612
4592,2.8,0.1,0.76,1.38,0.6,326155.2277,125894.6508
4593,1.3,0.66,0.54,1.38,0.4,244445.672,168532.4607
4594,2.3,0.38,1.2,0.1,0.8,159412.4617,134906.7231
4595,1.8,0.66,0.32,1.7,0.2,284594.3664,159093.6925
4596,2.8,0.1,0.76,0.74,0.8,270708.9532,111039.6516
4597,1.8,0.52,0.76,0.42,0.4,180558.0211,136010.4599
4598,2.8,0.24,0.54,0.74,0.6,250050.6423,125391.3528
4599,2.8,0.52,0.32,0.74,0.4,227077.5008,141966.8939
4600,2.3,0.52,0.98,1.7,0.2,316111.4006,155209.6502
4601,1.3,0.1,0.54,1.7,0.2,314883.5289,126132.1471
4602,2.8,0.8,1.2,0.1,0.2,162198.3883,135322.1567
4603,0.3,0.38,0.54,1.7,0.4,261306.1408,151360.0106
4604,0.3,0.38,1.2,1.7,0.2,279027.4108,145796.529
4605,0.8,0.38,0.54,0.74,0.8,184639.5941,148480.7501
4606,1.8,0.8,1.2,0.1,0.2,141176.6287,135459.2541
4607,2.3,0.52,1.2,0.74,0.6,224824.9278,158649.7392
4608,2.8,0.52,1.2,1.38,0.2,306722.097,150189.0899
4609,0.8,0.38,0.76,1.06,0.2,236884.053,130004.9515
4610,1.3,0.38,0.32,1.06,0.8,223239.6847,154107.8948
4611,2.8,0.66,0.54,0.42,0.2,197768.8403,131722.5309
4612,1.3,0.1,0.1,0.1,0.8,148487.7136,87511.80594
4613,2.3,0.24,0.32,1.06,0.8,261677.2019,136343.6787
4614,0.3,0.52,0.1,0.1,0.6,81335.86371,138337.886
4615,0.3,0.66,0.98,1.38,0.4,225508.1498,171161.3342
4616,1.8,0.66,0.98,0.74,0.6,199541.1702,172258.722
4617,1.8,0.38,0.76,0.42,0.6,184802.3487,133157.4253
4618,1.8,0.38,0.32,1.06,0.8,234874.7653,154510.6555
4619,2.3,0.24,0.76,0.74,0.4,248695.2116,120746.4558
4620,2.8,0.52,1.2,1.06,0.6,264425.9455,166092.3655
4621,0.8,0.38,1.2,1.06,0.2,244214.149,132321.4479
4622,2.3,0.66,1.2,0.74,0.6,213843.895,173062.0655
4623,0.8,0.8,0.98,1.7,0.4,253912.1124,188361.9964
4624,1.8,0.1,0.54,1.7,0.8,321898.2515,132235.6025
4625,2.8,0.1,0.76,0.1,0.6,199819.2811,90623.06722
4626,1.8,0.38,0.76,1.7,0.2,310494.9193,145413.9829
4627,0.3,0.1,0.54,1.38,0.8,258076.702,125077.824
4628,1.8,0.52,0.98,0.42,0.8,170562.0165,161439.8096
4629,1.8,0.1,1.2,1.7,0.2,337842.394,130505.1424
4630,1.3,0.8,0.1,0.42,0.8,120200.4976,194623.9442
4631,0.8,0.24,0.76,0.42,0.6,173625.6993,116619.8233
4632,2.3,0.66,0.32,1.06,0.4,236398.5339,160562.9657
4633,0.8,0.38,0.54,1.7,0.6,269524.9307,160613.3315
4634,2.3,0.52,0.1,1.06,0.8,227568.8019,170736.5004
4635,2.3,0.66,1.2,1.06,0.8,236492.276,194023.758
4636,2.3,0.8,0.98,1.7,0.2,299556.1948,171127.4693
4637,0.3,0.66,0.32,1.06,0.6,178356.9944,176957.7979
4638,0.3,0.1,0.54,1.06,0.2,238234.3985,110078.1866
4639,1.8,0.52,0.76,0.74,0.4,214464.7362,144128.3228
4640,2.8,0.38,0.32,1.06,0.2,274557.055,129850.9245
4641,2.3,0.24,0.1,0.74,0.2,240150.945,111019.8904
4642,2.8,0.38,0.32,0.1,0.4,164947.8192,112491.5453
4643,0.8,0.38,0.54,1.7,0.8,264315.4985,168971.4036
4644,2.8,0.1,0.32,0.74,0.6,263396.6924,107183.8102
4645,2.3,0.24,0.98,1.7,0.8,322835.0614,154083.8903
4646,2.3,0.8,0.54,1.7,0.6,271332.2376,202826.1259
4647,1.3,0.38,0.32,0.42,0.4,170956.2611,120548.2639
4648,1.3,0.8,0.54,1.38,0.4,235293.7044,179852.3545
4649,2.8,0.24,0.1,1.38,0.8,293293.6123,142548.1382
4650,0.8,0.38,0.76,0.1,0.6,120882.4013,124358.6282
4651,1.3,0.1,0.76,0.42,0.8,201900.8747,101536.9051
4652,2.8,0.24,1.2,0.42,0.4,232891.0872,114792.2189
4653,1.3,0.1,1.2,0.1,0.4,173819.2919,90122.0667
4654,1.8,0.1,0.98,1.38,0.6,308262.5285,126172.9235
4655,2.8,0.1,1.2,1.7,0.4,357258.5878,133818.2766
4656,0.3,0.1,0.98,0.42,0.8,176241.4941,103198.8598
4657,1.8,0.38,1.2,0.1,0.2,166766.8465,107714.8204
4658,0.3,0.1,0.76,1.7,0.4,289206.4115,128438.5565
4659,0.8,0.8,0.76,1.38,0.4,226739.0234,181315.8754
4660,1.3,0.1,1.2,0.42,0.4,213050.7605,99979.55087
4661,2.3,0.66,0.76,1.06,0.6,236062.546,177871.0108
4662,2.8,0.38,0.76,0.42,0.6,206129.1016,133449.9579
4663,1.8,0.66,0.32,0.1,0.6,114269.5177,153502.3961
4664,2.3,0.8,0.54,1.38,0.8,240263.2848,213876.0363
4665,2.3,0.24,0.76,0.74,0.4,248695.2116,120746.4558
4666,0.3,0.24,0.98,0.74,0.8,192699.9817,132251.3437
4667,2.8,0.1,0.98,1.06,0.2,307963.9066,116226.8511
4668,1.3,0.38,0.76,0.42,0.4,179806.6407,123202.3138
4669,2.8,0.66,0.76,0.74,0.2,235668.3814,141249.7589
4670,2.8,0.8,0.76,0.42,0.2,193680.3962,141629.181
4671,2.3,0.8,1.2,1.06,0.6,233351.1576,194132.3957
4672,1.3,0.66,0.32,0.42,0.2,159661.5735,129849.2739
4673,0.3,0.38,0.54,1.7,0.8,249896.8915,169474.895
4674,1.3,0.24,0.76,1.38,0.4,281045.971,134940.474
4675,0.3,0.24,0.76,1.38,0.8,245014.1305,145891.9667
4676,1.8,0.66,0.76,0.42,0.8,155236.5429,178733.4827
4677,0.8,0.24,0.98,1.38,0.4,271670.1913,135664.7071
4678,0.3,0.66,0.76,0.74,0.4,165712.0724,156493.2139
4679,2.8,0.24,0.1,0.42,0.6,206861.3307,113756.5627
4680,2.8,0.38,0.32,1.06,0.2,274557.055,129850.9245
4681,2.3,0.38,0.1,0.74,0.2,229996.049,119751.4303
4682,2.3,0.66,0.1,0.42,0.2,177786.1362,128697.6242
4683,1.8,0.1,0.54,0.42,0.4,214035.0422,96814.76406
4684,2.8,0.38,0.32,0.1,0.4,164947.8192,112491.5453
4685,1.3,0.1,0.54,1.06,0.8,260907.9747,117493.2683
4686,0.3,0.1,0.76,1.7,0.2,291250.207,125955.617
4687,2.8,0.24,0.1,1.38,0.8,293293.6123,142548.1382
4688,1.3,0.8,0.32,1.38,0.8,213522.9363,214204.9434
4689,2.3,0.1,0.76,1.38,0.6,315799.1975,125409.9858
4690,2.3,0.38,0.32,0.1,0.8,142826.1324,130001.6403
4691,0.8,0.24,0.76,0.1,0.8,130139.2004,113314.2903
4692,2.3,0.66,0.54,0.74,0.4,211235.8324,154538.8543
4693,0.3,0.1,0.54,0.42,0.6,170233.219,98097.10731
4694,2.8,0.24,0.76,1.38,0.6,309193.44,142120.0677
4695,1.8,0.24,0.1,1.7,0.4,302467.9618,138515.6456
4696,0.8,0.1,0.76,1.7,0.2,305729.6106,126672.5184
4697,1.8,0.66,0.32,1.38,0.4,251733.8167,167249.5715
4698,0.8,0.24,0.1,1.06,0.8,219912.8454,134366.6958
4699,0.3,0.38,1.2,0.42,0.2,166217.231,115848.6543
4700,1.3,0.66,0.32,0.74,0.2,193605.4262,137869.2516
4701,2.8,0.52,0.98,1.38,0.4,294940.4718,160372.975
4702,0.3,0.66,0.54,0.1,0.8,77177.20157,174475.0634
4703,2.3,0.8,1.2,1.7,0.6,282659.7093,206099.1093
4704,2.3,0.66,0.1,0.74,0.6,192615.2138,167008.6428
4705,2.8,0.24,0.32,0.1,0.2,182892.676,94231.73789
4706,1.3,0.52,1.2,0.74,0.4,209982.4582,146217.3141
4707,0.3,0.52,1.2,1.38,0.2,246677.634,148083.5142
4708,1.3,0.24,0.98,1.7,0.6,303432.9973,148481.5906
4709,1.8,0.24,0.54,1.7,0.6,307182.4045,146709.6023
4710,2.3,0.24,0.32,1.7,0.2,322683.6734,135198.333
4711,1.8,0.8,0.54,0.42,0.6,148129.5582,177677.8415
4712,1.3,0.8,0.98,1.06,0.6,207754.3718,194029.6824
4713,1.3,0.24,0.1,0.74,0.6,207308.1869,121173.1715
4714,0.8,0.24,0.1,1.06,0.2,233033.9289,117084.7205
4715,0.3,0.52,0.98,0.1,0.2,114236.0416,116121.0235
4716,0.3,0.1,0.32,0.42,0.4,167828.6241,94077.47475
4717,0.3,0.38,0.32,0.74,0.8,165450.2679,147907.4454
4718,1.3,0.66,1.2,1.06,0.2,239348.0747,150222.2844
4719,2.8,0.66,0.54,1.7,0.2,309919.4033,161197.7881
4720,1.8,0.8,0.54,1.06,0.2,231608.4059,155413.2386
4721,2.3,0.66,0.32,1.06,0.2,246291.771,145951.8829
4722,2.8,0.1,0.1,1.06,0.6,287614.481,114117.5541
4723,2.8,0.52,1.2,0.1,0.8,156471.721,153541.8765
4724,1.8,0.1,1.2,1.38,0.6,311684.8442,127289.6947
4725,2.8,0.66,0.32,0.42,0.4,182927.9148,145373.6759
4726,0.8,0.8,0.32,0.1,0.6,82897.401,171368.2576
4727,1.3,0.66,0.54,1.7,0.2,277241.2979,160083.2297
4728,0.8,0.8,0.98,0.74,0.2,185321.1322,150465.7895
4729,1.8,0.24,0.32,0.1,0.8,146959.6871,110384.8729
4730,1.8,0.8,0.76,0.1,0.6,114445.5809,171603.842
4731,1.3,0.8,0.54,1.7,0.8,241350.1508,220842.256
4732,1.8,0.24,0.32,1.7,0.6,302803.9918,145367.2362
4733,2.8,0.1,1.2,1.06,0.8,306758.2366,121722.1235
4734,1.8,0.66,0.98,1.38,0.6,255347.4344,185639.7603
4735,1.3,0.1,1.2,1.7,0.2,325952.8482,129717.42
4736,0.3,0.38,0.76,1.38,0.6,235977.2365,155416.9775
4737,2.3,0.52,1.2,1.06,0.6,254406.919,165978.761
4738,1.3,0.38,1.2,1.06,0.6,244355.8113,150723.6924
4739,1.3,0.38,0.98,1.7,0.6,290230.4186,163095.8078
4740,0.3,0.52,0.54,1.38,0.4,227097.463,157011.1909
4741,2.3,0.24,0.98,1.06,0.6,277019.0935,135455.5682
4742,2.3,0.38,0.76,1.38,0.6,285404.6475,156341.183
4743,0.3,0.66,0.1,0.42,0.2,127186.9391,128731.1062
4744,1.8,0.24,0.76,0.42,0.8,195386.1511,122323.0968
4745,1.8,0.38,0.76,1.38,0.6,274549.6621,156110.9178
4746,2.3,0.24,0.32,0.42,0.4,206371.4169,109195.9623
4747,2.8,0.38,0.98,1.7,0.8,317949.7981,171617.9796
4748,2.3,0.1,0.98,1.06,0.4,295684.6836,117442.2622
4749,0.8,0.1,0.1,1.06,0.8,237788.0913,114613.3384
4750,0.3,0.8,0.1,0.74,0.8,127583.3434,203929.5131
4751,1.3,0.38,0.32,0.74,0.8,193364.3386,146661.1856
4752,2.3,0.66,0.32,0.1,0.8,118532.7993,168046.4511
4753,0.3,0.52,0.54,1.38,0.6,219763.4885,169594.7254
4754,0.3,0.24,0.1,0.1,0.8,100774.6146,110052.776
4755,1.8,0.8,1.2,0.42,0.2,179967.2823,143728.6518
4756,1.8,0.52,0.76,1.7,0.6,285757.2798,176738.0682
4757,0.3,0.38,1.2,1.38,0.4,249363.4259,148350.6765
4758,0.8,0.8,1.2,0.1,0.4,107342.7672,155901.9463
4759,0.3,0.52,0.54,1.38,0.6,219763.4885,169594.7254
4760,2.8,0.38,0.32,1.06,0.4,267666.2023,138359.9247
4761,2.8,0.52,0.76,0.42,0.4,201933.8607,136298.1488
4762,0.8,0.66,0.1,0.1,0.6,85639.43582,153869.607
4763,0.3,0.52,0.32,1.38,0.4,222566.0577,155691.8353
4764,0.8,0.66,1.2,1.06,0.6,208496.7747,181022.0766
4765,1.8,0.38,0.54,0.74,0.6,214578.9125,140152.8144
4766,0.3,0.38,0.1,1.38,0.4,228463.3639,142049.1345
4767,2.3,0.1,0.98,0.1,0.6,192760.9553,91519.013
4768,2.8,0.8,0.76,0.42,0.8,165463.5877,195396.8261
4769,2.8,0.1,0.54,0.74,0.6,267800.0253,108578.2165
4770,1.3,0.52,0.1,1.38,0.2,253216.2494,142455.3384
4771,2.8,0.1,0.98,0.74,0.6,275589.9916,111100.557
4772,1.8,0.66,0.98,1.7,0.4,287343.422,177116.646
4773,1.8,0.52,0.54,0.42,0.2,185013.7395,122362.2729
4774,1.8,0.24,0.76,1.06,0.4,266850.4874,128319.2907
4775,2.8,0.24,0.32,1.7,0.4,328304.5223,141174.8185
4776,2.8,0.24,0.54,0.74,0.2,259869.1419,114566.779
4777,2.8,0.8,0.54,0.1,0.2,150326.3523,131779.4707
4778,0.8,0.52,0.98,0.1,0.6,113430.2647,142489.6643
4779,2.3,0.1,0.54,0.74,0.4,258970.6864,106551.1456
4780,0.8,0.1,0.1,0.1,0.2,140559.6196,80607.51838
4781,2.3,0.8,0.98,1.06,0.8,222152.4282,210180.9727
4782,0.3,0.24,0.54,0.1,0.8,110801.2004,112852.0433
4783,1.3,0.8,0.76,1.7,0.8,245474.9972,221978.6904
4784,1.3,0.52,0.98,0.1,0.2,141782.7139,115732.1817
4785,2.3,0.66,0.32,0.1,0.4,133469.0612,136983.7629
4786,0.8,0.38,1.2,1.06,0.2,244214.149,132321.4479
4787,2.8,0.1,0.76,1.06,0.4,302405.6727,116884.6329
4788,1.8,0.38,0.76,0.74,0.8,213802.0137,149595.2616
4789,1.8,0.38,0.32,1.38,0.6,266011.369,153541.1723
4790,1.3,0.1,0.76,0.42,0.6,203704.7032,99614.62725
4791,1.3,0.38,0.1,0.74,0.6,193504.6668,136815.6424
4792,0.8,0.52,0.1,1.06,0.6,197945.054,159998.3674
4793,1.3,0.52,0.1,1.38,0.8,230943.787,177903.9259
4794,0.3,0.1,0.98,1.38,0.8,265933.6439,127570.7745
4795,1.3,0.24,0.76,0.42,0.4,191759.0915,110726.1223
4796,2.8,0.1,0.54,1.7,0.6,344756.1886,131609.784
4797,2.3,0.8,0.1,0.1,0.6,110431.8655,167105.8585
4798,2.8,0.24,1.2,0.1,0.2,199079.0392,99369.76457
4799,2.8,0.24,0.1,0.1,0.6,167344.4285,104127.7243
4800,0.3,0.66,1.2,0.1,0.6,94798.81695,161037.3875
4801,1.8,0.8,0.76,1.7,0.8,256988.7094,221171.7331
4802,0.8,0.1,0.76,1.7,0.6,301939.9888,131153.9052
4803,1.3,0.38,0.76,1.7,0.8,281523.5115,169888.476
4804,2.3,0.52,0.98,0.42,0.8,181551.7224,160988.1025
4805,0.3,0.1,0.76,0.74,0.2,212830.8972,103123.1466
4806,2.8,0.1,0.32,0.42,0.4,231912.2873,96564.73458
4807,0.3,0.1,0.1,0.74,0.2,199211.6468,98901.2181
4808,2.8,0.24,0.98,1.06,0.2,296641.7587,125304.2741
4809,0.3,0.38,0.54,1.06,0.2,218187.6504,128335.3537
4810,1.8,0.66,0.1,1.38,0.4,246823.8264,165872.4423
4811,1.8,0.1,0.76,0.42,0.6,216288.7404,99952.13896
4812,0.3,0.8,0.1,0.1,0.6,65295.51651,171586.2421
4813,1.3,0.8,0.98,1.7,0.8,249275.0814,223045.078
4814,2.3,0.8,0.98,1.38,0.8,248198.6926,216093.0612
4815,1.8,0.1,1.2,0.42,0.4,225518.6889,100541.1533
4816,2.8,0.38,0.1,0.74,0.2,240418.3401,120323.2028
4817,1.8,0.24,0.54,1.7,0.4,311602.0361,141298.8252
4818,1.3,0.38,0.76,1.06,0.2,250077.4147,130465.5955
4819,1.8,0.52,1.2,1.38,0.4,277478.2728,160879.3809
4820,2.8,0.1,0.1,1.38,0.2,316612.6453,118590.2109
4821,2.3,0.52,1.2,0.74,0.8,218911.1052,169683.1695
4822,0.8,0.24,0.54,1.06,0.4,237726.0271,125809.2111
4823,1.8,0.1,0.54,1.7,0.8,321898.2515,132235.6025
4824,1.3,0.52,0.98,1.06,0.6,228404.7322,164824.2974
4825,1.8,0.52,0.76,1.7,0.8,279745.1318,187514.0697
4826,2.8,0.52,0.76,0.1,0.4,162660.3932,127373.696
4827,1.8,0.24,0.32,1.06,0.2,263053.5657,120050.0236
4828,0.8,0.1,0.76,0.42,0.6,189794.3713,99451.54111
4829,0.3,0.8,0.32,1.06,0.8,161480.4301,211040.6502
4830,1.8,0.1,0.1,1.38,0.4,293151.1623,119127.3927
4831,1.8,0.24,0.1,0.74,0.6,219154.0109,121763.7659
4832,1.8,0.1,0.98,0.1,0.4,182899.3038,89403.18718
4833,0.8,0.1,1.2,0.42,0.8,195268.5981,104059.195
4834,2.3,0.38,0.98,0.42,0.8,195010.6964,142532.8207
4835,1.8,0.8,0.76,1.38,0.4,251093.9378,180892.654
4836,2.3,0.66,0.1,0.74,0.2,211745.1915,136909.3034
4837,1.8,0.38,0.98,1.7,0.8,296719.9462,171482.2055
4838,0.3,0.1,0.32,1.7,0.8,276838.9453,130607.8222
4839,1.8,0.8,0.76,1.38,0.8,233723.2071,215697.2046
4840,0.3,0.1,0.54,0.42,0.6,170233.219,98097.10731
4841,0.3,0.52,0.98,0.74,0.6,171796.2727,158394.1902
4842,2.8,0.1,0.32,0.42,0.4,231912.2873,96564.73458
4843,1.3,0.66,0.1,1.7,0.6,249834.7378,186932.3132
4844,2.8,0.52,0.54,1.38,0.8,273467.2705,179903.8952
4845,2.8,0.24,0.1,1.7,0.6,319004.8386,144876.3445
4846,2.8,0.38,0.1,1.38,0.4,288772.2205,144210.026
4847,1.3,0.24,0.32,0.74,0.4,216957.8796,116783.6906
4848,0.3,0.52,0.98,0.1,0.8,94380.14866,156853.7112
4849,2.3,0.8,0.76,1.06,0.2,246686.5345,156839.7628
4850,0.3,0.8,0.1,0.74,0.6,134627.3914,184523.8357
4851,1.8,0.66,0.98,1.38,0.4,264112.7985,170902.2614
4852,0.3,0.66,0.98,0.42,0.2,145301.6121,133898.4643
4853,1.8,0.38,0.76,0.1,0.2,159210.6423,105332.0769
4854,2.3,0.8,0.1,1.7,0.2,282517.56,166100.4328
4855,0.3,0.24,0.98,0.42,0.2,172143.6164,105224.835
4856,0.3,0.66,0.1,1.38,0.8,192440.0813,197428.2732
4857,0.3,0.1,0.1,1.7,0.4,275960.0987,124324.5747
4858,0.3,0.24,0.98,0.42,0.2,172143.6164,105224.835
4859,0.8,0.66,0.76,1.7,0.8,243440.4408,205737.0844
4860,0.8,0.24,0.1,0.42,0.8,155732.2048,118141.0751
4861,0.3,0.66,0.32,0.74,0.6,148766.7104,170338.9009
4862,0.3,0.24,0.32,1.38,0.6,240414.2021,137485.2746
4863,2.3,0.24,0.32,0.1,0.4,166951.2959,99514.58152
4864,2.3,0.66,0.76,1.38,0.8,255314.839,198141.6533
4865,0.8,0.52,0.98,1.06,0.8,209157.7577,177038.5701
4866,1.8,0.66,0.1,0.1,0.4,117407.2341,135859.5024
4867,2.8,0.8,0.76,0.74,0.6,206307.3457,184995.4863
4868,0.8,0.66,1.2,1.38,0.6,234674.943,187336.372
4869,2.8,0.8,0.98,0.42,0.8,169379.0106,196488.2116
4870,0.3,0.52,1.2,0.1,0.8,98106.64657,157929.7572
4871,1.8,0.52,0.76,1.7,0.4,293417.4603,165070.9109
4872,0.3,0.8,0.76,0.74,0.6,148657.7607,188234.9709
4873,1.8,0.1,0.98,0.74,0.8,252017.3009,111884.9707
4874,0.3,0.38,1.2,0.42,0.4,159532.3212,125596.8044
4875,1.8,0.24,1.2,0.74,0.6,240075.9084,128208.4903
4876,1.8,0.52,0.98,1.38,0.4,273997.7053,159801.6876
4877,2.3,0.38,0.98,0.1,0.6,160448.7735,125460.1406
4878,0.3,0.38,0.54,0.42,0.4,147656.8094,121975.3565
4879,2.3,0.38,0.76,0.42,0.6,195873.0562,133243.3071
4880,1.8,0.24,0.76,1.38,0.6,288167.6032,141220.1417
4881,1.8,0.52,0.1,0.74,0.6,192742.6578,152514.7293
4882,1.3,0.38,0.98,1.7,0.4,296384.5953,154327.1606
4883,2.3,0.8,0.1,1.06,0.8,204621.1502,205442.6212
4884,1.8,0.38,0.98,1.38,0.8,273487.2288,165128.3179
4885,1.3,0.24,0.32,0.42,0.8,174509.1335,119277.8167
4886,2.3,0.38,1.2,0.74,0.2,250795.3745,126193.6057
4887,0.3,0.8,1.2,0.74,0.4,164712.2914,170941.7263
4888,2.8,0.8,0.54,1.38,0.4,267762.4185,179651.3574
4889,0.8,0.8,0.1,1.38,0.4,213055.0997,177498.5902
4890,0.3,0.8,0.54,1.06,0.2,192706.3857,155320.1979
4891,2.8,0.8,0.98,0.74,0.2,231212.8142,150802.8437
4892,1.8,0.38,0.1,1.7,0.2,297319.0416,141385.2977
4893,0.8,0.38,0.32,0.42,0.8,145989.9951,139329.5206
4894,1.3,0.8,1.2,1.7,0.2,280553.2907,171731.0248
4895,2.8,0.52,1.2,0.1,0.8,156471.721,153541.8765
4896,1.8,0.38,1.2,1.06,0.8,250846.4574,159316.0316
4897,0.3,0.8,0.76,0.74,0.6,148657.7607,188234.9709
4898,1.3,0.8,1.2,0.74,0.6,181928.7475,188580.6387
4899,1.3,0.1,0.76,1.7,0.4,316993.5343,129567.0978
4900,2.8,0.38,0.32,0.42,0.2,211652.7194,112979.779
4901,1.8,0.1,0.54,1.38,0.2,304150.6443,119906.1686
4902,2.8,0.38,0.98,0.1,0.2,185086.1183,107316.6186
4903,0.8,0.52,0.32,0.42,0.8,133052.0959,159292.0733
4904,0.8,0.52,1.2,1.38,0.2,260937.4708,148376.3096
4905,1.8,0.38,0.76,0.42,0.4,191502.0038,123843.7109
4906,2.8,0.1,0.32,0.1,0.6,191119.3061,87871.28057
4907,2.8,0.1,0.1,1.7,0.6,335789.8737,128808.7926
4908,2.8,0.52,1.2,0.74,0.8,229152.4303,169493.5209
4909,1.8,0.38,0.54,1.06,0.2,257610.7645,130052.9318
4910,1.3,0.38,0.32,1.7,0.8,272998.351,167359.9222
4911,0.8,0.38,0.98,1.7,0.4,283439.2246,154019.0989
4912,0.8,0.1,0.98,1.7,0.6,305646.8329,132345.6592
4913,2.3,0.24,1.2,0.1,0.4,183293.8672,104627.1285
4914,2.8,0.52,0.54,0.74,0.8,217590.1632,166066.2411
4915,0.8,0.66,0.54,1.06,0.4,205284.2525,161983.3656
4916,2.3,0.66,0.32,1.38,0.4,262604.9101,167348.2414
4917,1.3,0.66,0.98,0.1,0.2,133440.8273,125197.4376
4918,1.3,0.38,0.98,0.1,0.4,144321.7336,115460.9714
4919,2.3,0.52,0.76,0.74,0.4,225506.178,144303.1092
4920,0.8,0.66,1.2,1.7,0.8,250759.074,207849.9843
4921,0.8,0.8,0.76,1.06,0.8,183788.4303,211947.8158
4922,2.8,0.8,0.32,0.42,0.8,156579.0458,193014.2728
4923,1.3,0.38,0.1,0.1,0.8,114678.0804,128829.8975
4924,2.8,0.24,1.2,0.74,0.2,271166.5172,118208.5418
4925,0.8,0.38,0.98,0.1,0.4,131049.0236,115610.4324
4926,0.3,0.38,0.76,0.1,0.8,101599.7039,134861.8671
4927,1.3,0.52,0.98,1.7,0.8,271705.4764,188882.6057
4928,2.3,0.52,0.76,1.06,0.6,247092.0038,163757.7558
4929,2.3,0.52,0.76,0.42,0.2,200435.2259,123967.0962
4930,1.3,0.8,0.98,0.74,0.6,178321.0186,187539.8878
4931,0.3,0.66,1.2,0.1,0.6,94798.81695,161037.3875
4932,1.8,0.24,0.54,1.7,0.8,303967.2197,151447.3911
4933,1.3,0.38,0.98,1.38,0.6,267000.9082,156637.3458
4934,0.8,0.38,0.32,1.06,0.4,221556.7267,136522.8835
4935,0.8,0.52,0.54,1.06,0.2,223342.3975,137759.4163
4936,2.8,0.8,0.32,1.06,0.4,237111.0022,171778.1577
4937,0.3,0.8,0.32,1.06,0.6,168963.6286,192052.8771
4938,2.3,0.24,0.54,1.38,0.6,295067.382,140368.2015
4939,0.8,0.66,0.98,0.42,0.6,141994.9121,166148.9433
4940,2.8,0.1,1.2,0.42,0.4,247732.8596,101681.4351
4941,1.3,0.24,0.76,1.06,0.4,255117.6014,127532.3757
4942,1.3,0.1,0.32,0.1,0.4,157468.4746,84919.15217
4943,1.8,0.8,0.1,1.7,0.8,243495.1452,217543.5795
4944,1.8,0.24,0.32,1.38,0.6,279693.7588,138603.2589
4945,0.8,0.66,0.1,1.06,0.6,187240.8787,175016.9643
4946,0.8,0.38,0.76,0.1,0.6,120882.4013,124358.6282
4947,0.8,0.66,0.54,1.38,0.2,241059.4414,153430.674
4948,2.8,0.52,0.54,1.7,0.2,318473.0294,153330.3762
4949,2.3,0.1,0.98,0.1,0.6,192760.9553,91519.013
4950,0.8,0.66,0.32,0.74,0.8,155622.7366,185149.0674
4951,2.3,0.8,1.2,0.74,0.4,213548.658,169441.8105
4952,2.3,0.66,0.1,0.1,0.8,113368.1524,166728.159
4953,0.3,0.24,0.54,1.7,0.2,277032.1443,133651.4907
4954,0.8,0.1,0.32,0.1,0.2,145646.6821,82114.5246
4955,0.3,0.52,0.98,0.1,0.6,99830.96557,143378.6873
4956,2.3,0.38,0.1,1.7,0.4,301728.2578,150404.9457
4957,2.8,0.52,0.32,1.38,0.6,274709.3366,168179.632
4958,0.3,0.66,0.1,1.7,0.4,231513.0474,172251.7005
4959,1.8,0.24,0.32,0.74,0.6,224087.5334,123216.98
4960,2.8,0.1,0.32,1.06,0.8,291259.6858,116727.1992
4961,1.3,0.52,0.1,1.38,0.8,230943.787,177903.9259
4962,0.8,0.52,0.54,0.74,0.2,193629.3352,130103.3677
4963,2.3,0.24,0.98,1.7,0.4,330204.2208,144313.7477
4964,0.3,0.66,0.76,1.06,0.2,204738.0732,147698.7482
4965,2.3,0.52,0.32,1.7,0.4,295803.7798,162815.3117
4966,2.8,0.8,0.54,0.42,0.6,168431.607,176661.7065
4967,1.3,0.24,0.1,0.74,0.2,216862.238,109500.6218
4968,2.3,0.66,0.98,0.74,0.4,219270.2219,156928.1455
4969,1.3,0.66,0.54,1.06,0.8,202409.5323,191909.8092
4970,2.3,0.52,0.54,0.42,0.2,196240.364,122682.915
4971,0.3,0.8,0.1,0.42,0.6,101918.6529,178110.4373
4972,0.8,0.8,0.1,0.42,0.6,115009.5845,176893.9124
4973,0.3,0.8,0.1,1.38,0.8,182374.4733,215364.4578
4974,0.8,0.38,0.1,0.42,0.6,146160.732,128825.8733
4975,2.8,0.1,0.98,1.38,0.6,329820.5487,127085.9002
4976,2.8,0.52,0.98,0.42,0.6,197539.5161,149674.4851
4977,1.3,0.8,1.2,1.06,0.6,211320.692,195063.5287
4978,2.8,0.38,0.32,1.06,0.2,274557.055,129850.9245
4979,0.8,0.24,0.1,1.06,0.6,223777.5049,128946.7619
4980,2.8,0.38,0.32,1.7,0.6,310112.4692,160651.3636
4981,2.3,0.66,0.98,0.42,0.8,169853.3506,179155.3399
4982,1.3,0.24,1.2,0.42,0.4,199209.7498,113101.7519
4983,2.8,0.52,0.98,1.38,0.8,281313.4831,182227.9873
4984,2.8,0.38,0.98,0.74,0.4,250616.0726,134262.5559
4985,2.3,0.38,0.54,0.74,0.8,220888.1312,148241.6014
4986,0.3,0.66,0.32,1.38,0.6,204680.0477,183205.1504
4987,0.8,0.8,0.76,1.7,0.4,250113.6549,187247.9007
4988,0.8,0.1,0.98,1.7,0.2,309426.2435,127869.0429
4989,1.8,0.24,0.54,0.1,0.4,160066.7011,100555.9405
4990,1.3,0.52,0.54,1.7,0.4,277640.011,163515.4288
4991,2.8,0.1,0.98,0.1,0.4,205531.1969,90417.58034
4992,0.3,0.52,1.2,1.06,0.4,212363.2813,153701.2018
4993,2.3,0.24,0.32,0.42,0.8,198173.0414,119746.3903
4994,0.3,0.38,0.98,0.1,0.6,110644.3831,126130.298
4995,1.3,0.66,0.32,0.74,0.4,183839.4387,153326.4557
4996,2.8,0.66,0.76,1.38,0.2,290949.514,155936.6214
4997,2.3,0.66,0.1,1.06,0.2,241384.7056,144540.5075
4998,1.8,0.24,0.32,1.7,0.8,299577.283,150112.1554
4999,0.3,0.24,1.2,1.7,0.8,275651.503,154721.5848
5000,2.3,0.24,0.1,0.42,0.8,193173.227,118297.148
5001,1.3,0.38,0.54,1.7,0.2,295016.026,143254.468
5002,1.8,0.24,0.76,1.7,0.4,315611.2057,142558.511
5003,0.8,0.52,1.2,1.7,0.6,268726.2361,178894.1786
5004,0.8,0.66,0.32,1.38,0.4,227067.1754,167317.5618
5005,2.3,0.52,0.1,1.38,0.4,267748.2571,154945.2328
5006,2.8,0.24,0.98,1.06,0.2,296641.7587,125304.2741
5007,2.3,0.1,0.32,1.06,0.4,283578.6938,113553.4836
5008,2.8,0.1,1.2,1.7,0.8,354664.2662,136269.3556
5009,0.8,0.24,1.2,1.06,0.8,240871.166,140729.1926
5010,0.8,0.24,1.2,0.42,0.6,181143.9894,118980.717
5011,0.3,0.1,1.2,1.06,0.4,247481.1936,116297.457
5012,2.8,0.52,0.76,0.42,0.4,201933.8607,136298.1488
5013,2.8,0.1,0.32,0.74,0.6,263396.6924,107183.8102
5014,2.3,0.8,1.2,0.74,0.8,196380.5039,204890.9568
5015,0.3,0.24,0.76,1.06,0.4,227198.138,126740.551
5016,0.3,0.38,1.2,0.1,0.8,109350.258,137151.2101
5017,2.8,0.8,1.2,1.38,0.6,269271.8694,200112.4296
5018,1.3,0.24,0.76,0.74,0.2,230407.9456,113671.7191
5019,1.3,0.1,0.54,0.1,0.6,160048.4586,88443.31543
5020,1.3,0.66,0.1,1.38,0.4,235007.2215,165858.8594
5021,2.8,0.8,0.1,1.7,0.6,271873.7642,200075.2898
5022,0.8,0.1,0.54,1.38,0.6,274914.6443,122923.9316
5023,0.8,0.1,0.32,1.06,0.2,248587.2777,109352.3074
5024,2.3,0.52,0.54,0.42,0.4,187423.5493,134840.4597
5025,1.3,0.66,0.76,1.38,0.4,248573.646,169749.8425
5026,1.8,0.52,1.2,1.06,0.2,259817.0029,142095.4105
5027,0.8,0.24,0.1,1.7,0.2,282221.0727,131463.8677
5028,1.8,0.66,0.32,1.7,0.8,259253.9352,201963.6571
5029,2.3,0.38,0.76,1.38,0.4,291887.2893,147747.961
5030,0.3,0.38,0.54,1.7,0.4,261306.1408,151360.0106
5031,0.8,0.1,0.32,1.7,0.4,295384.5022,126333.0461
5032,2.8,0.66,0.54,1.7,0.2,309919.4033,161197.7881
5033,2.3,0.52,0.98,1.06,0.4,258871.6801,153064.7755
5034,2.8,0.8,0.32,1.7,0.8,269041.8444,217708.3266
5035,1.8,0.8,0.1,1.06,0.4,211214.7331,170549.0418
5036,0.8,0.24,1.2,1.06,0.8,240871.166,140729.1926
5037,0.3,0.52,0.32,1.7,0.8,232231.3344,186594.3054
5038,1.8,0.38,1.2,1.7,0.4,311177.2395,156196.6898
5039,2.8,0.52,0.76,1.7,0.4,314263.7301,165689.4296
5040,2.8,0.38,0.54,1.7,0.6,314485.8399,161966.6571
5041,1.3,0.38,0.98,0.42,0.8,172118.3181,142461.9109
5042,1.3,0.1,0.1,1.7,0.2,305814.7004,123306.3722
5043,0.8,0.8,0.76,0.42,0.4,137577.5956,161027.3899
5044,2.8,0.52,1.2,0.42,0.2,218239.4265,126678.2191
5045,2.3,0.1,0.98,0.42,0.2,235596.5823,97901.83616
5046,2.8,0.24,0.54,0.74,0.4,254964.2477,120037.1557
5047,1.3,0.1,1.2,1.06,0.2,277701.2853,115111.7159
5048,0.8,0.1,0.98,0.42,0.4,195719.0076,98389.68632
5049,0.3,0.52,0.32,0.74,0.4,166274.243,141559.0617
5050,0.3,0.66,0.76,1.06,0.6,187190.4831,179427.6518
5051,1.8,0.1,0.1,1.38,0.8,289942.5308,122440.4963
5052,1.3,0.1,1.2,1.38,0.6,299566.0087,126848.8712
5053,0.3,0.24,0.54,1.06,0.8,214498.8127,137492.5709
5054,1.8,0.1,0.32,1.38,0.2,299801.7397,118527.2177
5055,2.8,0.52,0.54,1.38,0.6,279149.2403,169481.3345
5056,1.8,0.24,0.1,1.7,0.6,298019.3608,143940.0449
5057,2.3,0.66,1.2,1.38,0.8,262607.7988,200266.4226
5058,0.8,0.1,1.2,0.42,0.6,197238.7525,101859.4415
5059,0.3,0.52,0.1,1.7,0.8,227282.5891,185251.0663
5060,1.3,0.52,0.1,1.38,0.6,237281.0012,166477.5671
5061,0.3,0.24,0.98,0.1,0.8,119175.031,115361.0212
5062,0.8,0.24,0.32,1.06,0.2,237923.5696,118550.1178
5063,0.3,0.24,0.1,0.1,0.8,100774.6146,110052.776
5064,0.3,0.52,0.54,1.06,0.8,186915.3969,175603.7479
5065,2.3,0.8,0.76,0.74,0.6,196423.2711,185327.1179
5066,0.3,0.24,0.1,1.38,0.8,231452.8131,141856.4616
5067,1.8,0.24,0.54,0.74,0.2,238199.9857,113221.5911
5068,1.3,0.8,0.98,1.7,0.8,249275.0814,223045.078
5069,2.3,0.1,0.1,1.06,0.2,280733.1722,110113.9729
5070,2.3,0.38,0.98,0.1,0.4,167288.6078,116111.4861
5071,2.8,0.24,0.76,0.42,0.4,225547.8851,112431.4582
5072,0.3,0.52,0.98,1.06,0.8,195020.0544,177941.5926
5073,0.3,0.8,0.54,0.42,0.8,105329.7046,200357.2293
5074,0.8,0.66,0.98,0.1,0.6,104034.2305,158798.0117
5075,1.8,0.24,0.1,1.38,0.8,271569.3219,141998.9083
5076,2.8,0.1,1.2,0.74,0.6,279047.9293,112239.2058
5077,1.3,0.52,0.1,0.1,0.4,115124.5853,123455.1795
5078,0.8,0.52,0.1,0.1,0.6,95034.02822,137414.4758
5079,1.3,0.38,0.32,0.1,0.6,124872.5807,121338.2782
5080,2.8,0.1,1.2,0.74,0.4,280761.1349,110847.7945
5081,1.3,0.1,0.32,1.06,0.2,262029.1499,110060.0146
5082,1.8,0.66,1.2,0.74,0.6,203123.0249,173320.598
5083,2.8,0.38,0.98,0.42,0.6,209991.2672,134639.6384
5084,0.8,0.8,0.98,0.74,0.8,158696.7524,207021.7517
5085,0.3,0.1,1.2,0.42,0.4,184129.2907,99241.24998
5086,0.8,0.24,0.98,1.06,0.6,241163.2941,134232.8864
5087,1.3,0.1,0.54,0.42,0.6,199531.791,98289.16185
5088,1.3,0.1,0.32,0.74,0.2,232784.8412,101675.2099
5089,0.3,0.52,0.98,1.06,0.4,208794.2095,152610.0004
5090,2.3,0.8,0.1,0.42,0.6,148867.12,174511.8128
5091,0.3,0.52,1.2,0.74,0.8,169104.6402,172280.1789
5092,2.8,0.38,0.54,1.06,0.4,272104.3858,139710.6605
5093,2.3,0.1,0.98,0.74,0.6,265034.8996,110650.2779
5094,2.3,0.1,0.32,1.06,0.6,281867.9751,115100.8477
5095,2.8,0.38,0.76,0.1,0.6,166803.8899,124358.2248
5096,0.3,0.38,1.2,1.06,0.8,211579.7325,159959.516
5097,2.8,0.38,0.54,0.42,0.8,197400.6474,140074.813
5098,2.3,0.1,0.1,0.42,0.2,218357.1143,92432.89728
5099,1.8,0.24,1.2,1.06,0.8,266158.8533,141068.5603
5100,1.8,0.8,0.54,0.42,0.6,148129.5582,177677.8415
5101,0.8,0.52,0.1,0.42,0.4,141515.3961,132112.9617
5102,2.8,0.66,1.2,1.38,0.8,272635.2013,199957.9367
5103,0.8,0.8,1.2,0.42,0.2,155410.0718,144012.5603
5104,2.8,0.1,0.32,0.1,0.2,195134.6216,84439.8638
5105,0.3,0.66,0.98,1.06,0.4,199249.7669,164622.6613
5106,2.3,0.24,0.76,0.42,0.4,215063.2581,111891.7776
5107,0.8,0.8,0.1,0.1,0.2,94860.08398,130014.7519
5108,0.3,0.66,1.2,1.7,0.6,244196.0633,193649.6512
5109,0.8,0.24,0.76,1.06,0.2,246509.6463,121228.4129
5110,2.8,0.8,0.1,1.7,0.4,281728.4195,183120.9454
5111,1.8,0.1,0.98,0.74,0.2,257395.3112,106374.5072
5112,0.8,0.8,0.1,0.1,0.6,77681.05554,170085.9836
5113,2.3,0.38,0.54,1.7,0.2,317397.4224,144755.2326
5114,1.3,0.38,0.1,0.74,0.8,188340.6475,145255.871
5115,1.3,0.8,0.54,0.74,0.6,170173.251,185250.1526
5116,0.8,0.52,1.2,1.38,0.2,260937.4708,148376.3096
5117,1.3,0.38,0.32,1.7,0.6,277983.4506,159388.6265
5118,0.3,0.24,0.76,1.7,0.2,281096.0989,134928.0003
5119,2.3,0.24,0.98,1.7,0.2,334655.3945,138989.9739
5120,2.8,0.66,0.98,0.42,0.8,179853.2356,178648.1994
5121,2.3,0.1,0.54,1.38,0.2,315303.6891,120660.5563
5122,0.8,0.1,0.54,0.1,0.8,143858.6592,90716.93973
5123,0.8,0.24,0.76,1.38,0.4,267905.2248,134473.9559
5124,0.8,0.52,0.98,1.06,0.8,209157.7577,177038.5701
5125,2.3,0.66,0.98,0.42,0.6,176547.872,164535.6045
5126,1.3,0.38,0.32,0.42,0.4,170956.2611,120548.2639
5127,2.3,0.66,0.32,0.42,0.8,157026.8006,175584.6579
5128,2.8,0.66,1.2,1.7,0.6,302617.1267,192528.9368
5129,1.8,0.38,0.98,1.06,0.8,247331.6656,158233.0606
5130,1.3,0.8,0.98,1.38,0.2,253867.8931,164425.4158
5131,1.3,0.24,0.76,1.38,0.8,273130.2253,145532.8015
5132,2.8,0.1,0.32,1.06,0.2,295932.3495,112342.1897
5133,2.8,0.1,0.54,0.74,0.4,269530.4772,107183.905
5134,1.3,0.8,0.76,0.42,0.8,134254.1667,198247.6234
5135,0.3,0.52,0.54,1.7,0.6,243281.7409,175700.9162
5136,0.8,0.8,0.76,0.1,0.4,99608.32903,153690.9607
5137,2.3,0.66,0.76,0.42,0.6,172632.1674,163393.8402
5138,2.8,0.1,0.76,1.7,0.4,350269.5414,131536.5031
5139,1.8,0.8,0.98,1.7,0.8,260772.1185,222238.0863
5140,1.3,0.38,0.32,1.7,0.4,284182.4313,150584.8194
5141,0.3,0.52,1.2,0.42,0.8,135859.0027,165241.7442
5142,2.8,0.8,0.1,0.42,0.4,168492.6905,155694.0679
5143,2.3,0.24,0.1,0.1,0.6,156784.4639,103821.09
5144,1.3,0.52,0.54,1.06,0.6,220396.9647,162448.1413
5145,1.3,0.52,0.1,1.7,0.4,268332.6935,160811.3245
5146,2.3,0.66,1.2,0.74,0.8,206982.5666,187318.6196
5147,1.3,0.1,0.32,0.74,0.6,228795.8028,105932.1057
5148,2.3,0.38,0.32,1.7,0.6,300109.4936,160306.8476
5149,0.8,0.66,1.2,0.42,0.4,153707.3744,150870.6285
5150,2.3,0.24,0.1,0.42,0.8,193173.227,118297.148
5151,0.8,0.66,0.54,0.42,0.6,133728.1479,163806.9874
5152,1.3,0.66,0.1,1.38,0.4,235007.2215,165858.8594
5153,2.3,0.24,0.54,1.38,0.4,299653.8619,135049.5616
5154,1.8,0.8,0.32,0.74,0.8,169506.7297,201236.5502
5155,2.3,0.1,1.2,1.06,0.4,299114.9033,118569.8275
5156,0.8,0.24,0.1,0.74,0.2,203364.7807,108936.2817
5157,2.3,0.52,0.76,0.74,0.8,211491.7955,167472.6513
5158,1.3,0.24,0.1,1.06,0.6,237074.3729,129168.7902
5159,0.3,0.38,0.98,1.06,0.8,208007.6867,158872.7292
5160,0.8,0.1,0.32,1.38,0.8,268671.5326,123642.5066
5161,0.3,0.1,0.76,0.74,0.2,212830.8972,103123.1466
5162,1.3,0.52,0.1,0.1,0.4,115124.5853,123455.1795
5163,2.3,0.1,0.32,0.1,0.4,182067.9501,85866.09937
5164,1.8,0.66,0.76,0.42,0.8,155236.5429,178733.4827
5165,1.8,0.8,0.1,0.74,0.8,164462.5112,199956.0925
5166,1.8,0.24,0.32,1.06,0.6,253676.7903,131240.3371
5167,1.3,0.8,0.54,0.1,0.2,117498.4441,132198.6804
5168,1.3,0.8,1.2,0.74,0.4,191114.6333,169905.1385
5169,1.3,0.38,0.54,0.74,0.6,203082.1262,139581.7829
5170,0.8,0.38,1.2,1.7,0.4,286906.2213,155106.1367
5171,1.8,0.1,0.76,0.1,0.2,181191.3507,85939.48506
5172,0.3,0.52,0.32,1.38,0.4,222566.0577,155691.8353
5173,2.8,0.38,1.2,1.06,0.4,283399.6857,143246.4382
5174,1.8,0.24,0.32,0.74,0.4,228855.8301,117543.7917
5175,1.3,0.1,1.2,0.74,0.6,244692.4216,111018.5894
5176,0.8,0.66,1.2,1.7,0.2,275722.0357,163273.6702
5177,2.8,0.52,0.1,0.1,0.6,140335.6833,135970.3397
5178,1.8,0.1,0.98,0.1,0.4,182899.3038,89403.18718
5179,0.8,0.1,0.98,0.74,0.6,227464.4707,109631.6934
5180,0.3,0.52,0.32,0.42,0.2,140515.1875,120601.1661
5181,0.3,0.8,1.2,0.74,0.2,174859.1856,151746.6121
5182,0.8,0.8,0.76,0.74,0.2,181420.4661,149302.0354
5183,2.8,0.8,0.54,0.1,0.6,129936.6947,169103.3366
5184,2.3,0.52,0.1,0.1,0.6,130179.757,136101.3183
