Version,window_u,shgc,roof_u,extWall_u,transmittance,total_idealHeating,total_idealCooling,total_solarRad,,total_idealHeating(per m2),total_idealCooling (per m2)
baseline,1.3396,0.275,0.1587,0.2073,,18079.993803,1540.439125,3313.518198,,95.6411013700804,8.1487469583157
1,1.38,0.1,0.1,0.5,0.8,22758.52471,1184.054536,631.567199,,120.389995292002,6.2635132035548
2,0.84,0.23,0.475,0.34,0.8,21495.37046,1680.264466,2092.72159,,113.708053639441,8.88840703554803
3,0.3,0.62,0.225,0.34,0.2,17335.53814,2293.202425,6220.89462,,91.7030159754549,12.1307788034278
4,1.38,0.36,0.35,0.18,0.4,20178.01309,1702.670617,3228.942246,,106.739383675413,9.00693301417689
5,1.38,0.1,0.35,0.5,0.4,24379.5348,1228.852927,497.8088828,,128.964953449006,6.50049157321202
6,0.84,0.23,0.6,0.5,0.8,23477.71504,1765.474212,2092.72159,,124.194429961913,9.33915685569192
7,0.3,0.49,0.225,0.5,0.4,18962.2322,2192.203807,5261.525804,,100.3080416843,11.5965076544647
8,1.38,0.49,0.1,0.5,0.6,20520.24491,2170.072688,5854.827032,,108.549750899281,11.4794365636902
9,1.38,0.23,0.35,0.1,0.2,20235.78461,1286.540597,1462.967073,,107.04498841515,6.80565275603047
10,1.92,0.62,0.475,0.42,0.6,22682.71189,2550.081706,7776.619042,,119.988954136691,13.4896408484977
11,1.92,0.62,0.475,0.34,0.2,22506.84649,2186.440899,6218.302699,,119.058646265341,11.5660225296234
12,0.3,0.62,0.6,0.18,0.8,17425.36346,2903.16832,8566.144897,,92.1781816546763,15.3574286923402
13,1.92,0.62,0.6,0.5,0.6,23988.55106,2595.404306,7776.619042,,126.896694138807,13.729392223868
14,1.38,0.1,0.6,0.1,0.2,22369.31027,1141.474623,430.9297248,,118.33109537664,6.03827032903089
15,1.92,0.23,0.1,0.42,0.6,22387.62677,1444.448745,2009.625859,,118.427987568769,7.64096881612357
16,0.84,0.36,0.225,0.42,0.4,20279.25491,1767.077514,3229.919707,,107.274941335167,9.34763814007618
17,0.84,0.1,0.225,0.42,0.2,21791.40857,1131.228894,430.851903,,115.274061415573,5.98407159331359
18,2.46,0.36,0.35,0.1,0.6,21404.23982,1750.516602,3791.760555,,113.225982966568,9.26003280787135
19,2.46,0.75,0.225,0.18,0.8,19381.57832,2867.68174,10698.44973,,102.52633474397,15.1697087388912
20,1.92,0.36,0.35,0.42,0.4,23368.56362,1748.425171,3394.104642,,123.617031421921,9.24896937685146
21,2.46,0.36,0.1,0.1,0.6,19816.05129,1656.375402,3791.760555,,104.824647111722,8.76203661658908
22,3,0.1,0.1,0.5,0.6,25983.69968,1144.38507,602.2866672,,137.450802369869,6.05366626110876
23,1.92,0.36,0.475,0.26,0.2,22905.77194,1626.768772,2994.569285,,121.168916314008,8.60542092678798
24,1.92,0.1,0.35,0.5,0.2,25578.90374,1194.462358,463.0824668,,135.309478099873,6.31856939272112
25,0.84,0.62,0.35,0.26,0.2,18757.68026,2250.426903,6220.110539,,99.2259852941177,11.9045011796445
26,0.84,0.36,0.1,0.1,0.6,16347.67118,1768.489932,3618.244259,,86.4773126322472,9.35510966991113
27,1.38,0.1,0.1,0.42,0.8,22113.49916,1156.341976,631.567199,,116.977883834109,6.11691692763436
28,3,0.36,0.35,0.1,0.2,22754.48384,1492.180628,2993.230601,,120.368619551418,7.8934650232755
29,2.46,0.75,0.6,0.34,0.6,23168.90498,2820.202434,9733.971976,,122.560860029623,14.9185486352095
30,2.46,0.36,0.6,0.18,0.8,23414.08273,1952.806489,4190.66943,,123.857822312738,10.330123196149
31,2.46,0.62,0.225,0.5,0.8,22671.86317,2577.99336,8551.60683,,119.931565647482,13.6372903089293
32,0.3,0.49,0.1,0.42,0.2,17691.97586,1952.707623,4664.087531,,93.588530787135,10.3296002063055
33,0.84,0.1,0.475,0.1,0.8,20218.62341,1203.96309,631.2559117,,106.954207628015,6.36882717943292
34,1.92,0.1,0.1,0.26,0.4,22025.78978,1043.070712,532.588153,,116.513911235717,5.51772488362251
35,1.92,0.62,0.225,0.26,0.6,19837.96322,2456.631989,7776.619042,,104.940558717732,12.9953025232755
36,0.84,0.1,0.475,0.26,0.2,21875.53939,1168.074378,430.851903,,115.719103840457,6.17897999365214
37,1.92,0.62,0.6,0.42,0.6,23353.37995,2585.713428,7776.619042,,123.536711542531,13.6781285865425
38,1.38,0.75,0.6,0.42,0.2,22270.44649,2547.272044,7806.95799,,117.808117276767,13.474778057554
39,0.84,0.1,0.35,0.18,0.6,20316.60351,1158.082545,564.4545755,,107.472511161659,6.12612433876428
40,3,0.1,0.475,0.18,0.2,25658.65806,1124.829513,463.1467429,,135.731369339822,5.95021959902666
41,1.38,0.49,0.225,0.34,0.2,20437.83644,1863.934866,4662.708516,,108.113819509099,9.86000246508676
42,1.92,0.36,0.1,0.18,0.2,19905.19751,1457.769244,2994.569285,,105.296220429539,7.71143273381295
43,3,0.36,0.225,0.42,0.6,24418.15295,1771.638125,3789.623947,,129.169239049937,9.37176325116378
44,0.3,0.75,0.475,0.34,0.6,17881.81284,3007.499077,9744.675557,,94.5927467202708,15.9093264758781
45,1.38,0.36,0.6,0.5,0.4,24284.72197,1874.333181,3228.942246,,128.463404411765,9.91500836330935
46,2.46,0.49,0.475,0.5,0.6,24900.80489,2219.713455,5607.957088,,131.722412663986,11.7420305490901
47,0.3,0.62,0.225,0.5,0.2,18685.95798,2312.297966,6220.89462,,98.8465826280152,12.2317920334321
48,1.92,0.62,0.35,0.1,0.6,19127.80707,2477.957461,7776.619042,,101.183913827761,13.1081118334744
49,1.92,0.23,0.1,0.42,0.2,22663.3554,1295.115997,1573.189732,,119.886560516293,6.85101564219213
50,2.46,0.75,0.225,0.26,0.6,20322.52833,2711.352202,9733.971976,,107.50385278248,14.3427433453237
51,3,0.23,0.475,0.34,0.4,26088.47268,1465.582712,1790.035734,,138.005039568345,7.75276508675413
52,0.3,0.75,0.475,0.1,0.2,16185.2315,2624.440789,7808.584331,,85.6180252856538,13.8829919011849
53,0.84,0.1,0.475,0.26,0.6,21751.85383,1235.315314,564.4545755,,115.064821360559,6.53467686203978
54,1.38,0.62,0.475,0.34,0.4,21151.44453,2425.528123,6999.354063,,111.888724767245,12.8307666261109
55,3,0.1,0.6,0.18,0.6,26195.15708,1209.786617,602.2866672,,138.569387854422,6.39963297185781
56,1.92,0.49,0.6,0.26,0.2,23002.93811,1941.995686,4453.853084,,121.682914250952,10.2729352835379
57,0.3,0.49,0.225,0.5,0.8,18575.08128,2482.89465,6456.402351,,98.2600575539568,13.1342289991536
58,2.46,0.23,0.1,0.5,0.4,24210.05786,1384.699022,1790.789256,,128.0684398011,7.32489960854846
59,2.46,0.23,0.225,0.34,0.4,23700.11387,1381.983848,1790.789256,,125.370894360982,7.3105366483284
60,1.92,0.62,0.6,0.34,0.2,23176.02565,2225.516844,6218.302699,,122.598527560305,11.772729813796
61,1.38,0.1,0.6,0.1,0.2,22369.31027,1141.474623,430.9297248,,118.33109537664,6.03827032903089
62,0.3,0.49,0.475,0.34,0.6,18913.63761,2409.050194,5858.964078,,100.050981855692,12.7436002644943
63,1.92,0.62,0.6,0.26,0.6,22006.30413,2567.38736,7776.619042,,116.410834373678,13.5811857807871
64,0.84,0.23,0.475,0.34,0.4,21725.25114,1521.522498,1673.021498,,114.924096170123,8.04868016292848
65,1.38,0.62,0.35,0.18,0.2,19255.03112,2170.569321,6219.249295,,101.856914515446,11.4820636955142
66,0.84,0.1,0.35,0.1,0.4,19619.30958,1092.289246,497.6532392,,103.783905945832,5.77808530469742
67,0.84,0.62,0.1,0.34,0.4,17615.09297,2371.734717,7001.076551,,93.1818290837918,12.5462056548879
68,1.38,0.1,0.1,0.34,0.2,21613.02511,1046.202918,430.9297248,,114.330433294541,5.53429389547186
69,3,0.1,0.6,0.26,0.2,26994.21275,1196.232982,463.1467429,,142.796301047397,6.32793579136691
70,0.84,0.75,0.225,0.1,0.8,15265.27367,3049.639599,10709.6115,,80.7515534807448,16.1322450222175
71,1.38,0.75,0.475,0.34,0.6,20400.47329,2884.107628,9739.796535,,107.916172714769,15.2565998095641
72,0.84,0.1,0.1,0.1,0.8,17910.93356,1054.925235,631.2559117,,94.7467920016928,5.58043395577656
73,1.38,0.1,0.1,0.1,0.4,19359.47663,983.1140663,497.8088828,,102.409419329243,5.2005610786077
74,1.92,0.49,0.6,0.26,0.8,22413.86437,2370.859134,6189.021128,,118.56678147482,12.5415739208633
75,1.92,0.49,0.225,0.34,0.2,21560.8662,1827.163054,4453.853084,,114.054518620398,9.66548378121033
76,0.3,0.49,0.35,0.5,0.4,19727.80069,2235.117776,5261.525804,,104.357811521371,11.8235176470588
77,3,0.1,0.35,0.5,0.2,27581.36539,1196.433445,463.1467429,,145.902271424037,6.3289962177317
78,2.46,0.1,0.35,0.1,0.2,23252.95479,1050.246873,463.1266797,,123.005473920863,5.55568595535337
79,1.92,0.75,0.225,0.18,0.8,18359.11846,2919.611755,10702.50708,,97.1176389123995,15.4444125846382
80,0.3,0.23,0.6,0.34,0.8,20770.44868,1774.478414,2093.37697,,109.873300253915,9.386788055438
81,0.84,0.49,0.1,0.42,0.6,18633.47294,2217.58464,5857.000583,,98.5689427634363,11.7307693609818
82,1.38,0.75,0.475,0.18,0.6,18983.7742,2878.403301,9739.796535,,100.421996402878,15.2264245715193
83,1.38,0.49,0.1,0.1,0.4,17164.91461,1935.123343,5258.767774,,90.8004369974609,10.2365813743123
84,1.38,0.75,0.35,0.34,0.2,20213.36832,2464.360582,7806.95799,,106.92640880237,13.0361858971646
85,1.92,0.36,0.6,0.34,0.2,24254.34236,1692.488235,2994.569285,,128.302699746086,8.95306937685146
86,1.92,0.23,0.475,0.42,0.6,24622.24965,1584.426692,2009.625859,,130.248887272535,8.38143616165891
87,1.92,0.75,0.1,0.18,0.8,17522.66085,2886.479344,10702.50708,,92.6928737304274,15.2691459162082
88,1.92,0.49,0.225,0.26,0.4,20632.81351,1970.544396,5032.242432,,109.14522593102,10.4239546974185
89,1.38,0.75,0.475,0.26,0.2,20235.91157,2492.917924,7806.95799,,107.045660019044,13.187250973339
90,1.92,0.36,0.475,0.5,0.4,24705.59364,1813.633972,3394.104642,,130.689767456623,9.59391648328396
91,1.38,0.36,0.1,0.18,0.2,18777.48437,1474.802284,2841.106425,,99.3307467731697,7.80153556919171
92,1.38,0.62,0.6,0.18,0.2,20659.35418,2250.922537,6219.249295,,109.285623042742,11.9071230268726
93,3,0.49,0.1,0.5,0.6,23593.50805,2068.610803,5604.977222,,124.806961754126,10.9427147852306
94,0.84,0.1,0.1,0.5,0.4,21583.91357,1142.798236,497.6532392,,114.17643657427,6.04527209056285
95,1.38,0.36,0.475,0.42,0.4,22982.37162,1813.194143,3228.942246,,121.574119868811,9.5915898381295
96,0.84,0.49,0.1,0.1,0.2,16127.21068,1816.34593,4663.433033,,85.3111017774016,9.60826243123149
97,2.46,0.75,0.1,0.34,0.4,20466.80608,2488.469295,8769.494223,,108.267065594583,13.1637182342361
98,0.3,0.75,0.475,0.42,0.8,18329.29331,3164.133203,10712.72117,,96.9598672767668,16.7379031051629
99,3,0.75,0.1,0.1,0.6,18959.00183,2620.351751,9730.634564,,100.290953396107,13.8613613573847
100,0.84,0.62,0.6,0.34,0.2,20860.50807,2341.005657,6220.110539,,110.349704136691,12.3836524386373
101,2.46,0.36,0.1,0.26,0.2,21691.80025,1461.492114,2993.942804,,114.747144784173,7.73112629073212
102,0.3,0.36,0.1,0.1,0.6,14927.65199,1841.95594,3619.542089,,78.9655733707152,9.74373645789251
103,3,0.49,0.35,0.1,0.6,21700.54472,2063.969131,5604.977222,,114.793402031316,10.9181608707152
104,0.3,0.62,0.35,0.34,0.6,17643.42703,2695.819584,7784.394805,,93.3317130236987,14.2605775708845
105,2.46,0.49,0.35,0.42,0.2,24003.11147,1862.036423,4452.96152,,126.973717044012,9.84995991853576
106,3,0.1,0.475,0.5,0.4,28199.73996,1262.666199,532.716705,,149.173402242912,6.67935991853576
107,3,0.23,0.1,0.34,0.6,23734.29976,1396.79037,2007.567767,,125.55173381295,7.38886145789251
108,1.38,0.49,0.6,0.1,0.4,20197.78883,2112.345475,5258.767774,,106.843995080406,11.17406620292
109,2.46,0.49,0.35,0.26,0.8,22051.8428,2248.98202,6185.454872,,116.651728734659,11.8968579136691
110,0.84,0.36,0.475,0.18,0.8,19329.68494,2041.077402,4006.568812,,102.251824693187,10.7970662399492
111,0.3,0.23,0.225,0.42,0.8,19295.53338,1664.274205,2093.37697,,102.071166842996,8.80382038192975
112,3,0.62,0.225,0.5,0.8,23606.15313,2547.592324,8546.999977,,124.87385278248,13.4764723021583
113,1.92,0.36,0.1,0.1,0.2,19139.80606,1430.917622,2994.569285,,101.247387113838,7.56939072154041
114,3,0.62,0.225,0.34,0.6,22494.13633,2380.029905,7770.036115,,118.991410971223,12.590086251587
115,2.46,0.75,0.35,0.5,0.4,23343.89089,2586.161975,8769.494223,,123.486515499365,13.6805013489209
116,3,0.75,0.6,0.5,0.8,25159.86585,2952.397224,10693.99985,,133.092815541684,15.6178439695303
117,0.84,0.36,0.35,0.26,0.6,19482.25368,1902.565219,3618.244259,,103.058895895049,10.0643526184934
118,0.3,0.1,0.1,0.26,0.2,18160.89476,1033.362739,430.7632897,,96.0690581887431,5.46637081570038
119,1.92,0.75,0.6,0.42,0.2,23361.21923,2495.820464,7806.030808,,123.578180438003,13.2026050782903
120,0.3,0.36,0.225,0.26,0.6,17318.41195,1923.857131,3619.542089,,91.6124203872196,10.176984400127
121,1.92,0.49,0.35,0.42,0.2,22980.33911,1892.547741,4453.853084,,121.563368123149,10.0113613044858
122,3,0.75,0.6,0.1,0.8,21761.35347,2912.917261,10693.99985,,115.115073370715,15.4089994763013
123,0.84,0.23,0.225,0.34,0.2,20392.91282,1343.206144,1463.171452,,107.87617869234,7.10540702496826
124,2.46,0.49,0.1,0.18,0.6,19903.91992,2027.186145,5607.957088,,105.289462124418,10.7235830776555
125,0.3,0.49,0.225,0.34,0.2,17825.61641,1986.678515,4664.087531,,94.295474026661,10.5093023434194
126,2.46,0.75,0.35,0.34,0.8,21563.69566,2907.759603,10698.44973,,114.069486140499,15.3817160548032
127,0.3,0.75,0.225,0.1,0.8,13920.58719,3126.202603,10712.72117,,73.638315647482,16.5372545651714
128,1.92,0.23,0.1,0.26,0.6,21016.27993,1392.764569,2009.625859,,111.173719477359,7.3675654305967
129,3,0.23,0.35,0.26,0.6,24584.01621,1466.204464,2007.567767,,130.046636743546,7.75605408379179
130,1.92,0.1,0.1,0.34,0.8,22619.73507,1117.40858,671.5995253,,119.655813954719,5.91096371138383
131,2.46,0.23,0.35,0.5,0.8,25513.63777,1604.888198,2226.606843,,134.964228575963,8.48967519043589
132,0.84,0.23,0.475,0.18,0.2,20430.08745,1384.312545,1463.171452,,108.07282823741,7.32285518937791
133,2.46,0.36,0.1,0.34,0.4,22190.75584,1606.800534,3392.851679,,117.386562843843,8.49979122936945
134,0.84,0.49,0.6,0.18,0.4,19718.95042,2189.820456,5260.216808,,104.310994604317,11.5839
135,1.92,0.62,0.475,0.34,0.2,22506.84649,2186.440899,6218.302699,,119.058646265341,11.5660225296234
136,3,0.36,0.1,0.5,0.6,24264.08013,1752.290514,3789.623947,,128.354211436733,9.26941659966145
137,1.92,0.1,0.475,0.42,0.4,25580.16516,1240.134914,532.588153,,135.316150867541,6.5601719953449
138,0.3,0.49,0.475,0.1,0.4,16890.50129,2223.312096,5261.525804,,89.3488218895472,11.7610669487939
139,0.84,0.75,0.225,0.34,0.6,17700.48961,2877.550287,9742.343302,,93.6335675518409,15.2219122249259
140,2.46,0.49,0.35,0.34,0.6,22900.43699,2147.88929,5607.957088,,121.140695038087,11.3620889229793
141,1.38,0.62,0.1,0.42,0.6,19284.64836,2489.664531,7779.458831,,102.013586330935,13.1700408961066
142,1.38,0.36,0.6,0.18,0.8,21266.76409,2020.003761,4004.61389,,112.498752063055,10.6855890869657
143,0.84,0.36,0.35,0.5,0.8,21374.88132,2065.564849,4006.568812,,113.070679856115,10.926602036606
144,2.46,0.1,0.475,0.26,0.2,25375.57747,1153.808452,463.1266797,,134.233905363944,6.1035148751587
145,1.38,0.1,0.225,0.26,0.4,21649.40571,1096.465875,497.8088828,,114.522882511638,5.80017919487939
146,1.92,0.1,0.6,0.18,0.8,24116.34285,1245.314344,671.5995253,,127.572698106221,6.58757058823529
147,0.3,0.62,0.475,0.42,0.6,19051.94225,2733.675109,7784.394805,,100.782597598392,14.4608289727042
148,1.38,0.36,0.1,0.34,0.8,19713.42971,1884.047676,4004.61389,,104.281790679221,9.96639693186627
149,0.84,0.1,0.1,0.5,0.6,21522.80937,1174.012111,564.4545755,,113.853202338129,6.21038992276767
150,3,0.62,0.225,0.1,0.4,20579.7127,2165.030179,6993.072253,,108.8643287135,11.452762267245
151,1.38,0.75,0.225,0.42,0.4,19842.50834,2638.375407,8773.377263,,104.964601883199,13.9567044382141
152,2.46,0.36,0.225,0.1,0.6,20638.39564,1704.265088,3791.760555,,109.174754760897,9.0153675835802
153,1.38,0.49,0.1,0.26,0.8,18292.69975,2266.799386,6450.88629,,96.7662915256031,11.9911097439695
154,1.38,0.36,0.475,0.18,0.4,20897.22433,1747.335654,3228.942246,,110.543928956835,9.24320595641134
155,2.46,0.36,0.35,0.34,0.8,23432.94065,1910.062907,4190.66943,,123.957578554803,10.1040145313161
156,1.92,0.49,0.35,0.18,0.2,20899.09011,1831.622439,4453.853084,,110.553798719848,9.68907341832417
157,3,0.36,0.475,0.1,0.6,23084.29521,1770.282202,3789.623947,,122.113284013965,9.36459057342361
158,1.38,0.75,0.35,0.42,0.8,20125.14658,3011.835287,10706.21581,,106.459725878121,15.9322645313161
159,0.3,0.62,0.35,0.42,0.4,18551.34465,2533.975454,7002.644712,,98.1344934934405,13.4044406157427
160,1.38,0.75,0.475,0.34,0.2,20931.29082,2502.403553,7806.95799,,110.724136796445,13.2374288669065
161,2.46,0.62,0.475,0.18,0.8,21439.60669,2616.288071,8551.60683,,113.413069667795,13.839864954507
162,3,0.49,0.1,0.1,0.2,20580.31007,1651.585886,4451.968231,,108.867488732543,8.73670062420652
163,0.84,0.62,0.1,0.18,0.8,15712.14876,2694.512917,8563.008575,,83.1154716462124,14.2536654517562
164,1.92,0.36,0.6,0.34,0.6,23899.64565,1933.642629,3793.639999,,126.426394678375,10.228748566441
165,2.46,0.75,0.6,0.1,0.6,21036.29328,2803.983508,9733.971976,,111.279587812103,14.8327523698688
166,0.84,0.1,0.225,0.1,0.6,18791.25611,1074.843521,564.4545755,,99.4035977041896,5.68579941282268
167,0.84,0.1,0.225,0.26,0.8,20235.14098,1167.937848,631.2559117,,107.041583685992,6.17825776555227
168,0.3,0.1,0.35,0.5,0.8,21582.07564,1331.58682,630.9014586,,114.166714134575,7.04394212865002
169,0.84,0.75,0.225,0.1,0.6,15488.17947,2879.147222,9742.343302,,81.9306996931866,15.2303598286077
170,0.3,0.1,0.35,0.1,0.6,18094.55202,1149.142181,564.1887356,,95.7181126745662,6.07883083474397
171,2.46,0.23,0.475,0.34,0.6,25001.26967,1545.228084,2008.69805,,132.253859870927,8.17408000423191
172,3,0.1,0.35,0.1,0.2,24244.49771,1050.412817,463.1467429,,128.25062267245,5.55656378015235
173,2.46,0.75,0.1,0.34,0.6,20198.19434,2679.992981,9733.971976,,106.846140181972,14.1768566493864
174,0.3,0.62,0.1,0.26,0.4,15530.85331,2442.599045,7002.644712,,82.1564394308083,12.9210698529412
175,1.38,0.62,0.1,0.1,0.4,16614.73911,2275.490405,6999.354063,,87.8900714663563,12.0370842414304
176,1.38,0.49,0.35,0.5,0.8,21916.71487,2380.985052,6450.88629,,115.936917424884,12.5951388700804
177,2.46,0.75,0.475,0.1,0.6,20351.56049,2771.3617,9733.971976,,107.657429591621,14.6601867329666
178,3,0.23,0.475,0.18,0.4,24718.35933,1412.555413,1790.035734,,130.757296498096,7.47225673402455
179,0.84,0.75,0.225,0.26,0.4,17247.76742,2692.033931,8775.075107,,91.2387188954719,14.240551899069
180,1.92,0.36,0.35,0.34,0.2,22889.38207,1605.475353,2994.569285,,121.082215774439,8.49278117329666
181,2.46,0.1,0.475,0.5,0.8,27165.52934,1302.302131,671.7763769,,143.702546233601,6.88902946995345
182,1.92,0.36,0.35,0.42,0.6,23190.31335,1866.869043,3793.639999,,122.67410786077,9.87552392615319
183,1.38,0.36,0.6,0.18,0.6,21400.52766,1917.174533,3616.778068,,113.206346064325,10.1416342202708
184,1.38,0.23,0.225,0.42,0.6,22064.67409,1506.429106,1882.258407,,116.719604792636,7.96883784384257
185,2.46,0.75,0.225,0.1,0.2,19400.24683,2286.703151,7805.01647,,102.625089028777,12.0963983865849
186,0.3,0.75,0.35,0.34,0.4,17397.19329,2801.688948,8776.629944,,92.029164674143,14.8206144096488
187,3,0.23,0.475,0.1,0.4,23988.00419,1382.180395,1790.035734,,126.893801258993,7.31157635950064
188,1.92,0.75,0.6,0.18,0.8,20551.99768,3007.77648,10702.50708,,108.71771942446,15.9107939060516
189,0.84,0.49,0.35,0.5,0.4,21079.10806,2163.88056,5260.216808,,111.506073106221,11.4466809140923
190,0.84,0.23,0.1,0.5,0.4,20791.28288,1427.036984,1673.021498,,109.983510791367,7.54886258992806
191,0.3,0.49,0.35,0.26,0.4,17671.41893,2201.816268,5261.525804,,93.4797869763013,11.6473564748201
192,1.38,0.23,0.225,0.1,0.2,19472.02644,1238.330125,1462.967073,,103.004794964029,6.55062486775286
193,0.84,0.23,0.475,0.34,0.6,21598.62757,1605.119198,1882.871544,,114.254271953026,8.49089715404147
194,3,0.36,0.1,0.1,0.6,20794.02375,1633.952255,3789.623947,,109.998009680491,8.64342073106221
195,2.46,0.1,0.1,0.26,0.2,23165.85715,1014.437156,463.1266797,,122.544737357173,5.36625664409649
196,2.46,0.36,0.35,0.26,0.8,22744.98497,1889.099287,4190.66943,,120.318371614473,9.99311937685146
197,3,0.62,0.475,0.34,0.4,24198.41921,2290.412037,6993.072253,,128.00687267245,12.1160179697419
198,2.46,0.36,0.225,0.18,0.4,21578.69157,1607.202247,3392.851679,,114.148812790944,8.5019162452391
199,3,0.62,0.6,0.34,0.6,24626.74246,2493.087997,7770.036115,,130.27265372408,13.1881506400762
200,0.84,0.49,0.225,0.18,0.4,17525.67265,2065.27243,5260.216808,,92.7088058082945,10.9250551735083
201,0.84,0.1,0.225,0.34,0.6,20992.84336,1167.382912,564.4545755,,111.049742699958,6.1753222175201
202,2.46,0.75,0.35,0.26,0.4,21353.69667,2559.014348,8769.494223,,112.958615478206,13.5368935040203
203,1.92,0.62,0.225,0.34,0.6,20537.76736,2465.407249,7776.619042,,108.642442657639,13.0417226460008
204,1.38,0.23,0.35,0.18,0.4,20855.70222,1396.912589,1672.61274,,110.324281739314,7.38950798243758
205,1.92,0.23,0.6,0.34,0.2,24886.0129,1452.708158,1573.189732,,131.644164727042,7.68466016716039
206,1.92,0.36,0.35,0.5,0.6,23830.61756,1888.257162,3793.639999,,126.06124396953,9.98866463182395
207,0.84,0.75,0.6,0.18,0.8,18248.51596,3122.930016,10709.6115,,96.5325643250106,16.5199429538722
208,1.92,0.49,0.1,0.5,0.6,21629.35585,2130.061426,5610.63178,,114.416821043165,11.2677815594583
209,2.46,0.75,0.225,0.42,0.8,21464.70785,2878.26697,10698.44973,,113.545851936098,15.2257033961066
210,0.3,0.62,0.225,0.26,0.2,16618.34515,2284.367463,6220.89462,,87.9091470059247,12.0840428639441
211,1.92,0.49,0.225,0.1,0.8,18759.51831,2229.966757,6189.021128,,99.2357083685992,11.7962693451121
212,1.38,0.62,0.35,0.1,0.8,17810.0312,2691.482946,8559.563598,,94.213030046551,14.2376372513754
213,3,0.1,0.475,0.26,0.6,26235.12019,1195.877355,602.2866672,,138.780788140076,6.32605456517139
214,1.38,0.1,0.1,0.1,0.4,19359.47663,983.1140663,497.8088828,,102.409419329243,5.2005610786077
215,2.46,0.75,0.475,0.5,0.2,24331.2627,2427.363917,7805.01647,,128.70959955565,12.8404777666102
216,2.46,0.49,0.225,0.5,0.8,23291.71624,2251.030155,6185.454872,,123.210517562421,11.907692313796
217,0.84,0.49,0.225,0.1,0.6,16543.86203,2220.030226,5857.000583,,87.5151398116801,11.7437062314854
218,0.3,0.23,0.35,0.5,0.6,20828.82876,1649.005467,1883.363079,,110.182124206517,8.72305050253915
219,0.84,0.49,0.225,0.5,0.2,20538.72446,1950.052632,4663.433033,,108.647505607279,10.3155556072789
220,0.3,0.1,0.35,0.5,0.2,21768.75833,1221.7522,430.7632897,,115.154244234025,6.46292953872196
221,1.92,0.49,0.35,0.18,0.6,20458.54909,2156.099424,5610.63178,,108.223387060939,11.4055195937368
222,1.38,0.49,0.6,0.26,0.8,21300.43589,2422.404367,6450.88629,,112.676872037664,12.814242313796
223,1.38,0.49,0.225,0.34,0.2,20437.83644,1863.934866,4662.708516,,108.113819509099,9.86000246508676
224,0.3,0.36,0.35,0.1,0.6,16573.33524,1940.086222,3619.542089,,87.671049724926,10.2628344371562
225,0.84,0.23,0.35,0.34,0.2,21147.11189,1393.313184,1463.171452,,111.865805596699,7.37046754126111
226,1.92,0.62,0.1,0.26,0.8,18812.66707,2565.013669,8555.777214,,99.5168592361405,13.5686292266187
227,3,0.75,0.225,0.34,0.8,21733.69512,2831.970193,10693.99985,,114.968763859501,14.9807987357173
228,2.46,0.23,0.475,0.5,0.6,26279.14103,1593.515738,2008.69805,,139.013653353788,8.42951617647059
229,0.84,0.62,0.225,0.34,0.6,18211.23918,2587.430717,7782.042563,,96.3353744181126,13.6872128491325
230,1.38,0.49,0.475,0.34,0.2,21909.45417,1953.20576,4662.708516,,115.898509151502,10.3322352941176
231,1.92,0.49,0.1,0.18,0.8,18690.75434,2199.62649,6189.021128,,98.8719548243758,11.6357727994075
232,1.92,0.49,0.6,0.34,0.6,23261.68754,2264.09887,5610.63178,,123.051669170546,11.9768243228946
233,0.3,0.49,0.475,0.18,0.8,17287.95531,2532.496173,6456.402351,,91.451308241642,13.3966153882776
234,0.84,0.49,0.475,0.26,0.4,19766.13047,2164.202858,5260.216808,,104.560571677952,11.448385833686
235,0.84,0.1,0.475,0.26,0.6,21751.85383,1235.315314,564.4545755,,115.064821360559,6.53467686203978
236,1.38,0.49,0.475,0.34,0.6,21486.1886,2268.083426,5854.827032,,113.659482649175,11.9979021688532
237,2.46,0.23,0.475,0.1,0.2,23154.20269,1317.038133,1572.880462,,122.48308659543,6.96698123677529
238,0.84,0.75,0.1,0.42,0.8,17322.0629,3008.125049,10709.6115,,91.6317334955565,15.9126377962336
239,0.84,0.62,0.475,0.26,0.6,19010.44013,2653.680348,7782.042563,,100.563056125688,14.0376658273381
240,0.3,0.62,0.6,0.5,0.4,20605.97882,2612.295562,7002.644712,,109.003273487093,13.8187450380872
241,1.92,0.49,0.225,0.5,0.6,22434.36291,2174.600443,5610.63178,,118.675216409226,11.503387870292
242,2.46,0.36,0.225,0.18,0.6,21392.21472,1726.907037,3791.760555,,113.162371561574,9.13514090668642
243,0.84,0.75,0.35,0.26,0.2,18298.86223,2519.44223,7807.806912,,96.7988903406686,13.3275615213711
244,0.84,0.23,0.475,0.26,0.6,20899.17573,1581.32085,1882.871544,,110.554251639865,8.36500661235717
245,1.92,0.1,0.6,0.26,0.4,24909.90668,1229.747306,532.588153,,131.770560093102,6.5052227359289
246,1.38,0.23,0.6,0.5,0.2,25063.10648,1511.150195,1462.967073,,132.580969530258,7.99381186521371
247,0.3,0.75,0.1,0.1,0.4,13524.82609,2732.034615,8776.629944,,71.5447846487516,14.4521509468895
248,1.38,0.36,0.35,0.18,0.8,19863.2079,1940.079186,4004.61389,,105.074100190436,10.2627972175201
249,1.92,0.49,0.475,0.5,0.6,23892.01785,2255.468072,5610.63178,,126.386044487939,11.9311683876428
250,1.92,0.36,0.225,0.1,0.8,19447.42823,1841.139364,4193.175355,,102.874673243758,9.73941686415573
251,2.46,0.49,0.475,0.26,0.2,23363.3366,1863.183395,4452.96152,,123.589381083369,9.85602726936098
252,2.46,0.36,0.35,0.18,0.2,22528.13484,1534.226967,2993.942804,,119.171259204401,8.11588535230639
253,3,0.75,0.225,0.1,0.8,19575.87918,2819.82681,10693.99985,,103.554164092256,14.9165616271689
254,2.46,0.49,0.1,0.5,0.8,22489.20246,2209.105747,6185.454872,,118.965311362675,11.6859169858231
255,0.84,0.23,0.35,0.1,0.4,18812.50722,1394.709636,1673.021498,,99.5160136479052,7.37785461278036
256,0.84,0.62,0.475,0.34,0.4,19939.58089,2491.462446,7001.076551,,105.478104581041,13.1795516610241
257,0.84,0.1,0.475,0.1,0.6,20273.59135,1173.134471,564.4545755,,107.244981749894,6.20574730744816
258,0.3,0.75,0.1,0.1,0.6,13281.99561,2920.878767,9744.675557,,70.2602391557342,15.4511149333474
259,1.92,0.62,0.475,0.1,0.8,19665.74693,2662.039216,8555.777214,,104.029554221329,14.0818832839611
260,0.84,0.36,0.6,0.26,0.6,20883.57032,1988.825803,3618.244259,,110.471700804063,10.520661251587
261,0.84,0.62,0.475,0.5,0.4,21261.70395,2506.536034,7001.076551,,112.471984500635,13.2592892192129
262,0.3,0.49,0.6,0.26,0.2,19294.37207,2107.21969,4664.087531,,102.065023645789,11.1469513859501
263,0.3,0.23,0.6,0.34,0.2,21129.69711,1514.005462,1463.335297,,111.773683400339,8.00891590139653
264,1.38,0.36,0.225,0.26,0.4,20144.24365,1677.61103,3228.942246,,106.560747196361,8.87437066229369
265,3,0.62,0.6,0.18,0.8,23059.80811,2606.842173,8546.999977,,121.983750052899,13.7898972333898
266,3,0.49,0.6,0.1,0.4,23307.05299,1993.041197,5028.472727,,123.29164721752,10.5429602041896
267,1.92,0.23,0.475,0.34,0.8,23878.74337,1623.12186,2227.843922,,126.315824005501,8.58612917900973
268,0.3,0.49,0.1,0.34,0.8,16386.03857,2430.254354,6456.402351,,86.6802717414304,12.8557678480745
269,1.92,0.49,0.475,0.34,0.2,23022.31918,1916.833669,4453.853084,,121.785437896741,10.1398310886585
270,2.46,0.62,0.35,0.34,0.4,22556.28879,2285.474692,6995.375679,,119.320190382988,12.0898999788405
271,1.38,0.75,0.225,0.34,0.8,18680.80006,2979.181513,10706.21581,,98.8192978205671,15.7595297979264
272,2.46,0.62,0.225,0.5,0.8,22671.86317,2577.99336,8551.60683,,119.931565647482,13.6372903089293
273,0.3,0.49,0.6,0.18,0.4,18352.76355,2271.830486,5261.525804,,97.0840221646213,12.0177236881083
274,0.3,0.36,0.1,0.34,0.8,17051.22577,2014.078522,4008.299251,,90.1990360241219,10.6542452496826
275,1.92,0.62,0.225,0.42,0.2,21709.50504,2115.838848,6218.302699,,114.840801100296,11.1925457469319
276,1.92,0.23,0.35,0.1,0.2,21381.48121,1278.655581,1573.189732,,113.105592520102,6.76394192234448
277,1.92,0.49,0.6,0.18,0.6,21858.94003,2234.869649,5610.63178,,115.631295122725,11.8222050835802
278,1.92,0.49,0.225,0.42,0.4,22003.43469,2006.344479,5032.242432,,116.395655363944,10.6133330459162
279,1.38,0.23,0.225,0.34,0.2,21660.38609,1323.847866,1462.967073,,114.580967467203,7.00300394625476
280,0.3,0.49,0.6,0.26,0.8,18714.81717,2573.416457,6456.402351,,98.99924444562,13.6130790150233
281,3,0.75,0.6,0.18,0.8,22497.78357,2916.24386,10693.99985,,119.010704454084,15.426596804909
282,0.84,0.62,0.1,0.42,0.8,17859.25014,2703.755037,8563.008575,,94.4733926153195,14.3025552105375
283,3,0.62,0.6,0.1,0.2,23004.81062,2102.539439,6216.10839,,121.692819614896,11.1221933929327
284,3,0.1,0.475,0.1,0.4,24878.5548,1118.794646,532.716705,,131.604712230216,5.91829584214981
285,0.84,0.36,0.6,0.42,0.6,22251.95256,2025.081429,3618.244259,,117.710286500212,10.7124493705036
286,1.38,0.62,0.475,0.5,0.2,22709.97854,2263.951833,6219.249295,,120.133191599661,11.9760465139653
287,0.84,0.75,0.225,0.1,0.8,15265.27367,3049.639599,10709.6115,,80.7515534807448,16.1322450222175
288,1.38,0.36,0.35,0.42,0.2,22456.98407,1645.738861,2841.106425,,118.794879760897,8.70577053004655
289,0.84,0.49,0.225,0.42,0.4,19662.98841,2106.826737,5260.216808,,104.014961965722,11.1448727094795
290,2.46,0.36,0.1,0.1,0.6,19816.05129,1656.375402,3791.760555,,104.824647111722,8.76203661658908
291,2.46,0.75,0.6,0.42,0.2,24362.42217,2451.261192,7805.01647,,128.874429591621,12.966891620821
292,1.38,0.62,0.35,0.1,0.4,18241.48224,2359.766939,6999.354063,,96.4953567498942,12.4828974767245
293,0.3,0.62,0.6,0.18,0.4,17845.76653,2588.228903,7002.644712,,94.4020658590775,13.6914351618705
294,1.92,0.49,0.475,0.5,0.4,24100.54955,2112.141486,5032.242432,,127.489153353788,11.1729871244181
295,2.46,0.1,0.225,0.34,0.6,24510.99618,1138.356491,602.2264778,,129.660369128227,6.02177576703343
296,2.46,0.36,0.35,0.42,0.6,24215.99763,1838.917304,3791.760555,,128.099860505713,9.72766242065172
297,0.84,0.36,0.6,0.18,0.4,20324.1904,1837.042979,3229.919707,,107.512644942869,9.71774745556496
298,3,0.75,0.6,0.42,0.6,24743.27994,2799.329425,9730.634564,,130.889123677529,14.8081328025815
299,2.46,0.49,0.225,0.34,0.2,22594.09489,1794.761517,4452.96152,,119.520180332205,9.49408335272958
300,0.84,0.1,0.1,0.18,0.6,18742.26531,1056.143115,564.4545755,,99.1444419699535,5.58687640181972
301,0.84,0.62,0.225,0.5,0.4,19783.55874,2429.049254,7001.076551,,104.652765234871,12.8493930067711
302,1.38,0.75,0.225,0.1,0.4,16963.08956,2617.824061,8773.377263,,89.7328055438003,13.8479901661024
303,3,0.23,0.225,0.1,0.2,22680.12309,1219.024697,1572.503701,,119.975259680491,6.44850135950064
304,3,0.23,0.475,0.34,0.8,25885.53452,1589.438949,2225.099799,,136.93151988997,8.40795042848075
305,0.3,0.1,0.225,0.1,0.8,17256.29028,1136.413663,630.9014586,,91.2838038510368,6.01149842890394
306,1.92,0.62,0.1,0.1,0.6,17507.38386,2400.167354,7776.619042,,92.6120601988997,12.6966110558612
307,0.84,0.75,0.225,0.34,0.8,17473.47749,3040.488885,10709.6115,,92.4326993757935,16.0838387907321
308,1.92,0.62,0.1,0.42,0.2,20902.22658,2065.686036,6218.302699,,110.57039028777,10.927243101989
309,0.3,0.1,0.6,0.42,0.6,22359.57965,1359.158167,564.1887356,,118.279621508675,7.18979140393568
310,1.92,0.36,0.35,0.5,0.8,23701.29696,1986.427751,4193.175355,,125.3771527719,10.5079758305121
311,3,0.62,0.225,0.42,0.4,23400.58099,2224.377091,6993.072253,,123.786399650868,11.7667006506559
312,1.38,0.36,0.6,0.34,0.8,22679.99345,2057.564163,4004.61389,,119.974573899704,10.8842793218367
313,0.84,0.75,0.1,0.5,0.6,18210.66638,2848.07599,9742.343302,,96.3323443715616,15.0659965615743
314,0.3,0.1,0.6,0.18,0.6,20260.50781,1273.304214,564.1887356,,107.17577131824,6.73563380236987
315,1.92,0.36,0.225,0.26,0.4,21254.35526,1656.368006,3394.104642,,112.433110770207,8.76199749259416
316,0.3,0.62,0.35,0.1,0.4,15641.17802,2515.690732,7002.644712,,82.7400445408379,13.307716525603
317,3,0.62,0.475,0.18,0.8,22383.29908,2572.469028,8546.999977,,118.405094583157,13.608067223868
318,1.92,0.36,0.225,0.42,0.8,22307.91628,1921.122657,4193.175355,,118.006328184511,10.1625193451121
319,3,0.75,0.1,0.34,0.8,20917.69334,2796.520691,10693.99985,,110.652207680914,14.7932749206517
320,3,0.49,0.1,0.42,0.4,23173.59603,1894.759863,5028.472727,,122.585675148117,10.0230631771054
321,0.84,0.1,0.475,0.42,0.4,23169.34398,1259.953681,497.6532392,,122.563182289463,6.66501100825222
322,0.3,0.49,0.6,0.1,0.8,17215.78292,2563.164904,6456.402351,,91.0695245450698,13.5588494710114
323,3,0.49,0.225,0.18,0.6,21683.66602,2039.302568,5604.977222,,114.704115636902,10.7876775708845
324,0.3,0.75,0.475,0.5,0.6,19207.61994,3010.245702,9744.675557,,101.606114790521,15.9238558082945
325,0.3,0.36,0.1,0.26,0.2,16837.36931,1591.934532,2842.027765,,89.0677597862886,8.42115177740161
326,1.92,0.75,0.35,0.42,0.2,21983.52382,2420.801631,7806.030808,,116.290329136691,12.8057640234871
327,2.46,0.23,0.475,0.5,0.6,26279.14103,1593.515738,2008.69805,,139.013653353788,8.42951617647059
328,0.3,0.75,0.1,0.42,0.6,16217.43157,2912.258434,9744.675557,,85.7883599767245,15.4055143567499
329,1.38,0.23,0.1,0.1,0.6,18368.178,1350.582522,1882.258407,,97.1655628438426,7.14442722175201
330,1.38,0.1,0.35,0.26,0.8,22291.76999,1199.199435,631.567199,,117.920916155311,6.34362798878544
331,1.38,0.62,0.1,0.5,0.8,19736.71471,2643.063141,8559.563598,,104.404965668642,13.9815020154465
332,2.46,0.23,0.225,0.1,0.8,21327.71713,1436.419558,2226.606843,,112.821186680068,7.59849533432078
333,2.46,0.23,0.1,0.26,0.6,22075.92315,1378.959244,2008.69805,,116.779111034702,7.29453683876428
334,1.92,0.23,0.475,0.34,0.8,23878.74337,1623.12186,2227.843922,,126.315824005501,8.58612917900973
335,2.46,0.49,0.225,0.26,0.8,21288.83916,2208.487289,6185.454872,,112.615526661024,11.6826454136691
336,3,0.62,0.1,0.18,0.4,20511.35913,2134.840776,6993.072253,,108.502746138383,11.2930637748625
337,3,0.75,0.225,0.34,0.4,22217.22108,2488.274264,8767.269282,,117.526560939484,13.1626865425307
338,0.84,0.23,0.6,0.1,0.2,20348.80687,1400.953806,1463.171452,,107.642863256454,7.41088555861193
339,2.46,0.23,0.1,0.5,0.8,23993.0976,1512.7442,2226.606843,,126.920744815912,8.00224396953026
340,1.92,0.23,0.225,0.18,0.2,21376.78831,1261.574064,1573.189732,,113.08076761532,6.67358264917478
341,1.38,0.75,0.35,0.18,0.6,18251.92955,2844.745161,9739.796535,,96.5506218260686,15.0483768567499
342,0.3,0.62,0.475,0.5,0.6,19704.6758,2738.225446,7784.394805,,104.235483495557,14.4848997355057
343,0.84,0.36,0.225,0.42,0.6,20105.32994,1894.537003,3618.244259,,106.354898116801,10.0218842731697
344,1.38,0.36,0.6,0.1,0.6,20647.96971,1897.022293,3616.778068,,109.225400497249,10.0350311732967
345,1.92,0.23,0.1,0.18,0.2,20570.53028,1210.181748,1573.189732,,108.815754760897,6.40172316969954
346,3,0.49,0.6,0.18,0.4,24041.94313,2012.340774,5028.472727,,127.179132088447,10.6450527613204
347,1.38,0.36,0.6,0.5,0.2,24459.20093,1755.803454,2841.106425,,129.386378173931,9.28799965086754
348,1.92,0.75,0.1,0.1,0.6,16977.67416,2717.772514,9737.01499,,89.8099564113415,14.3767060622091
349,0.3,0.36,0.1,0.34,0.2,17562.67561,1614.939723,2842.027765,,92.9045472386796,8.54284660918324
350,2.46,0.49,0.225,0.5,0.8,23291.71624,2251.030155,6185.454872,,123.210517562421,11.907692313796
351,1.38,0.62,0.225,0.5,0.8,20554.40415,2680.050403,8559.563598,,108.730449375793,14.1771604052053
352,1.92,0.62,0.35,0.18,0.8,19689.0008,2634.51736,8555.777214,,104.152564536606,13.9362958104105
353,2.46,0.62,0.1,0.5,0.6,22059.44514,2398.752001,7773.491255,,116.691944244604,12.6891240002116
354,0.84,0.1,0.6,0.1,0.6,20948.1015,1218.157256,564.4545755,,110.813063372831,6.44391269572577
355,2.46,0.62,0.225,0.34,0.4,21798.98236,2244.844533,6995.375679,,115.314125899281,11.8749710801947
356,1.38,0.49,0.1,0.5,0.4,20734.39378,2016.175315,5258.767774,,109.682573952603,10.6653370450698
357,0.3,0.49,0.1,0.34,0.8,16386.03857,2430.254354,6456.402351,,86.6802717414304,12.8557678480745
358,3,0.75,0.475,0.42,0.2,24624.05775,2385.446557,7803.904,,130.258451914939,12.618739721752
359,0.3,0.62,0.35,0.26,0.6,16933.57,2691.603255,7784.394805,,89.5766504443504,14.2382736722387
360,2.46,0.62,0.225,0.5,0.6,22864.30608,2439.404518,7773.491255,,120.94956665256,12.9041711701227
361,1.92,0.75,0.225,0.1,0.6,17819.87238,2752.650219,9737.01499,,94.2650887642827,14.5612051364791
362,0.3,0.36,0.225,0.1,0.2,16132.94443,1598.026634,2842.027765,,85.3414326597546,8.4533783008887
363,1.92,0.62,0.1,0.5,0.8,20846.44852,2587.302147,8555.777214,,110.275330723656,13.6865327285231
364,0.84,0.49,0.475,0.34,0.2,20681.94857,2009.858691,4663.433033,,109.405144784173,10.631922825857
365,3,0.1,0.1,0.1,0.6,22591.74873,997.0189649,602.2866672,,119.507769413881,5.27411640340669
366,2.46,0.62,0.35,0.1,0.2,20658.80217,2055.371401,6217.260103,,109.282702972916,10.872679861405
367,0.3,0.75,0.475,0.42,0.8,18329.29331,3164.133203,10712.72117,,96.9598672767668,16.7379031051629
368,2.46,0.23,0.475,0.34,0.6,25001.26967,1545.228084,2008.69805,,132.253859870927,8.17408000423191
369,3,0.1,0.35,0.34,0.6,26214.42787,1180.458577,602.2866672,,138.671328131612,6.24449099132459
370,1.92,0.75,0.1,0.26,0.4,18744.16007,2530.310999,8771.522899,,99.1544650338553,13.3850560674989
371,1.92,0.75,0.35,0.42,0.4,21701.79143,2621.909048,8771.522899,,114.799996984765,13.8695992805755
372,2.46,0.75,0.35,0.26,0.4,21353.69667,2559.014348,8769.494223,,112.958615478206,13.5368935040203
373,0.84,0.75,0.1,0.42,0.8,17322.0629,3008.125049,10709.6115,,91.6317334955565,15.9126377962336
374,0.3,0.23,0.1,0.42,0.2,18858.65234,1347.760335,1463.335297,,99.7601160600931,7.12949817498942
375,0.84,0.75,0.225,0.26,0.4,17247.76742,2692.033931,8775.075107,,91.2387188954719,14.240551899069
376,1.92,0.75,0.6,0.18,0.2,21300.43091,2465.572284,7806.030808,,112.676845694033,13.0425956622937
377,1.92,0.1,0.35,0.1,0.4,22108.88317,1078.775171,532.588153,,116.953465774439,5.70659739208633
378,3,0.49,0.1,0.1,0.2,20580.31007,1651.585886,4451.968231,,108.867488732543,8.73670062420652
379,3,0.49,0.6,0.5,0.8,26337.89079,2341.960675,6181.481717,,139.32443287135,12.3887043747355
380,0.84,0.49,0.6,0.1,0.4,18959.22534,2177.581236,5260.216808,,100.292135738468,11.519155924672
381,2.46,0.62,0.6,0.34,0.8,23512.47931,2667.210802,8551.60683,,124.378328977994,14.1092403829877
382,0.3,0.49,0.6,0.26,0.4,19087.09217,2280.72192,5261.525804,,100.968536658908,12.0647583580195
383,1.38,0.36,0.6,0.26,0.2,22471.66561,1686.290808,2841.106425,,118.872543429962,8.92028569614896
384,2.46,0.23,0.35,0.42,0.8,24882.6253,1583.628209,2226.606843,,131.626244710114,8.3772122778248
385,1.38,0.75,0.35,0.42,0.8,20125.14658,3011.835287,10706.21581,,106.459725878121,15.9322645313161
386,1.38,0.1,0.225,0.5,0.4,23646.08217,1181.940126,497.8088828,,125.085072841727,6.25232821625053
387,3,0.1,0.475,0.5,0.6,28147.05963,1280.66124,602.2866672,,148.894729316547,6.77455162928481
388,1.38,0.49,0.1,0.1,0.2,17395.37239,1756.123836,4662.708516,,92.0195323212019,9.2896944350402
389,1.38,0.49,0.1,0.1,0.4,17164.91461,1935.123343,5258.767774,,90.8004369974609,10.2365813743123
390,3,0.49,0.475,0.26,0.4,24081.0275,1993.083353,5028.472727,,127.385883939907,10.5431832046128
391,3,0.75,0.1,0.34,0.8,20917.69334,2796.520691,10693.99985,,110.652207680914,14.7932749206517
392,1.38,0.36,0.475,0.26,0.4,21621.14904,1769.346866,3228.942246,,114.373407955988,9.35964275285654
393,0.84,0.1,0.225,0.34,0.4,21054.11049,1136.192052,497.6532392,,111.373838817182,6.01032613203555
394,0.3,0.62,0.35,0.26,0.6,16933.57,2691.603255,7784.394805,,89.5766504443504,14.2382736722387
395,1.38,0.49,0.475,0.5,0.2,23218.70595,1989.997114,4662.708516,,122.824301470588,10.5268573529412
396,1.92,0.36,0.35,0.18,0.6,21108.14577,1804.15767,3793.639999,,111.659679274228,9.54378792848075
397,2.46,0.49,0.475,0.5,0.2,25333.42856,1925.260536,4452.96152,,134.010942446043,10.1844082522218
398,2.46,0.75,0.35,0.1,0.8,19407.49666,2898.877246,10698.44973,,102.6634398011,15.3347294011849
399,3,0.62,0.1,0.5,0.4,23240.61058,2202.959774,6993.072253,,122.940174460432,11.6534054909014
400,1.92,0.23,0.475,0.18,0.2,22835.04443,1353.676619,1573.189732,,120.794775867541,7.16079464134575
401,1.38,0.36,0.35,0.26,0.6,20729.71077,1851.59514,3616.778068,,109.657801364791,9.79472672450275
402,0.3,0.1,0.225,0.18,0.2,18233.74438,1053.713399,430.7632897,,96.4544243546339,5.57402348180279
403,2.46,0.36,0.475,0.42,0.6,24916.22376,1880.104372,3791.760555,,131.803976724503,9.94553730427423
404,1.92,0.23,0.6,0.1,0.8,22404.99131,1590.047173,2227.843922,,118.51984400127,8.41116786394414
405,1.38,0.75,0.35,0.34,0.8,19454.4685,3010.512422,10706.21581,,102.911915467626,15.9252667266187
406,3,0.36,0.475,0.26,0.4,24708.72034,1702.471118,3391.427274,,130.706307342361,9.00587768726196
407,3,0.36,0.1,0.34,0.4,23150.79435,1588.08676,3391.427274,,122.465056866272,8.40079750317393
408,0.84,0.1,0.225,0.34,0.6,20992.84336,1167.382912,564.4545755,,111.049742699958,6.1753222175201
409,0.3,0.75,0.225,0.18,0.4,15161.84081,2765.341966,8776.629944,,80.2044054697419,14.6283430279306
410,2.46,0.62,0.475,0.18,0.6,21628.21608,2474.214706,7773.491255,,114.410791790097,13.0883130871773
411,1.92,0.75,0.35,0.1,0.6,18602.49775,2786.645895,9737.01499,,98.405087547609,14.741038378121
412,1.92,0.62,0.35,0.26,0.6,20607.35127,2495.423411,7776.619042,,109.010533590774,13.2005047132882
413,3,0.62,0.225,0.18,0.6,21085.09617,2356.890839,7770.036115,,111.53774952391,12.4676832363521
414,2.46,0.62,0.475,0.1,0.8,20694.03123,2609.241511,8551.60683,,109.469060674989,13.8025894572577
415,0.3,0.75,0.475,0.1,0.8,15463.13707,3173.060767,10712.72117,,81.7982282585696,16.7851288986458
416,3,0.36,0.225,0.26,0.2,23456.71386,1497.242955,2993.230601,,124.08333611934,7.92024415467626
417,1.92,0.75,0.35,0.42,0.4,21701.79143,2621.909048,8771.522899,,114.799996984765,13.8695992805755
418,2.46,0.1,0.225,0.1,0.2,22508.39935,1003.069899,463.1266797,,119.066860717309,5.30612515340669
419,1.38,0.36,0.6,0.34,0.6,22813.05258,1958.292551,3616.778068,,120.678441493864,10.3591438372831
420,0.84,0.36,0.6,0.1,0.6,19395.44351,1951.936036,3618.244259,,102.599680014812,10.3255185992383
421,2.46,0.75,0.1,0.34,0.6,20198.19434,2679.992981,9733.971976,,106.846140181972,14.1768566493864
422,2.46,0.49,0.475,0.42,0.4,24478.37361,2059.407411,5030.459304,,129.487799460432,10.8940298931443
423,1.92,0.36,0.475,0.5,0.2,24885.51637,1697.506636,2994.569285,,131.641538140076,8.97961614473127
424,0.84,0.49,0.225,0.5,0.4,20319.71812,2120.542061,5260.216808,,107.488987092679,11.2174252063055
425,0.3,0.75,0.35,0.5,0.2,19001.42958,2609.26809,7808.584331,,100.515391345747,13.8027300571308
426,1.38,0.75,0.475,0.42,0.6,21067.84265,2888.029486,9739.796535,,111.446480374524,15.2773459902666
427,0.84,0.75,0.225,0.26,0.6,16993.71748,2876.244612,9742.343302,,89.8948237410072,15.2150053533644
428,3,0.75,0.6,0.18,0.8,22497.78357,2916.24386,10693.99985,,119.010704454084,15.426596804909
429,1.38,0.23,0.475,0.5,0.8,24061.26751,1687.521431,2091.904074,,127.281355850614,8.92679555120609
430,0.84,0.23,0.1,0.1,0.4,17206.72347,1293.247706,1673.021498,,91.0216010897165,6.84113259627592
431,0.3,0.62,0.1,0.42,0.8,16506.52763,2778.223003,8566.144897,,87.3176451015658,14.6964822418536
432,2.46,0.1,0.475,0.1,0.6,23834.65317,1141.256051,602.2264778,,126.082591885315,6.03711410812527
433,0.3,0.49,0.35,0.1,0.6,15953.19719,2349.37981,5858.964078,,84.3905902983496,12.4279507511638
434,0.3,0.1,0.6,0.1,0.6,19499.59002,1242.953255,564.1887356,,103.150603152772,6.57508069720694
435,3,0.49,0.6,0.34,0.2,25647.61902,1900.303851,4451.968231,,135.67297407956,10.0523902401608
436,2.46,0.62,0.225,0.34,0.6,21555.46622,2418.417562,7773.491255,,114.025953343208,12.7931525708845
437,0.3,0.36,0.35,0.18,0.6,17352.06067,1955.831501,3619.542089,,91.7904182712653,10.3461251639865
438,1.92,0.62,0.225,0.26,0.2,20338.71032,2084.662062,6218.302699,,107.589453660601,11.0276241112992
439,3,0.75,0.475,0.18,0.8,21819.0561,2888.598768,10693.99985,,115.420313690224,15.2803574269996
440,0.84,0.36,0.35,0.34,0.2,20539.80303,1660.696319,2841.595155,,108.65321111934,8.78489377380449
441,3,0.36,0.225,0.26,0.4,23259.89298,1613.193779,3391.427274,,123.042176153195,8.53361076491748
442,0.3,0.1,0.6,0.18,0.2,20389.80781,1198.49291,430.7632897,,107.859753544223,6.33989055226407
443,0.3,0.62,0.475,0.34,0.6,18373.54118,2729.807364,7784.394805,,97.1939334532374,14.4403690435887
444,0.3,0.36,0.225,0.26,0.2,17668.05572,1643.300388,2842.027765,,93.4619959796869,8.69287128650021
445,2.46,0.23,0.475,0.18,0.2,23889.48952,1345.256589,1572.880462,,126.37266991113,7.11625364473127
446,1.38,0.62,0.225,0.26,0.8,18523.00044,2662.702567,8559.563598,,97.9845558611934,14.0853923349556
447,3,0.23,0.475,0.5,0.4,27352.45618,1519.236863,1790.035734,,144.691367858654,8.03658941493864
448,2.46,0.23,0.1,0.5,0.4,24210.05786,1384.699022,1790.789256,,128.0684398011,7.32489960854846
449,3,0.62,0.225,0.5,0.4,24037.54328,2246.782949,6993.072253,,127.155857384681,11.8852250793483
450,2.46,0.49,0.1,0.1,0.2,19604.86737,1678.571611,4452.96152,,103.707508305121,8.87945202602624
451,2.46,0.75,0.225,0.5,0.6,22325.09677,2730.869286,9733.971976,,118.097211013542,14.4459864896318
452,3,0.62,0.35,0.26,0.6,22565.22477,2407.828889,7770.036115,,119.367460696149,12.7371397005925
453,3,0.75,0.35,0.1,0.2,21121.63376,2286.04785,7803.904,,111.731029200169,12.0929319191705
454,0.84,0.49,0.225,0.34,0.4,18979.77786,2092.464416,5260.216808,,100.400856220906,11.0688976724503
455,2.46,0.36,0.1,0.5,0.2,23694.04573,1536.421556,2993.942804,,125.338794593737,8.12749447735929
456,1.38,0.1,0.225,0.34,0.2,22405.22615,1095.585293,430.9297248,,118.521086278036,5.79552101671604
457,1.38,0.36,0.1,0.34,0.8,19713.42971,1884.047676,4004.61389,,104.281790679221,9.96639693186627
458,1.92,0.62,0.225,0.34,0.6,20537.76736,2465.407249,7776.619042,,108.642442657639,13.0417226460008
459,2.46,0.23,0.475,0.42,0.8,25577.17837,1627.400032,2226.606843,,135.300351089717,8.60876022005925
460,1.92,0.36,0.35,0.34,0.2,22889.38207,1605.475353,2994.569285,,121.082215774439,8.49278117329666
461,2.46,0.1,0.6,0.18,0.4,25273.78117,1194.049955,532.6765788,,133.695414568345,6.31638782797292
462,1.92,0.49,0.225,0.26,0.4,20632.81351,1970.544396,5032.242432,,109.14522593102,10.4239546974185
463,0.84,0.23,0.225,0.34,0.2,20392.91282,1343.206144,1463.171452,,107.87617869234,7.10540702496826
464,0.84,0.23,0.225,0.1,0.6,17904.62102,1435.141604,1882.871544,,94.7133993863733,7.59173510368176
465,2.46,0.1,0.225,0.1,0.2,22508.39935,1003.069899,463.1266797,,119.066860717309,5.30612515340669
466,1.38,0.36,0.35,0.18,0.8,19863.2079,1940.079186,4004.61389,,105.074100190436,10.2627972175201
467,0.84,0.1,0.6,0.18,0.2,21822.46569,1184.258641,430.851903,,115.438350031739,6.26459289568345
468,1.38,0.49,0.225,0.5,0.6,21331.11933,2214.788096,5854.827032,,112.839183929327,11.7159759627592
469,0.3,0.49,0.1,0.5,0.4,18140.62867,2146.439966,5261.525804,,95.9618528882776,11.3544221646212
470,0.84,0.1,0.1,0.1,0.4,18034.43087,991.5875984,497.6532392,,95.4000786606009,5.24538509521794
471,0.3,0.49,0.1,0.34,0.2,16996.06809,1938.147693,4664.087531,,89.9072581993229,10.2525798402455
472,2.46,0.49,0.1,0.26,0.8,20470.37971,2166.223648,6185.454872,,108.285969688955,11.4590755818874
473,1.92,0.23,0.6,0.34,0.2,24886.0129,1452.708158,1573.189732,,131.644164727042,7.68466016716039
474,0.84,0.1,0.35,0.18,0.4,20378.63978,1124.222498,497.6532392,,107.8006759416,5.94700855903513
475,1.92,0.49,0.35,0.18,0.6,20458.54909,2156.099424,5610.63178,,108.223387060939,11.4055195937368
476,2.46,0.36,0.1,0.34,0.6,22003.43459,1723.581948,3791.760555,,116.395654834956,9.11755156580618
477,1.38,0.49,0.225,0.26,0.6,19297.29142,2174.847801,5854.827032,,102.08046667372,11.5046963658485
478,2.46,0.1,0.1,0.42,0.6,24384.60499,1117.654729,602.2264778,,128.991774174778,5.91226581146847
479,1.92,0.36,0.225,0.1,0.6,19581.78469,1736.4571,3793.639999,,103.585403565383,9.18565964875159
480,1.38,0.62,0.35,0.34,0.2,20684.30897,2196.065697,6219.249295,,109.41763103047,11.6169366112992
481,1.38,0.75,0.6,0.34,0.6,21080.47846,2914.710933,9739.796535,,111.513322365637,15.4184877962336
482,1.38,0.1,0.225,0.26,0.8,21543.40965,1149.030349,631.567199,,113.96217546551,6.07823925624207
483,0.84,0.1,0.225,0.1,0.4,18855.2348,1042.569733,497.6532392,,99.7420376639865,5.51507476195514
484,0.84,0.62,0.35,0.5,0.4,20546.64321,2469.059008,7001.076551,,108.68939488997,13.0610400338553
485,1.38,0.36,0.35,0.1,0.2,19603.04695,1546.938005,2841.106425,,103.697878491325,8.18312529094372
486,1.38,0.49,0.225,0.18,0.8,18387.63427,2297.93088,6450.88629,,97.2684842890394,12.1557917900973
487,0.3,0.62,0.225,0.26,0.4,16374.01359,2484.083762,7002.644712,,86.616660971223,13.1405192657639
488,1.38,0.75,0.475,0.5,0.4,21967.56626,2716.670421,8773.377263,,116.205915467626,14.3708761161659
489,3,0.1,0.1,0.1,0.2,22714.1927,955.1800183,463.1467429,,120.155484024545,5.05279315647482
490,0.3,0.49,0.475,0.18,0.4,17662.58489,2232.867195,5261.525804,,93.4330559140923,11.8116123307237
491,3,0.62,0.225,0.5,0.8,23606.15313,2547.592324,8546.999977,,124.87385278248,13.4764723021583
492,1.92,0.1,0.1,0.5,0.2,24075.58735,1099.398509,463.0824668,,127.357106168007,5.81569249365214
493,2.46,0.1,0.475,0.5,0.4,27245.16905,1261.203256,532.6765788,,144.123831199746,6.67162111722387
494,3,0.75,0.1,0.42,0.8,21585.10369,2801.807278,10693.99985,,114.182732173085,14.8212403618282
495,1.38,0.62,0.1,0.18,0.8,16948.45954,2623.584537,8559.563598,,89.6554144096488,13.8784624259416
496,0.3,0.49,0.35,0.26,0.4,17671.41893,2201.816268,5261.525804,,93.4797869763013,11.6473564748201
497,1.92,0.75,0.35,0.18,0.8,19137.64177,2951.633879,10702.50708,,101.235938267033,15.6138059617012
498,1.92,0.62,0.225,0.1,0.4,18587.92579,2255.472236,6997.460871,,98.3280035442235,11.931190414727
499,1.38,0.36,0.6,0.34,0.4,22984.26191,1833.504146,3228.942246,,121.584119286923,9.69902743334744
500,1.92,0.62,0.35,0.18,0.2,20377.93637,2115.371527,6218.302699,,107.796954983072,11.1900736722387
501,3,0.49,0.6,0.1,0.8,22942.38232,2258.506357,6181.481717,,121.36258104105,11.9472405681337
502,1.38,0.49,0.475,0.26,0.4,20996.27106,2103.616944,5258.767774,,111.067874841303,11.1278932712653
503,0.84,0.75,0.475,0.18,0.4,18028.3981,2758.893163,8775.075107,,95.3681659966145,14.5942295969107
504,2.46,0.36,0.475,0.5,0.2,25906.16217,1676.449985,2993.942804,,137.040637801524,8.86822886690648
505,2.46,0.49,0.35,0.42,0.6,23562.44418,2163.837581,5607.957088,,124.642637431231,11.4464535600931
506,3,0.36,0.35,0.18,0.8,22994.60212,1838.981355,4187.820619,,121.638817816335,9.72800124312315
507,2.46,0.36,0.475,0.34,0.6,24260.2939,1858.835928,3791.760555,,128.334182712653,9.83302966567922
508,0.3,0.49,0.475,0.5,0.4,20445.17874,2275.654203,5261.525804,,108.152659437156,12.0379507141346
509,3,0.1,0.35,0.18,0.2,24968.75906,1081.550086,463.1467429,,132.081882458739,5.72127637537029
510,0.84,0.49,0.475,0.1,0.2,18484.21697,1961.089818,4663.433033,,97.7793957363521,10.3739410600931
511,0.3,0.1,0.35,0.26,0.4,19667.62827,1174.941951,497.4760127,,104.039506294964,6.21530867012273
512,2.46,0.36,0.35,0.42,0.8,24093.67677,1929.439051,4190.66943,,127.452797132882,10.2065121191282
513,1.92,0.36,0.6,0.5,0.6,25190.99407,1969.416635,3793.639999,,133.257480268726,10.4179889705882
514,2.46,0.1,0.1,0.42,0.6,24384.60499,1117.654729,602.2264778,,128.991774174778,5.91226581146847
515,0.84,0.1,0.6,0.26,0.4,22477.14881,1246.907293,497.6532392,,118.901548931443,6.5959971064325
516,1.92,0.62,0.225,0.34,0.8,20340.73629,2610.239436,8555.777214,,107.600170810411,13.8078683664833
517,2.46,0.23,0.1,0.34,0.2,23050.66985,1260.202052,1572.880462,,121.93540970165,6.66632486246297
518,3,0.1,0.475,0.26,0.6,26235.12019,1195.877355,602.2866672,,138.780788140076,6.32605456517139
519,1.38,0.23,0.225,0.1,0.4,19332.12819,1320.070539,1672.61274,,102.264749206517,6.98302231802793
520,0.3,0.23,0.35,0.1,0.4,17381.48624,1434.455651,1673.349188,,91.9460761743546,7.5881064906898
521,2.46,0.36,0.6,0.5,0.6,26203.16735,1940.785114,3791.760555,,138.611761267457,10.2665314959797
522,3,0.62,0.35,0.34,0.6,23250.3848,2418.983209,7770.036115,,122.991878967414,12.7961447788828
523,0.3,0.1,0.475,0.34,0.2,21148.16259,1214.149345,430.7632897,,111.871363679645,6.42271130448582
524,0.84,0.75,0.6,0.34,0.4,20137.87687,2798.48852,8775.075107,,106.527067657639,14.8036845112146
525,1.38,0.1,0.475,0.5,0.8,24969.759,1327.208596,631.567199,,132.087172027084,7.0207818239526
526,0.84,0.75,0.35,0.1,0.6,16280.43922,2911.056863,9742.343302,,86.1216632458739,15.3991581834532
527,2.46,0.49,0.1,0.42,0.4,22226.10029,1923.048042,5030.459304,,117.573530945832,10.1727044117647
528,1.38,0.1,0.1,0.34,0.4,21548.82781,1076.061454,497.8088828,,113.990836912823,5.69224213922979
529,0.84,0.75,0.35,0.42,0.4,19406.57408,2735.182497,8775.075107,,102.658559458316,14.4688028829877
530,3,0.75,0.6,0.34,0.4,24351.40654,2599.269639,8767.269282,,128.816158167584,13.7498393937791
531,1.92,0.23,0.1,0.18,0.6,20285.71297,1365.77537,2009.625859,,107.309103734659,7.22479565171392
532,1.92,0.62,0.475,0.42,0.4,22918.32213,2382.240524,6997.460871,,121.235305385104,12.6017801735083
533,1.92,0.23,0.35,0.18,0.2,22129.1932,1309.203317,1573.189732,,117.060903512484,6.92553595535336
534,1.38,0.49,0.6,0.26,0.8,21300.43589,2422.404367,6450.88629,,112.676872037664,12.814242313796
535,0.3,0.49,0.1,0.42,0.4,17472.12743,2134.493079,5261.525804,,92.4255577126534,11.2912244974609
536,0.84,0.62,0.475,0.18,0.6,18280.79267,2648.401388,7782.042563,,96.7033044329242,14.0097407321202
537,0.3,0.23,0.35,0.5,0.6,20828.82876,1649.005467,1883.363079,,110.182124206517,8.72305050253915
538,3,0.75,0.225,0.42,0.2,23173.46405,2295.108255,7803.904,,122.584976988997,12.1408604263648
539,2.46,0.75,0.1,0.18,0.2,19332.02608,2252.944151,7805.01647,,102.264209056284,11.9178171339399
540,3,0.75,0.6,0.5,0.4,25628.72945,2629.936643,8767.269282,,135.573050412611,13.9120643408802
541,2.46,0.49,0.35,0.5,0.8,24041.47237,2291.161342,6185.454872,,127.176641821837,12.1199817075751
542,0.3,0.36,0.35,0.34,0.4,18977.1067,1852.753123,3230.784927,,100.386726089716,9.80085232225984
543,2.46,0.1,0.225,0.26,0.6,23833.10095,1109.91332,602.2264778,,126.074380818874,5.87131464240373
544,2.46,0.23,0.225,0.18,0.4,22299.06981,1326.631239,1790.789256,,117.959531369022,7.0177276713923
545,1.38,0.1,0.6,0.5,0.8,25620.38576,1369.19127,631.567199,,135.528913245874,7.24286537240796
546,3,0.23,0.1,0.1,0.4,21730.66267,1239.876686,1790.035734,,114.952722545493,6.55880599873043
547,3,0.49,0.35,0.18,0.8,22290.19,2196.599721,6181.481717,,117.912558188743,11.6197615372408
548,0.84,0.62,0.225,0.26,0.2,17984.04523,2206.782888,6220.110539,,95.1335443821414,11.6736293271265
549,0.84,0.75,0.35,0.1,0.2,16798.9299,2508.676243,7807.806912,,88.8644196995345,13.2706106802793
550,2.46,0.75,0.1,0.5,0.4,21786.05189,2506.814349,8769.494223,,115.245725190436,13.2607614737622
551,0.3,0.49,0.1,0.1,0.8,14115.84273,2416.657984,6456.402351,,74.6711951438849,12.7838446043165
552,0.84,0.62,0.475,0.42,0.4,20613.58127,2498.304774,7001.076551,,109.043489578925,13.2157467943292
553,1.38,0.23,0.35,0.26,0.6,21447.89746,1504.394151,1882.258407,,113.456926893779,7.95807316440965
554,0.84,0.23,0.225,0.42,0.6,20808.45244,1537.310781,1882.871544,,110.074335801947,8.13219837600508
555,2.46,0.23,0.35,0.5,0.8,25513.63777,1604.888198,2226.606843,,134.964228575963,8.48967519043589
556,1.38,0.49,0.1,0.34,0.4,19395.44412,1983.625069,5258.767774,,102.599683241642,10.4931499629708
557,0.84,0.1,0.475,0.34,0.2,22567.28029,1196.946004,430.851903,,119.378334162082,6.33170759627592
558,0.84,0.36,0.1,0.1,0.6,16347.67118,1768.489932,3618.244259,,86.4773126322472,9.35510966991113
559,0.84,0.49,0.475,0.42,0.4,21142.63906,2191.166595,5260.216808,,111.842144837072,11.5910209214981
560,0.3,0.1,0.6,0.42,0.6,22359.57965,1359.158167,564.1887356,,118.279621508675,7.18979140393568
561,2.46,0.23,0.6,0.42,0.2,26567.68206,1469.81305,1572.880462,,140.540002433347,7.77514309140923
562,0.3,0.49,0.35,0.5,0.2,19940.39302,2065.255467,4664.087531,,105.482400655946,10.9249654411765
563,0.84,0.1,0.225,0.26,0.2,20418.19583,1072.565355,430.851903,,108.009922926365,5.67374817498942
564,2.46,0.49,0.225,0.1,0.2,20426.40372,1728.006296,4452.96152,,108.053341726619,9.1409558611934
565,3,0.1,0.475,0.18,0.2,25658.65806,1124.829513,463.1467429,,135.731369339822,5.95021959902666
566,1.92,0.1,0.35,0.5,0.6,25465.08758,1246.015814,602.0938391,,134.707403618282,6.59128128438426
567,0.84,0.23,0.35,0.1,0.8,18573.62119,1563.711991,2092.72159,,98.252333844689,8.27185776026238
568,1.92,0.49,0.475,0.34,0.4,22800.5423,2077.667569,5032.242432,,120.612263542108,10.9906240425307
569,2.46,0.62,0.475,0.26,0.2,22837.77359,2130.390892,6217.260103,,120.809212812103,11.269524396953
570,1.38,0.49,0.35,0.18,0.2,19768.33152,1872.400052,4662.708516,,104.572214980956,9.90478233178163
571,2.46,0.75,0.475,0.42,0.6,23154.38341,2793.800988,9733.971976,,122.48404258358,14.7788880025391
572,0.3,0.49,0.225,0.5,0.6,18760.60098,2346.311359,5858.964078,,99.2414355691917,12.4117189959797
573,0.84,0.36,0.225,0.42,0.4,20279.25491,1767.077514,3229.919707,,107.274941335167,9.34763814007618
574,0.84,0.75,0.35,0.34,0.6,18477.12612,2910.947453,9742.343302,,97.7418859500635,15.3985794170546
575,0.84,0.1,0.6,0.34,0.4,23165.85279,1276.957622,497.6532392,,122.544714293271,6.75495991324587
576,3,0.1,0.6,0.18,0.4,26249.69572,1191.338001,532.716705,,138.857891028354,6.30204190118494
577,0.84,0.62,0.35,0.18,0.4,17776.08392,2438.373773,7001.076551,,94.0334528142192,12.8987186468472
578,0.3,0.49,0.1,0.5,0.2,18360.49031,1967.579578,4664.087531,,97.1248958421498,10.4082711489632
579,3,0.62,0.475,0.5,0.6,25243.53476,2490.756878,7770.036115,,133.535414515446,13.1758192869234
580,1.38,0.62,0.6,0.26,0.6,20904.81713,2621.868396,7779.458831,,110.58409400127,13.8693842361405
581,0.84,0.62,0.35,0.5,0.8,20110.53826,2778.176217,8563.008575,,106.38244953449,14.6962347492594
582,0.3,0.62,0.1,0.26,0.2,15778.38827,2239.281238,6220.89462,,83.4658710854846,11.8455418853153
583,1.38,0.23,0.225,0.18,0.8,19860.56597,1502.55659,2091.904074,,105.060124682607,7.94835267668218
584,0.3,0.1,0.475,0.34,0.4,21082.82344,1250.574737,497.4760127,,111.525727041896,6.61539746614473
585,0.84,0.36,0.1,0.5,0.6,19950.86076,1865.522419,3618.244259,,105.537773804486,9.86840043906052
586,2.46,0.36,0.35,0.34,0.8,23432.94065,1910.062907,4190.66943,,123.957578554803,10.1040145313161
587,0.3,0.1,0.1,0.1,0.4,16556.06136,1006.200911,497.4760127,,87.5796728734659,5.32268784913246
588,3,0.49,0.6,0.42,0.6,25861.63626,2219.317274,5604.977222,,136.805100825222,11.7399347968684
589,1.38,0.23,0.225,0.18,0.4,20095.23674,1348.053515,1672.61274,,106.301506242065,7.13104906369023
590,3,0.23,0.35,0.18,0.2,24160.79647,1295.487524,1572.503701,,127.807852676682,6.85298097757088
591,1.38,0.75,0.475,0.42,0.4,21324.72362,2709.398161,8773.377263,,112.805351354211,14.3324066917055
592,1.38,0.62,0.225,0.42,0.4,20343.55822,2356.53015,6999.354063,,107.615098497672,12.465775232755
593,1.38,0.62,0.1,0.26,0.4,18132.09883,2292.862775,6999.354063,,95.9167310093102,12.1289820937368
594,3,0.23,0.6,0.26,0.6,25937.38926,1552.719859,2007.567767,,137.205825539568,8.21371063796022
595,2.46,0.23,0.35,0.34,0.6,24304.28819,1498.962067,2008.69805,,128.566907479898,7.92933806072789
596,1.38,0.75,0.35,0.5,0.2,21531.23053,2483.624075,7806.95799,,113.897749312315,13.1380875740584
597,3,0.1,0.35,0.18,0.2,24968.75906,1081.550086,463.1467429,,132.081882458739,5.72127637537029
598,3,0.36,0.225,0.42,0.2,24795.64515,1545.73544,2993.230601,,131.166129655099,8.17676385950064
599,2.46,0.23,0.6,0.5,0.8,26855.22848,1689.954295,2226.606843,,142.061090139653,8.93966512378333
600,3,0.36,0.225,0.5,0.2,25426.44103,1577.046315,2993.230601,,134.502967784596,8.34239481062209
601,1.38,0.62,0.475,0.42,0.2,22067.41879,2250.84147,6219.249295,,116.734123942023,11.9066941917055
602,0.84,0.75,0.225,0.34,0.6,17700.48961,2877.550287,9742.343302,,93.6335675518409,15.2219122249259
603,1.38,0.23,0.1,0.42,0.6,21264.30719,1457.431168,1882.258407,,112.485755342785,7.70964435040203
604,0.3,0.62,0.225,0.18,0.8,15197.65384,2810.697846,8566.144897,,80.3938523063902,14.8682704506983
605,1.92,0.62,0.6,0.26,0.2,22489.41521,2211.091307,6218.302699,,118.966436785865,11.69642037135
606,3,0.62,0.6,0.42,0.8,25095.68828,2644.577742,8546.999977,,132.753323529412,13.9895140816758
607,1.92,0.1,0.1,0.34,0.4,22716.06421,1072.385241,532.588153,,120.165384098603,5.67279539250952
608,1.92,0.75,0.1,0.5,0.8,20284.94582,2894.847785,10702.50708,,107.305045598815,15.3134140129073
609,1.92,0.75,0.35,0.42,0.4,21701.79143,2621.909048,8771.522899,,114.799996984765,13.8695992805755
610,1.92,0.1,0.1,0.42,0.8,23283.15285,1145.689596,671.5995253,,123.165218207787,6.06056705459162
611,1.38,0.23,0.475,0.34,0.8,22756.95887,1642.242433,2091.904074,,120.381712177317,8.68727482543377
612,1.92,0.23,0.35,0.42,0.2,24190.6886,1391.293787,1573.189732,,127.965978628862,7.3597851618705
613,0.3,0.75,0.475,0.5,0.8,18978.7809,3164.437139,10712.72117,,100.39558241642,16.7395108918747
614,1.38,0.23,0.35,0.26,0.4,21580.44358,1424.566756,1672.61274,,114.158080723656,7.53579536606009
615,3,0.49,0.35,0.26,0.6,23158.24077,2099.828771,5604.977222,,122.504447577232,11.1078542689378
616,2.46,0.23,0.1,0.1,0.4,20742.40281,1246.926254,1790.789256,,109.724940806179,6.59609740795599
617,0.3,0.23,0.35,0.34,0.6,19487.58203,1603.309947,1883.363079,,103.087082257723,8.48132642297926
618,1.92,0.1,0.475,0.5,0.4,26204.19216,1269.567779,532.588153,,138.61718239526,6.71586848815066
619,0.3,0.62,0.1,0.34,0.2,16502.44543,2248.406836,6220.89462,,87.2960507300042,11.8938152560305
620,1.92,0.49,0.35,0.1,0.2,20144.37846,1810.505088,4453.853084,,106.561460325857,9.57736504443504
621,3,0.36,0.1,0.26,0.6,22269.88704,1680.655549,3789.623947,,117.80515785019,8.89047581993229
622,1.38,0.62,0.1,0.34,0.8,18399.29376,2631.643153,8559.563598,,97.3301616589082,13.9210915837918
623,1.92,0.62,0.1,0.1,0.8,17309.92823,2554.651173,8555.777214,,91.5675424777825,13.5138128068134
624,3,0.1,0.6,0.1,0.2,25592.57545,1137.081921,463.1467429,,135.381799883623,6.01503343736775
625,1.92,0.23,0.1,0.18,0.4,20427.38356,1288.200049,1791.407795,,108.058524968261,6.81443106749894
626,2.46,0.1,0.1,0.5,0.2,25130.58451,1098.911894,463.1266797,,132.937920598815,5.81311835590351
627,1.92,0.62,0.225,0.42,0.6,21209.43633,2474.524546,7776.619042,,112.195494763013,13.0899521053745
628,1.92,0.36,0.475,0.5,0.6,24531.14023,1929.481224,3793.639999,,129.766928851037,10.2067352094795
629,1.38,0.36,0.1,0.5,0.6,21191.71395,1818.743704,3616.778068,,112.101745397799,9.62094638171816
630,3,0.62,0.1,0.42,0.8,22160.70804,2488.641024,8546.999977,,117.22761341515,13.1646266610241
631,1.92,0.62,0.6,0.26,0.8,21814.87405,2709.214238,8555.777214,,115.398191123572,14.3314337600508
632,0.3,0.36,0.35,0.42,0.6,19495.77118,2005.071574,3619.542089,,103.130401925518,10.6065995239103
633,1.38,0.1,0.35,0.1,0.8,20821.91794,1136.583855,631.567199,,110.145566758358,6.01239872513754
634,0.3,0.36,0.475,0.1,0.2,17652.46198,1693.280477,2842.027765,,93.3795068768515,8.95726024650868
635,1.38,0.1,0.225,0.18,0.8,20819.35475,1119.301377,631.567199,,110.132007776132,5.92097639123995
636,0.84,0.62,0.475,0.5,0.8,20830.12352,2812.117909,8563.008575,,110.188973338976,14.8757824217097
637,3,0.23,0.225,0.18,0.6,23131.77697,1392.311301,2007.567767,,122.364457099027,7.3651676946678
638,3,0.75,0.35,0.1,0.4,20829.30224,2498.77071,8767.269282,,110.184628861617,13.2182115425307
639,0.84,0.75,0.1,0.26,0.2,16687.92992,2435.337239,7807.806912,,88.2772424883623,12.8826557289463
640,2.46,0.75,0.225,0.42,0.8,21464.70785,2878.26697,10698.44973,,113.545851936098,15.2257033961066
641,3,0.49,0.475,0.1,0.6,22419.02446,2104.30587,5604.977222,,118.59407776132,11.1315376110876
642,1.92,0.23,0.475,0.26,0.8,23192.72161,1598.918421,2227.843922,,122.686847280999,8.45809575222175
643,0.84,0.1,0.475,0.34,0.4,22504.47742,1231.633681,497.6532392,,119.046114155734,6.51520144413881
644,1.38,0.62,0.225,0.1,0.6,17221.58692,2502.329163,7779.458831,,91.1002270418959,13.2370353523064
645,1.38,0.36,0.1,0.1,0.2,18004.17794,1447.563892,2841.106425,,95.2400441176471,7.6574475878121
646,0.3,0.62,0.1,0.42,0.8,16506.52763,2778.223003,8566.144897,,87.3176451015658,14.6964822418536
647,2.46,0.62,0.6,0.26,0.8,22830.19543,2658.172958,8551.60683,,120.769125211595,14.0614312209056
648,1.92,0.1,0.6,0.18,0.6,24152.9229,1223.985177,602.0938391,,127.766202391028,6.47474173190859
649,1.38,0.75,0.475,0.18,0.4,19238.70125,2692.860985,8773.377263,,101.770531369022,14.2449269202285
650,1.92,0.49,0.1,0.18,0.2,19314.34091,1735.369587,4453.853084,,102.170656527719,9.17990682924249
651,1.38,0.23,0.1,0.18,0.4,19279.13805,1296.795455,1672.61274,,101.984437420652,6.85989978311469
652,0.84,0.23,0.1,0.34,0.4,19448.24222,1375.787417,1673.021498,,102.87897915785,7.2777582363521
653,3,0.62,0.6,0.34,0.4,24863.30597,2327.860113,6993.072253,,131.524047661871,12.3141140129073
654,2.46,0.75,0.6,0.18,0.2,22315.60207,2416.587507,7805.01647,,118.046985135421,12.7834717890394
655,3,0.75,0.35,0.34,0.4,22974.01311,2527.540636,8767.269282,,121.529904305967,13.3704011637749
656,0.84,0.23,0.225,0.26,0.2,19686.28031,1316.111566,1463.171452,,104.138173455353,6.96207980321625
657,3,0.36,0.1,0.1,0.2,21191.90166,1393.274462,2993.230601,,112.102738362251,7.37026270630554
658,0.84,0.23,0.225,0.1,0.6,17904.62102,1435.141604,1882.871544,,94.7133993863733,7.59173510368176
659,2.46,0.1,0.1,0.42,0.2,24501.73694,1071.825628,463.1266797,,129.611388806602,5.66983510368176
660,2.46,0.62,0.475,0.18,0.4,21866.21855,2299.064875,6995.375679,,115.669797661871,12.1617904940753
661,0.3,0.36,0.6,0.34,0.2,20548.38619,1802.356557,2842.027765,,108.698615055015,9.53426024650868
662,1.38,0.1,0.35,0.5,0.6,24323.21417,1257.98658,564.6880409,,128.667023751587,6.6546052687262
663,1.38,0.75,0.475,0.1,0.2,18756.43943,2476.428239,7806.95799,,99.2194214451968,13.1000224238256
664,2.46,0.75,0.35,0.42,0.8,22225.63202,2911.966948,10698.44973,,117.571053851037,15.4039724291155
665,0.84,0.75,0.35,0.26,0.2,18298.86223,2519.44223,7807.806912,,96.7988903406686,13.3275615213711
666,1.38,0.1,0.475,0.26,0.4,23096.86591,1189.43248,497.8088828,,122.179781580618,6.29196191282268
667,1.92,0.62,0.225,0.5,0.2,22354.61481,2130.232195,6218.302699,,118.253358072366,11.268684907956
668,0.84,0.36,0.225,0.18,0.6,17968.45118,1837.368054,3618.244259,,95.0510536394414,9.71946706517139
669,3,0.49,0.6,0.42,0.2,26295.19652,1927.424962,4451.968231,,139.098585061363,10.1958578184511
670,2.46,0.23,0.35,0.42,0.2,25229.33156,1382.649058,1572.880462,,133.460281210326,7.31405553322048
671,3,0.23,0.225,0.5,0.6,25804.82607,1498.266089,2007.567767,,136.504581411342,7.9256564166314
672,3,0.49,0.6,0.42,0.6,25861.63626,2219.317274,5604.977222,,136.805100825222,11.7399347968684
673,0.3,0.62,0.225,0.34,0.4,17090.57561,2489.591093,7002.644712,,90.4071921815489,13.1696524174778
674,3,0.1,0.475,0.5,0.6,28147.05963,1280.66124,602.2866672,,148.894729316547,6.77455162928481
675,2.46,0.62,0.1,0.26,0.8,19845.0786,2512.24475,8551.60683,,104.978198264917,13.2894876745662
676,3,0.36,0.35,0.26,0.4,24007.00676,1658.738443,3391.427274,,126.99432268303,8.7745368334744
677,0.84,0.62,0.475,0.34,0.2,20183.39445,2302.911617,6220.110539,,106.76785045493,12.1821393197207
678,0.3,0.23,0.1,0.1,0.4,15755.776,1332.077121,1673.349188,,83.3462547608972,7.04653576491748
679,2.46,0.75,0.475,0.42,0.2,23697.99304,2414.662154,7805.01647,,125.359675412611,12.7732868916631
680,1.38,0.36,0.35,0.34,0.8,21293.11839,1977.387872,4004.61389,,112.638163298773,10.4601559035125
681,2.46,0.62,0.225,0.26,0.8,20668.20445,2551.049917,8551.60683,,109.332439959797,13.4947625740584
682,3,0.62,0.475,0.18,0.8,22383.29908,2572.469028,8546.999977,,118.405094583157,13.608067223868
683,1.92,0.62,0.475,0.18,0.2,21097.27856,2157.872002,6218.302699,,111.602192975032,11.4148963288193
684,0.3,0.49,0.1,0.18,0.8,14907.50155,2419.966185,6456.402351,,78.8589798455353,12.8013446096064
685,3,0.1,0.225,0.26,0.8,24796.03391,1121.724027,671.8566294,,131.168186151079,5.93379193292425
686,0.3,0.75,0.475,0.1,0.2,16185.2315,2624.440789,7808.584331,,85.6180252856538,13.8829919011849
687,0.3,0.49,0.6,0.42,0.6,20274.24447,2454.263347,5858.964078,,107.248436680068,12.9827726777402
688,3,0.49,0.225,0.18,0.6,21683.66602,2039.302568,5604.977222,,114.704115636902,10.7876775708845
689,0.84,0.23,0.225,0.1,0.4,18039.01018,1345.939999,1673.021498,,95.424302687262,7.1198688055438
690,2.46,0.62,0.225,0.26,0.2,21368.68678,2042.974609,6217.260103,,113.037911447313,10.8071022482014
691,1.38,0.75,0.6,0.18,0.4,19924.08957,2726.290553,8773.377263,,105.396157268303,14.4217655152349
692,0.84,0.36,0.225,0.42,0.8,19959.24929,2006.51059,4006.568812,,105.5821481697,10.6142117541261
693,3,0.62,0.475,0.42,0.6,24614.38602,2477.60691,7770.036115,,130.207289568345,13.1062574587389
694,2.46,0.23,0.35,0.1,0.2,22448.24199,1270.291644,1572.880462,,118.748635156581,6.71969765129073
695,2.46,0.1,0.475,0.26,0.4,25316.47656,1179.40497,532.6765788,,133.921268303005,6.23891753068134
696,0.3,0.62,0.475,0.18,0.2,17390.89052,2358.288798,6220.89462,,91.9958237410072,12.4750782797292
697,1.38,0.62,0.35,0.42,0.4,21105.54656,2397.087492,6999.354063,,111.645929750317,12.6803189377909
698,0.84,0.75,0.1,0.18,0.2,15942.08746,2429.858166,7807.806912,,84.3318210960643,12.8536720588235
699,0.3,0.62,0.1,0.5,0.8,17171.81417,2781.056342,8566.144897,,90.8369348815066,14.7114702814219
700,1.92,0.23,0.6,0.5,0.6,25908.48004,1649.527332,2009.625859,,137.05289906898,8.72581110876005
701,0.84,0.62,0.6,0.42,0.4,21289.83289,2533.950471,7001.076551,,112.620783379179,13.4043084585273
702,3,0.23,0.1,0.26,0.4,23191.74956,1299.071412,1790.035734,,122.681705247567,6.87193933559035
703,0.84,0.49,0.225,0.42,0.4,19662.98841,2106.826737,5260.216808,,104.014961965722,11.1448727094795
704,1.38,0.75,0.225,0.18,0.4,17729.36274,2622.330875,8773.377263,,93.7863031104528,13.8718306972069
705,0.3,0.36,0.225,0.42,0.2,19075.81848,1687.610888,2842.027765,,100.908900126957,8.9272687685146
706,1.38,0.62,0.1,0.42,0.8,19080.89069,2636.749791,8559.563598,,100.935731538299,13.9481051153195
707,3,0.36,0.1,0.42,0.8,23505.70786,1813.121108,4187.820619,,124.34250878121,9.59120349132459
708,1.92,0.36,0.1,0.34,0.2,21338.92563,1509.541645,2994.569285,,112.880478364367,7.9853028195091
709,1.38,0.1,0.225,0.18,0.6,20866.51537,1093.518024,564.6880409,,110.381482067287,5.78458539991536
710,0.3,0.49,0.35,0.34,0.8,18003.36337,2507.543188,6456.402351,,95.2357351354211,13.2646169487939
711,1.38,0.1,0.475,0.42,0.8,24337.25038,1299.84835,631.567199,,128.741273698688,6.87604924883623
712,0.3,0.36,0.35,0.26,0.8,17945.14944,2091.293369,4008.299251,,94.9277900973339,11.0627029676259
713,1.38,0.49,0.475,0.1,0.6,19306.53077,2229.888854,5854.827032,,102.129341779518,11.7958572471435
714,0.84,0.36,0.35,0.5,0.6,21518.23503,1958.520966,3618.244259,,113.829004602201,10.3603521265341
715,1.38,0.62,0.1,0.18,0.2,17649.30421,2079.127458,6219.249295,,93.3628026343631,10.9983466885315
716,1.38,0.62,0.475,0.1,0.2,19221.99322,2199.765421,6219.249295,,101.682147799408,11.6365077285231
717,2.46,0.75,0.1,0.42,0.4,21139.36256,2497.756733,8769.494223,,111.824812526449,13.2128477200592
718,2.46,0.75,0.35,0.1,0.4,19885.71605,2545.214814,8769.494223,,105.19316573212,13.4638955459162
719,2.46,0.49,0.1,0.26,0.6,20634.12059,2043.848196,5607.957088,,109.152140234871,10.8117234236141
720,1.38,0.1,0.225,0.26,0.2,21712.99409,1066.268824,430.9297248,,114.859257776132,5.6404402454507
721,3,0.75,0.225,0.1,0.4,20057.53372,2460.284409,8767.269282,,106.10206157427,13.0146234077444
722,0.84,0.49,0.35,0.26,0.8,18660.41256,2416.775668,6453.784358,,98.7114502750741,12.7844671392298
723,0.84,0.23,0.475,0.5,0.8,22813.52609,1725.102457,2092.72159,,120.68094630766,9.12559488468049
724,1.38,0.36,0.1,0.34,0.8,19713.42971,1884.047676,4004.61389,,104.281790679221,9.96639693186627
725,3,0.1,0.225,0.5,0.8,26732.52639,1208.541759,671.8566294,,141.412010103682,6.39304781527719
726,2.46,0.1,0.1,0.34,0.8,23700.14364,1107.867256,671.7763769,,125.37105184088,5.86049119763013
727,1.38,0.75,0.475,0.34,0.4,20656.68244,2703.115322,8773.377263,,109.271489843419,14.2991711912823
728,1.92,0.62,0.35,0.5,0.2,23103.95295,2174.765377,6218.302699,,122.217271212442,11.5042603523064
729,3,0.62,0.225,0.5,0.2,24302.96433,2065.649847,6216.10839,,128.559904411765,10.927051666314
730,0.3,0.75,0.1,0.34,0.8,15300.10889,3083.692958,10712.72117,,80.9358278142192,16.3123834003386
731,1.38,0.49,0.225,0.42,0.2,21114.10509,1883.0826,4662.708516,,111.691203396107,9.96129179009733
732,2.46,0.1,0.35,0.34,0.8,25215.24379,1202.347376,671.7763769,,133.385758516716,6.36028023698688
733,1.92,0.23,0.1,0.18,0.6,20285.71297,1365.77537,2009.625859,,107.309103734659,7.22479565171392
734,2.46,0.1,0.225,0.1,0.4,22445.40587,1028.701549,532.6765788,,118.73363240584,5.44171365319509
735,0.3,0.36,0.225,0.34,0.2,18386.55964,1665.613066,2842.027765,,97.2627996191282,8.81090280363944
736,1.38,0.23,0.475,0.42,0.6,23514.74813,1598.617164,1882.258407,,124.390330776555,8.45650213711384
737,1.92,0.49,0.475,0.5,0.6,23892.01785,2255.468072,5610.63178,,126.386044487939,11.9311683876428
738,1.92,0.36,0.1,0.34,0.2,21338.92563,1509.541645,2994.569285,,112.880478364367,7.9853028195091
739,3,0.49,0.35,0.26,0.2,23608.33677,1793.887907,4451.968231,,124.885403988574,9.4894620556496
740,3,0.36,0.225,0.18,0.8,22237.34934,1795.466602,4187.820619,,117.633037134998,9.49781317181549
741,2.46,0.62,0.35,0.5,0.4,23855.74273,2313.27599,6995.375679,,126.19415324799,12.2369656686416
742,0.84,0.1,0.6,0.34,0.8,23055.35095,1337.405695,631.2559117,,121.960172185781,7.07472331252645
743,1.38,0.62,0.35,0.26,0.6,19498.17144,2551.191666,7779.458831,,103.143099026661,13.4955124100719
744,0.84,0.1,0.6,0.42,0.8,23717.88091,1364.088866,631.2559117,,125.464879972493,7.21587423825645
745,1.92,0.36,0.475,0.18,0.4,22004.37717,1724.421657,3394.104642,,116.400640975455,9.12199353046974
746,1.92,0.62,0.475,0.42,0.6,22682.71189,2550.081706,7776.619042,,119.988954136691,13.4896408484977
747,0.3,0.62,0.35,0.5,0.2,19451.26754,2355.025461,6220.89462,,102.894982754973,12.457815599873
748,3,0.1,0.6,0.5,0.8,28767.09257,1340.622402,671.8566294,,152.174632723233,7.09173932501058
749,0.84,0.75,0.35,0.18,0.6,17043.39067,2908.305685,9742.343302,,90.1575892403724,15.3846047661871
750,2.46,0.23,0.225,0.18,0.2,22441.10619,1253.40029,1572.880462,,118.710887589928,6.63034431866272
751,1.92,0.23,0.475,0.26,0.4,23412.71275,1459.659673,1791.407795,,123.850575275074,7.72143288721964
752,2.46,0.23,0.225,0.26,0.6,22875.01199,1428.039155,2008.69805,,121.006199693187,7.55416396000846
753,2.46,0.23,0.6,0.18,0.2,24550.02728,1388.384723,1572.880462,,129.866839187474,7.34439654570461
754,3,0.1,0.1,0.1,0.6,22591.74873,997.0189649,602.2866672,,119.507769413881,5.27411640340669
755,0.3,0.1,0.35,0.18,0.4,18930.70967,1142.007096,497.4760127,,100.141291102412,6.04108705035971
756,0.3,0.62,0.35,0.5,0.8,18773.9535,2849.918354,8566.144897,,99.3120688743123,15.0757424566229
757,1.92,0.23,0.6,0.18,0.2,23499.74485,1399.371815,1573.189732,,124.310965139653,7.40251700698265
758,2.46,0.23,0.225,0.18,0.4,22299.06981,1326.631239,1790.789256,,117.959531369022,7.0177276713923
759,0.3,0.75,0.475,0.1,0.2,16185.2315,2624.440789,7808.584331,,85.6180252856538,13.8829919011849
760,1.38,0.1,0.35,0.26,0.8,22291.76999,1199.199435,631.567199,,117.920916155311,6.34362798878544
761,3,0.1,0.225,0.42,0.2,26245.55286,1120.433485,463.1467429,,138.835975772323,5.92696511320356
762,1.92,0.36,0.6,0.18,0.4,22676.55743,1765.446728,3394.104642,,119.956397746509,9.33901146847228
763,1.38,0.1,0.225,0.26,0.2,21712.99409,1066.268824,430.9297248,,114.859257776132,5.6404402454507
764,2.46,0.23,0.1,0.5,0.6,24072.23432,1455.923012,2008.69805,,127.339369022429,7.70166637748625
765,1.92,0.23,0.6,0.1,0.4,22625.84099,1446.66249,1791.407795,,119.688113573847,7.65267927422768
766,0.84,0.23,0.475,0.5,0.4,23040.20232,1570.505373,1673.021498,,121.880037663986,8.30779397482015
767,3,0.1,0.475,0.42,0.6,27534.84661,1253.614091,602.2866672,,145.656192393144,6.63147530152349
768,1.38,0.49,0.1,0.34,0.2,19623.48704,1814.940713,4662.708516,,103.806004231909,9.60082899386373
769,0.3,0.36,0.1,0.34,0.2,17562.67561,1614.939723,2842.027765,,92.9045472386796,8.54284660918324
770,0.3,0.75,0.475,0.5,0.8,18978.7809,3164.437139,10712.72117,,100.39558241642,16.7395108918747
771,3,0.23,0.1,0.42,0.8,24321.96158,1476.823406,2225.099799,,128.66039769361,7.81222707363521
772,3,0.36,0.1,0.42,0.6,23625.94439,1725.18161,3789.623947,,124.9785462865,9.12601359500635
773,0.84,0.75,0.6,0.18,0.8,18248.51596,3122.930016,10709.6115,,96.5325643250106,16.5199429538722
774,0.3,0.1,0.6,0.5,0.8,22946.58108,1420.03974,630.9014586,,121.384792001693,7.51184796868388
775,1.92,0.1,0.1,0.26,0.6,21966.94702,1066.931144,602.0938391,,116.202639758781,5.643943842573
776,0.3,0.49,0.6,0.5,0.8,20745.47244,2593.360956,6456.402351,,109.741178798138,13.7185831358443
777,1.38,0.49,0.475,0.5,0.8,22628.70966,2418.907751,6450.88629,,119.703288510368,12.7957456146847
778,0.3,0.1,0.35,0.42,0.2,21117.86175,1193.641745,430.7632897,,111.711075698265,6.31422844371562
779,1.38,0.1,0.225,0.1,0.8,20062.73919,1088.004701,631.567199,,106.129597915785,5.7554205512061
780,2.46,0.62,0.1,0.18,0.8,19114.64498,2505.141832,8551.60683,,101.114287875582,13.2519140499365
781,0.3,0.23,0.475,0.18,0.4,18883.85091,1507.007718,1673.349188,,99.8934136161659,7.97189863520948
782,3,0.36,0.6,0.42,0.6,26511.5662,1903.934682,3789.623947,,140.243155945832,10.0715969212865
783,0.84,0.49,0.475,0.18,0.8,18657.60641,2446.864805,6453.784358,,98.6966060622091,12.9436352359289
784,3,0.36,0.225,0.42,0.4,24602.42034,1658.621946,3391.427274,,130.143992488362,8.77392057765552
785,1.38,0.1,0.6,0.5,0.6,25663.12844,1344.841259,564.6880409,,135.75501713923,7.11405659648752
786,1.92,0.62,0.225,0.26,0.2,20338.71032,2084.662062,6218.302699,,107.589453660601,11.0276241112992
787,1.92,0.62,0.1,0.18,0.2,18784.1751,2019.673026,6218.302699,,99.3661399703767,10.683839536606
788,0.3,0.23,0.475,0.1,0.4,18112.8585,1480.318259,1673.349188,,95.8149518620398,7.83071444667795
789,1.38,0.1,0.35,0.5,0.8,24279.13379,1283.012496,631.567199,,128.433843578079,6.7869895048667
790,0.84,0.62,0.475,0.34,0.4,19939.58089,2491.462446,7001.076551,,105.478104581041,13.1795516610241
791,2.46,0.62,0.225,0.18,0.4,20380.10373,2217.958957,6995.375679,,107.808420069827,11.7327494551418
792,0.84,0.36,0.1,0.5,0.6,19950.86076,1865.522419,3618.244259,,105.537773804486,9.86840043906052
793,1.38,0.49,0.35,0.26,0.2,20497.85353,1891.224764,4662.708516,,108.431303057554,10.0043629073212
794,2.46,0.23,0.1,0.26,0.8,21994.23834,1439.103747,2226.606843,,116.347007723233,7.61269438743123
795,0.84,0.23,0.1,0.42,0.2,20268.69965,1319.654155,1463.171452,,107.219105215827,6.9808196942446
796,0.84,0.23,0.475,0.34,0.8,21495.37046,1680.264466,2092.72159,,113.708053639441,8.88840703554803
797,0.3,0.75,0.1,0.5,0.2,17409.4302,2527.143009,7808.584331,,92.093896529835,13.3682977623783
798,0.84,0.1,0.225,0.26,0.6,20290.3174,1138.134455,564.4545755,,107.33346064325,6.02060122196361
799,0.3,0.36,0.6,0.18,0.6,18773.55935,2038.579314,3619.542089,,99.3099838658485,10.7838516398646
800,0.84,0.62,0.1,0.5,0.6,18728.17487,2559.356812,7782.042563,,99.0699051523487,13.5387050994499
801,1.38,0.36,0.225,0.18,0.4,19410.24137,1654.569765,3228.942246,,102.677959003386,8.75248500317393
802,3,0.49,0.35,0.5,0.8,24978.99375,2266.319316,6181.481717,,132.136022799408,11.9885702285231
803,0.84,0.36,0.225,0.42,0.2,20460.65758,1635.812213,2841.595155,,108.23454073212,8.65325969636056
804,0.84,0.1,0.475,0.1,0.8,20218.62341,1203.96309,631.2559117,,106.954207628015,6.36882717943292
805,0.84,0.23,0.35,0.34,0.2,21147.11189,1393.313184,1463.171452,,111.865805596699,7.37046754126111
806,0.84,0.23,0.1,0.34,0.2,19584.92179,1292.54281,1463.171452,,103.601998465933,6.83740377697842
807,2.46,0.23,0.1,0.5,0.6,24072.23432,1455.923012,2008.69805,,127.339369022429,7.70166637748625
808,1.92,0.62,0.225,0.34,0.8,20340.73629,2610.239436,8555.777214,,107.600170810411,13.8078683664833
809,2.46,0.36,0.225,0.18,0.4,21578.69157,1607.202247,3392.851679,,114.148812790944,8.5019162452391
810,3,0.75,0.35,0.26,0.6,22023.79157,2706.349272,9730.634564,,116.503340933136,14.3162784172662
811,0.84,0.62,0.35,0.42,0.8,19459.54603,2774.77764,8563.008575,,102.93877502116,14.678256665256
812,2.46,0.75,0.225,0.34,0.2,21573.04492,2320.453631,7805.01647,,114.118942657639,12.2749345694033
813,3,0.49,0.6,0.5,0.6,26486.86612,2236.374164,5604.977222,,140.112495344901,11.830163796022
814,2.46,0.1,0.6,0.34,0.8,26551.78682,1290.764937,671.7763769,,140.455918429962,6.82799903195091
815,1.92,0.1,0.35,0.18,0.4,22849.70658,1109.982244,532.588153,,120.872336965722,5.87167924248836
816,2.46,0.62,0.475,0.1,0.8,20694.03123,2609.241511,8551.60683,,109.469060674989,13.8025894572577
817,3,0.75,0.35,0.42,0.4,23632.52298,2545.869494,8767.269282,,125.01334627592,13.4673587283115
818,3,0.36,0.475,0.5,0.6,26481.65676,1885.249426,3789.623947,,140.08493842573,9.97275405205248
819,3,0.36,0.35,0.5,0.8,25673.83497,1929.586044,4187.820619,,135.811653459585,10.2072896953026
820,3,0.49,0.225,0.5,0.2,24837.86857,1819.416262,4451.968231,,131.389486722387,9.62450413669065
821,1.92,0.75,0.225,0.5,0.6,21322.66649,2774.118293,9737.01499,,112.794469371562,14.674768794964
822,3,0.23,0.225,0.1,0.2,22680.12309,1219.024697,1572.503701,,119.975259680491,6.44850135950064
823,1.38,0.62,0.35,0.42,0.8,20670.39502,2709.696717,8559.563598,,109.344027824799,14.333986018832
824,1.38,0.62,0.6,0.34,0.8,21400.80421,2771.135381,8559.563598,,113.207808982226,14.6589895313161
825,0.84,0.62,0.35,0.26,0.8,18078.1652,2766.912778,8563.008575,,95.6314282691494,14.6366524439272
826,2.46,0.36,0.475,0.26,0.2,23944.05186,1604.963936,2993.942804,,126.661298455353,8.49007583580195
827,1.38,0.62,0.1,0.18,0.4,17390.1774,2283.763317,6999.354063,,91.9920514176894,12.0808470006348
828,2.46,0.75,0.475,0.42,0.4,23415.59382,2612.989853,8769.494223,,123.865815806179,13.8224177581464
829,3,0.62,0.225,0.26,0.4,22049.26502,2194.990923,6993.072253,,116.638092573,11.6112511796445
830,0.84,0.23,0.35,0.1,0.6,18680.6351,1483.32444,1882.871544,,98.8184252010157,7.84661680067711
831,3,0.23,0.1,0.42,0.2,24675.18046,1283.346926,1572.503701,,130.528885209479,6.78875860135421
832,3,0.75,0.1,0.1,0.2,19528.39057,2198.148062,7803.904,,103.302954771477,11.627952084215
833,1.92,0.1,0.475,0.5,0.2,26262.30017,1238.289973,463.0824668,,138.92456712865,6.55041246826069
834,1.92,0.23,0.35,0.18,0.8,21765.94132,1529.073657,2227.843922,,115.139342573,8.08862493123149
835,0.84,0.23,0.6,0.26,0.6,21572.93753,1623.076908,1882.871544,,114.118374576809,8.58589138806602
836,0.84,0.75,0.225,0.5,0.2,19568.15535,2500.14115,7807.806912,,103.513305914092,13.2254610135421
837,0.3,0.36,0.35,0.34,0.4,18977.1067,1852.753123,3230.784927,,100.386726089716,9.80085232225984
838,1.38,0.23,0.6,0.34,0.6,23515.6153,1616.494376,1882.258407,,124.394918006771,8.55107054591621
839,2.46,0.23,0.225,0.18,0.6,22158.33237,1400.914025,2008.69805,,117.215046392298,7.41067512166737
840,0.84,0.62,0.6,0.5,0.8,21506.65822,2843.969021,8563.008575,,113.767764600085,15.0442711648328
841,2.46,0.75,0.475,0.34,0.4,22756.46779,2603.719717,8769.494223,,120.379114420229,13.7733797979264
842,1.38,0.36,0.6,0.18,0.8,21266.76409,2020.003761,4004.61389,,112.498752063055,10.6855890869657
843,0.3,0.23,0.6,0.26,0.8,20065.60661,1752.490333,2093.37697,,106.144766239949,9.27047361933982
844,2.46,0.75,0.6,0.42,0.4,24083.22768,2647.623102,8769.494223,,127.397522640711,14.0056236881083
845,1.92,0.75,0.6,0.26,0.8,21266.53455,3010.795422,10702.50708,,112.497537822683,15.9267637642827
846,1.92,0.1,0.475,0.42,0.4,25580.16516,1240.134914,532.588153,,135.316150867541,6.5601719953449
847,1.38,0.1,0.6,0.42,0.8,24991.2675,1342.527188,631.567199,,132.20094953449,7.10181542530681
848,2.46,0.62,0.6,0.26,0.6,23017.01736,2520.141094,7773.491255,,121.757391874736,13.3312584320779
849,0.3,0.49,0.1,0.18,0.6,15091.609,2271.812512,5858.964078,,79.8328872196361,12.0176286077021
850,2.46,0.75,0.6,0.1,0.8,20823.4797,2957.373094,10698.44973,,110.153828290309,15.6441657532797
851,0.3,0.75,0.475,0.18,0.2,16952.53897,2626.299761,7808.584331,,89.6769941282268,13.8928256506559
852,0.84,0.1,0.35,0.42,0.6,22411.55087,1246.029473,564.4545755,,118.554543324164,6.59135353893356
853,0.3,0.49,0.475,0.34,0.6,18913.63761,2409.050194,5858.964078,,100.050981855692,12.7436002644943
854,0.84,0.75,0.1,0.42,0.4,17810.52646,2661.745832,8775.075107,,94.2156499153618,14.0803313161236
855,1.38,0.75,0.475,0.42,0.4,21324.72362,2709.398161,8773.377263,,112.805351354211,14.3324066917055
856,1.92,0.62,0.475,0.5,0.6,23321.07795,2559.988731,7776.619042,,123.365837653407,13.5420478787558
857,0.3,0.49,0.35,0.18,0.4,16927.85759,2191.776011,5261.525804,,89.5464324481591,11.5942446625053
858,0.84,0.23,0.225,0.1,0.4,18039.01018,1345.939999,1673.021498,,95.424302687262,7.1198688055438
859,1.38,0.62,0.225,0.5,0.2,21248.20841,2178.877144,6219.249295,,112.400594636056,11.5260111299196
860,1.92,0.62,0.6,0.42,0.8,23162.32025,2723.57618,8555.777214,,122.526027560305,14.4074067922133
861,0.84,0.23,0.225,0.34,0.6,20128.14152,1512.98981,1882.871544,,106.475568768515,8.00354321836649
862,1.92,0.1,0.6,0.5,0.4,26848.93759,1311.661493,532.588153,,142.02781205036,6.93853942551841
863,1.92,0.36,0.6,0.34,0.4,24074.0459,1811.245266,3394.104642,,127.348952073635,9.58128050148117
864,0.84,0.62,0.475,0.1,0.2,17987.93211,2270.319016,6220.110539,,95.1541055332205,12.0097281845112
865,0.3,0.36,0.6,0.18,0.6,18773.55935,2038.579314,3619.542089,,99.3099838658485,10.7838516398646
866,2.46,0.36,0.1,0.1,0.2,20209.07951,1409.554751,2993.942804,,106.903721487516,7.45638357490478
867,1.92,0.1,0.475,0.18,0.2,23610.90657,1126.836753,463.0824668,,124.898997936945,5.96083766927634
868,0.3,0.1,0.35,0.34,0.4,20374.12952,1203.05981,497.4760127,,107.776817181549,6.36404893144308
869,0.3,0.75,0.35,0.1,0.8,14717.85544,3150.888984,10712.72117,,77.8557735928904,16.6678426999577
870,1.92,0.36,0.225,0.34,0.4,21951.5658,1679.576509,3394.104642,,116.121274862463,8.88476782162505
871,1.38,0.75,0.6,0.34,0.4,21334.7798,2737.158197,8773.377263,,112.858547397376,14.4792541102412
872,1.38,0.62,0.1,0.1,0.6,16375.58505,2463.895208,7779.458831,,86.6249738150656,13.033724121879
873,0.84,0.75,0.1,0.26,0.2,16687.92992,2435.337239,7807.806912,,88.2772424883623,12.8826557289463
874,1.92,0.36,0.225,0.34,0.4,21951.5658,1679.576509,3394.104642,,116.121274862463,8.88476782162505
875,1.38,0.36,0.475,0.1,0.2,20324.56059,1592.953336,2841.106425,,107.514603205671,8.4265411341515
876,3,0.1,0.6,0.1,0.2,25592.57545,1137.081921,463.1467429,,135.381799883623,6.01503343736775
877,0.3,0.23,0.475,0.42,0.2,21135.73184,1495.006656,1463.335297,,111.805606432501,7.90841438848921
878,0.3,0.1,0.475,0.1,0.2,18951.83601,1119.172449,430.7632897,,100.253047027084,5.92029437685146
879,2.46,0.62,0.1,0.26,0.8,19845.0786,2512.24475,8551.60683,,104.978198264917,13.2894876745662
880,2.46,0.62,0.1,0.42,0.6,21412.97267,2387.98662,7773.491255,,113.272178745239,12.6321763647905
881,2.46,0.1,0.225,0.1,0.8,22357.51388,1068.91478,671.7763769,,118.268693821413,5.65443705035971
882,1.92,0.75,0.6,0.5,0.2,23995.80759,2506.746827,7806.030808,,126.935080353364,13.2604042900973
883,2.46,0.36,0.1,0.5,0.4,23501.81103,1651.758385,3392.851679,,124.321894995768,8.73761312420652
884,0.84,0.75,0.475,0.1,0.6,17020.85826,2942.715523,9742.343302,,90.0383953660601,15.5666288774862
885,2.46,0.23,0.1,0.1,0.8,20513.58104,1385.924016,2226.606843,,108.514499788405,7.33137968683877
886,3,0.23,0.225,0.34,0.6,24522.619,1446.612027,2007.567767,,129.721852517986,7.65241233072366
887,1.92,0.1,0.1,0.34,0.4,22716.06421,1072.385241,532.588153,,120.165384098603,5.67279539250952
888,1.92,0.49,0.35,0.5,0.4,23397.63175,2071.138094,5032.242432,,123.770798508252,10.9560838658485
889,1.92,0.23,0.35,0.34,0.4,23396.83925,1439.146479,1791.407795,,123.766606273805,7.61292043482861
890,3,0.49,0.6,0.26,0.6,24535.09445,2178.07781,5604.977222,,129.787846223022,11.5217827443927
891,1.92,0.23,0.35,0.1,0.2,21381.48121,1278.655581,1573.189732,,113.105592520102,6.76394192234448
892,2.46,0.49,0.35,0.5,0.4,24411.4949,2032.872377,5030.459304,,129.134018726196,10.7536625952179
893,0.84,0.62,0.1,0.34,0.2,17869.3565,2171.729145,6220.110539,,94.5268541049513,11.4881990319509
894,0.3,0.36,0.225,0.18,0.2,16918.09009,1620.519382,2842.027765,,89.4947634892087,8.57236236775286
895,1.92,0.36,0.1,0.1,0.2,19139.80606,1430.917622,2994.569285,,101.247387113838,7.56939072154041
896,0.3,0.36,0.475,0.26,0.6,18824.5384,2014.632476,3619.542089,,99.5796572154042,10.657175603047
897,3,0.36,0.225,0.34,0.2,24139.60086,1520.952298,2993.230601,,127.695730321625,8.04566387008041
898,1.92,0.1,0.35,0.18,0.2,22911.8408,1082.258045,463.0824668,,121.20101988997,5.72502139758781
899,2.46,0.1,0.35,0.1,0.6,23133.94328,1096.842586,602.2264778,,122.375916631401,5.80217195302582
900,1.92,0.62,0.35,0.18,0.6,19883.13312,2487.256002,7776.619042,,105.17950232755,13.1573000528989
901,1.38,0.49,0.35,0.18,0.8,19165.87422,2336.884924,6450.88629,,101.38528470165,12.3618542319086
902,3,0.1,0.225,0.5,0.6,26751.2715,1191.762137,602.2866672,,141.511169593737,6.30428553216251
903,2.46,0.62,0.6,0.26,0.8,22830.19543,2658.172958,8551.60683,,120.769125211595,14.0614312209056
904,1.92,0.62,0.1,0.42,0.4,20638.73486,2257.8245,6997.460871,,109.176549195937,11.9436336225138
905,1.92,0.1,0.35,0.34,0.4,24239.39407,1168.562182,532.588153,,128.223625,6.18156042107491
906,2.46,0.62,0.225,0.1,0.8,19188.28438,2535.763984,8551.60683,,101.503831887431,13.4139017350825
907,1.92,0.23,0.35,0.26,0.4,22708.84003,1412.090624,1791.407795,,120.127169011849,7.46979805332205
908,1.92,0.62,0.35,0.26,0.2,21101.62582,2129.586615,6218.302699,,111.625189483707,11.2652698635209
909,2.46,0.62,0.1,0.5,0.2,22571.36048,2041.458548,6217.260103,,119.399917900973,10.7990824587389
910,3,0.62,0.225,0.34,0.8,22305.46015,2517.588521,8546.999977,,117.993335537452,13.3177556125688
911,0.84,0.49,0.6,0.34,0.2,21356.34108,2051.180654,4663.433033,,112.972604104951,10.8505112886162
912,3,0.23,0.35,0.18,0.4,24019.15966,1366.38084,1790.035734,,127.058610135421,7.22799851883199
913,0.84,0.36,0.225,0.42,0.6,20105.32994,1894.537003,3618.244259,,106.354898116801,10.0218842731697
914,1.92,0.75,0.6,0.5,0.6,23463.94129,2875.823659,9737.01499,,124.121568398223,15.2127785600931
915,1.38,0.23,0.225,0.18,0.4,20095.23674,1348.053515,1672.61274,,106.301506242065,7.13104906369023
916,0.84,0.1,0.35,0.42,0.6,22411.55087,1246.029473,564.4545755,,118.554543324164,6.59135353893356
917,3,0.75,0.6,0.34,0.4,24351.40654,2599.269639,8767.269282,,128.816158167584,13.7498393937791
918,0.84,0.62,0.35,0.1,0.8,16578.97645,2762.949196,8563.008575,,87.7008910812526,14.6156855480322
919,3,0.23,0.225,0.26,0.8,23770.90947,1476.078458,2225.099799,,125.745394995768,7.80828638383411
920,2.46,0.62,0.225,0.1,0.6,19380.62916,2387.763801,7773.491255,,102.521313796022,12.6309976777402
921,1.92,0.1,0.475,0.42,0.2,25638.84167,1212.662994,463.0824668,,135.626542900973,6.41484867752857
922,1.92,0.36,0.6,0.42,0.8,24431.57156,2047.18878,4193.175355,,129.240221963606,10.8293947312738
923,0.3,0.1,0.225,0.5,0.8,20833.62288,1282.855695,630.9014586,,110.207484553534,6.78616004549302
924,2.46,0.36,0.1,0.1,0.8,19685.93992,1754.660647,4190.66943,,104.136372831147,9.28195433241642
925,1.38,0.23,0.475,0.42,0.8,23422.0302,1665.431063,2091.904074,,123.899863520948,8.80994002856538
926,0.3,0.62,0.6,0.18,0.6,17627.34963,2755.342708,7784.394805,,93.2466654147271,14.5754480956411
927,0.3,0.62,0.225,0.34,0.6,16863.25208,2660.228915,7784.394805,,89.2046766821837,14.0723069985188
928,1.38,0.23,0.6,0.5,0.2,25063.10648,1511.150195,1462.967073,,132.580969530258,7.99381186521371
929,0.84,0.49,0.1,0.26,0.2,17660.75829,1851.054512,4663.433033,,93.4233934088024,9.79186686415573
930,0.84,0.36,0.35,0.34,0.2,20539.80303,1660.696319,2841.595155,,108.65321111934,8.78489377380449
931,0.3,0.62,0.225,0.42,0.4,17778.17127,2495.495334,7002.644712,,94.0444946572154,13.2008851777402
932,0.3,0.75,0.225,0.42,0.8,16822.27545,3110.398624,10712.72117,,88.9879149915362,16.4536533220482
933,1.38,0.75,0.1,0.5,0.2,19962.46984,2398.66229,7806.95799,,105.599184511215,12.6886494392721
934,0.84,0.23,0.35,0.42,0.2,21820.50017,1417.286611,1463.171452,,115.427952655523,7.49728423085061
935,1.92,0.75,0.35,0.1,0.4,18862.45734,2594.579388,8771.522899,,99.780244075328,13.7250285019044
936,1.38,0.23,0.475,0.18,0.4,21568.61594,1442.239804,1672.61274,,114.095513859501,7.62928377063056
937,0.3,0.62,0.225,0.1,0.6,14623.15868,2654.622341,7784.394805,,77.3548385526873,14.0426488626746
938,2.46,0.75,0.1,0.5,0.8,21295.03183,2847.688692,10698.44973,,112.64828517774,15.0639477994075
939,1.92,0.62,0.35,0.34,0.4,21540.42806,2330.892647,6997.460871,,113.946403195091,12.3301557712653
940,1.92,0.49,0.6,0.26,0.4,22782.73634,2100.239773,5032.242432,,120.518072048244,11.1100284225561
941,1.92,0.23,0.475,0.5,0.4,25384.18485,1533.617665,1791.407795,,134.279437420652,8.11266221434617
942,1.38,0.1,0.6,0.18,0.4,23047.42472,1207.098153,497.8088828,,121.918243334744,6.38541130448582
943,3,0.75,0.475,0.26,0.6,22740.10241,2741.099255,9730.634564,,120.292543429962,14.5001018567499
944,0.84,0.23,0.475,0.18,0.6,20169.29505,1555.650019,1882.871544,,106.693266239949,8.22921084955565
945,0.84,0.1,0.6,0.34,0.6,23107.42465,1306.6539,564.4545755,,122.23563610876,6.91204983072366
946,1.92,0.75,0.225,0.42,0.4,20941.20458,2584.313127,8771.522899,,110.776579454084,13.6707211542531
947,3,0.49,0.6,0.1,0.8,22942.38232,2258.506357,6181.481717,,121.36258104105,11.9472405681337
948,1.92,0.1,0.225,0.18,0.4,22103.87035,1061.70704,532.588153,,116.926948529412,5.61630892932713
949,2.46,0.1,0.6,0.26,0.4,25967.25842,1225.596975,532.6765788,,137.363829983072,6.48326795916208
950,1.38,0.1,0.1,0.1,0.6,19296.94557,1010.556267,564.6880409,,102.078637166737,5.34572718472281
951,1.38,0.62,0.6,0.42,0.4,22492.26237,2472.072694,6999.354063,,118.981497936945,13.0769820884469
952,1.92,0.62,0.6,0.18,0.4,21523.93021,2383.817396,6997.460871,,113.859131453661,12.6101216462124
953,1.38,0.36,0.6,0.18,0.8,21266.76409,2020.003761,4004.61389,,112.498752063055,10.6855890869657
954,3,0.49,0.35,0.34,0.4,24057.67059,1967.332771,5028.472727,,127.262328554803,10.4069655681337
955,1.92,0.36,0.6,0.42,0.8,24431.57156,2047.18878,4193.175355,,129.240221963606,10.8293947312738
956,0.84,0.49,0.35,0.26,0.4,19041.74115,2122.772489,5260.216808,,100.728634944985,11.2292239155734
957,3,0.62,0.1,0.34,0.8,21492.64317,2478.470286,8546.999977,,113.693626586966,13.1108246191282
958,1.92,0.75,0.6,0.26,0.2,22015.34901,2475.963812,7806.030808,,116.458680755396,13.0975656580618
959,1.92,0.75,0.6,0.42,0.4,23085.884,2691.594693,8771.522899,,122.121688531528,14.238228380237
960,0.3,0.36,0.475,0.18,0.4,18249.67752,1859.4863,3230.784927,,96.538708844689,9.83647005924672
961,2.46,0.36,0.35,0.1,0.2,21783.02315,1506.884293,2993.942804,,115.229703501904,7.97124573106221
962,3,0.62,0.1,0.5,0.4,23240.61058,2202.959774,6993.072253,,122.940174460432,11.6534054909014
963,3,0.49,0.6,0.34,0.2,25647.61902,1900.303851,4451.968231,,135.67297407956,10.0523902401608
964,0.84,0.23,0.475,0.26,0.6,20899.17573,1581.32085,1882.871544,,110.554251639865,8.36500661235717
965,0.84,0.62,0.225,0.1,0.6,15988.25497,2574.284151,7782.042563,,84.5760419487939,13.6176690171392
966,0.3,0.62,0.225,0.1,0.2,15087.1639,2268.487538,6220.89462,,79.80937314854,12.0000398751587
967,2.46,0.23,0.6,0.26,0.4,25116.67068,1489.994401,1790.789256,,132.864318027931,7.88190013224714
968,1.38,0.1,0.225,0.5,0.2,23707.32691,1151.290784,430.9297248,,125.409050518409,6.0901966991113
969,1.92,0.36,0.1,0.18,0.8,19384.83866,1813.732142,4193.175355,,102.543581570038,9.59443579136691
970,3,0.1,0.6,0.5,0.2,28892.53468,1280.59954,463.1467429,,152.838207151926,6.77422524333474
971,2.46,0.23,0.1,0.26,0.8,21994.23834,1439.103747,2226.606843,,116.347007723233,7.61269438743123
972,3,0.49,0.6,0.18,0.6,23830.23133,2160.587595,5604.977222,,126.059200856961,11.4292615055015
973,1.92,0.23,0.35,0.26,0.2,22845.0704,1337.339757,1573.189732,,120.847812103259,7.07437450804063
974,2.46,0.62,0.6,0.34,0.6,23699.41948,2530.518458,7773.491255,,125.367221117224,13.3861535019044
975,0.3,0.62,0.475,0.5,0.2,20168.62536,2395.504067,6220.89462,,106.689723656369,12.6719428004655
976,1.38,0.1,0.475,0.42,0.2,24497.49378,1216.257659,430.9297248,,129.588942975032,6.43386404464664
977,0.3,0.62,0.6,0.1,0.8,16663.05315,2906.033468,8566.144897,,88.1456472175201,15.372584997884
978,3,0.62,0.225,0.26,0.2,22318.02165,2005.939094,6216.10839,,118.059784437156,10.6111886055861
979,0.3,0.1,0.6,0.5,0.6,23004.558,1384.763997,564.1887356,,121.691483283961,7.32524331887431
980,0.84,0.1,0.225,0.5,0.8,22261.12232,1255.359261,631.2559117,,117.758793482861,6.64070705141769
981,1.38,0.49,0.6,0.18,0.8,20578.70197,2410.954056,6450.88629,,108.858982067287,12.7536714769361
982,0.84,0.49,0.225,0.26,0.8,17881.99831,2378.550745,6453.784358,,94.5937278353788,12.5822616641981
983,2.46,0.49,0.6,0.26,0.4,23805.04238,2063.008648,5030.459304,,125.92595418959,10.9130800253915
984,0.3,0.49,0.1,0.18,0.6,15091.609,2271.812512,5858.964078,,79.8328872196361,12.0176286077021
985,3,0.75,0.6,0.26,0.2,23958.13757,2388.167296,7803.904,,126.735810251799,12.6331321201862
986,0.3,0.36,0.35,0.42,0.8,19344.15698,2119.577327,4008.299251,,102.328380131189,11.2123218736775
987,3,0.23,0.35,0.1,0.6,23142.34911,1410.027319,2007.567767,,122.420382511638,7.45888340562844
988,0.84,0.75,0.475,0.26,0.6,18506.34886,2941.449169,9742.343302,,97.8964709056284,15.5599300095218
989,2.46,0.62,0.6,0.34,0.8,23512.47931,2667.210802,8551.60683,,124.378328977994,14.1092403829877
990,1.38,0.75,0.6,0.5,0.6,22384.03519,2924.231891,9739.796535,,118.408988520948,15.4688525761744
991,0.3,0.36,0.225,0.26,0.4,17487.7841,1786.793947,3230.784927,,92.5083797079983,9.45193581781633
992,2.46,0.23,0.1,0.26,0.6,22075.92315,1378.959244,2008.69805,,116.779111034702,7.29453683876428
993,2.46,0.1,0.225,0.34,0.4,24566.90997,1117.592192,532.6765788,,129.956146688532,5.91193499788405
994,0.3,0.75,0.35,0.42,0.6,17829.21976,2976.532056,9744.675557,,94.3145353364367,15.7455144731274
995,3,0.49,0.225,0.42,0.2,24204.3573,1791.734432,4451.968231,,128.038284490055,9.47807041895895
996,2.46,0.75,0.6,0.1,0.4,21294.44907,2615.368058,8769.494223,,112.645202443927,13.8349981908591
997,3,0.75,0.1,0.1,0.4,19227.78275,2417.809327,8767.269282,,101.712773751587,12.7899350772323
998,2.46,0.75,0.6,0.5,0.2,24992.43969,2463.869912,7805.01647,,132.207150285654,13.0335903089293
999,3,0.1,0.225,0.34,0.8,25467.71865,1150.839516,671.8566294,,134.721321677952,6.08780954295387
1000,0.84,0.1,0.6,0.42,0.6,23769.36277,1336.177241,564.4545755,,125.737213129496,7.06822493123149
1001,2.46,0.62,0.35,0.34,0.2,22815.84093,2104.553591,6217.260103,,120.693191546763,11.1328480268726
1002,3,0.49,0.225,0.5,0.4,24604.75072,1967.657027,5028.472727,,130.156319932289,10.4086808453237
1003,1.38,0.62,0.1,0.5,0.2,20440.29406,2132.43715,6219.249295,,108.126820038087,11.2803488679645
1004,1.92,0.23,0.6,0.5,0.8,25825.63127,1708.75065,2227.843922,,136.614638542108,9.03909569403301
1005,1.38,0.1,0.35,0.18,0.2,21741.78321,1084.512021,430.9297248,,115.011548931443,5.73694467308506
1006,0.3,0.23,0.6,0.1,0.2,18929.74504,1433.14358,1463.335297,,100.136188319932,7.58116578501904
1007,1.38,0.1,0.475,0.42,0.4,24437.44241,1248.515118,497.8088828,,129.271278089293,6.60450231696995
1008,3,0.23,0.35,0.26,0.8,24514.4551,1519.193558,2225.099799,,129.678666419805,8.03636033643673
1009,1.92,0.62,0.225,0.18,0.6,19108.50903,2448.642503,7776.619042,,101.081829401185,12.9530390552264
1010,3,0.62,0.35,0.26,0.8,22378.05445,2545.457285,8546.999977,,118.377351089716,13.4651781898011
1011,2.46,0.23,0.6,0.1,0.6,23545.69983,1509.169726,2008.69805,,124.554061732967,7.98333541049513
1012,1.38,0.62,0.475,0.42,0.6,21587.19615,2603.012699,7779.458831,,114.193801047397,13.7696397534913
1013,1.92,0.49,0.6,0.1,0.2,21543.24699,1901.529783,4453.853084,,113.961315012696,10.0588752803639
1014,1.38,0.36,0.35,0.26,0.4,20906.49472,1724.281086,3228.942246,,110.592968260686,9.1212499259416
1015,0.3,0.23,0.225,0.5,0.6,20072.282,1602.043629,1883.363079,,106.180078290309,8.4746277454507
1016,0.3,0.36,0.225,0.26,0.2,17668.05572,1643.300388,2842.027765,,93.4619959796869,8.69287128650021
1017,1.92,0.62,0.6,0.26,0.2,22489.41521,2211.091307,6218.302699,,118.966436785865,11.69642037135
1018,2.46,0.36,0.1,0.1,0.6,19816.05129,1656.375402,3791.760555,,104.824647111722,8.76203661658908
1019,3,0.36,0.475,0.26,0.6,24527.19418,1815.289594,3789.623947,,129.746054697419,9.60267453449006
1020,0.84,0.49,0.225,0.1,0.4,16749.75073,2052.795529,5260.216808,,88.6042675095218,10.8590537928481
1021,2.46,0.23,0.225,0.42,0.8,24143.34785,1537.311868,2226.606843,,127.715551470588,8.13220412611088
1022,0.3,0.62,0.1,0.26,0.4,15530.85331,2442.599045,7002.644712,,82.1564394308083,12.9210698529412
1023,0.84,0.75,0.35,0.18,0.4,17294.25524,2724.947142,8775.075107,,91.4846341515023,14.4146590245451
1024,0.3,0.36,0.35,0.26,0.6,18096.42866,1972.150591,3619.542089,,95.7280398857385,10.4324512854422
1025,1.92,0.1,0.225,0.42,0.2,24220.82102,1121.810764,463.0824668,,128.125375687685,5.93425076174355
1026,1.38,0.1,0.475,0.5,0.4,25068.676,1275.646018,497.8088828,,132.610431654676,6.74802167795176
1027,2.46,0.49,0.6,0.34,0.2,24708.05576,1925.476147,4452.96152,,130.702791790097,10.1855488097757
1028,1.92,0.75,0.1,0.26,0.2,19033.96536,2315.011087,7806.030808,,100.687501904359,12.2461441335167
1029,2.46,0.36,0.475,0.34,0.8,24138.79809,1954.402321,4190.66943,,127.691483760051,10.3385649650868
1030,1.38,0.49,0.35,0.34,0.8,20597.01164,2358.558194,6450.88629,,108.955838129496,12.4765033537876
1031,0.3,0.75,0.1,0.1,0.2,13791.91253,2509.399788,7808.584331,,72.9576413986458,13.2744381506559
1032,0.3,0.36,0.35,0.34,0.6,18810.28885,1989.284055,3619.542089,,99.5042787240796,10.5230853523064
1033,0.3,0.75,0.6,0.18,0.4,17384.50487,2861.073967,8776.629944,,91.9620443821414,15.1347543747355
1034,0.3,0.62,0.225,0.26,0.6,16148.4647,2656.550437,7784.394805,,85.4235331146847,14.0528482702074
1035,1.38,0.62,0.6,0.18,0.4,20413.89564,2441.897884,6999.354063,,107.987175412611,12.9173607913669
1036,1.38,0.75,0.6,0.34,0.8,20860.36435,3064.340773,10706.21581,,110.348943874312,16.2100125528989
1037,0.84,0.75,0.6,0.34,0.2,20404.43836,2597.866197,7807.806912,,107.937147482014,13.7424153459585
1038,0.84,0.36,0.6,0.18,0.8,20014.4739,2080.246716,4006.568812,,105.874280046551,11.0042674354634
1039,2.46,0.23,0.6,0.42,0.4,26437.05818,1541.640546,1790.789256,,139.849017033432,8.1551023381295
1040,0.84,0.36,0.1,0.1,0.4,16526.90532,1629.210784,3229.919707,,87.4254407532797,8.61833889123995
1041,2.46,0.23,0.6,0.26,0.4,25116.67068,1489.994401,1790.789256,,132.864318027931,7.88190013224714
1042,0.3,0.36,0.6,0.18,0.6,18773.55935,2038.579314,3619.542089,,99.3099838658485,10.7838516398646
1043,0.3,0.75,0.1,0.42,0.4,16469.7999,2732.099011,8776.629944,,87.1233596064325,14.4524915943716
1044,3,0.75,0.1,0.42,0.2,22372.28867,2250.220403,7803.904,,118.346850772323,11.9034088182395
1045,0.84,0.75,0.475,0.42,0.6,19876.26665,2945.604261,9742.343302,,105.143179485823,15.5819099714346
1046,2.46,0.62,0.225,0.18,0.4,20380.10373,2217.958957,6995.375679,,107.808420069827,11.7327494551418
1047,3,0.49,0.225,0.42,0.6,23751.93048,2092.738897,5604.977222,,125.644998307237,11.0703496455777
1048,3,0.23,0.225,0.1,0.4,22534.20357,1291.614346,1790.035734,,119.203362092679,6.83249230850614
1049,0.3,0.49,0.6,0.34,0.4,19791.56079,2292.00479,5261.525804,,104.695095165044,12.1244434511215
1050,3,0.75,0.6,0.34,0.8,23880.74331,2927.979322,10693.99985,,126.326403459585,15.4886760579771
1051,1.92,0.62,0.225,0.5,0.2,22354.61481,2130.232195,6218.302699,,118.253358072366,11.268684907956
1052,1.92,0.23,0.1,0.42,0.6,22387.62677,1444.448745,2009.625859,,118.427987568769,7.64096881612357
1053,0.84,0.75,0.6,0.1,0.6,17716.22776,2969.949337,9742.343302,,93.7168205670758,15.7106926417689
1054,2.46,0.23,0.35,0.26,0.2,23897.09204,1330.807822,1572.880462,,126.412886373254,7.03982131823953
1055,1.92,0.36,0.35,0.42,0.2,23552.68017,1629.050112,2994.569285,,124.590986933982,8.61748895471858
1056,2.46,0.49,0.35,0.1,0.6,20741.81042,2098.249065,5607.957088,,109.721807130766,11.0994978046974
1057,0.3,0.49,0.35,0.42,0.2,19281.92175,2050.473901,4664.087531,,101.999162875582,10.8467726460008
1058,0.84,0.49,0.475,0.5,0.4,21791.13839,2204.456159,5260.216808,,115.272632194245,11.6613211965722
1059,3,0.36,0.225,0.42,0.8,24300.51202,1860.013982,4187.820619,,128.546931972069,9.83926143673297
1060,0.84,0.75,0.1,0.1,0.6,14634.86959,2846.223993,9742.343302,,77.4167879284807,15.0561997090563
1061,1.38,0.36,0.35,0.42,0.6,22101.23514,1892.372302,3616.778068,,116.913008569615,10.0104332522218
1062,0.3,0.23,0.225,0.18,0.2,17518.57803,1320.458737,1463.335297,,92.6712760791367,6.98507584109183
1063,0.3,0.1,0.1,0.34,0.2,18877.93163,1064.292981,430.7632897,,99.8621013013119,5.62998826174355
1064,0.84,0.36,0.225,0.34,0.6,19422.46213,1875.822706,3618.244259,,102.742605427423,9.92288778036394
1065,0.3,0.1,0.475,0.18,0.6,19584.27425,1226.244811,564.1887356,,103.598573053322,6.48669493757935
1066,2.46,0.23,0.35,0.42,0.8,24882.6253,1583.628209,2226.606843,,131.626244710114,8.3772122778248
1067,3,0.23,0.475,0.18,0.8,24510.69354,1538.762634,2225.099799,,129.658768197207,8.13987851248413
1068,2.46,0.49,0.1,0.1,0.4,19363.16649,1846.165615,5030.459304,,102.428938267033,9.7660051576386
1069,0.3,0.75,0.1,0.1,0.8,13060.60565,3097.779598,10712.72117,,69.0891115636902,16.3869001163775
1070,1.92,0.62,0.475,0.18,0.6,20608.54189,2523.938717,7776.619042,,109.016831834532,13.3513474238256
1071,1.92,0.62,0.225,0.42,0.8,21012.86646,2617.218689,8555.777214,,111.155662611088,13.8447878173931
1072,2.46,0.36,0.475,0.18,0.6,22864.94089,1815.345492,3791.760555,,120.952924724926,9.60297022852306
1073,0.84,0.62,0.1,0.5,0.8,18519.74889,2705.939516,8563.008575,,97.9673555332205,14.3141108548455
1074,3,0.75,0.6,0.26,0.2,23958.13757,2388.167296,7803.904,,126.735810251799,12.6331321201862
1075,2.46,0.75,0.475,0.1,0.4,20611.88429,2581.136234,8769.494223,,109.034512748625,13.6539157532797
1076,3,0.75,0.6,0.18,0.4,22967.27101,2579.463839,8767.269282,,121.49423936733,13.6450689748201
1077,3,0.1,0.35,0.42,0.4,26908.87778,1189.93344,532.716705,,142.344888806602,6.29461193398223
1078,0.84,0.1,0.225,0.1,0.2,18922.96754,1009.429955,430.851903,,100.10033611934,5.33976912293695
1079,2.46,0.36,0.225,0.42,0.6,23470.31933,1793.192431,3791.760555,,124.155307501058,9.48578306707575
1080,3,0.62,0.35,0.34,0.2,23755.64768,2071.501886,6216.10839,,125.664661870504,10.9580082839611
1081,3,0.1,0.225,0.26,0.6,24815.85638,1105.894929,602.2866672,,131.273044752433,5.85005781316124
1082,0.84,0.75,0.1,0.1,0.2,15161.55861,2426.225375,7807.806912,,80.2029126639865,12.8344550095218
1083,0.84,0.62,0.475,0.1,0.2,17987.93211,2270.319016,6220.110539,,95.1541055332205,12.0097281845112
1084,3,0.1,0.6,0.1,0.6,25477.85694,1179.836726,602.2866672,,134.774952073635,6.24120147058824
1085,3,0.1,0.225,0.18,0.6,24115.88555,1076.058619,602.2866672,,127.570279041473,5.69222714240372
1086,1.38,0.1,0.6,0.18,0.4,23047.42472,1207.098153,497.8088828,,121.918243334744,6.38541130448582
1087,1.92,0.36,0.6,0.34,0.6,23899.64565,1933.642629,3793.639999,,126.426394678375,10.228748566441
1088,1.38,0.1,0.475,0.34,0.2,23841.61537,1188.724487,430.9297248,,126.119421127804,6.28821671074905
1089,3,0.49,0.6,0.42,0.2,26295.19652,1927.424962,4451.968231,,139.098585061363,10.1958578184511
1090,0.84,0.75,0.1,0.1,0.4,14886.63177,2652.831784,8775.075107,,78.7485810939484,14.0331770207364
1091,0.3,0.23,0.6,0.5,0.6,22206.71116,1735.91585,1883.363079,,117.470964663563,9.18279649809564
1092,1.92,0.75,0.475,0.1,0.8,19118.17707,2979.425929,10702.50708,,101.1329722281,15.760822730639
1093,3,0.49,0.35,0.42,0.4,24713.94911,1992.780326,5028.472727,,130.733966938214,10.5415802264071
1094,1.92,0.75,0.475,0.26,0.6,20802.81765,2827.708881,9737.01499,,110.044528406686,14.9582568821413
1095,2.46,0.62,0.225,0.18,0.8,19944.18198,2543.418725,8551.60683,,105.502443821413,13.4543944403301
1096,3,0.36,0.225,0.18,0.2,22744.29859,1471.634059,2993.230601,,120.3147407427,7.78477602094795
1097,3,0.23,0.6,0.18,0.8,25172.25712,1580.425762,2225.099799,,133.158363944139,8.3602716991113
1098,0.84,0.75,0.35,0.34,0.6,18477.12612,2910.947453,9742.343302,,97.7418859500635,15.3985794170546
1099,1.92,0.75,0.35,0.5,0.2,22625.2233,2431.892973,7806.030808,,119.684846064325,12.8644359553534
1100,1.38,0.1,0.475,0.42,0.8,24337.25038,1299.84835,631.567199,,128.741273698688,6.87604924883623
1101,0.84,0.62,0.475,0.1,0.4,17745.12634,2469.453192,7001.076551,,93.8696907532797,13.0631252221752
1102,2.46,0.1,0.6,0.26,0.2,26025.5377,1195.496155,463.1266797,,137.672120715193,6.32403806072789
1103,0.3,0.49,0.35,0.34,0.2,18597.21119,2036.012767,4664.087531,,98.3771222492594,10.7702748994922
1104,2.46,0.1,0.35,0.1,0.8,23104.7818,1115.802557,671.7763769,,122.221655734236,5.90246803322048
1105,0.84,0.23,0.475,0.18,0.8,20064.61554,1633.280585,2092.72159,,106.13952359289,8.63986767350825
1106,0.84,0.23,0.1,0.34,0.6,19314.76147,1463.170303,1882.871544,,102.172881242065,7.74000371878968
1107,2.46,0.23,0.35,0.5,0.6,25589.82172,1548.587124,2008.69805,,135.367232966568,8.19184894202285
1108,0.84,0.36,0.225,0.18,0.8,17821.7527,1956.346482,4006.568812,,94.2750354422345,10.3488493546339
1109,0.3,0.1,0.35,0.18,0.8,18802.79559,1216.360645,630.9014586,,99.4646402348709,6.4344088288193
1110,2.46,0.49,0.475,0.26,0.6,22924.36339,2170.956523,5607.957088,,121.26726296022,11.4841119498519
1111,1.92,0.62,0.6,0.18,0.6,21290.4133,2558.957367,7776.619042,,112.62385368176,13.5365920810411
1112,0.3,0.62,0.225,0.18,0.4,15627.53346,2479.784534,7002.644712,,82.6678663774863,13.1177768408802
1113,0.84,0.23,0.225,0.26,0.6,19418.87906,1487.918053,1882.871544,,102.72365139653,7.87091648857385
1114,3,0.1,0.6,0.42,0.4,28228.10422,1280.344424,532.716705,,149.323445937368,6.77287570884469
1115,2.46,0.1,0.35,0.1,0.4,23191.08019,1076.51462,532.6765788,,122.67816435675,5.69463933559035
1116,1.38,0.75,0.475,0.26,0.6,19706.46976,2880.302891,9739.796535,,104.244973338976,15.2364731855692
1117,3,0.1,0.475,0.18,0.8,25524.67238,1183.570836,671.8566294,,135.022600402031,6.26095448582311
1118,1.38,0.62,0.475,0.34,0.8,20721.33671,2738.4349,8559.563598,,109.613503544223,14.4860077232332
1119,0.3,0.23,0.35,0.42,0.6,20171.59109,1626.153395,1883.363079,,106.7054120292,8.6021656527719
1120,1.92,0.23,0.35,0.5,0.8,24475.08561,1625.954445,2227.843922,,129.470406316124,8.60111323000423
1121,2.46,0.23,0.6,0.1,0.4,23681.7151,1434.756665,1790.789256,,125.273566969953,7.58969882035548
1122,1.92,0.1,0.6,0.42,0.2,26286.08505,1256.774077,463.0824668,,139.050386426153,6.64819126639865
1123,0.3,0.62,0.35,0.34,0.8,17436.68769,2845.218406,8566.144897,,92.2380855374524,15.0508802687262
1124,3,0.75,0.35,0.26,0.6,22023.79157,2706.349272,9730.634564,,116.503340933136,14.3162784172662
1125,3,0.36,0.225,0.18,0.2,22744.29859,1471.634059,2993.230601,,120.3147407427,7.78477602094795
1126,0.3,0.36,0.475,0.18,0.8,17935.9439,2117.602428,4008.299251,,94.879093842573,11.2018748836225
1127,1.38,0.1,0.35,0.26,0.6,22337.52686,1171.462312,564.6880409,,118.162964769361,6.19690177740161
1128,0.3,0.75,0.6,0.5,0.8,19661.06232,3187.733169,10712.72117,,104.0047731697,16.8627442287347
1129,3,0.36,0.1,0.1,0.2,21191.90166,1393.274462,2993.230601,,112.102738362251,7.37026270630554
1130,1.92,0.23,0.225,0.42,0.6,23181.91995,1492.73345,2009.625859,,122.629707733813,7.89638938848921
1131,0.3,0.1,0.475,0.34,0.4,21082.82344,1250.574737,497.4760127,,111.525727041896,6.61539746614473
1132,0.84,0.1,0.6,0.5,0.6,24405.5468,1362.544919,564.4545755,,129.102553956835,7.2077069350402
1133,3,0.1,0.475,0.1,0.4,24878.5548,1118.794646,532.716705,,131.604712230216,5.91829584214981
1134,0.84,0.1,0.35,0.18,0.2,20444.18477,1090.606715,430.851903,,108.147401449429,5.76918490795599
1135,1.38,0.62,0.475,0.18,0.8,19301.53807,2729.720205,8559.563598,,102.102930966991,14.4399079824376
1136,0.3,0.49,0.35,0.42,0.6,18870.33664,2377.946989,5858.964078,,99.8219246720271,12.5790678639441
1137,1.92,0.36,0.1,0.18,0.6,19521.17831,1709.492202,3793.639999,,103.264802740161,9.04301841938214
1138,1.92,0.62,0.475,0.26,0.2,21816.65577,2171.713636,6218.302699,,115.40761621879,11.488116991113
1139,0.3,0.49,0.1,0.18,0.2,15512.86023,1909.818268,4664.087531,,82.0612580935252,10.102720418959
1140,1.38,0.1,0.1,0.26,0.2,20915.27939,1016.52423,430.9297248,,110.639438161236,5.37729702708422
1141,1.38,0.62,0.225,0.18,0.6,17988.84382,2507.898481,7779.458831,,95.1589283749471,13.2664964081676
1142,1.38,0.62,0.225,0.18,0.4,18226.12682,2326.796693,6999.354063,,96.414128332628,12.3084886426153
1143,1.92,0.62,0.35,0.26,0.8,20412.76467,2640.318177,8555.777214,,107.981192710537,13.9669814695303
1144,1.38,0.49,0.6,0.18,0.4,20950.79675,2127.214305,5258.767774,,110.827320937368,11.2527206146847
1145,0.3,0.1,0.475,0.34,0.4,21082.82344,1250.574737,497.4760127,,111.525727041896,6.61539746614473
1146,0.3,0.1,0.1,0.18,0.2,17412.17481,1001.647601,430.7632897,,92.1084152031316,5.29860135950064
1147,0.3,0.23,0.1,0.26,0.6,17174.43506,1480.591986,1883.363079,,90.8507990901397,7.83216243123149
1148,3,0.23,0.1,0.5,0.4,25165.29102,1382.397622,1790.035734,,133.121514071096,7.31272546550995
1149,0.84,0.36,0.475,0.42,0.4,21749.15035,1857.283738,3229.919707,,115.050520260262,9.82481875793483
1150,0.84,0.1,0.225,0.1,0.2,18922.96754,1009.429955,430.851903,,100.10033611934,5.33976912293695
1151,1.38,0.49,0.1,0.5,0.8,20344.02513,2300.546607,6450.88629,,107.617568398223,12.1696286870504
1152,0.84,0.1,0.1,0.1,0.8,17910.93356,1054.925235,631.2559117,,94.7467920016928,5.58043395577656
1153,0.84,0.75,0.225,0.34,0.6,17700.48961,2877.550287,9742.343302,,93.6335675518409,15.2219122249259
1154,1.92,0.62,0.1,0.5,0.4,21289.9642,2270.283312,6997.460871,,112.621477994075,12.0095393144308
1155,1.38,0.75,0.475,0.5,0.8,21488.21303,3044.931465,10706.21581,,113.67019165256,16.1073395313161
1156,3,0.23,0.225,0.26,0.2,24125.13468,1278.233042,1572.503701,,127.619205882353,6.76170673931443
1157,2.46,0.23,0.475,0.18,0.2,23889.48952,1345.256589,1572.880462,,126.37266991113,7.11625364473127
1158,0.3,0.75,0.35,0.1,0.8,14717.85544,3150.888984,10712.72117,,77.8557735928904,16.6678426999577
1159,3,0.62,0.475,0.5,0.8,25060.06754,2622.450576,8546.999977,,132.564893884892,13.8724639018197
1160,0.3,0.49,0.225,0.26,0.4,16891.16392,2158.209696,5261.525804,,89.3523271265341,11.4166826914939
1161,0.3,0.23,0.475,0.42,0.6,20885.35018,1671.71684,1883.363079,,110.481116060093,8.84319107067288
1162,3,0.1,0.225,0.18,0.4,24172.78221,1058.377561,532.716705,,127.871255871773,5.5986963658485
1163,2.46,0.23,0.6,0.18,0.4,24414.6483,1463.287133,1790.789256,,129.150699851883,7.7406217361405
1164,3,0.49,0.475,0.26,0.8,23715.14612,2251.52016,6181.481717,,125.450413245874,11.9102843842573
1165,1.92,0.36,0.475,0.26,0.4,22721.66383,1747.454546,3394.104642,,120.195005448582,9.24383488150656
1166,0.84,0.75,0.475,0.18,0.4,18028.3981,2758.893163,8775.075107,,95.3681659966145,14.5942295969107
1167,1.92,0.49,0.1,0.34,0.8,20132.03179,2225.279994,6189.021128,,106.496147852306,11.7714769043589
1168,2.46,0.23,0.475,0.18,0.6,23615.62176,1493.073974,2008.69805,,124.92394075328,7.89819072154042
1169,0.84,0.49,0.6,0.42,0.4,21816.20326,2230.270805,5260.216808,,115.405222492594,11.7978777242912
1170,0.3,0.62,0.35,0.18,0.8,15989.74533,2843.304094,8566.144897,,84.5839257829031,15.0407537769784
1171,0.84,0.75,0.6,0.42,0.4,20806.16924,2803.059583,8775.075107,,110.062257934829,14.8278649121879
1172,2.46,0.36,0.475,0.26,0.6,23577.34306,1837.282403,3791.760555,,124.721450804063,9.71901398116801
1173,3,0.75,0.475,0.5,0.8,24494.6577,2922.884444,10693.99985,,129.573940435887,15.4617247355057
1174,0.84,0.1,0.475,0.34,0.2,22567.28029,1196.946004,430.851903,,119.378334162082,6.33170759627592
1175,0.3,0.75,0.475,0.34,0.8,17655.14961,3165.847209,10712.72117,,93.3937241324587,16.746970001058
1176,0.3,0.23,0.225,0.34,0.6,18721.52413,1555.219738,1883.363079,,99.0347234976725,8.22693471223022
1177,3,0.1,0.475,0.26,0.4,26289.61301,1177.724994,532.716705,,139.069048931443,6.23003064959797
1178,0.84,0.75,0.6,0.34,0.8,19664.55177,3121.820453,10709.6115,,104.02323196149,16.5140734923826
1179,3,0.1,0.6,0.42,0.8,28157.56138,1314.391797,671.8566294,,148.950282374101,6.95298242170969
1180,2.46,0.75,0.225,0.5,0.4,22591.57758,2547.500613,8769.494223,,119.506864049937,13.4759871614473
1181,1.92,0.36,0.475,0.34,0.2,23592.23163,1650.93573,2994.569285,,124.800209638172,8.73326137325434
1182,2.46,0.23,0.475,0.18,0.6,23615.62176,1493.073974,2008.69805,,124.92394075328,7.89819072154042
1183,2.46,0.1,0.475,0.5,0.8,27165.52934,1302.302131,671.7763769,,143.702546233601,6.88902946995345
1184,0.3,0.75,0.225,0.5,0.8,17479.19424,3110.012354,10712.72117,,92.4629403300889,16.451609997884
1185,2.46,0.62,0.225,0.26,0.2,21368.68678,2042.974609,6217.260103,,113.037911447313,10.8071022482014
1186,2.46,0.23,0.475,0.18,0.2,23889.48952,1345.256589,1572.880462,,126.37266991113,7.11625364473127
1187,1.92,0.49,0.1,0.26,0.8,19426.51561,2212.098086,6189.021128,,102.764047873466,11.7017461172239
1188,0.84,0.36,0.35,0.18,0.4,18918.24226,1749.589864,3229.919707,,100.075339928058,9.25513046974185
1189,1.38,0.75,0.35,0.18,0.2,18785.91335,2447.174804,7806.95799,,99.3753351142615,12.9452750952179
1190,3,0.62,0.6,0.1,0.2,23004.81062,2102.539439,6216.10839,,121.692819614896,11.1221933929327
1191,0.3,0.36,0.35,0.5,0.2,20495.51273,1756.140555,2842.027765,,108.418920493017,9.28978287663987
1192,3,0.49,0.225,0.26,0.6,22401.87951,2058.063369,5604.977222,,118.503382934829,10.8869200645366
1193,1.38,0.75,0.475,0.42,0.8,20846.25287,3041.529985,10706.21581,,110.274295757512,16.0893460907744
1194,0.3,0.75,0.225,0.1,0.4,14384.82263,2767.698568,8776.629944,,76.0940680808295,14.6408091832416
1195,1.38,0.49,0.35,0.18,0.4,19546.33948,2046.684649,5258.767774,,103.397902454507,10.8267279358866
1196,3,0.62,0.35,0.18,0.2,22359.21393,2036.975529,6216.10839,,118.277686891663,10.7753678004655
1197,0.84,0.49,0.475,0.18,0.8,18657.60641,2446.864805,6453.784358,,98.6966060622091,12.9436352359289
1198,2.46,0.1,0.1,0.5,0.4,25070.59393,1123.924164,532.6765788,,132.620577285231,5.94543040626323
1199,0.84,0.23,0.35,0.1,0.8,18573.62119,1563.711991,2092.72159,,98.252333844689,8.27185776026238
1200,0.3,0.75,0.475,0.1,0.6,15684.97775,3012.807647,9744.675557,,82.9717401079137,15.9374082046128
1201,0.84,0.62,0.35,0.5,0.6,20315.19005,2634.922549,7782.042563,,107.465034119763,13.938439213923
1202,3,0.75,0.35,0.18,0.8,21096.83249,2855.786703,10693.99985,,111.5998333157,15.1067853523064
1203,0.84,0.1,0.6,0.42,0.2,23888.31762,1270.46118,430.851903,,126.366470694033,6.72059447735929
1204,2.46,0.62,0.6,0.5,0.4,25220.16844,2389.572935,6995.375679,,133.411809352518,12.6405677898857
1205,0.3,0.36,0.35,0.34,0.4,18977.1067,1852.753123,3230.784927,,100.386726089716,9.80085232225984
1206,0.3,0.62,0.225,0.1,0.2,15087.1639,2268.487538,6220.89462,,79.80937314854,12.0000398751587
1207,1.92,0.49,0.475,0.18,0.8,21017.63724,2320.658442,6189.021128,,111.180899492171,12.2760179961913
1208,1.38,0.75,0.475,0.42,0.4,21324.72362,2709.398161,8773.377263,,112.805351354211,14.3324066917055
1209,0.3,0.23,0.35,0.42,0.8,20058.52881,1711.825501,2093.37697,,106.10732548667,9.05536130448582
1210,0.3,0.1,0.6,0.1,0.2,19630.69904,1165.762877,430.7632897,,103.844154887854,6.16675241747778
1211,3,0.49,0.225,0.18,0.4,21903.57142,1882.193395,5028.472727,,115.867390076174,9.95658799724926
1212,0.3,0.36,0.225,0.34,0.4,18206.78062,1806.286946,3230.784927,,96.3117891451545,9.55505155522641
1213,0.84,0.75,0.6,0.42,0.8,20331.93851,3123.673497,10709.6115,,107.553631559458,16.5238758834109
1214,0.84,0.75,0.35,0.5,0.6,19802.25353,2916.685147,9742.343302,,104.751658537876,15.4289311627169
1215,0.84,0.62,0.225,0.5,0.6,19549.53764,2597.59716,7782.042563,,103.41482035548,13.7409921709691
1216,3,0.1,0.35,0.26,0.2,25662.44852,1111.048728,463.1467429,,135.751420440119,5.87732082099027
1217,1.92,0.36,0.475,0.5,0.4,24705.59364,1813.633972,3394.104642,,130.689767456623,9.59391648328396
1218,3,0.23,0.35,0.5,0.2,26804.18649,1406.898871,1572.503701,,141.791083844689,7.4423342731697
1219,1.92,0.1,0.475,0.34,0.6,24875.81212,1238.641871,602.0938391,,131.590203766399,6.55227396847228
1220,3,0.1,0.1,0.42,0.6,25359.63061,1114.55735,602.2866672,,134.149548296657,5.89588103046974
1221,2.46,0.49,0.35,0.26,0.2,22656.1787,1819.598303,4452.96152,,119.848596593314,9.62546711278037
1222,0.84,0.23,0.6,0.5,0.6,23578.3756,1693.285676,1882.871544,,124.726912822683,8.95728774862463
1223,3,0.75,0.6,0.18,0.8,22497.78357,2916.24386,10693.99985,,119.010704454084,15.426596804909
1224,2.46,0.62,0.225,0.26,0.6,20860.83406,2407.832938,7773.491255,,110.351428586543,12.7371611193398
1225,0.3,0.36,0.6,0.34,0.4,20376.72706,1943.040642,3230.784927,,107.79055787135,10.2784629813796
1226,0.3,0.62,0.225,0.26,0.6,16148.4647,2656.550437,7784.394805,,85.4235331146847,14.0528482702074
1227,3,0.75,0.35,0.1,0.6,20565.55866,2693.793612,9730.634564,,108.789455459162,14.2498604104951
1228,0.84,0.62,0.35,0.18,0.8,17344.8148,2763.607384,8563.008575,,91.7520884468895,14.6191672873466
1229,0.3,0.1,0.35,0.5,0.8,21582.07564,1331.58682,630.9014586,,114.166714134575,7.04394212865002
1230,3,0.1,0.475,0.26,0.2,26348.25405,1153.683104,463.1467429,,139.379253332628,6.10285179856115
1231,2.46,0.62,0.475,0.18,0.6,21628.21608,2474.214706,7773.491255,,114.410791790097,13.0883130871773
1232,1.92,0.62,0.35,0.18,0.4,20121.45608,2307.520508,6997.460871,,106.440203554803,12.2065198264917
1233,2.46,0.23,0.35,0.34,0.2,24576.81482,1356.706353,1572.880462,,130.008542213288,7.1768215880237
1234,0.3,0.1,0.35,0.34,0.4,20374.12952,1203.05981,497.4760127,,107.776817181549,6.36404893144308
1235,1.92,0.23,0.6,0.18,0.2,23499.74485,1399.371815,1573.189732,,124.310965139653,7.40251700698265
1236,0.3,0.1,0.1,0.18,0.8,17208.42309,1113.26832,630.9014586,,91.0305918853153,5.88906220905628
1237,0.3,0.36,0.6,0.34,0.6,20214.25311,2070.962581,3619.542089,,106.931089240372,10.9551554221329
1238,1.92,0.36,0.1,0.5,0.8,22151.98246,1892.994889,4193.175355,,117.181456093948,10.013726666314
1239,3,0.75,0.6,0.42,0.4,25002.41433,2618.099515,8767.269282,,132.259914991536,13.8494472862886
1240,1.38,0.1,0.475,0.26,0.2,23158.50274,1158.987728,430.9297248,,122.505833368599,6.13091265340669
1241,1.92,0.36,0.225,0.34,0.6,21769.52058,1800.542149,3793.639999,,115.158276449429,9.52466223550571
1242,0.84,0.36,0.6,0.34,0.6,21581.40394,2007.492398,3618.244259,,114.163160918324,10.6194054062632
1243,0.84,0.49,0.225,0.42,0.6,19456.11031,2261.454478,5857.000583,,102.92060045493,11.9628357913669
1244,3,0.49,0.35,0.5,0.6,25131.66079,2159.044713,5604.977222,,132.943613997038,11.4210998360135
1245,1.38,0.1,0.35,0.42,0.2,23805.64631,1172.206481,430.9297248,,125.929148910284,6.20083834638172
1246,0.3,0.23,0.1,0.18,0.2,16687.38098,1265.301802,1463.335297,,88.274338658485,6.69330195725772
1247,0.3,0.36,0.475,0.34,0.8,19384.38208,2146.007091,4008.299251,,102.541166314008,11.3521323053322
1248,0.84,0.1,0.225,0.18,0.4,19620.25778,1075.165614,497.6532392,,103.788921815489,5.68750324798984
1249,1.92,0.36,0.225,0.42,0.2,22808.32023,1582.929963,2994.569285,,120.653407903089,8.37351863626746
1250,1.92,0.36,0.225,0.18,0.6,20342.82649,1757.400862,3793.639999,,107.611227729581,9.29644975666526
1251,2.46,0.75,0.6,0.5,0.4,24713.89075,2656.959721,8769.494223,,130.733658220482,14.0550133358019
1252,3,0.1,0.225,0.42,0.6,26131.44423,1161.821118,602.2866672,,138.23235415785,6.14590096275921
1253,1.92,0.75,0.225,0.34,0.4,20269.90057,2577.92519,8771.522899,,107.225457945408,13.6369296974185
1254,1.38,0.62,0.35,0.42,0.8,20670.39502,2709.696717,8559.563598,,109.344027824799,14.333986018832
1255,3,0.49,0.225,0.1,0.2,21395.65649,1701.287357,4451.968231,,113.180578131612,8.9996157268303
1256,1.38,0.36,0.35,0.26,0.6,20729.71077,1851.59514,3616.778068,,109.657801364791,9.79472672450275
1257,0.3,0.1,0.475,0.26,0.2,20446.71655,1184.453217,430.7632897,,108.160794276344,6.2656221804909
1258,2.46,0.62,0.475,0.26,0.6,22342.76036,2484.464476,7773.491255,,118.190649386373,13.1425331993229
1259,1.38,0.49,0.6,0.26,0.8,21300.43589,2422.404367,6450.88629,,112.676872037664,12.814242313796
1260,0.84,0.36,0.225,0.34,0.2,19779.6346,1612.882271,2841.595155,,104.632006982649,8.53196292319086
1261,2.46,0.49,0.225,0.34,0.4,22361.47643,1951.007335,5030.459304,,118.289655258146,10.3206058770631
1262,1.92,0.36,0.6,0.18,0.4,22676.55743,1765.446728,3394.104642,,119.956397746509,9.33901146847228
1263,2.46,0.62,0.475,0.5,0.2,24812.70107,2176.875907,6217.260103,,131.256353523064,11.515424814854
1264,0.3,0.62,0.225,0.26,0.2,16618.34515,2284.367463,6220.89462,,87.9091470059247,12.0840428639441
1265,1.38,0.62,0.1,0.1,0.8,16175.61479,2619.905054,8559.563598,,85.5671539885739,13.858998381295
1266,1.38,0.62,0.6,0.1,0.2,19907.02523,2238.509938,6219.249295,,105.305888859501,11.8414617964452
1267,3,0.23,0.6,0.18,0.8,25172.25712,1580.425762,2225.099799,,133.158363944139,8.3602716991113
1268,1.38,0.36,0.35,0.26,0.6,20729.71077,1851.59514,3616.778068,,109.657801364791,9.79472672450275
1269,1.92,0.23,0.35,0.34,0.6,23262.78593,1515.870628,2009.625859,,123.057479528142,8.01878241641981
1270,0.84,0.23,0.225,0.34,0.2,20392.91282,1343.206144,1463.171452,,107.87617869234,7.10540702496826
1271,3,0.23,0.225,0.18,0.8,23060.04994,1448.264759,2225.099799,,121.985029305967,7.66115509415997
1272,2.46,0.75,0.35,0.34,0.6,21780.06343,2752.836558,9733.971976,,115.214046921287,14.5621908484977
1273,2.46,0.1,0.6,0.34,0.4,26632.34682,1252.090763,532.6765788,,140.882071625053,6.62341707046128
1274,0.84,0.49,0.475,0.5,0.4,21791.13839,2204.456159,5260.216808,,115.272632194245,11.6613211965722
1275,3,0.1,0.475,0.18,0.4,25599.18379,1148.991337,532.716705,,135.416757247143,6.07803288721964
1276,1.92,0.62,0.225,0.1,0.2,18848.30118,2055.822641,6218.302699,,99.7053596064325,10.8750668694456
1277,1.92,0.23,0.6,0.1,0.2,22761.0862,1370.108294,1573.189732,,120.403545281422,7.24771632458739
1278,3,0.36,0.6,0.18,0.4,24668.39524,1719.639129,3391.427274,,130.492992170969,9.09669450380872
1279,0.84,0.1,0.475,0.34,0.4,22504.47742,1231.633681,497.6532392,,119.046114155734,6.51520144413881
1280,3,0.62,0.475,0.1,0.8,21642.58876,2563.214233,8546.999977,,114.486821625053,13.559110415785
1281,3,0.62,0.35,0.5,0.4,24782.71958,2288.0071,6993.072253,,131.097754866695,12.1032961278036
1282,1.38,0.1,0.475,0.42,0.2,24497.49378,1216.257659,430.9297248,,129.588942975032,6.43386404464664
1283,0.3,0.23,0.225,0.34,0.8,18605.81304,1641.909795,2093.37697,,98.4226250528989,8.6855152084215
1284,0.84,0.49,0.1,0.34,0.4,18154.28762,2043.00619,5260.216808,,96.0341071730851,10.8072693080829
1285,1.92,0.75,0.35,0.5,0.2,22625.2233,2431.892973,7806.030808,,119.684846064325,12.8644359553534
1286,0.84,0.75,0.35,0.5,0.4,20056.93573,2739.673784,8775.075107,,106.098898275497,14.4925612780364
1287,0.3,0.75,0.35,0.42,0.2,18345.98596,2603.478295,7808.584331,,97.0481694879391,13.7721027031316
1288,1.92,0.1,0.6,0.18,0.8,24116.34285,1245.314344,671.5995253,,127.572698106221,6.58757058823529
1289,0.3,0.75,0.475,0.34,0.2,18391.51106,2635.862185,7808.584331,,97.2889920651714,13.9434097809987
1290,0.84,0.23,0.475,0.1,0.2,19670.05476,1356.061185,1463.171452,,104.05234214981,7.17340872302158
1291,1.38,0.23,0.1,0.26,0.2,20155.2748,1245.386358,1462.967073,,106.619100719424,6.58795153406686
1292,2.46,0.1,0.1,0.26,0.6,23045.82872,1060.511803,602.2264778,,121.909800677105,5.60998626216674
1293,1.92,0.49,0.1,0.42,0.6,20978.48838,2114.69761,5610.63178,,110.97380649598,11.1865087283115
1294,1.38,0.23,0.1,0.5,0.8,21819.0295,1548.505169,2091.904074,,115.420172979264,8.19141540943716
1295,1.38,0.62,0.35,0.34,0.6,20197.67872,2559.498289,7779.458831,,106.843412611088,13.5394534966145
1296,1.38,0.75,0.1,0.1,0.4,16117.09143,2579.898076,8773.377263,,85.2575721011426,13.6473660389336
1297,3,0.1,0.475,0.34,0.6,26898.04229,1223.409516,602.2866672,,142.287570302581,6.4716965509945
1298,2.46,0.62,0.6,0.18,0.8,22119.52879,2650.087207,8551.60683,,117.009779887854,14.0186585220059
1299,1.38,0.75,0.35,0.42,0.8,20125.14658,3011.835287,10706.21581,,106.459725878121,15.9322645313161
1300,0.84,0.62,0.225,0.42,0.8,18687.67692,2739.411234,8563.008575,,98.8556756242065,14.4911724185358
1301,1.38,0.62,0.6,0.1,0.2,19907.02523,2238.509938,6219.249295,,105.305888859501,11.8414617964452
1302,2.46,0.36,0.475,0.18,0.8,22742.04799,1912.873203,4190.66943,,120.302835325857,10.1188806760474
1303,0.84,0.62,0.6,0.26,0.4,19921.87112,2518.85704,7001.076551,,105.384421921287,13.3244659331358
1304,0.84,0.1,0.6,0.5,0.6,24405.5468,1362.544919,564.4545755,,129.102553956835,7.2077069350402
1305,0.3,0.75,0.225,0.18,0.8,14692.19801,3120.275525,10712.72117,,77.7200487198477,16.5059009997884
1306,1.92,0.1,0.6,0.42,0.6,26174.20986,1308.2579,602.0938391,,138.458579454084,6.92053480744816
1307,3,0.36,0.35,0.18,0.4,23297.91738,1634.696977,3391.427274,,123.243320884469,8.64736022534913
1308,1.38,0.36,0.6,0.42,0.6,23477.06617,1978.130573,3616.778068,,124.190997513754,10.4640847069403
1309,0.3,0.1,0.225,0.1,0.4,17388.21453,1058.683603,497.4760127,,91.9816680596699,5.60031529305967
1310,3,0.23,0.1,0.18,0.8,22258.79508,1400.650016,2225.099799,,117.746482649175,7.40927854422345
1311,2.46,0.1,0.1,0.42,0.2,24501.73694,1071.825628,463.1266797,,129.611388806602,5.66983510368176
1312,1.92,0.36,0.35,0.18,0.6,21108.14577,1804.15767,3793.639999,,111.659679274228,9.54378792848075
1313,1.92,0.49,0.475,0.5,0.8,23730.34422,2371.402458,6189.021128,,125.530809458316,12.5444480427423
1314,1.38,0.1,0.475,0.5,0.4,25068.676,1275.646018,497.8088828,,132.610431654676,6.74802167795176
1315,2.46,0.62,0.225,0.42,0.8,22030.3475,2568.750223,8551.60683,,116.538021053745,13.5883951703343
1316,3,0.75,0.475,0.42,0.2,24624.05775,2385.446557,7803.904,,130.258451914939,12.618739721752
1317,0.3,0.36,0.1,0.34,0.4,17379.24002,1756.486604,3230.784927,,91.9341939272112,9.29161343630978
1318,1.38,0.62,0.225,0.26,0.2,19216.19721,2138.43114,6219.249295,,101.651487568769,11.312056390182
1319,1.38,0.75,0.1,0.42,0.4,19021.71447,2598.363619,8773.377263,,100.622696096064,13.7450466515023
1320,0.3,0.49,0.475,0.26,0.4,18401.29541,2242.32795,5261.525804,,97.3407501586966,11.8616586436733
1321,0.3,0.23,0.1,0.26,0.2,17442.54178,1293.328787,1463.335297,,92.2690530046551,6.84156150550148
1322,1.38,0.23,0.35,0.42,0.4,22942.77435,1474.543299,1672.61274,,121.364654834956,7.80016556813373
1323,0.3,0.75,0.225,0.42,0.6,17051.79369,2944.796062,9744.675557,,90.2020402560305,15.5776346910707
1324,0.84,0.75,0.475,0.26,0.8,18282.30344,3097.942664,10709.6115,,96.7112962336014,16.3877627168853
1325,1.38,0.49,0.1,0.26,0.2,18912.96276,1795.185835,4662.708516,,100.047411976301,9.49632794646636
1326,1.92,0.62,0.35,0.42,0.8,21775.1427,2654.359445,8555.777214,,115.188016821837,14.0412581728735
1327,0.84,0.23,0.225,0.1,0.4,18039.01018,1345.939999,1673.021498,,95.424302687262,7.1198688055438
1328,1.38,0.62,0.475,0.42,0.8,21389.38629,2744.501409,8559.563598,,113.147409490055,14.5180988626746
1329,1.92,0.1,0.475,0.42,0.4,25580.16516,1240.134914,532.588153,,135.316150867541,6.5601719953449
1330,2.46,0.36,0.225,0.1,0.6,20638.39564,1704.265088,3791.760555,,109.174754760897,9.0153675835802
1331,1.38,0.36,0.6,0.1,0.6,20647.96971,1897.022293,3616.778068,,109.225400497249,10.0350311732967
1332,1.92,0.49,0.6,0.1,0.4,21320.43542,2065.454519,5032.242432,,112.782667266187,10.9260184035125
1333,2.46,0.1,0.225,0.18,0.6,23126.04865,1080.916939,602.2264778,,122.334154940753,5.71792710008464
1334,1.92,0.62,0.1,0.34,0.6,19717.39449,2425.039606,7776.619042,,104.302763912399,12.8281824269996
1335,1.38,0.49,0.6,0.42,0.8,22658.28652,2444.553692,6450.88629,,119.859746720271,12.9314097122302
1336,3,0.75,0.225,0.34,0.4,22217.22108,2488.274264,8767.269282,,117.526560939484,13.1626865425307
1337,2.46,0.75,0.225,0.5,0.2,22880.86315,2345.262306,7805.01647,,121.037151661024,12.4061696254761
1338,2.46,0.36,0.225,0.42,0.4,23653.47607,1677.670592,3392.851679,,125.124185727888,8.87468573846805
1339,2.46,0.1,0.1,0.5,0.2,25130.58451,1098.911894,463.1266797,,132.937920598815,5.81311835590351
1340,0.84,0.23,0.1,0.18,0.4,17987.37289,1321.317696,1673.021498,,95.1511473233178,6.98961963605586
1341,0.84,0.1,0.225,0.34,0.2,21118.98986,1102.445235,430.851903,,111.717043271265,5.83180932606856
1342,1.92,0.62,0.475,0.42,0.4,22918.32213,2382.240524,6997.460871,,121.235305385104,12.6017801735083
1343,2.46,0.62,0.1,0.18,0.8,19114.64498,2505.141832,8551.60683,,101.114287875582,13.2519140499365
1344,1.38,0.49,0.6,0.1,0.2,20414.56294,1943.194143,4662.708516,,107.990705353364,10.2792749841303
1345,2.46,0.23,0.35,0.26,0.6,23621.78776,1473.514602,2008.69805,,124.956558188743,7.79472387854422
1346,3,0.1,0.225,0.5,0.2,26863.70974,1150.127475,463.1467429,,142.105955035971,6.08404292742277
1347,1.38,0.23,0.475,0.34,0.4,22979.77552,1496.016673,1672.61274,,121.560386796445,7.91375726301312
1348,1.92,0.75,0.6,0.34,0.4,22426.21254,2683.747406,8771.522899,,118.632101883199,14.19671712865
1349,0.3,0.49,0.1,0.26,0.6,15847.89719,2279.059309,5858.964078,,83.8335653300889,12.0559633358019
1350,2.46,0.23,0.35,0.5,0.2,25856.33166,1408.529471,1572.880462,,136.777040097334,7.45095996085485
1351,0.3,0.36,0.6,0.34,0.2,20548.38619,1802.356557,2842.027765,,108.698615055015,9.53426024650868
1352,2.46,0.36,0.1,0.34,0.4,22190.75584,1606.800534,3392.851679,,117.386562843843,8.49979122936945
1353,2.46,0.62,0.35,0.34,0.4,22556.28879,2285.474692,6995.375679,,119.320190382988,12.0898999788405
1354,2.46,0.62,0.6,0.42,0.6,24354.93925,2541.021702,7773.491255,,128.834845799831,13.4417144625476
1355,0.3,0.36,0.35,0.42,0.2,19838.0241,1735.106695,2842.027765,,104.940880765975,9.17851616060093
1356,0.3,0.1,0.225,0.18,0.2,18233.74438,1053.713399,430.7632897,,96.4544243546339,5.57402348180279
1357,0.84,0.49,0.225,0.5,0.6,20113.12854,2272.527444,5857.000583,,106.396151819721,12.0214105162928
1358,1.92,0.1,0.225,0.18,0.6,22045.52785,1086.069001,602.0938391,,116.618323370715,5.74518091938214
1359,0.84,0.49,0.1,0.26,0.2,17660.75829,1851.054512,4663.433033,,93.4233934088024,9.79186686415573
1360,1.92,0.62,0.475,0.34,0.4,22254.6361,2370.434588,6997.460871,,117.724482120186,12.5393281210326
1361,0.84,0.23,0.6,0.1,0.4,20217.31899,1484.864946,1673.021498,,106.94730739526,7.85476590139653
1362,1.38,0.23,0.475,0.26,0.2,22421.00677,1391.800181,1462.967073,,118.604563954719,7.36246392826915
1363,0.3,0.75,0.225,0.5,0.6,17710.02647,2946.074619,9744.675557,,93.6840164515447,15.5843981115108
1364,0.84,0.1,0.35,0.18,0.2,20444.18477,1090.606715,430.851903,,108.147401449429,5.76918490795599
1365,0.3,0.49,0.35,0.1,0.4,16149.98476,2182.366952,5261.525804,,85.4315740584003,11.5444718154888
1366,3,0.1,0.225,0.42,0.8,26112.41876,1178.615885,671.8566294,,138.13171159543,6.2347433611934
1367,0.3,0.36,0.225,0.5,0.2,19737.9345,1708.790474,2842.027765,,104.411418218366,9.03930635844266
1368,1.92,0.23,0.225,0.34,0.8,22427.05591,1533.13871,2227.843922,,118.636563214135,8.1101285971223
1369,0.3,0.36,0.6,0.18,0.6,18773.55935,2038.579314,3619.542089,,99.3099838658485,10.7838516398646
1370,2.46,0.1,0.475,0.42,0.2,26685.20699,1209.145194,463.1266797,,141.161695884469,6.39623991747778
1371,0.3,0.62,0.225,0.34,0.6,16863.25208,2660.228915,7784.394805,,89.2046766821837,14.0723069985188
1372,1.38,0.23,0.35,0.42,0.6,22812.47291,1553.651629,1882.258407,,120.675375105798,8.21863959479475
1373,2.46,0.36,0.1,0.34,0.4,22190.75584,1606.800534,3392.851679,,117.386562843843,8.49979122936945
1374,2.46,0.1,0.35,0.34,0.6,25243.08324,1184.352899,602.2264778,,133.533026026238,6.26509150973339
1375,3,0.62,0.1,0.26,0.2,21510.11876,1958.539305,6216.10839,,113.786070461278,10.3604491377486
1376,0.84,0.1,0.6,0.26,0.2,22539.78976,1214.156654,430.851903,,119.232912399492,6.42274996826069
1377,0.3,0.1,0.6,0.42,0.6,22359.57965,1359.158167,564.1887356,,118.279621508675,7.18979140393568
1378,1.92,0.23,0.475,0.26,0.4,23412.71275,1459.659673,1791.407795,,123.850575275074,7.72143288721964
1379,3,0.1,0.35,0.26,0.4,25602.87463,1134.402138,532.716705,,135.436281369022,6.00085769149386
1380,1.92,0.49,0.1,0.18,0.2,19314.34091,1735.369587,4453.853084,,102.170656527719,9.17990682924249
1381,2.46,0.1,0.225,0.1,0.4,22445.40587,1028.701549,532.6765788,,118.73363240584,5.44171365319509
1382,3,0.36,0.6,0.18,0.4,24668.39524,1719.639129,3391.427274,,130.492992170969,9.09669450380872
1383,1.92,0.23,0.225,0.42,0.8,23093.88911,1557.702478,2227.843922,,122.164034648752,8.24006812314854
1384,0.84,0.1,0.35,0.42,0.4,22471.12675,1212.45136,497.6532392,,118.869692922133,6.41372915785019
1385,3,0.49,0.1,0.5,0.4,23813.60245,1921.19329,5028.472727,,125.971235981803,10.1628929856115
1386,0.84,0.1,0.6,0.34,0.8,23055.35095,1337.405695,631.2559117,,121.960172185781,7.07472331252645
1387,1.92,0.1,0.6,0.42,0.4,26228.16924,1284.953566,532.588153,,138.744018408802,6.79725754337706
1388,0.3,0.49,0.475,0.1,0.4,16890.50129,2223.312096,5261.525804,,89.3488218895472,11.7610669487939
1389,1.92,0.36,0.6,0.34,0.2,24254.34236,1692.488235,2994.569285,,128.302699746086,8.95306937685146
1390,0.3,0.23,0.6,0.26,0.2,20427.24145,1487.630372,1463.335297,,108.057773222598,7.86939468895472
1391,3,0.75,0.475,0.5,0.8,24494.6577,2922.884444,10693.99985,,129.573940435887,15.4617247355057
1392,2.46,0.36,0.6,0.5,0.2,26557.45248,1718.169227,2993.942804,,140.485889123995,9.08891889018197
1393,2.46,0.75,0.35,0.18,0.2,20922.10063,2340.512885,7805.01647,,110.67552174143,12.3810457310622
1394,0.84,0.23,0.35,0.18,0.4,19578.86019,1422.00278,1673.021498,,103.569933294541,7.52223222598392
1395,1.92,0.49,0.6,0.1,0.4,21320.43542,2065.454519,5032.242432,,112.782667266187,10.9260184035125
1396,1.92,0.1,0.6,0.18,0.2,24268.9873,1169.471719,463.0824668,,128.380169805332,6.18637176787981
1397,3,0.49,0.35,0.5,0.6,25131.66079,2159.044713,5604.977222,,132.943613997038,11.4210998360135
1398,1.38,0.75,0.225,0.42,0.8,19355.78501,2979.757943,10706.21581,,102.389891081253,15.7625790467626
1399,1.38,0.1,0.475,0.42,0.8,24337.25038,1299.84835,631.567199,,128.741273698688,6.87604924883623
1400,1.92,0.23,0.225,0.1,0.8,20249.80507,1456.710601,2227.843922,,107.119155046551,7.70583263330512
1401,0.84,0.23,0.35,0.34,0.8,20781.95004,1635.665148,2092.72159,,109.934141134152,8.65248173931443
1402,1.38,0.62,0.6,0.18,0.6,20183.93638,2614.334299,7779.458831,,106.770717202708,13.829529723868
1403,0.3,0.49,0.225,0.5,0.6,18760.60098,2346.311359,5858.964078,,99.2414355691917,12.4117189959797
1404,1.38,0.23,0.225,0.34,0.4,21525.42262,1401.6142,1672.61274,,113.867026132036,7.4143789674143
1405,1.92,0.75,0.1,0.34,0.6,19182.25956,2728.685923,9737.01499,,101.471961278036,14.4344367488362
1406,0.84,0.23,0.35,0.42,0.8,21458.33429,1658.962145,2092.72159,,113.512136531951,8.77572019149386
1407,1.92,0.23,0.1,0.5,0.6,23032.77795,1468.591867,2009.625859,,121.840763595006,7.76868317287347
1408,1.92,0.75,0.35,0.26,0.2,20622.71947,2401.532314,7806.030808,,109.09182961278,12.7038315382988
1409,1.92,0.1,0.1,0.26,0.2,22089.30945,1015.406422,463.0824668,,116.849923032163,5.37138395048667
1410,1.38,0.36,0.225,0.5,0.4,22172.43587,1743.726823,3228.942246,,117.28965229581,9.2241156527719
1411,3,0.75,0.475,0.42,0.4,24338.30558,2582.669546,8767.269282,,128.746855586119,13.6620267985612
1412,1.38,0.1,0.6,0.42,0.6,25034.59912,1317.624222,564.6880409,,132.430168853153,6.97008158061786
1413,1.92,0.1,0.1,0.42,0.2,23440.03126,1073.513838,463.0824668,,123.995087071519,5.6787655416843
1414,3,0.75,0.475,0.5,0.6,24706.19995,2776.05394,9730.634564,,130.692974767245,14.685008146424
1415,0.3,0.23,0.1,0.26,0.8,17055.9256,1568.95524,2093.37697,,90.2238975878121,8.29959394837072
1416,2.46,0.1,0.35,0.42,0.6,25889.71688,1211.659262,602.2264778,,136.953644096488,6.40953904993652
1417,1.92,0.62,0.1,0.26,0.4,19255.83029,2234.148947,6997.460871,,101.861142033432,11.8183926523487
1418,3,0.75,0.1,0.18,0.4,19984.72191,2427.367012,8767.269282,,105.716895418959,12.8404941388066
1419,2.46,0.62,0.225,0.1,0.8,19188.28438,2535.763984,8551.60683,,101.503831887431,13.4139017350825
1420,1.38,0.62,0.6,0.26,0.2,21380.28014,2263.95634,6219.249295,,113.099238997038,11.9760703554803
1421,3,0.62,0.225,0.34,0.4,22738.59982,2209.588835,6993.072253,,120.28459490055,11.6884724661447
1422,2.46,0.36,0.225,0.26,0.2,22492.92891,1512.741151,2993.942804,,118.985023857385,8.00222784066864
1423,2.46,0.75,0.35,0.34,0.2,22329.76698,2363.179977,7805.01647,,118.121915890817,12.5009520577656
1424,3,0.49,0.35,0.1,0.2,22155.6346,1748.022032,4451.968231,,117.200775497249,9.24683681760474
1425,0.84,0.36,0.475,0.42,0.8,21438.26049,2089.698281,4006.568812,,113.405948423614,11.0542651343631
1426,0.84,0.62,0.6,0.18,0.8,18771.56386,2828.249025,8563.008575,,99.2994279517562,14.9611141821837
1427,2.46,0.49,0.35,0.18,0.6,21492.18566,2114.277962,5607.957088,,113.691206411342,11.1842888383411
1428,1.92,0.49,0.225,0.1,0.8,18759.51831,2229.966757,6189.021128,,99.2357083685992,11.7962693451121
1429,2.46,0.1,0.35,0.18,0.8,23838.7459,1146.117239,671.7763769,,126.104241959374,6.06282923719848
1430,0.84,0.23,0.35,0.18,0.4,19578.86019,1422.00278,1673.021498,,103.569933294541,7.52223222598392
1431,0.3,0.75,0.6,0.42,0.2,19748.91343,2674.73122,7808.584331,,104.469495503597,14.1490225349132
1432,3,0.75,0.35,0.42,0.2,23921.66023,2346.003109,7803.904,,126.542849291155,12.4100883887008
1433,3,0.49,0.225,0.18,0.2,22143.1333,1724.237863,4451.968231,,117.134645048667,9.12102128121033
1434,1.92,0.1,0.225,0.5,0.2,24851.86224,1149.180241,463.0824668,,131.463511637749,6.07903216779518
1435,0.3,0.62,0.35,0.26,0.4,17157.21981,2523.443871,7002.644712,,90.7597323846805,13.3487297450275
1436,1.92,0.75,0.6,0.18,0.4,21024.5895,2670.719931,8771.522899,,111.217676153195,14.1278032744393
1437,3,0.36,0.475,0.34,0.2,25573.44213,1614.309049,2993.230601,,135.280586807025,8.53951041578502
1438,1.38,0.23,0.6,0.5,0.6,24811.62002,1662.764522,1882.258407,,131.250634892086,8.79583433135844
1439,2.46,0.36,0.225,0.26,0.8,21987.9595,1845.313773,4190.66943,,116.313793377063,9.76149901079137
1440,0.84,0.23,0.35,0.5,0.6,22211.76245,1607.214505,1882.871544,,117.497685410495,8.50198108865849
1441,3,0.1,0.225,0.5,0.4,26805.39506,1174.160573,532.716705,,141.797477041896,6.21117526978417
1442,3,0.36,0.35,0.42,0.2,25530.76617,1600.006105,2993.230601,,135.054835854846,8.46384947630131
1443,0.84,0.23,0.1,0.42,0.4,20133.50196,1401.668831,1673.021498,,106.503924883623,7.41466795916208
1444,1.38,0.62,0.1,0.18,0.2,17649.30421,2079.127458,6219.249295,,93.3628026343631,10.9983466885315
1445,3,0.1,0.225,0.26,0.4,24872.09697,1087.827453,532.716705,,131.570551047397,5.75448292953872
1446,0.84,0.49,0.35,0.1,0.8,17155.59665,2401.390661,6453.784358,,90.7511460537453,12.7030822101143
1447,0.84,0.75,0.35,0.26,0.8,17549.93129,3071.892956,10709.6115,,92.8371312420652,16.2499627380449
1448,1.92,0.62,0.475,0.18,0.6,20608.54189,2523.938717,7776.619042,,109.016831834532,13.3513474238256
1449,1.92,0.75,0.1,0.34,0.4,19449.19954,2537.437356,8771.522899,,102.884043271265,13.4227536817605
1450,2.46,0.49,0.1,0.18,0.6,19903.91992,2027.186145,5607.957088,,105.289462124418,10.7235830776555
1451,1.92,0.75,0.475,0.18,0.8,19866.68143,2981.808856,10702.50708,,105.092474767245,15.7734281421921
1452,0.3,0.75,0.1,0.5,0.8,16648.59769,3078.286753,10712.72117,,88.0691794858231,16.2837851936098
1453,0.3,0.75,0.6,0.5,0.2,20397.39019,2680.351568,7808.584331,,107.899863468049,14.1787535336437
1454,3,0.23,0.35,0.1,0.2,23427.57834,1267.296372,1572.503701,,123.929212547609,6.7038530046551
1455,2.46,0.36,0.6,0.34,0.2,25282.6427,1671.163283,2993.942804,,133.742291049513,8.84026281739314
1456,3,0.23,0.35,0.26,0.6,24584.01621,1466.204464,2007.567767,,130.046636743546,7.75605408379179
1457,3,0.49,0.1,0.34,0.4,22507.66663,1875.209593,5028.472727,,119.06298471223,9.91964448264918
1458,2.46,0.1,0.6,0.34,0.6,26578.79343,1272.476254,602.2264778,,140.598780311045,6.73125398857385
1459,0.3,0.23,0.225,0.26,0.8,17887.2142,1618.405718,2093.37697,,94.6213192975032,8.56118132670334
1460,2.46,0.1,0.6,0.1,0.4,24549.64488,1164.262231,532.6765788,,129.864816335167,6.15881417160389
1461,3,0.36,0.6,0.26,0.8,25076.30831,1944.722948,4187.820619,,132.650805702497,10.2873621878967
1462,2.46,0.36,0.35,0.18,0.2,22528.13484,1534.226967,2993.942804,,119.171259204401,8.11588535230639
1463,1.38,0.49,0.35,0.42,0.4,21649.16929,2094.062665,5258.767774,,114.521631876851,11.0773522270419
1464,1.38,0.36,0.225,0.1,0.8,18322.1184,1872.994637,4004.61389,,96.921912822683,9.90792761849344
1465,1.38,0.62,0.6,0.26,0.8,20709.36745,2766.010116,8559.563598,,109.550187526449,14.6318774650868
1466,2.46,0.75,0.475,0.5,0.8,23573.44375,2949.426728,10698.44973,,124.700823899704,15.6021303851037
1467,0.84,0.23,0.475,0.5,0.2,23167.50973,1490.124887,1463.171452,,122.553479316547,7.88259038827761
1468,1.38,0.23,0.475,0.42,0.2,23772.27517,1444.048969,1462.967073,,125.752619392721,7.63885404676259
1469,1.92,0.36,0.475,0.34,0.6,23232.90973,1889.456434,3793.639999,,122.899437843843,9.9950086436733
1470,3,0.49,0.1,0.18,0.4,21090.20624,1834.175837,5028.472727,,111.564781210326,9.702580601989
1471,2.46,0.75,0.225,0.18,0.8,19381.57832,2867.68174,10698.44973,,102.52633474397,15.1697087388912
1472,2.46,0.36,0.1,0.5,0.6,23316.43599,1767.575987,3791.760555,,123.341282215404,9.35027500528989
1473,2.46,0.1,0.6,0.18,0.2,25332.76094,1167.186129,463.1266797,,134.007410812526,6.17428125793483
1474,0.84,0.75,0.475,0.34,0.2,19725.44491,2562.781049,7807.806912,,104.345349714346,13.5568189219213
1475,3,0.75,0.1,0.34,0.4,21406.19549,2447.015261,8767.269282,,113.23632823741,12.9444311309776
1476,2.46,0.36,0.475,0.42,0.4,25093.71845,1766.415304,3392.851679,,132.742903353788,9.34413512484131
1477,0.84,0.36,0.225,0.5,0.2,21115.19665,1659.047102,2841.595155,,111.696977623783,8.77616960431655
1478,1.92,0.23,0.35,0.5,0.4,24692.24363,1489.583933,1791.407795,,130.619147429116,7.87972880342785
1479,1.38,0.36,0.35,0.18,0.2,20362.9013,1573.507041,2841.106425,,107.717421180703,8.32367245556496
1480,2.46,0.62,0.35,0.5,0.2,24113.22917,2135.833953,6217.260103,,127.556227094795,11.2983175677105
1481,2.46,0.49,0.35,0.1,0.8,20582.3084,2220.655113,6185.454872,,108.878059669911,11.7470118123149
1482,0.84,0.36,0.225,0.1,0.4,17367.9696,1680.534533,3229.919707,,91.8745746931866,8.88983565911976
1483,0.84,0.49,0.35,0.34,0.2,19965.11305,1962.431678,4663.433033,,105.613166790097,10.3810393461701
1484,2.46,0.62,0.225,0.26,0.6,20860.83406,2407.832938,7773.491255,,110.351428586543,12.7371611193398
1485,3,0.23,0.225,0.42,0.8,25106.75708,1524.076554,2225.099799,,132.811876216674,8.06219082733813
1486,1.38,0.36,0.475,0.26,0.6,21446.7513,1898.311413,3616.778068,,113.450863838341,10.0418504707998
1487,1.92,0.36,0.6,0.26,0.4,23389.87291,1788.715946,3394.104642,,123.729755131189,9.46210297291579
1488,1.38,0.36,0.35,0.34,0.6,21429.51086,1872.06928,3616.778068,,113.35966388066,9.90303258569615
1489,0.3,0.62,0.225,0.26,0.2,16618.34515,2284.367463,6220.89462,,87.9091470059247,12.0840428639441
1490,3,0.23,0.225,0.26,0.8,23770.90947,1476.078458,2225.099799,,125.745394995768,7.80828638383411
1491,1.92,0.36,0.1,0.1,0.4,18941.8295,1559.148305,3394.104642,,100.200113732543,8.24771638277613
1492,0.3,0.23,0.6,0.42,0.2,21803.91717,1539.636115,1463.335297,,115.340230480322,8.14449912716885
1493,1.92,0.1,0.1,0.34,0.4,22716.06421,1072.385241,532.588153,,120.165384098603,5.67279539250952
1494,1.38,0.23,0.475,0.42,0.6,23514.74813,1598.617164,1882.258407,,124.390330776555,8.45650213711384
1495,2.46,0.23,0.6,0.42,0.6,26306.09799,1610.923557,2008.69805,,139.156252592044,8.52160154993652
1496,0.84,0.49,0.35,0.34,0.6,19544.234,2291.079412,5857.000583,,103.386764705882,12.1195483072366
1497,0.84,0.75,0.225,0.1,0.6,15488.17947,2879.147222,9742.343302,,81.9306996931866,15.2303598286077
1498,0.84,0.36,0.1,0.18,0.8,16983.29448,1906.29492,4006.568812,,89.8396872619552,10.0840823106221
1499,1.38,0.23,0.1,0.1,0.2,18651.50295,1185.545619,1462.967073,,98.6643194561997,6.27140086225138
1500,0.3,0.36,0.35,0.1,0.6,16573.33524,1940.086222,3619.542089,,87.671049724926,10.2628344371562
1501,1.38,0.75,0.6,0.26,0.6,20390.04859,2910.090986,9739.796535,,107.861027242912,15.3940488044858
1502,1.38,0.62,0.225,0.1,0.8,17022.92864,2656.17275,8559.563598,,90.0493474396953,14.0508503491325
1503,1.38,0.49,0.225,0.42,0.4,20890.77019,2049.832102,5258.767774,,110.509787293694,10.8433776026238
1504,0.3,0.49,0.35,0.1,0.4,16149.98476,2182.366952,5261.525804,,85.4315740584003,11.5444718154888
1505,2.46,0.62,0.6,0.5,0.8,24799.01285,2685.153254,8551.60683,,131.183944403301,14.2041539039357
1506,2.46,0.49,0.1,0.1,0.4,19363.16649,1846.165615,5030.459304,,102.428938267033,9.7660051576386
1507,1.92,0.36,0.1,0.26,0.8,20120.73273,1834.512503,4193.175355,,106.436377115954,9.70436152666103
1508,0.3,0.62,0.35,0.34,0.4,17868.52974,2528.842339,7002.644712,,94.5224806390182,13.3772870239103
1509,2.46,0.1,0.6,0.18,0.6,25218.73786,1217.541779,602.2264778,,133.404241747778,6.44065689272112
1510,3,0.1,0.475,0.26,0.2,26348.25405,1153.683104,463.1467429,,139.379253332628,6.10285179856115
1511,1.38,0.23,0.6,0.18,0.4,22239.79232,1485.805029,1672.61274,,117.645960220059,7.85973883305121
1512,1.92,0.36,0.225,0.26,0.2,21445.0521,1533.488408,2994.569285,,113.441875264494,8.11197845958527
1513,1.92,0.23,0.6,0.18,0.8,23147.24995,1616.297727,2227.843922,,122.44630739526,8.55003029517562
1514,3,0.75,0.1,0.34,0.6,21135.67333,2639.932074,9730.634564,,111.805296921287,13.964939028777
1515,1.38,0.23,0.35,0.34,0.2,22408.19908,1371.528985,1462.967073,,118.536812738045,7.25523161764706
1516,2.46,0.23,0.225,0.18,0.6,22158.33237,1400.914025,2008.69805,,117.215046392298,7.41067512166737
1517,2.46,0.23,0.35,0.34,0.8,24226.43325,1558.812131,2226.606843,,128.155063743123,8.24593806072789
1518,1.38,0.62,0.35,0.42,0.2,21356.19748,2209.033163,6219.249295,,112.971844477359,11.6855330247567
1519,1.38,0.36,0.1,0.26,0.2,19517.10383,1500.627143,2841.106425,,103.243249206517,7.93814612251375
1520,0.3,0.36,0.6,0.18,0.4,18936.2383,1905.571797,3230.784927,,100.170536923402,10.0802570725772
1521,2.46,0.62,0.35,0.26,0.6,21625.89328,2446.635372,7773.491255,,114.398504443504,12.9424215615743
1522,1.38,0.49,0.35,0.5,0.4,22296.0042,2109.656181,5258.767774,,117.943314642404,11.1598401449429
1523,2.46,0.1,0.1,0.5,0.6,25014.84726,1144.487014,602.2264778,,132.325683770631,6.05420553322048
1524,3,0.36,0.1,0.42,0.2,24010.302,1498.366493,2993.230601,,127.011754126111,7.92618754231909
1525,2.46,0.75,0.225,0.5,0.4,22591.57758,2547.500613,8769.494223,,119.506864049937,13.4759871614473
1526,0.3,0.62,0.6,0.26,0.2,18813.96943,2404.404668,6220.89462,,99.5237485717309,12.7190259627592
1527,0.84,0.62,0.6,0.5,0.4,21934.31975,2542.095759,7001.076551,,116.030045228523,13.4473961013542
1528,1.38,0.49,0.475,0.5,0.8,22628.70966,2418.907751,6450.88629,,119.703288510368,12.7957456146847
1529,1.92,0.36,0.475,0.42,0.4,24070.56127,1792.147403,3394.104642,,127.330518779094,9.48025498836225
1530,3,0.36,0.475,0.26,0.2,24899.08894,1589.262649,2993.230601,,131.713335484554,8.40701782162505
1531,1.92,0.49,0.35,0.42,0.4,22756.74259,2054.340805,5032.242432,,120.380568080829,10.8672281263225
1532,3,0.36,0.225,0.5,0.6,25051.64709,1798.781163,3789.623947,,132.520350666526,9.51534682077867
1533,3,0.49,0.35,0.42,0.6,24499.44023,2141.218263,5604.977222,,129.599239473127,11.326799952391
1534,0.84,0.62,0.475,0.26,0.2,19482.07639,2292.146245,6220.110539,,103.057958051206,12.1251917319086
1535,2.46,0.36,0.35,0.34,0.8,23432.94065,1910.062907,4190.66943,,123.957578554803,10.1040145313161
1536,0.84,0.1,0.35,0.1,0.4,19619.30958,1092.289246,497.6532392,,103.783905945832,5.77808530469742
1537,2.46,0.1,0.35,0.5,0.6,26511.52632,1238.11513,602.2264778,,140.242944985188,6.54948756876851
1538,1.38,0.23,0.475,0.5,0.8,24061.26751,1687.521431,2091.904074,,127.281355850614,8.92679555120609
1539,0.84,0.49,0.6,0.34,0.2,21356.34108,2051.180654,4663.433033,,112.972604104951,10.8505112886162
1540,3,0.49,0.225,0.5,0.6,24388.44172,2117.128696,5604.977222,,129.012070038087,11.1993688954719
1541,0.84,0.36,0.1,0.42,0.2,19651.34184,1586.245214,2841.595155,,103.953352941176,8.3910559352518
1542,3,0.75,0.475,0.1,0.4,21551.92365,2535.337861,8767.269282,,114.007213552687,13.411647593102
1543,0.3,0.1,0.225,0.42,0.8,20176.15885,1255.583766,630.9014586,,106.729574957681,6.6418946572154
1544,0.84,0.1,0.475,0.1,0.6,20273.59135,1173.134471,564.4545755,,107.244981749894,6.20574730744816
1545,0.3,0.36,0.6,0.26,0.4,19671.56513,1924.035618,3230.784927,,104.060331834532,10.1779285759628
1546,0.84,0.36,0.35,0.42,0.4,21037.75925,1813.119786,3229.919707,,111.287342625899,9.59119649809564
1547,3,0.49,0.6,0.1,0.2,23537.8618,1833.47816,4451.968231,,124.512599449852,9.69888997037664
1548,2.46,0.75,0.225,0.42,0.4,21949.87719,2538.809465,8769.494223,,116.112342308506,13.4300119815912
1549,2.46,0.36,0.1,0.5,0.2,23694.04573,1536.421556,2993.942804,,125.338794593737,8.12749447735929
1550,0.3,0.36,0.475,0.42,0.6,20215.22947,2046.934586,3619.542089,,106.936254073212,10.8280500740584
1551,1.92,0.23,0.1,0.26,0.8,20924.96467,1457.849547,2227.843922,,110.690672185781,7.71185752750741
1552,1.38,0.1,0.35,0.18,0.4,21678.45604,1114.202622,497.8088828,,114.676555438003,5.89400455988151
1553,3,0.36,0.35,0.42,0.4,25340.69908,1710.804822,3391.427274,,134.049402666102,9.04996202920017
1554,3,0.1,0.225,0.34,0.4,25542.67841,1116.32803,532.716705,,135.117850243335,5.90524772534913
1555,3,0.36,0.6,0.26,0.2,25557.1951,1630.811269,2993.230601,,135.194641874736,8.62680527401608
1556,1.92,0.49,0.1,0.34,0.6,20301.13585,2099.400454,5610.63178,,107.390689007617,11.1055885209479
1557,1.92,0.62,0.1,0.18,0.2,18784.1751,2019.673026,6218.302699,,99.3661399703767,10.683839536606
1558,1.38,0.49,0.1,0.42,0.4,20078.01497,1999.975531,5258.767774,,106.210405046551,10.579642038722
1559,0.3,0.49,0.475,0.42,0.4,19790.38073,2264.259621,5261.525804,,104.68885278248,11.977674677317
1560,2.46,0.62,0.475,0.34,0.2,23522.61823,2146.233086,6217.260103,,124.431962706306,11.3533277930597
1561,2.46,0.49,0.6,0.26,0.8,23439.30822,2325.774786,6185.454872,,123.991262272535,12.30308287135
1562,3,0.62,0.475,0.26,0.6,23278.312,2445.401819,7770.036115,,123.13961066441,12.9358962071519
1563,2.46,0.75,0.35,0.34,0.8,21563.69566,2907.759603,10698.44973,,114.069486140499,15.3817160548032
1564,0.84,0.75,0.475,0.5,0.6,20522.19601,2950.091067,9742.343302,,108.560071995345,15.6056446625053
1565,1.38,0.23,0.35,0.42,0.4,22942.77435,1474.543299,1672.61274,,121.364654834956,7.80016556813373
1566,3,0.75,0.1,0.5,0.6,22446.31277,2665.909893,9730.634564,,118.738429803216,14.1023587230216
1567,0.84,0.36,0.225,0.5,0.8,20615.89982,2023.064951,4006.568812,,109.055754443504,10.7017824322895
1568,2.46,0.1,0.225,0.42,0.4,25217.14241,1144.620868,532.6765788,,133.395801999577,6.05491360558612
1569,2.46,0.1,0.6,0.26,0.8,25885.66525,1264.531668,671.7763769,,136.932211436733,6.68922803639441
1570,3,0.36,0.225,0.1,0.8,21489.0992,1773.476474,4187.820619,,113.674879390605,9.3814879073212
1571,3,0.75,0.225,0.18,0.8,20326.01984,2822.694337,10693.99985,,107.522322471435,14.9317305173508
1572,0.3,0.1,0.1,0.18,0.4,17341.3656,1038.788496,497.4760127,,91.7338425730004,5.49507245027507
1573,1.38,0.23,0.1,0.1,0.4,18508.63298,1267.253429,1672.61274,,97.9085536394414,6.70362584109183
1574,1.38,0.62,0.475,0.1,0.4,18973.66532,2397.927153,6999.354063,,100.368521582734,12.68476064854
1575,2.46,0.1,0.1,0.18,0.8,22303.20483,1050.219548,671.7763769,,117.981405152349,5.55554140922556
1576,0.84,0.62,0.35,0.18,0.4,17776.08392,2438.373773,7001.076551,,94.0334528142192,12.8987186468472
1577,0.84,0.49,0.1,0.18,0.2,16911.25869,1833.26414,4663.433033,,89.4586261637749,9.69775782903089
1578,2.46,0.23,0.6,0.26,0.2,25250.49485,1418.239824,1572.880462,,133.572232596276,7.50232661870504
1579,3,0.49,0.35,0.26,0.2,23608.33677,1793.887907,4451.968231,,124.885403988574,9.4894620556496
1580,2.46,0.23,0.6,0.1,0.8,23467.87184,1568.974691,2226.606843,,124.142360558612,8.29969684193821
1581,1.92,0.1,0.1,0.42,0.2,23440.03126,1073.513838,463.0824668,,123.995087071519,5.6787655416843
1582,1.92,0.1,0.1,0.1,0.2,20618.39006,952.9670627,463.0824668,,109.068927528565,5.04108687420652
1583,3,0.1,0.6,0.1,0.6,25477.85694,1179.836726,602.2866672,,134.774952073635,6.24120147058824
1584,1.38,0.62,0.35,0.18,0.4,19003.26087,2367.940631,6999.354063,,100.525078660601,12.5261353734659
1585,1.38,0.49,0.35,0.1,0.2,19006.47776,1852.870665,4662.708516,,100.542095641134,9.80147410600931
1586,0.3,0.75,0.6,0.26,0.2,18373.93178,2664.243902,7808.584331,,97.1959996826069,14.0935458209903
1587,0.3,0.23,0.475,0.18,0.4,18883.85091,1507.007718,1673.349188,,99.8934136161659,7.97189863520948
1588,2.46,0.36,0.6,0.34,0.2,25282.6427,1671.163283,2993.942804,,133.742291049513,8.84026281739314
1589,3,0.1,0.1,0.5,0.8,25964.50132,1160.884074,671.8566294,,137.349245239103,6.14094410706729
1590,0.3,0.49,0.35,0.34,0.2,18597.21119,2036.012767,4664.087531,,98.3771222492594,10.7702748994922
1591,0.84,0.36,0.1,0.42,0.4,19466.24766,1717.774058,3229.919707,,102.974225878121,9.08682849132459
1592,0.3,0.62,0.6,0.34,0.8,18856.04963,2908.01548,8566.144897,,99.7463480215828,15.3830696148963
1593,0.84,0.23,0.6,0.18,0.4,20974.13795,1511.815387,1673.021498,,110.950793218366,7.99733065488786
1594,3,0.75,0.35,0.26,0.4,22288.67453,2517.266007,8767.269282,,117.904541525603,13.3160495503597
1595,1.38,0.49,0.35,0.26,0.2,20497.85353,1891.224764,4662.708516,,108.431303057554,10.0043629073212
1596,0.84,0.49,0.225,0.42,0.4,19662.98841,2106.826737,5260.216808,,104.014961965722,11.1448727094795
1597,1.92,0.75,0.225,0.1,0.8,17600.57477,2919.177524,10702.50708,,93.1050294646636,15.4421155522641
1598,0.3,0.62,0.1,0.1,0.4,13986.34252,2436.532051,7002.644712,,73.9861538298773,12.8889761479052
1599,3,0.62,0.35,0.1,0.8,20918.43121,2527.068015,8546.999977,,110.656110928904,13.3679010526873
1600,1.92,0.23,0.475,0.34,0.6,23964.46842,1559.519496,2009.625859,,126.769299724926,8.24967994075328
1601,1.92,0.49,0.6,0.5,0.6,24555.96265,2293.690269,5610.63178,,129.898236616589,12.133359442446
1602,0.3,0.62,0.1,0.1,0.6,13762.32993,2618.569721,7784.394805,,72.801152824799,13.8519346223022
1603,3,0.62,0.225,0.18,0.8,20895.82888,2498.425006,8546.999977,,110.536547185781,13.2163828078714
1604,2.46,0.1,0.475,0.34,0.2,26043.51058,1182.50373,463.1266797,,137.767195196784,6.25530961701227
1605,2.46,0.75,0.35,0.5,0.8,22863.10317,2916.803843,10698.44973,,120.943203396107,15.4295590509945
1606,3,0.75,0.6,0.34,0.8,23880.74331,2927.979322,10693.99985,,126.326403459585,15.4886760579771
1607,3,0.36,0.35,0.34,0.8,24388.32785,1881.646927,4187.820619,,129.011467678798,9.95369724396953
1608,0.84,0.75,0.1,0.34,0.6,16866.68123,2844.277759,9742.343302,,89.2228164938637,15.045904353576
1609,1.38,0.49,0.6,0.26,0.6,21468.89539,2293.622254,5854.827032,,113.568003544223,12.1329996508675
1610,0.3,0.62,0.225,0.5,0.8,18001.11745,2815.814027,8566.144897,,95.2238544752433,14.8953344636056
1611,1.92,0.23,0.35,0.42,0.6,23924.5512,1538.408561,2009.625859,,126.558142192129,8.13800550677105
1612,0.3,0.1,0.225,0.34,0.6,19553.92453,1188.817148,564.1887356,,103.438026502328,6.28870687685146
1613,1.38,0.75,0.6,0.18,0.4,19924.08957,2726.290553,8773.377263,,105.396157268303,14.4217655152349
1614,1.92,0.49,0.475,0.5,0.6,23892.01785,2255.468072,5610.63178,,126.386044487939,11.9311683876428
1615,3,0.49,0.475,0.1,0.2,22867.90214,1792.054744,4451.968231,,120.968589399069,9.47976483283961
1616,3,0.62,0.225,0.26,0.8,21615.1749,2507.856091,8546.999977,,114.341805438003,13.2662721699111
1617,2.46,0.1,0.6,0.18,0.2,25332.76094,1167.186129,463.1266797,,134.007410812526,6.17428125793483
1618,0.3,0.1,0.1,0.5,0.6,20094.58878,1195.024791,564.1887356,,106.298078607702,6.32154459902666
1619,0.84,0.62,0.35,0.1,0.6,16779.40154,2610.14507,7782.042563,,88.7611169064748,13.8073691811257
1620,1.92,0.36,0.6,0.5,0.2,25540.78269,1738.691165,2994.569285,,135.107822101143,9.1974775973339
1621,0.3,0.1,0.1,0.34,0.2,18877.93163,1064.292981,430.7632897,,99.8621013013119,5.62998826174355
1622,0.3,0.23,0.225,0.5,0.8,19957.98237,1686.333804,2093.37697,,105.57544630766,8.92051314007618
1623,0.3,0.75,0.35,0.18,0.2,16216.24057,2589.922695,7808.584331,,85.78205972281,13.7003951280152
1624,0.3,0.1,0.35,0.42,0.8,20929.08009,1305.107226,630.9014586,,110.712442287347,6.903868101989
1625,3,0.62,0.1,0.26,0.4,21236.6584,2150.65698,6993.072253,,112.339496402878,11.3767296868388
1626,3,0.49,0.35,0.26,0.2,23608.33677,1793.887907,4451.968231,,124.885403988574,9.4894620556496
1627,1.38,0.1,0.475,0.42,0.2,24497.49378,1216.257659,430.9297248,,129.588942975032,6.43386404464664
1628,1.92,0.75,0.1,0.34,0.8,18959.30076,2889.033815,10702.50708,,100.29253470165,15.2826587759204
1629,3,0.23,0.6,0.1,0.4,24650.61977,1427.180099,1790.035734,,130.398961965722,7.54961965192552
1630,1.92,0.36,0.1,0.5,0.4,22469.45603,1676.167866,3394.104642,,118.860855004232,8.86673648963182
1631,0.3,0.75,0.225,0.34,0.6,16368.82999,2944.866573,9744.675557,,86.5892403195091,15.578007686204
1632,1.92,0.36,0.6,0.18,0.6,22499.99795,1891.183392,3793.639999,,119.022418271265,10.0041440541684
1633,3,0.23,0.475,0.5,0.4,27352.45618,1519.236863,1790.035734,,144.691367858654,8.03658941493864
1634,1.38,0.75,0.225,0.34,0.8,18680.80006,2979.181513,10706.21581,,98.8192978205671,15.7595297979264
1635,0.3,0.36,0.1,0.18,0.2,16079.5902,1568.419717,2842.027765,,85.0591948793906,8.29676109289039
1636,3,0.1,0.6,0.1,0.8,25458.61955,1198.652252,671.8566294,,134.673188478629,6.34073345323741
1637,3,0.49,0.1,0.5,0.4,23813.60245,1921.19329,5028.472727,,125.971235981803,10.1628929856115
1638,1.38,0.23,0.225,0.26,0.2,20961.90555,1296.830301,1462.967073,,110.886085220059,6.86008411447313
1639,0.3,0.62,0.225,0.26,0.4,16374.01359,2484.083762,7002.644712,,86.616660971223,13.1405192657639
1640,1.92,0.75,0.1,0.18,0.6,17743.82055,2720.246799,9737.01499,,93.8627832733813,14.3897947471435
1641,2.46,0.1,0.1,0.26,0.8,23016.39347,1080.484352,671.7763769,,121.754091567922,5.71563876428269
1642,0.3,0.23,0.6,0.34,0.4,21002.9198,1602.030408,1673.349188,,111.103045916208,8.47455780787135
1643,2.46,0.49,0.35,0.18,0.4,21707.90104,1962.476584,5030.459304,,114.832316123572,10.3812768937791
1644,1.38,0.49,0.6,0.42,0.2,23243.32033,2016.253599,4662.708516,,122.954508728311,10.665751158485
1645,0.84,0.1,0.35,0.42,0.2,22534.00178,1180.428715,430.851903,,119.202294646636,6.24433302475667
1646,1.38,0.62,0.35,0.1,0.4,18241.48224,2359.766939,6999.354063,,96.4953567498942,12.4828974767245
1647,1.92,0.75,0.225,0.34,0.4,20269.90057,2577.92519,8771.522899,,107.225457945408,13.6369296974185
1648,3,0.75,0.1,0.18,0.4,19984.72191,2427.367012,8767.269282,,105.716895418959,12.8404941388066
1649,0.3,0.23,0.1,0.42,0.8,18477.26483,1614.977439,2093.37697,,97.7426197101143,8.54304612251375
1650,0.3,0.1,0.35,0.42,0.8,20929.08009,1305.107226,630.9014586,,110.712442287347,6.903868101989
1651,0.3,0.1,0.1,0.34,0.6,18742.7788,1137.504456,564.1887356,,99.1471582733813,6.01726859923826
1652,0.84,0.1,0.6,0.34,0.4,23165.85279,1276.957622,497.6532392,,122.544714293271,6.75495991324587
1653,0.3,0.62,0.35,0.42,0.4,18551.34465,2533.975454,7002.644712,,98.1344934934405,13.4044406157427
1654,0.3,0.36,0.6,0.18,0.8,18626.21128,2156.871753,4008.299251,,98.5305294117647,11.4096051258993
1655,1.38,0.62,0.1,0.18,0.6,17150.11373,2468.657354,7779.458831,,90.7221420334321,13.0589153300889
1656,1.92,0.49,0.35,0.34,0.8,21713.35224,2307.611946,6189.021128,,114.861152348709,12.2070035230639
1657,3,0.62,0.6,0.5,0.6,25904.23722,2526.903182,7770.036115,,137.030455035971,13.3670291049513
1658,1.38,0.23,0.1,0.34,0.8,20487.14041,1504.095111,2091.904074,,108.374631876851,7.95649127697842
1659,3,0.36,0.35,0.42,0.8,25043.65725,1908.953801,4187.820619,,132.478085325857,10.0981474873043
1660,1.92,0.23,0.6,0.1,0.2,22761.0862,1370.108294,1573.189732,,120.403545281422,7.24771632458739
1661,0.3,0.36,0.6,0.42,0.2,21224.69232,1823.506351,2842.027765,,112.27619720694,9.64614024016081
1662,1.38,0.75,0.6,0.26,0.2,20914.73507,2528.692104,7806.95799,,110.636558770631,13.3764922979264
1663,1.38,0.62,0.475,0.1,0.2,19221.99322,2199.765421,6219.249295,,101.682147799408,11.6365077285231
1664,3,0.1,0.475,0.5,0.4,28199.73996,1262.666199,532.716705,,149.173402242912,6.67935991853576
1665,1.38,0.36,0.6,0.34,0.4,22984.26191,1833.504146,3228.942246,,121.584119286923,9.69902743334744
1666,1.92,0.36,0.475,0.34,0.2,23592.23163,1650.93573,2994.569285,,124.800209638172,8.73326137325434
1667,1.38,0.36,0.1,0.42,0.4,20717.66146,1673.524956,3228.942246,,109.594061891663,8.85275579771477
1668,0.84,0.75,0.35,0.1,0.2,16798.9299,2508.676243,7807.806912,,88.8644196995345,13.2706106802793
1669,1.38,0.36,0.1,0.34,0.4,20036.44752,1650.977592,3228.942246,,105.990517985612,8.73348281845112
1670,1.38,0.75,0.225,0.1,0.4,16963.08956,2617.824061,8773.377263,,89.7328055438003,13.8479901661024
1671,2.46,0.49,0.1,0.5,0.4,22870.97691,1941.542731,5030.459304,,120.984854581041,10.2705392033432
1672,1.92,0.75,0.6,0.26,0.4,21739.83756,2677.629126,8771.522899,,115.001256665256,14.1643521265341
1673,2.46,0.49,0.475,0.34,0.6,23609.61858,2187.643104,5607.957088,,124.892184617012,11.5723820567076
1674,0.3,0.49,0.225,0.18,0.8,15759.37521,2459.739377,6456.402351,,83.3652941705459,13.0117402507406
1675,2.46,0.36,0.475,0.42,0.2,25278.04608,1653.828299,2993.942804,,133.71797545493,8.74856273275497
1676,2.46,0.49,0.1,0.42,0.8,21843.00021,2194.450719,6185.454872,,115.546975296234,11.6083935622091
1677,0.84,0.62,0.1,0.18,0.4,16150.54554,2355.441978,7001.076551,,85.4345405205248,12.4600189272112
1678,0.84,0.75,0.1,0.1,0.8,14412.20983,3019.006134,10709.6115,,76.238943239526,15.9701974925942
1679,1.92,0.75,0.1,0.18,0.8,17522.66085,2886.479344,10702.50708,,92.6928737304274,15.2691459162082
1680,0.84,0.75,0.225,0.26,0.4,17247.76742,2692.033931,8775.075107,,91.2387188954719,14.240551899069
1681,1.38,0.23,0.1,0.34,0.4,20722.04271,1351.972992,1672.61274,,109.617238203555,7.15178264917478
1682,1.92,0.49,0.475,0.5,0.8,23730.34422,2371.402458,6189.021128,,125.530809458316,12.5444480427423
1683,1.38,0.1,0.35,0.26,0.4,22396.01609,1144.026448,497.8088828,,118.472366112992,6.05176919170546
1684,1.38,0.49,0.225,0.34,0.6,20002.82902,2187.768935,5854.827032,,105.812679961913,11.5730476883199
1685,0.3,0.49,0.35,0.34,0.4,18384.29845,2213.039266,5261.525804,,97.2508381823953,11.7067248518832
1686,1.38,0.62,0.225,0.18,0.2,18481.395,2126.37864,6219.249295,,97.7644678374947,11.2483000423191
1687,1.92,0.36,0.6,0.1,0.4,21931.75341,1742.309073,3394.104642,,116.016469583157,9.21661591726619
1688,0.84,0.36,0.225,0.26,0.6,18711.10263,1857.32233,3618.244259,,98.979594953449,9.82502290520525
1689,2.46,0.36,0.1,0.1,0.4,20007.52966,1532.9604,3392.851679,,105.837545810411,8.10918535759628
1690,1.92,0.1,0.475,0.5,0.4,26204.19216,1269.567779,532.588153,,138.61718239526,6.71586848815066
1691,2.46,0.23,0.1,0.5,0.2,24348.24139,1314.185749,1572.880462,,128.799414885738,6.95189245133305
1692,0.3,0.36,0.35,0.26,0.2,18440.55135,1691.126119,2842.027765,,97.5484095958528,8.94586393884892
1693,2.46,0.49,0.1,0.18,0.8,19739.54113,2152.01943,6185.454872,,104.41991710749,11.3839368916631
1694,0.3,0.49,0.475,0.5,0.2,20654.7629,2108.28503,4664.087531,,109.261335696149,11.1525869128227
1695,3,0.49,0.1,0.5,0.6,23593.50805,2068.610803,5604.977222,,124.806961754126,10.9427147852306
1696,2.46,0.1,0.1,0.34,0.6,23728.98905,1089.48361,602.2264778,,125.52364076386,5.76324381083369
1697,0.84,0.75,0.35,0.26,0.8,17549.93129,3071.892956,10709.6115,,92.8371312420652,16.2499627380449
1698,1.38,0.1,0.1,0.34,0.2,21613.02511,1046.202918,430.9297248,,114.330433294541,5.53429389547186
1699,0.3,0.23,0.475,0.5,0.6,21538.62476,1694.079059,1883.363079,,113.936863944139,8.96148465404147
1700,1.38,0.75,0.225,0.42,0.2,20123.70362,2432.435382,7806.95799,,106.452092784596,12.8673052369869
1701,0.3,0.49,0.35,0.5,0.6,19528.41408,2386.734295,5858.964078,,103.303079136691,12.6255517086331
1702,1.38,0.1,0.225,0.5,0.2,23707.32691,1151.290784,430.9297248,,125.409050518409,6.0901966991113
1703,0.3,0.62,0.6,0.5,0.8,20178.98681,2913.403045,8566.144897,,106.744534542954,15.4115692181549
1704,0.84,0.75,0.6,0.42,0.4,20806.16924,2803.059583,8775.075107,,110.062257934829,14.8278649121879
1705,3,0.75,0.1,0.34,0.8,20917.69334,2796.520691,10693.99985,,110.652207680914,14.7932749206517
1706,1.92,0.62,0.1,0.5,0.2,21552.18254,2081.081053,6218.302699,,114.008583051206,11.0086809828608
1707,3,0.75,0.6,0.34,0.4,24351.40654,2599.269639,8767.269282,,128.816158167584,13.7498393937791
1708,2.46,0.1,0.35,0.5,0.2,26623.28247,1192.448439,463.1266797,,140.834122249259,6.30791599132459
1709,2.46,0.62,0.35,0.5,0.8,23425.78409,2615.640355,8551.60683,,123.919721170123,13.836438610876
1710,2.46,0.49,0.475,0.1,0.8,21306.47101,2259.161157,6185.454872,,112.708797132882,11.9507043853153
1711,0.3,0.62,0.35,0.18,0.8,15989.74533,2843.304094,8566.144897,,84.5839257829031,15.0407537769784
1712,1.38,0.1,0.475,0.42,0.2,24497.49378,1216.257659,430.9297248,,129.588942975032,6.43386404464664
1713,2.46,0.1,0.1,0.42,0.8,24356.10162,1135.8982,671.7763769,,128.840994604317,6.00877168853153
1714,2.46,0.62,0.35,0.5,0.6,23616.02035,2478.26532,7773.491255,,124.926049248836,13.109740372408
1715,3,0.62,0.6,0.18,0.2,23740.07991,2119.046386,6216.10839,,125.582310146001,11.2095132564537
1716,2.46,0.75,0.35,0.5,0.8,22863.10317,2916.803843,10698.44973,,120.943203396107,15.4295590509945
1717,0.84,0.49,0.35,0.42,0.8,20045.03395,2434.186718,6453.784358,,106.035939219213,12.8765696043165
1718,0.3,0.36,0.1,0.42,0.6,17903.60553,1908.450433,3619.542089,,94.7080275603047,10.0954847280999
1719,2.46,0.23,0.225,0.5,0.8,24778.42341,1559.861384,2226.606843,,131.075028618282,8.25148848920863
1720,0.3,0.1,0.35,0.5,0.2,21768.75833,1221.7522,430.7632897,,115.154244234025,6.46292953872196
1721,0.84,0.23,0.6,0.42,0.8,22835.18087,1743.62974,2092.72159,,120.795497619551,9.22360209479475
1722,3,0.36,0.1,0.26,0.4,22460.32272,1565.175884,3391.427274,,118.812540837918,8.27960158696572
1723,1.92,0.1,0.35,0.34,0.6,24183.33781,1191.571578,602.0938391,,127.927093789674,6.30327749682607
1724,0.84,0.23,0.1,0.1,0.2,17348.06239,1205.267181,1463.171452,,91.7692678269149,6.37572567181549
1725,0.3,0.75,0.225,0.42,0.6,17051.79369,2944.796062,9744.675557,,90.2020402560305,15.5776346910707
1726,3,0.49,0.1,0.5,0.4,23813.60245,1921.19329,5028.472727,,125.971235981803,10.1628929856115
1727,1.92,0.23,0.35,0.5,0.8,24475.08561,1625.954445,2227.843922,,129.470406316124,8.60111323000423
1728,1.92,0.49,0.475,0.18,0.4,21390.69601,2043.092198,5032.242432,,113.154337759204,10.8077242805755
1729,2.46,0.49,0.35,0.5,0.8,24041.47237,2291.161342,6185.454872,,127.176641821837,12.1199817075751
1730,0.3,0.23,0.225,0.42,0.4,19537.33513,1489.237664,1673.349188,,103.350270471858,7.87789707998307
1731,3,0.23,0.6,0.5,0.2,28127.9026,1494.435041,1572.503701,,148.793390816758,7.90539061045281
1732,3,0.49,0.6,0.1,0.2,23537.8618,1833.47816,4451.968231,,124.512599449852,9.69888997037664
1733,3,0.23,0.225,0.42,0.8,25106.75708,1524.076554,2225.099799,,132.811876216674,8.06219082733813
1734,1.92,0.1,0.225,0.34,0.8,23408.45682,1166.642451,671.5995253,,123.828061891663,6.17140526343631
1735,2.46,0.62,0.35,0.18,0.6,20906.97572,2436.845061,7773.491255,,110.595512695726,12.8906319350402
1736,0.3,0.23,0.475,0.26,0.6,19497.46756,1624.650778,1883.363079,,103.139375581887,8.59421698053322
1737,0.84,0.23,0.35,0.1,0.8,18573.62119,1563.711991,2092.72159,,98.252333844689,8.27185776026238
1738,0.84,0.62,0.1,0.42,0.4,18303.45575,2378.328209,7001.076551,,96.823189536606,12.5810844741854
1739,0.84,0.49,0.475,0.34,0.2,20681.94857,2009.858691,4663.433033,,109.405144784173,10.631922825857
1740,2.46,0.49,0.35,0.18,0.2,21939.46544,1797.591774,4452.96152,,116.057265340669,9.50905508887008
1741,2.46,0.1,0.6,0.1,0.2,24609.69488,1137.261063,463.1266797,,130.182473973762,6.01598107807871
1742,1.38,0.75,0.6,0.1,0.8,18703.32865,3059.930494,10706.21581,,98.9384714875159,16.1866826809141
1743,0.84,0.75,0.475,0.42,0.2,20397.92362,2570.334595,7807.806912,,107.902685251799,13.5967763171815
1744,0.84,0.36,0.6,0.34,0.2,21923.16354,1748.992544,2841.595155,,115.971030152349,9.25197071519255
1745,1.92,0.23,0.6,0.34,0.2,24886.0129,1452.708158,1573.189732,,131.644164727042,7.68466016716039
1746,0.3,0.75,0.1,0.26,0.2,15331.74875,2513.975561,7808.584331,,81.1031990584004,13.2986434669911
1747,1.92,0.36,0.1,0.26,0.6,20256.50653,1730.784791,3793.639999,,107.154605004232,9.1556537822683
1748,1.92,0.62,0.35,0.18,0.6,19883.13312,2487.256002,7776.619042,,105.17950232755,13.1573000528989
1749,0.3,0.49,0.35,0.18,0.8,16549.44764,2496.732486,6456.402351,,87.5446870503597,13.2074295704613
1750,1.38,0.36,0.35,0.26,0.6,20729.71077,1851.59514,3616.778068,,109.657801364791,9.79472672450275
1751,3,0.62,0.6,0.5,0.2,26394.82529,2194.730249,6216.10839,,139.625609870927,11.6098722439695
1752,3,0.1,0.6,0.5,0.4,28836.73997,1307.049543,532.716705,,152.543059511215,6.91414273698688
1753,1.38,0.49,0.35,0.34,0.4,20976.69777,2077.925325,5258.767774,,110.964334373678,10.9919875423191
1754,2.46,0.1,0.35,0.18,0.2,23984.71122,1081.701922,463.1266797,,126.876381823953,5.72207957046128
1755,2.46,0.49,0.225,0.1,0.6,19970.11944,2056.031678,5607.957088,,105.63965002116,10.8761726512907
1756,1.38,0.62,0.1,0.42,0.6,19284.64836,2489.664531,7779.458831,,102.013586330935,13.1700408961066
1757,0.84,0.23,0.6,0.18,0.6,20847.27288,1598.08712,1882.871544,,110.279691493864,8.45369826491748
1758,0.3,0.36,0.225,0.18,0.8,16415.16646,2034.507181,4008.299251,,86.8343549513331,10.7623105215827
1759,1.38,0.75,0.6,0.34,0.4,21334.7798,2737.158197,8773.377263,,112.858547397376,14.4792541102412
1760,1.92,0.49,0.475,0.26,0.8,21737.46675,2332.943205,6189.021128,,114.988715351248,12.3410029887854
1761,0.84,0.36,0.225,0.1,0.4,17367.9696,1680.534533,3229.919707,,91.8745746931866,8.88983565911976
1762,1.38,0.36,0.6,0.26,0.2,22471.66561,1686.290808,2841.106425,,118.872543429962,8.92028569614896
1763,2.46,0.62,0.6,0.18,0.6,22306.37653,2509.848616,7773.491255,,117.998183082945,13.2768123994922
1764,1.92,0.23,0.35,0.1,0.4,21242.11917,1357.021161,1791.407795,,112.368383252222,7.17848688637325
1765,2.46,0.36,0.475,0.18,0.8,22742.04799,1912.873203,4190.66943,,120.302835325857,10.1188806760474
1766,3,0.49,0.6,0.42,0.2,26295.19652,1927.424962,4451.968231,,139.098585061363,10.1958578184511
1767,2.46,0.36,0.6,0.1,0.8,22674.30244,1931.549243,4190.66943,,119.944469107067,10.2176747936945
1768,2.46,0.36,0.475,0.5,0.2,25906.16217,1676.449985,2993.942804,,137.040637801524,8.86822886690648
1769,0.84,0.75,0.35,0.42,0.8,18925.4922,3071.72171,10709.6115,,100.113691282268,16.2490568662717
1770,0.84,0.49,0.225,0.1,0.4,16749.75073,2052.795529,5260.216808,,88.6042675095218,10.8590537928481
1771,1.92,0.62,0.225,0.34,0.2,21037.93646,2100.395174,6218.302699,,111.288280046551,11.1108504760897
1772,1.38,0.75,0.6,0.18,0.2,20195.01407,2519.516302,7806.95799,,106.829316917055,13.3279533537876
1773,1.38,0.75,0.6,0.42,0.4,21999.23104,2743.836376,8773.377263,,116.37341853576,14.5145809140923
1774,3,0.23,0.6,0.1,0.2,24789.73341,1355.821098,1572.503701,,131.134857225984,7.17213869022429
1775,0.84,0.23,0.1,0.1,0.4,17206.72347,1293.247706,1673.021498,,91.0216010897165,6.84113259627592
1776,3,0.23,0.6,0.42,0.2,27513.28656,1469.433788,1572.503701,,145.542142192129,7.77313683876428
1777,0.84,0.62,0.35,0.26,0.4,18511.09692,2446.290335,7001.076551,,97.9215876005078,12.9405963552687
1778,1.38,0.62,0.1,0.42,0.8,19080.89069,2636.749791,8559.563598,,100.935731538299,13.9481051153195
1779,0.84,0.36,0.225,0.42,0.2,20460.65758,1635.812213,2841.595155,,108.23454073212,8.65325969636056
1780,0.84,0.49,0.35,0.18,0.4,18304.86583,2109.353927,5260.216808,,96.8306486986881,11.1582412558189
1781,3,0.36,0.1,0.42,0.6,23625.94439,1725.18161,3789.623947,,124.9785462865,9.12601359500635
1782,1.92,0.49,0.35,0.5,0.8,23022.77224,2333.293373,6189.021128,,121.787834532374,12.3428553374947
1783,3,0.62,0.475,0.34,0.4,24198.41921,2290.412037,6993.072253,,128.00687267245,12.1160179697419
1784,2.46,0.75,0.475,0.5,0.6,23788.64956,2801.090819,9733.971976,,125.839238044858,14.8174503755819
1785,2.46,0.49,0.225,0.1,0.2,20426.40372,1728.006296,4452.96152,,108.053341726619,9.1409558611934
1786,1.92,0.1,0.225,0.1,0.6,21298.33853,1054.589688,602.0938391,,112.665777242912,5.57865895048667
1787,3,0.36,0.475,0.42,0.2,26221.5278,1643.910394,2993.230601,,138.708885950064,8.69609814853999
1788,3,0.75,0.475,0.42,0.4,24338.30558,2582.669546,8767.269282,,128.746855586119,13.6620267985612
1789,1.38,0.23,0.475,0.26,0.2,22421.00677,1391.800181,1462.967073,,118.604563954719,7.36246392826915
1790,0.3,0.36,0.6,0.18,0.4,18936.2383,1905.571797,3230.784927,,100.170536923402,10.0802570725772
1791,1.92,0.75,0.475,0.26,0.6,20802.81765,2827.708881,9737.01499,,110.044528406686,14.9582568821413
1792,0.3,0.49,0.35,0.34,0.2,18597.21119,2036.012767,4664.087531,,98.3771222492594,10.7702748994922
1793,0.3,0.36,0.35,0.34,0.6,18810.28885,1989.284055,3619.542089,,99.5042787240796,10.5230853523064
1794,1.38,0.36,0.1,0.18,0.6,18401.37422,1735.194585,3616.778068,,97.3411670545916,9.17898108865849
1795,0.3,0.75,0.225,0.26,0.8,15431.315,3115.771682,10712.72117,,81.6298931443081,16.4820761849344
1796,1.92,0.36,0.475,0.34,0.8,23104.37436,1989.464578,4193.175355,,122.219500423191,10.5240402983496
1797,1.38,0.1,0.35,0.26,0.4,22396.01609,1144.026448,497.8088828,,118.472366112992,6.05176919170546
1798,3,0.23,0.35,0.42,0.2,26182.55595,1380.970305,1572.503701,,138.502729316547,7.30517512166737
1799,0.84,0.49,0.225,0.42,0.8,19276.42731,2395.80726,6453.784358,,101.970097915785,12.6735466567922
1800,1.92,0.49,0.35,0.34,0.6,21877.67063,2185.901313,5610.63178,,115.730377856538,11.5631681813373
1801,1.92,0.49,0.35,0.18,0.8,20293.94505,2282.121633,6189.021128,,107.352650497249,12.0721626798561
1802,0.84,0.75,0.1,0.5,0.4,18470.21776,2666.390013,8775.075107,,97.7053415150233,14.1048985029623
1803,1.92,0.23,0.1,0.1,0.6,19522.21201,1337.886432,2009.625859,,103.270270895049,7.0772663563267
1804,1.38,0.49,0.225,0.42,0.2,21114.10509,1883.0826,4662.708516,,111.691203396107,9.96129179009733
1805,0.3,0.23,0.475,0.34,0.2,20457.94286,1469.560264,1463.335297,,108.220180173508,7.77380588235294
1806,2.46,0.23,0.225,0.1,0.6,21409.59149,1373.14927,2008.69805,,113.254292689378,7.26380274016081
1807,1.38,0.49,0.35,0.42,0.4,21649.16929,2094.062665,5258.767774,,114.521631876851,11.0773522270419
1808,1.38,0.36,0.6,0.26,0.2,22471.66561,1686.290808,2841.106425,,118.872543429962,8.92028569614896
1809,0.84,0.75,0.35,0.1,0.2,16798.9299,2508.676243,7807.806912,,88.8644196995345,13.2706106802793
1810,0.3,0.36,0.475,0.26,0.8,18675.22856,2131.415683,4008.299251,,98.7898252221752,11.2749454242488
1811,1.92,0.49,0.475,0.18,0.2,21615.12372,1875.827475,4453.853084,,114.34153470165,9.92291300782903
1812,3,0.62,0.475,0.18,0.2,23070.79572,2078.710094,6216.10839,,122.041873254338,10.9961388806602
1813,0.3,0.23,0.35,0.34,0.8,19373.9216,1689.451891,2093.37697,,102.485831570038,8.93700746402878
1814,0.3,0.23,0.35,0.1,0.8,17138.52961,1619.711636,2093.37697,,90.6608633622514,8.56808948370715
1815,2.46,0.36,0.1,0.5,0.2,23694.04573,1536.421556,2993.942804,,125.338794593737,8.12749447735929
1816,3,0.23,0.225,0.34,0.2,24802.73562,1306.013517,1572.503701,,131.203637431232,6.9086622778248
1817,3,0.75,0.225,0.26,0.6,21259.80981,2670.874682,9730.634564,,112.461964716462,14.1286218895472
1818,0.84,0.36,0.225,0.34,0.4,19596.99352,1745.704847,3229.919707,,103.665856538299,9.23457917371985
1819,1.92,0.36,0.6,0.1,0.6,21753.93396,1869.558822,3793.639999,,115.07582501058,9.88975254972493
1820,0.3,0.49,0.35,0.26,0.2,17884.00871,2021.8829,4664.087531,,94.6043626216674,10.6955295175624
1821,1.38,0.75,0.225,0.42,0.6,19580.65564,2819.873906,9739.796535,,103.57943101989,14.9168107596276
1822,0.84,0.1,0.475,0.18,0.2,21154.23015,1136.871827,430.851903,,111.903460378756,6.01392206411342
1823,1.38,0.1,0.1,0.42,0.4,22218.91029,1104.670834,497.8088828,,117.535496667372,5.84358249047821
1824,1.92,0.62,0.35,0.1,0.8,18933.85187,2627.737019,8555.777214,,100.15791298138,13.9004285812526
1825,1.92,0.1,0.225,0.18,0.6,22045.52785,1086.069001,602.0938391,,116.618323370715,5.74518091938214
1826,2.46,0.62,0.225,0.34,0.4,21798.98236,2244.844533,6995.375679,,115.314125899281,11.8749710801947
1827,1.38,0.49,0.6,0.34,0.6,22160.96676,2306.907724,5854.827032,,117.228982014388,12.2032782691494
1828,0.84,0.1,0.225,0.26,0.8,20235.14098,1167.937848,631.2559117,,107.041583685992,6.17825776555227
1829,1.38,0.49,0.225,0.1,0.8,17619.15542,2287.432611,6450.88629,,93.20331898011,12.1002571466356
1830,1.92,0.49,0.475,0.1,0.8,20266.76987,2308.250006,6189.021128,,107.208896900127,12.2103787875582
1831,1.38,0.75,0.1,0.34,0.6,18076.49748,2781.102108,9739.796535,,95.6226062209056,14.7117123783326
1832,0.84,0.62,0.475,0.42,0.4,20613.58127,2498.304774,7001.076551,,109.043489578925,13.2157467943292
1833,1.38,0.1,0.6,0.18,0.2,23108.97736,1172.447727,430.9297248,,122.243849767245,6.20211451015658
1834,1.92,0.75,0.1,0.26,0.8,18255.57049,2887.099057,10702.50708,,96.5698819826492,15.2724241271689
1835,1.92,0.62,0.475,0.18,0.8,20415.97061,2669.533904,8555.777214,,107.998151766822,14.1215293271265
1836,0.3,0.75,0.1,0.26,0.2,15331.74875,2513.975561,7808.584331,,81.1031990584004,13.2986434669911
1837,3,0.49,0.225,0.18,0.6,21683.66602,2039.302568,5604.977222,,114.704115636902,10.7876775708845
1838,1.92,0.36,0.35,0.34,0.8,22394.25644,1948.564275,4193.175355,,118.463057765552,10.3076823688108
1839,2.46,0.23,0.6,0.5,0.2,27187.9005,1494.571094,1572.880462,,143.820887113838,7.90611031527719
1840,3,0.23,0.475,0.5,0.8,27153.56305,1639.539016,2225.099799,,143.639245926788,8.67297405840034
1841,2.46,0.36,0.475,0.1,0.6,22121.67625,1793.076932,3791.760555,,117.021139705882,9.48517209056285
1842,1.38,0.75,0.475,0.34,0.2,20931.29082,2502.403553,7806.95799,,110.724136796445,13.2374288669065
1843,1.92,0.62,0.225,0.1,0.8,18151.63156,2592.487383,8555.777214,,96.0200569191706,13.7139620344901
1844,1.92,0.23,0.35,0.34,0.2,23531.51921,1364.424297,1573.189732,,124.479047873466,7.21764862991959
1845,1.92,0.36,0.35,0.18,0.8,20976.33093,1909.074223,4193.175355,,110.962393831993,10.0987845059247
1846,1.38,0.23,0.475,0.1,0.4,20816.53014,1414.23306,1672.61274,,110.117065911976,7.48113129496403
1847,1.38,0.75,0.225,0.42,0.6,19580.65564,2819.873906,9739.796535,,103.57943101989,14.9168107596276
1848,0.84,0.23,0.35,0.1,0.6,18680.6351,1483.32444,1882.871544,,98.8184252010157,7.84661680067711
1849,1.92,0.62,0.6,0.26,0.4,22239.88743,2395.512633,6997.460871,,117.646463341092,12.6719881136267
1850,0.3,0.1,0.475,0.42,0.6,21695.0575,1313.801976,564.1887356,,114.764375264494,6.94986233601354
1851,0.84,0.1,0.225,0.18,0.6,19557.1436,1107.323825,564.4545755,,103.455055014812,5.85761650973339
1852,3,0.36,0.35,0.18,0.4,23297.91738,1634.696977,3391.427274,,123.243320884469,8.64736022534913
1853,1.92,0.1,0.35,0.42,0.8,24800.39635,1243.364345,671.5995253,,131.19126296022,6.57725531633517
1854,3,0.23,0.6,0.34,0.2,26873.5864,1439.349236,1572.503701,,142.158201438849,7.61399299619128
1855,3,0.23,0.6,0.18,0.2,25514.09067,1383.795452,1572.503701,,134.966624365214,7.32011982649175
1856,1.38,0.49,0.35,0.26,0.8,19896.04753,2347.815808,6450.88629,,105.247818080829,12.419677359289
1857,1.92,0.1,0.475,0.18,0.2,23610.90657,1126.836753,463.0824668,,124.898997936945,5.96083766927634
1858,1.38,0.1,0.6,0.26,0.8,23655.42044,1287.232873,631.567199,,125.134471223022,6.80931481696995
1859,0.84,0.23,0.6,0.26,0.8,21470.27153,1698.186588,2092.72159,,113.575283167584,8.98321301311892
1860,1.92,0.75,0.35,0.1,0.2,19144.34098,2380.477363,7806.030808,,101.271376322471,12.5924532532797
1861,0.3,0.1,0.6,0.5,0.8,22946.58108,1420.03974,630.9014586,,121.384792001693,7.51184796868388
1862,1.92,0.49,0.225,0.34,0.4,21332.27181,1988.299537,5032.242432,,112.845280416843,10.5178773645789
1863,2.46,0.75,0.6,0.5,0.2,24992.43969,2463.869912,7805.01647,,132.207150285654,13.0335903089293
1864,0.84,0.49,0.6,0.42,0.8,21442.71126,2508.031319,6453.784358,,113.429492488362,13.2671991060093
1865,0.84,0.75,0.475,0.18,0.4,18028.3981,2758.893163,8775.075107,,95.3681659966145,14.5942295969107
1866,0.84,0.36,0.6,0.5,0.2,23234.40975,1793.424984,2841.595155,,122.907372778248,9.48701324587389
1867,0.84,0.23,0.35,0.18,0.4,19578.86019,1422.00278,1673.021498,,103.569933294541,7.52223222598392
1868,0.84,0.23,0.475,0.26,0.2,21157.59079,1412.006313,1463.171452,,111.921237780364,7.46935205776555
1869,1.38,0.23,0.225,0.42,0.4,22197.2261,1428.268059,1672.61274,,117.420789779941,7.55537483601354
1870,0.3,0.49,0.475,0.34,0.4,19109.74602,2253.154086,5261.525804,,101.088372936945,11.9189276661024
1871,2.46,0.49,0.35,0.1,0.6,20741.81042,2098.249065,5607.957088,,109.721807130766,11.0994978046974
1872,0.3,0.62,0.35,0.42,0.6,18325.81674,2699.141134,7784.394805,,96.941476618705,14.2781481908591
1873,3,0.36,0.6,0.5,0.6,27134.14876,1924.897062,3789.623947,,143.536546550995,10.1824855162928
1874,2.46,0.75,0.6,0.18,0.4,22035.25427,2622.021568,8769.494223,,116.56397730639,13.8701944985188
1875,0.3,0.36,0.6,0.1,0.8,17858.2529,2144.634057,4008.299251,,94.4681173296657,11.3448691123572
1876,1.92,0.23,0.6,0.26,0.8,23858.6051,1640.781114,2227.843922,,126.209294858231,8.67954461489632
1877,1.38,0.23,0.6,0.18,0.8,22016.17018,1635.430745,2091.904074,,116.463024650868,8.65124177422768
1878,0.3,0.23,0.35,0.42,0.2,20426.02837,1449.421793,1463.335297,,108.051356168007,7.66727567181549
1879,1.92,0.23,0.1,0.18,0.8,20193.28275,1432.848683,2227.843922,,106.820158432078,7.57960581358443
1880,0.3,0.1,0.6,0.26,0.8,20929.2958,1339.302461,630.9014586,,110.713583368599,7.08475698793906
1881,1.38,0.1,0.475,0.5,0.8,24969.759,1327.208596,631.567199,,132.087172027084,7.0207818239526
1882,1.92,0.49,0.225,0.18,0.4,19903.68206,1952.739649,5032.242432,,105.288203872196,10.3297696201862
1883,2.46,0.1,0.1,0.42,0.4,24440.94107,1097.025842,532.6765788,,129.289785600931,5.8031413563267
1884,1.38,0.23,0.225,0.1,0.4,19332.12819,1320.070539,1672.61274,,102.264749206517,6.98302231802793
1885,0.84,0.62,0.475,0.18,0.4,18508.07753,2476.258537,7001.076551,,97.905615372408,13.0991247196361
1886,0.3,0.23,0.475,0.34,0.2,20457.94286,1469.560264,1463.335297,,108.220180173508,7.77380588235294
1887,1.38,0.62,0.475,0.42,0.8,21389.38629,2744.501409,8559.563598,,113.147409490055,14.5180988626746
1888,0.84,0.23,0.475,0.18,0.2,20430.08745,1384.312545,1463.171452,,108.07282823741,7.32285518937791
1889,3,0.23,0.225,0.26,0.2,24125.13468,1278.233042,1572.503701,,127.619205882353,6.76170673931443
1890,3,0.62,0.6,0.5,0.6,25904.23722,2526.903182,7770.036115,,137.030455035971,13.3670291049513
1891,0.3,0.1,0.475,0.18,0.6,19584.27425,1226.244811,564.1887356,,103.598573053322,6.48669493757935
1892,1.38,0.23,0.475,0.34,0.4,22979.77552,1496.016673,1672.61274,,121.560386796445,7.91375726301312
1893,1.38,0.75,0.35,0.1,0.2,18025.10631,2438.979767,7806.95799,,95.3507528036394,12.9019242858654
1894,2.46,0.23,0.225,0.34,0.2,23839.17071,1310.410508,1572.880462,,126.106489155734,6.93192185780787
1895,0.3,0.49,0.225,0.26,0.6,16690.70574,2323.158964,5858.964078,,88.2919262589928,12.2892454718578
1896,1.92,0.62,0.475,0.1,0.6,19858.01825,2515.140541,7776.619042,,105.046647534913,13.3048060780787
1897,1.92,0.23,0.475,0.18,0.8,22477.52896,1573.883238,2227.843922,,118.903559881507,8.32566249471011
1898,1.38,0.1,0.475,0.26,0.2,23158.50274,1158.987728,430.9297248,,122.505833368599,6.13091265340669
1899,0.3,0.62,0.225,0.42,0.4,17778.17127,2495.495334,7002.644712,,94.0444946572154,13.2008851777402
1900,1.38,0.36,0.35,0.18,0.8,19863.2079,1940.079186,4004.61389,,105.074100190436,10.2627972175201
1901,0.84,0.36,0.225,0.1,0.6,17191.83804,1818.795023,3618.244259,,90.9428588658485,9.62121785336437
1902,0.3,0.62,0.35,0.18,0.6,16193.93428,2688.355185,7784.394805,,85.6640619974609,14.2210917530681
1903,1.38,0.49,0.6,0.34,0.2,22579.29771,1998.244856,4662.708516,,119.441904940753,10.5704869657215
1904,2.46,0.23,0.35,0.34,0.6,24304.28819,1498.962067,2008.69805,,128.566907479898,7.92933806072789
1905,1.92,0.23,0.225,0.42,0.2,23452.47814,1345.010334,1573.189732,,124.06092964452,7.11495098391875
1906,2.46,0.36,0.35,0.1,0.4,21589.07032,1629.092423,3392.851679,,114.203715192552,8.61771277507406
1907,3,0.23,0.35,0.18,0.6,23878.6899,1438.086634,2007.567767,,126.315541155311,7.60731397587812
1908,1.92,0.23,0.475,0.18,0.6,22564.89947,1509.017736,2009.625859,,119.365739896318,7.98253140076174
1909,0.84,0.23,0.475,0.26,0.2,21157.59079,1412.006313,1463.171452,,111.921237780364,7.46935205776555
1910,0.84,0.49,0.6,0.26,0.4,20446.95892,2203.047149,5260.216808,,108.16207638595,11.6538676946678
1911,0.3,0.75,0.475,0.26,0.4,17423.58864,2831.801879,8776.629944,,92.1687930596699,14.9799083738891
1912,0.3,0.75,0.1,0.5,0.2,17409.4302,2527.143009,7808.584331,,92.093896529835,13.3682977623783
1913,0.84,0.75,0.225,0.34,0.2,18232.04238,2485.418371,7807.806912,,96.4454209691071,13.1475791948794
1914,3,0.1,0.1,0.26,0.2,24153.25385,1016.189026,463.1467429,,127.767953078714,5.37552383622514
1915,2.46,0.1,0.475,0.18,0.8,24535.30418,1190.954194,671.7763769,,129.788955670758,6.30001160600931
1916,0.3,0.23,0.6,0.26,0.4,20299.3374,1577.88327,1673.349188,,107.381175412611,8.34682220694033
1917,3,0.23,0.475,0.26,0.2,25555.22286,1370.027519,1572.503701,,135.184208950487,7.24728903406686
1918,1.38,0.49,0.1,0.18,0.6,17726.39569,2116.940288,5854.827032,,93.7706077549725,11.1983722386796
1919,2.46,0.36,0.6,0.34,0.2,25282.6427,1671.163283,2993.942804,,133.742291049513,8.84026281739314
1920,0.84,0.62,0.35,0.5,0.4,20546.64321,2469.059008,7001.076551,,108.68939488997,13.0610400338553
1921,2.46,0.75,0.225,0.18,0.4,19864.79412,2513.512585,8769.494223,,105.082491112992,13.2961943768515
1922,1.38,0.1,0.6,0.18,0.2,23108.97736,1172.447727,430.9297248,,122.243849767245,6.20211451015658
1923,1.38,0.36,0.225,0.18,0.2,19598.35733,1525.345958,2841.106425,,103.673070937368,8.06890582945409
1924,0.3,0.1,0.35,0.1,0.8,18031.21276,1185.599454,630.9014586,,95.3830552264071,6.27168564325011
1925,0.84,0.75,0.1,0.18,0.4,15664.83302,2652.504079,8775.075107,,82.8651767879814,14.0314434987304
1926,0.84,0.49,0.475,0.5,0.8,21414.07015,2481.673848,6453.784358,,113.277984289039,13.1277710960643
1927,0.84,0.36,0.475,0.5,0.4,22396.33945,1877.99663,3229.919707,,118.474076650444,9.93438758992806
1928,3,0.62,0.475,0.26,0.8,23093.31503,2581.83901,8546.999977,,122.160997831147,13.6576333580195
1929,3,0.36,0.475,0.5,0.2,26844.6184,1668.471202,2993.230601,,142.004964028777,8.82602201650444
1930,2.46,0.1,0.1,0.5,0.8,24986.84643,1162.649423,671.7763769,,132.177562579348,6.15028260156581
1931,1.38,0.49,0.475,0.1,0.8,19136.93499,2364.68805,6450.88629,,101.232199481591,12.5089295916208
1932,1.38,0.23,0.35,0.18,0.8,20625.28255,1549.1957,2091.904074,,109.105388013119,8.19506823952603
1933,2.46,0.62,0.225,0.26,0.4,21104.32202,2231.026714,6995.375679,,111.639452073635,11.8018763965298
1934,1.38,0.49,0.475,0.34,0.4,21691.78595,2119.005446,5258.767774,,114.747069138807,11.2092966885315
1935,0.84,0.23,0.475,0.1,0.6,19406.85134,1529.383321,1882.871544,,102.660026132036,8.0902630184088
1936,2.46,0.1,0.475,0.18,0.6,24563.55119,1172.06434,602.2264778,,129.938379126111,6.20008643673297
1937,1.38,0.36,0.35,0.42,0.6,22101.23514,1892.372302,3616.778068,,116.913008569615,10.0104332522218
1938,1.92,0.75,0.1,0.1,0.2,17530.97065,2294.866498,7806.030808,,92.736831622937,12.1395815594583
1939,0.3,0.1,0.475,0.42,0.6,21695.0575,1313.801976,564.1887356,,114.764375264494,6.94986233601354
1940,0.3,0.75,0.225,0.42,0.6,17051.79369,2944.796062,9744.675557,,90.2020402560305,15.5776346910707
1941,1.38,0.62,0.1,0.18,0.2,17649.30421,2079.127458,6219.249295,,93.3628026343631,10.9983466885315
1942,0.3,0.1,0.6,0.42,0.8,22300.93076,1392.718206,630.9014586,,117.969375581887,7.36732017562421
1943,0.3,0.62,0.1,0.34,0.2,16502.44543,2248.406836,6220.89462,,87.2960507300042,11.8938152560305
1944,0.3,0.49,0.6,0.18,0.2,18559.74576,2094.564821,4664.087531,,98.1789344054169,11.0800085749048
1945,3,0.62,0.6,0.1,0.8,22323.18693,2597.385684,8546.999977,,118.087108178163,13.7398734870927
1946,1.38,0.62,0.1,0.1,0.2,16873.72196,2067.08358,6219.249295,,89.2600611510791,10.9346359500635
1947,1.92,0.62,0.1,0.26,0.4,19255.83029,2234.148947,6997.460871,,101.861142033432,11.8183926523487
1948,1.92,0.1,0.6,0.34,0.4,25582.47817,1258.064896,532.588153,,135.328386426153,6.65501955141769
1949,1.38,0.23,0.1,0.5,0.6,21916.08771,1481.562439,1882.258407,,115.933599820144,7.83729601671604
1950,0.84,0.62,0.35,0.34,0.4,19216.61052,2454.097725,7001.076551,,101.653673931443,12.9818965562844
1951,3,0.36,0.6,0.1,0.4,23936.66626,1695.47259,3391.427274,,126.622229475243,8.96885627380449
1952,1.92,0.23,0.475,0.42,0.8,24537.31259,1645.762327,2227.843922,,129.799579930174,8.70589466250529
1953,2.46,0.49,0.35,0.18,0.8,21332.60293,2234.550729,6185.454872,,112.847032003809,11.8205180332205
1954,1.38,0.1,0.225,0.1,0.4,20171.60715,1033.58575,497.8088828,,106.705496984765,5.4675505184088
1955,0.84,0.49,0.6,0.5,0.4,22461.24384,2243.375937,5260.216808,,118.817413457469,11.8672023751587
1956,1.92,0.1,0.1,0.5,0.2,24075.58735,1099.398509,463.0824668,,127.357106168007,5.81569249365214
1957,2.46,0.62,0.225,0.26,0.8,20668.20445,2551.049917,8551.60683,,109.332439959797,13.4947625740584
1958,2.46,0.49,0.225,0.26,0.2,21902.17996,1773.232596,4452.96152,,115.860029411765,9.38019782056708
1959,1.38,0.23,0.35,0.1,0.8,19865.86508,1523.335758,2091.904074,,105.088156369022,8.05827210114262
1960,3,0.23,0.35,0.26,0.6,24584.01621,1466.204464,2007.567767,,130.046636743546,7.75605408379179
1961,2.46,0.75,0.35,0.18,0.4,20635.20974,2551.478045,8769.494223,,109.157901713923,13.4970273222598
1962,0.3,0.62,0.225,0.1,0.4,14845.61847,2477.661664,7002.644712,,78.5316254231909,13.1065471011426
1963,1.38,0.62,0.225,0.5,0.8,20554.40415,2680.050403,8559.563598,,108.730449375793,14.1771604052053
1964,2.46,0.49,0.475,0.34,0.2,24046.30479,1884.389204,4452.96152,,127.202204771477,9.96820357596276
1965,2.46,0.23,0.35,0.34,0.2,24576.81482,1356.706353,1572.880462,,130.008542213288,7.1768215880237
1966,1.92,0.62,0.6,0.26,0.4,22239.88743,2395.512633,6997.460871,,117.646463341092,12.6719881136267
1967,2.46,0.49,0.6,0.1,0.8,21986.98683,2297.415811,6185.454872,,116.308648063902,12.1530671339399
1968,1.38,0.49,0.475,0.34,0.4,21691.78595,2119.005446,5258.767774,,114.747069138807,11.2092966885315
1969,1.92,0.36,0.475,0.42,0.2,24251.50534,1674.556946,2994.569285,,128.287692234448,8.85821490689801
1970,0.84,0.23,0.1,0.26,0.6,18599.06727,1437.690147,1882.871544,,98.3869407003809,7.60521660495133
1971,1.38,0.49,0.225,0.5,0.6,21331.11933,2214.788096,5854.827032,,112.839183929327,11.7159759627592
1972,1.92,0.49,0.35,0.1,0.2,20144.37846,1810.505088,4453.853084,,106.561460325857,9.57736504443504
1973,3,0.75,0.1,0.34,0.2,21705.21979,2237.824301,7803.904,,114.818132617435,11.8378348550571
1974,1.92,0.23,0.6,0.5,0.8,25825.63127,1708.75065,2227.843922,,136.614638542108,9.03909569403301
1975,2.46,0.49,0.6,0.1,0.8,21986.98683,2297.415811,6185.454872,,116.308648063902,12.1530671339399
1976,0.3,0.23,0.1,0.34,0.8,17781.2265,1592.297987,2093.37697,,94.0606564748202,8.42307441282268
1977,3,0.62,0.35,0.42,0.6,23908.93798,2439.675926,7770.036115,,126.475550042319,12.9056068874312
1978,2.46,0.1,0.35,0.34,0.2,25357.43798,1138.884846,463.1266797,,134.13794953449,6.02457070461278
1979,1.92,0.49,0.1,0.18,0.2,19314.34091,1735.369587,4453.853084,,102.170656527719,9.17990682924249
1980,0.84,0.23,0.6,0.42,0.8,22835.18087,1743.62974,2092.72159,,120.795497619551,9.22360209479475
1981,2.46,0.36,0.225,0.34,0.4,22990.15873,1654.860077,3392.851679,,121.615312790944,8.75402072048244
1982,1.92,0.75,0.6,0.1,0.6,20022.84051,2851.315577,9737.01499,,105.918538457469,15.0831336066441
1983,3,0.1,0.1,0.5,0.6,25983.69968,1144.38507,602.2866672,,137.450802369869,6.05366626110876
1984,1.92,0.75,0.225,0.18,0.6,18579.13856,2755.625044,9737.01499,,98.2815201015658,14.576941620821
1985,0.84,0.23,0.35,0.1,0.8,18573.62119,1563.711991,2092.72159,,98.252333844689,8.27185776026238
1986,0.84,0.23,0.475,0.34,0.8,21495.37046,1680.264466,2092.72159,,113.708053639441,8.88840703554803
1987,0.84,0.75,0.475,0.18,0.6,17779.08913,2940.140518,9742.343302,,94.0493500317393,15.5530073952603
1988,2.46,0.49,0.475,0.42,0.4,24478.37361,2059.407411,5030.459304,,129.487799460432,10.8940298931443
1989,0.84,0.62,0.225,0.26,0.8,17297.23503,2732.570714,8563.008575,,91.500396900127,14.4549868493441
1990,1.92,0.62,0.225,0.34,0.8,20340.73629,2610.239436,8555.777214,,107.600170810411,13.8078683664833
1991,1.92,0.23,0.225,0.5,0.8,23734.93224,1578.215581,2227.843922,,125.555079559882,8.34858009415997
1992,0.84,0.75,0.475,0.1,0.8,16799.23121,3102.578345,10709.6115,,88.8660135950064,16.4122849396953
1993,0.3,0.36,0.225,0.1,0.4,15951.55633,1748.294938,3230.784927,,84.3819103364367,9.24828045916208
1994,0.3,0.1,0.6,0.1,0.8,19438.2083,1279.213582,630.9014586,,102.825900867541,6.76689368387643
1995,2.46,0.49,0.475,0.26,0.2,23363.3366,1863.183395,4452.96152,,123.589381083369,9.85602726936098
1996,2.46,0.49,0.6,0.34,0.6,24276.83839,2225.651009,5607.957088,,128.421701174355,11.7734395313161
1997,0.3,0.62,0.1,0.1,0.6,13762.32993,2618.569721,7784.394805,,72.801152824799,13.8519346223022
1998,2.46,0.75,0.475,0.34,0.2,23039.52479,2402.796376,7805.01647,,121.876453607702,12.7105182818451
1999,1.38,0.49,0.225,0.34,0.4,20213.72257,2033.586883,5258.767774,,106.928282744393,10.7574422503174
2000,3,0.36,0.475,0.42,0.6,25855.79771,1864.187853,3789.623947,,136.774215562844,9.86134073741007
2001,1.92,0.1,0.35,0.42,0.6,24836.73036,1218.610242,602.0938391,,131.38346572154,6.4463089399069
2002,1.92,0.1,0.1,0.34,0.2,22778.76533,1045.181854,463.0824668,,120.497065859077,5.5288925835802
2003,0.3,0.62,0.6,0.5,0.6,20384.20906,2772.029872,7784.394805,,107.830136796445,14.6637212865002
2004,3,0.62,0.225,0.34,0.4,22738.59982,2209.588835,6993.072253,,120.28459490055,11.6884724661447
2005,0.3,0.1,0.475,0.26,0.2,20446.71655,1184.453217,430.7632897,,108.160794276344,6.2656221804909
2006,1.38,0.62,0.225,0.34,0.2,19921.00832,2151.818822,6219.249295,,105.379857807871,11.3828756982649
2007,0.3,0.75,0.475,0.1,0.2,16185.2315,2624.440789,7808.584331,,85.6180252856538,13.8829919011849
2008,1.92,0.75,0.6,0.5,0.4,23720.68067,2699.881561,8771.522899,,125.479690382988,14.2820649650868
2009,0.84,0.75,0.475,0.26,0.4,18756.55182,2761.860035,8775.075107,,99.2200159754549,14.6099240107914
2010,2.46,0.1,0.225,0.5,0.8,25760.1349,1210.904442,671.7763769,,136.268170228523,6.40554613838341
2011,0.3,0.62,0.475,0.26,0.4,17889.73208,2559.260169,7002.644712,,94.6346385950064,13.5381938690224
2012,1.92,0.75,0.1,0.34,0.2,19739.0169,2324.209592,7806.030808,,104.41714399069,12.2948031739314
2013,1.92,0.1,0.475,0.1,0.2,22875.58182,1096.103479,463.0824668,,121.009214028777,5.79826216144731
2014,1.92,0.23,0.225,0.18,0.2,21376.78831,1261.574064,1573.189732,,113.08076761532,6.67358264917478
2015,0.84,0.1,0.225,0.26,0.8,20235.14098,1167.937848,631.2559117,,107.041583685992,6.17825776555227
2016,3,0.36,0.1,0.34,0.2,23349.33426,1473.659502,2993.230601,,123.515310304697,7.79549038298773
2017,0.3,0.1,0.475,0.18,0.8,19522.6399,1262.518622,630.9014586,,103.272534384257,6.67857925306813
2018,1.38,0.23,0.475,0.34,0.4,22979.77552,1496.016673,1672.61274,,121.560386796445,7.91375726301312
2019,0.3,0.23,0.475,0.18,0.8,18645.87808,1687.587098,2093.37697,,98.634564536606,8.92714292213288
2020,0.3,0.75,0.35,0.5,0.2,19001.42958,2609.26809,7808.584331,,100.515391345747,13.8027300571308
2021,2.46,0.49,0.475,0.42,0.2,24702.45533,1905.004227,4452.96152,,130.673166155311,10.0772546921287
2022,2.46,0.1,0.6,0.5,0.4,27885.79604,1305.883491,532.6765788,,147.512674777825,6.90797445514177
2023,3,0.23,0.225,0.34,0.8,24452.59205,1499.747756,2225.099799,,129.351417953872,7.93349426576386
2024,1.92,0.49,0.475,0.34,0.6,22590.71743,2225.579349,5610.63178,,119.502313954719,11.7730604581041
2025,1.92,0.62,0.1,0.34,0.8,19518.01046,2572.401198,8555.777214,,103.248045175624,13.6077084109183
2026,0.3,0.1,0.6,0.42,0.2,22484.10325,1286.97448,430.7632897,,118.938337124418,6.80794794752433
2027,2.46,0.62,0.225,0.18,0.4,20380.10373,2217.958957,6995.375679,,107.808420069827,11.7327494551418
2028,3,0.23,0.475,0.42,0.6,26598.70116,1563.260208,2007.567767,,140.704089928058,8.2694678798138
2029,0.3,0.36,0.35,0.34,0.8,18658.96751,2105.255143,4008.299251,,98.7038061256877,11.1365591567922
2030,2.46,0.36,0.35,0.26,0.4,23051.46145,1677.074109,3392.851679,,121.939597175201,8.87153041155311
2031,0.3,0.23,0.225,0.42,0.6,19410.60006,1578.921262,1883.363079,,102.679856432501,8.35231306601778
2032,2.46,0.62,0.1,0.34,0.6,20740.27748,2377.08335,7773.491255,,109.713698053322,12.5744993123149
2033,1.38,0.49,0.225,0.34,0.2,20437.83644,1863.934866,4662.708516,,108.113819509099,9.86000246508676
2034,3,0.62,0.35,0.1,0.8,20918.43121,2527.068015,8546.999977,,110.656110928904,13.3679010526873
2035,0.84,0.49,0.6,0.26,0.2,20658.48419,2035.334284,4663.433033,,109.281020895049,10.7666858019467
2036,0.84,0.62,0.6,0.1,0.8,18014.71296,2826.15286,8563.008575,,95.2957731696995,14.9500257088447
2037,1.38,0.23,0.225,0.42,0.2,22330.68591,1350.669401,1462.967073,,118.126776925518,7.14488680173508
2038,1.92,0.1,0.475,0.34,0.4,24931.06946,1212.749138,532.588153,,131.88250878121,6.41530436944562
2039,1.92,0.23,0.35,0.5,0.8,24475.08561,1625.954445,2227.843922,,129.470406316124,8.60111323000423
2040,0.84,0.49,0.225,0.18,0.2,17746.38391,1882.947077,4663.433033,,93.8763431548879,9.9605748889124
2041,0.3,0.23,0.6,0.42,0.6,21556.98401,1713.717403,1883.363079,,114.033982278883,9.0653692498942
2042,3,0.75,0.6,0.26,0.4,23673.55926,2589.070367,8767.269282,,125.230423508252,13.6958864102835
2043,3,0.49,0.475,0.42,0.2,25640.21385,1886.481149,4451.968231,,135.633801576386,9.97926972598392
2044,0.84,0.62,0.475,0.18,0.6,18280.79267,2648.401388,7782.042563,,96.7033044329242,14.0097407321202
2045,2.46,0.49,0.475,0.1,0.4,21678.02022,1985.743828,5030.459304,,114.67425,10.5043579559882
2046,2.46,0.62,0.6,0.42,0.8,24168.45819,2676.429449,8551.60683,,127.848382300042,14.158005972281
2047,1.92,0.1,0.35,0.42,0.2,24951.87299,1168.790839,463.0824668,,131.992557077867,6.18276999047821
2048,0.84,0.62,0.1,0.34,0.4,17615.09297,2371.734717,7001.076551,,93.1818290837918,12.5462056548879
2049,2.46,0.75,0.475,0.42,0.2,23697.99304,2414.662154,7805.01647,,125.359675412611,12.7732868916631
2050,1.38,0.1,0.475,0.5,0.4,25068.676,1275.646018,497.8088828,,132.610431654676,6.74802167795176
2051,1.38,0.23,0.225,0.1,0.4,19332.12819,1320.070539,1672.61274,,102.264749206517,6.98302231802793
2052,1.38,0.23,0.1,0.34,0.8,20487.14041,1504.095111,2091.904074,,108.374631876851,7.95649127697842
2053,3,0.36,0.6,0.26,0.4,25369.54344,1743.24019,3391.427274,,134.201986034702,9.22154141980533
2054,0.84,0.49,0.1,0.18,0.6,16477.23399,2184.155877,5857.000583,,87.162685093102,11.5539350243335
2055,1.38,0.23,0.475,0.18,0.8,21341.90304,1593.581964,2091.904074,,112.896228523064,8.4298665044435
2056,3,0.49,0.225,0.1,0.2,21395.65649,1701.287357,4451.968231,,113.180578131612,8.9996157268303
2057,0.84,0.23,0.475,0.5,0.6,22915.56342,1651.657704,1882.871544,,121.220712124418,8.73708053322048
2058,1.92,0.23,0.475,0.26,0.8,23192.72161,1598.918421,2227.843922,,122.686847280999,8.45809575222175
2059,1.38,0.49,0.35,0.5,0.4,22296.0042,2109.656181,5258.767774,,117.943314642404,11.1598401449429
2060,0.84,0.49,0.6,0.18,0.4,19718.95042,2189.820456,5260.216808,,104.310994604317,11.5839
2061,0.3,0.62,0.35,0.5,0.2,19451.26754,2355.025461,6220.89462,,102.894982754973,12.457815599873
2062,1.92,0.62,0.1,0.42,0.6,20394.63102,2433.79965,7776.619042,,107.885267774016,12.8745220588235
2063,0.3,0.36,0.6,0.18,0.4,18936.2383,1905.571797,3230.784927,,100.170536923402,10.0802570725772
2064,2.46,0.36,0.6,0.5,0.2,26557.45248,1718.169227,2993.942804,,140.485889123995,9.08891889018197
2065,0.3,0.1,0.1,0.18,0.6,17273.40597,1076.681295,564.1887356,,91.3743438954719,5.69552102729581
2066,0.3,0.36,0.225,0.5,0.2,19737.9345,1708.790474,2842.027765,,104.411418218366,9.03930635844266
2067,2.46,0.23,0.1,0.26,0.8,21994.23834,1439.103747,2226.606843,,116.347007723233,7.61269438743123
2068,0.84,0.1,0.6,0.18,0.2,21822.46569,1184.258641,430.851903,,115.438350031739,6.26459289568345
2069,1.92,0.75,0.6,0.5,0.6,23463.94129,2875.823659,9737.01499,,124.121568398223,15.2127785600931
2070,3,0.23,0.35,0.1,0.2,23427.57834,1267.296372,1572.503701,,123.929212547609,6.7038530046551
2071,3,0.49,0.225,0.42,0.2,24204.3573,1791.734432,4451.968231,,128.038284490055,9.47807041895895
2072,0.3,0.23,0.225,0.42,0.6,19410.60006,1578.921262,1883.363079,,102.679856432501,8.35231306601778
2073,1.38,0.62,0.475,0.34,0.2,21399.34179,2238.145013,6219.249295,,113.200072947524,11.8395313848921
2074,1.92,0.62,0.225,0.34,0.8,20340.73629,2610.239436,8555.777214,,107.600170810411,13.8078683664833
2075,2.46,0.23,0.225,0.42,0.2,24495.97936,1336.942777,1572.880462,,129.580931866272,7.07227452920017
2076,0.3,0.75,0.35,0.18,0.8,15483.94288,3145.834004,10712.72117,,81.9082886161659,16.6411024333474
2077,1.92,0.49,0.475,0.18,0.2,21615.12372,1875.827475,4453.853084,,114.34153470165,9.92291300782903
2078,1.38,0.23,0.35,0.42,0.2,23074.09047,1398.39346,1462.967073,,122.059302105375,7.39734162082099
2079,1.38,0.36,0.6,0.5,0.6,24115.43177,1997.879944,3616.778068,,127.567878597122,10.5685566229369
2080,3,0.62,0.225,0.26,0.2,22318.02165,2005.939094,6216.10839,,118.059784437156,10.6111886055861
2081,1.38,0.1,0.475,0.1,0.6,21579.82182,1157.905349,564.6880409,,114.1547916843,6.12518699217097
2082,3,0.75,0.1,0.1,0.2,19528.39057,2198.148062,7803.904,,103.302954771477,11.627952084215
2083,2.46,0.23,0.475,0.5,0.4,26410.66278,1522.989007,1790.789256,,139.709388383411,8.05643782797292
2084,2.46,0.23,0.225,0.34,0.2,23839.17071,1310.410508,1572.880462,,126.106489155734,6.93192185780787
2085,0.84,0.62,0.35,0.34,0.6,18985.66597,2623.37866,7782.042563,,100.432003650021,13.8773733601354
2086,0.3,0.23,0.225,0.34,0.2,18982.3679,1374.736708,1463.335297,,100.414557236564,7.27220010579771
2087,0.3,0.23,0.35,0.26,0.4,18901.0458,1487.114077,1673.349188,,99.9843726195514,7.86666354739738
2088,1.92,0.75,0.225,0.18,0.6,18579.13856,2755.625044,9737.01499,,98.2815201015658,14.576941620821
2089,1.38,0.1,0.6,0.34,0.8,24336.97533,1316.471466,631.567199,,128.739818715616,6.96398363309353
2090,0.84,0.23,0.35,0.34,0.8,20781.95004,1635.665148,2092.72159,,109.934141134152,8.65248173931443
2091,3,0.23,0.475,0.18,0.6,24580.03538,1483.996494,2007.567767,,130.025578607702,7.85017188954719
2092,2.46,0.36,0.225,0.42,0.4,23653.47607,1677.670592,3392.851679,,125.124185727888,8.87468573846805
2093,1.92,0.49,0.1,0.26,0.4,19814.4944,1923.278866,5032.242432,,104.816411341515,10.1739254443504
2094,0.3,0.75,0.35,0.1,0.8,14717.85544,3150.888984,10712.72117,,77.8557735928904,16.6678426999577
2095,3,0.62,0.6,0.34,0.4,24863.30597,2327.860113,6993.072253,,131.524047661871,12.3141140129073
2096,1.92,0.62,0.1,0.42,0.8,20195.73008,2579.29073,8555.777214,,106.833104528142,13.6441532479898
2097,2.46,0.36,0.475,0.34,0.2,24624.5482,1629.65459,2993.942804,,130.261046339399,8.62068657427
2098,0.3,0.62,0.475,0.42,0.4,19275.42641,2570.637556,7002.644712,,101.964803269149,13.5983789462548
2099,2.46,0.23,0.225,0.34,0.2,23839.17071,1310.410508,1572.880462,,126.106489155734,6.93192185780787
2100,1.92,0.36,0.225,0.42,0.8,22307.91628,1921.122657,4193.175355,,118.006328184511,10.1625193451121
2101,1.38,0.75,0.1,0.5,0.8,19185.52169,2949.714404,10706.21581,,101.489217573,15.6036521582734
2102,3,0.23,0.35,0.34,0.4,25397.55123,1422.524363,1790.035734,,134.350144043589,7.52499134045705
2103,1.38,0.49,0.1,0.18,0.2,18171.04796,1776.060545,4662.708516,,96.1227674566229,9.39515734765129
2104,0.3,0.36,0.1,0.42,0.4,18075.5789,1775.166579,3230.784927,,95.617747037664,9.39042836965722
2105,3,0.49,0.1,0.34,0.6,22286.00016,2027.304025,5604.977222,,117.890394413881,10.7242066493864
2106,0.84,0.1,0.475,0.18,0.8,20974.64006,1234.181908,631.2559117,,110.953449322895,6.52868127380449
2107,0.84,0.62,0.35,0.42,0.6,19663.30187,2629.542322,7782.042563,,104.016620133305,13.909978427846
2108,3,0.49,0.35,0.34,0.4,24057.67059,1967.332771,5028.472727,,127.262328554803,10.4069655681337
2109,0.3,0.49,0.225,0.1,0.4,15356.78938,2139.245415,5261.525804,,81.2356611299196,11.3163638118917
2110,0.3,0.23,0.6,0.18,0.8,19331.01574,1729.612357,2093.37697,,102.258864473127,9.14945174037241
2111,2.46,0.62,0.225,0.1,0.4,19624.35389,2205.319585,6995.375679,,103.810589769361,11.6658886214558
2112,2.46,0.36,0.35,0.34,0.4,23737.29234,1700.809232,3392.851679,,125.567564219213,8.9970865002116
2113,1.38,0.49,0.225,0.42,0.4,20890.77019,2049.832102,5258.767774,,110.509787293694,10.8433776026238
2114,0.3,0.49,0.475,0.18,0.6,17467.15038,2393.648274,5858.964078,,92.3992296868388,12.6621258675413
2115,2.46,0.49,0.225,0.26,0.2,21902.17996,1773.232596,4452.96152,,115.860029411765,9.38019782056708
2116,1.92,0.62,0.225,0.42,0.4,21450.40173,2302.064789,6997.460871,,113.470174195937,12.1776596963606
2117,1.38,0.23,0.35,0.34,0.2,22408.19908,1371.528985,1462.967073,,118.536812738045,7.25523161764706
2118,1.38,0.75,0.1,0.5,0.8,19185.52169,2949.714404,10706.21581,,101.489217573,15.6036521582734
2119,0.84,0.49,0.225,0.18,0.6,17319.32157,2228.430882,5857.000583,,91.6172321730851,11.7881447418536
2120,2.46,0.1,0.35,0.26,0.8,24541.41716,1175.655222,671.7763769,,129.821292636479,6.21908179221329
2121,1.38,0.23,0.225,0.1,0.2,19472.02644,1238.330125,1462.967073,,103.004794964029,6.55062486775286
2122,1.38,0.62,0.6,0.34,0.2,22072.46169,2276.928404,6219.249295,,116.760800306813,12.0446910918324
2123,1.92,0.49,0.35,0.5,0.8,23022.77224,2333.293373,6189.021128,,121.787834532374,12.3428553374947
2124,1.38,0.23,0.475,0.18,0.2,21702.27525,1362.601502,1462.967073,,114.802556337283,7.20800625264494
2125,1.38,0.75,0.1,0.5,0.2,19962.46984,2398.66229,7806.95799,,105.599184511215,12.6886494392721
2126,0.3,0.1,0.35,0.34,0.2,20440.50884,1164.869131,430.7632897,,108.127956199746,6.16202460325857
2127,2.46,0.36,0.6,0.1,0.2,23164.54048,1595.291922,2993.942804,,122.537772323318,8.43891198688108
2128,0.84,0.49,0.35,0.1,0.2,17752.97535,1912.980392,4663.433033,,93.9112111193398,10.1194476936098
2129,2.46,0.23,0.225,0.42,0.8,24143.34785,1537.311868,2226.606843,,127.715551470588,8.13220412611088
2130,3,0.49,0.225,0.34,0.6,23090.68462,2075.781768,5604.977222,,122.147083262802,10.9806483707152
2131,3,0.62,0.1,0.1,0.4,19753.72452,2119.525545,6993.072253,,104.494945619975,11.2120479528142
2132,2.46,0.36,0.1,0.18,0.2,20966.75622,1437.392556,2993.942804,,110.911744710114,7.60364238256454
2133,1.92,0.36,0.6,0.42,0.6,24557.90632,1953.629572,3793.639999,,129.908518408802,10.3344772111722
2134,1.92,0.36,0.475,0.42,0.8,23766.76152,2008.252962,4193.175355,,125.723452814219,10.62342870292
2135,3,0.49,0.35,0.5,0.2,25574.09139,1864.60331,4451.968231,,135.28402131824,9.86353845746932
2136,3,0.62,0.35,0.5,0.4,24782.71958,2288.0071,6993.072253,,131.097754866695,12.1032961278036
2137,0.84,0.1,0.225,0.1,0.2,18922.96754,1009.429955,430.851903,,100.10033611934,5.33976912293695
2138,1.92,0.62,0.35,0.26,0.2,21101.62582,2129.586615,6218.302699,,111.625189483707,11.2652698635209
2139,1.92,0.62,0.35,0.1,0.4,19365.4729,2295.694732,6997.460871,,102.4411389124,12.143962822683
2140,2.46,0.23,0.225,0.18,0.4,22299.06981,1326.631239,1790.789256,,117.959531369022,7.0177276713923
2141,1.92,0.62,0.475,0.5,0.6,23321.07795,2559.988731,7776.619042,,123.365837653407,13.5420478787558
2142,2.46,0.62,0.1,0.18,0.6,19309.41551,2356.350858,7773.491255,,102.144601724503,12.4648267985612
2143,1.92,0.49,0.475,0.18,0.6,21180.39631,2196.029891,5610.63178,,112.04187637537,11.6167472016504
2144,0.84,0.23,0.6,0.26,0.6,21572.93753,1623.076908,1882.871544,,114.118374576809,8.58589138806602
2145,1.92,0.23,0.6,0.5,0.6,25908.48004,1649.527332,2009.625859,,137.05289906898,8.72581110876005
2146,3,0.62,0.475,0.34,0.2,24458.79763,2113.118725,6216.10839,,129.384244763013,11.1781566070673
2147,1.38,0.62,0.6,0.1,0.4,19661.47346,2434.015309,6999.354063,,104.006948053322,12.875662870292
2148,2.46,0.23,0.6,0.26,0.6,24983.38021,1561.654981,2008.69805,,132.159226671604,8.26097641239949
2149,1.38,0.23,0.35,0.26,0.6,21447.89746,1504.394151,1882.258407,,113.456926893779,7.95807316440965
2150,3,0.49,0.1,0.42,0.2,23412.92177,1743.695935,4451.968231,,123.851680966991,9.22395225878121
2151,3,0.36,0.1,0.34,0.4,23150.79435,1588.08676,3391.427274,,122.465056866272,8.40079750317393
2152,1.92,0.62,0.475,0.34,0.4,22254.6361,2370.434588,6997.460871,,117.724482120186,12.5393281210326
2153,1.92,0.23,0.35,0.42,0.2,24190.6886,1391.293787,1573.189732,,127.965978628862,7.3597851618705
2154,2.46,0.36,0.1,0.1,0.4,20007.52966,1532.9604,3392.851679,,105.837545810411,8.10918535759628
2155,0.84,0.75,0.1,0.18,0.2,15942.08746,2429.858166,7807.806912,,84.3318210960643,12.8536720588235
2156,3,0.1,0.6,0.34,0.6,27541.88434,1268.512856,602.2866672,,145.693421180703,6.71028806601778
2157,1.38,0.1,0.225,0.18,0.6,20866.51537,1093.518024,564.6880409,,110.381482067287,5.78458539991536
2158,0.84,0.1,0.475,0.26,0.8,21698.44215,1264.197754,631.2559117,,114.782279676259,6.68746166948794
2159,3,0.36,0.1,0.18,0.8,21425.59909,1748.439219,4187.820619,,113.338971064325,9.24904368916632
2160,1.92,0.62,0.1,0.18,0.8,18077.80727,2559.87098,8555.777214,,95.629534860347,13.5414249894202
2161,1.92,0.1,0.6,0.18,0.2,24268.9873,1169.471719,463.0824668,,128.380169805332,6.18637176787981
2162,3,0.75,0.475,0.1,0.6,21290.67696,2728.207153,9730.634564,,112.625248413034,14.4319041102412
2163,2.46,0.75,0.1,0.34,0.2,20761.85398,2276.381492,7805.01647,,109.827835272958,12.0417979898434
2164,3,0.1,0.1,0.26,0.8,24013.85678,1073.915925,671.8566294,,127.030558506136,5.68089253597122
2165,1.92,0.36,0.35,0.5,0.4,24007.48219,1770.755259,3394.104642,,126.996837653407,9.3670929909014
2166,0.3,0.62,0.35,0.18,0.6,16193.93428,2688.355185,7784.394805,,85.6640619974609,14.2210917530681
2167,2.46,0.23,0.225,0.1,0.6,21409.59149,1373.14927,2008.69805,,113.254292689378,7.26380274016081
2168,1.92,0.62,0.475,0.18,0.2,21097.27856,2157.872002,6218.302699,,111.602192975032,11.4148963288193
2169,3,0.75,0.475,0.18,0.8,21819.0561,2888.598768,10693.99985,,115.420313690224,15.2803574269996
2170,2.46,0.23,0.35,0.5,0.4,25723.10603,1478.90194,1790.789256,,136.072291737198,7.82322228099873
2171,1.38,0.62,0.225,0.34,0.4,19666.18102,2346.384685,6999.354063,,104.031850507829,12.4121068821413
2172,1.92,0.36,0.6,0.34,0.4,24074.0459,1811.245266,3394.104642,,127.348952073635,9.58128050148117
2173,3,0.49,0.35,0.42,0.6,24499.44023,2141.218263,5604.977222,,129.599239473127,11.326799952391
2174,0.3,0.49,0.475,0.5,0.8,20066.87545,2558.378608,6456.402351,,106.15147825857,13.5335305120609
2175,3,0.36,0.225,0.26,0.4,23259.89298,1613.193779,3391.427274,,123.042176153195,8.53361076491748
2176,3,0.23,0.475,0.34,0.4,26088.47268,1465.582712,1790.035734,,138.005039568345,7.75276508675413
2177,2.46,0.75,0.35,0.26,0.6,21090.63146,2747.264838,9733.971976,,111.56703057554,14.5327170863309
2178,0.84,0.1,0.225,0.1,0.4,18855.2348,1042.569733,497.6532392,,99.7420376639865,5.51507476195514
2179,0.84,0.1,0.6,0.1,0.8,20893.91833,1249.42652,631.2559117,,110.526440594583,6.60932352941177
2180,3,0.23,0.225,0.1,0.2,22680.12309,1219.024697,1572.503701,,119.975259680491,6.44850135950064
2181,1.92,0.49,0.475,0.26,0.4,22110.35645,2060.40138,5032.242432,,116.9612592573,10.8992878755819
2182,0.84,0.62,0.1,0.5,0.2,19219.18428,2193.712046,6220.110539,,101.667288827761,11.604486066441
2183,1.38,0.23,0.6,0.5,0.6,24811.62002,1662.764522,1882.258407,,131.250634892086,8.79583433135844
2184,0.3,0.75,0.6,0.26,0.8,17646.35004,3188.289568,10712.72117,,93.3471754126111,16.8656875158697
2185,0.84,0.36,0.6,0.26,0.2,21226.93761,1725.694601,2841.595155,,112.28807453449,9.12872725878121
2186,0.84,0.36,0.1,0.18,0.4,17311.21219,1651.782921,3229.919707,,91.5743344794752,8.737742916843
2187,2.46,0.1,0.475,0.18,0.4,24619.16922,1151.178648,532.6765788,,130.23259214981,6.08960351248413
2188,3,0.23,0.6,0.34,0.6,26605.78351,1577.159617,2007.567767,,140.741554750317,8.34299416525603
2189,2.46,0.62,0.6,0.34,0.8,23512.47931,2667.210802,8551.60683,,124.378328977994,14.1092403829877
2190,2.46,0.62,0.225,0.34,0.4,21798.98236,2244.844533,6995.375679,,115.314125899281,11.8749710801947
2191,0.84,0.1,0.35,0.42,0.6,22411.55087,1246.029473,564.4545755,,118.554543324164,6.59135353893356
2192,1.92,0.62,0.225,0.1,0.6,18347.54108,2440.398879,7776.619042,,97.0563958950487,12.9094312261955
2193,0.3,0.23,0.1,0.42,0.8,18477.26483,1614.977439,2093.37697,,97.7426197101143,8.54304612251375
2194,1.38,0.1,0.1,0.26,0.6,20789.60572,1073.441319,564.6880409,,109.974638806602,5.67838192446043
2195,2.46,0.62,0.35,0.26,0.6,21625.89328,2446.635372,7773.491255,,114.398504443504,12.9424215615743
2196,0.3,0.62,0.475,0.18,0.8,16730.25179,2874.331415,8566.144897,,88.5011203449005,15.2048847598392
2197,3,0.75,0.35,0.18,0.4,21574.10359,2507.665501,8767.269282,,114.124542900973,13.2652639705882
2198,1.38,0.1,0.35,0.18,0.4,21678.45604,1114.202622,497.8088828,,114.676555438003,5.89400455988151
2199,3,0.75,0.1,0.42,0.8,21585.10369,2801.807278,10693.99985,,114.182732173085,14.8212403618282
2200,0.84,0.23,0.35,0.42,0.4,21690.17479,1500.481632,1673.021498,,114.7385462865,7.93737638595006
2201,1.38,0.1,0.35,0.26,0.8,22291.76999,1199.199435,631.567199,,117.920916155311,6.34362798878544
2202,3,0.75,0.475,0.42,0.8,23864.37158,2914.623649,10693.99985,,126.239798878544,15.4180260738468
2203,1.92,0.23,0.35,0.5,0.4,24692.24363,1489.583933,1791.407795,,130.619147429116,7.87972880342785
2204,1.92,0.23,0.225,0.42,0.4,23316.72457,1418.263115,1791.407795,,123.342808770631,7.50244982543377
2205,1.92,0.23,0.35,0.34,0.2,23531.51921,1364.424297,1573.189732,,124.479047873466,7.21764862991959
2206,3,0.75,0.225,0.42,0.4,22879.96919,2498.853977,8767.269282,,121.032422714769,13.2186520154465
2207,2.46,0.23,0.1,0.1,0.6,20597.21132,1323.268546,2008.69805,,108.956894413881,6.99993940964875
2208,3,0.36,0.1,0.34,0.4,23150.79435,1588.08676,3391.427274,,122.465056866272,8.40079750317393
2209,0.84,0.62,0.475,0.5,0.6,21032.90881,2670.335961,7782.042563,,111.261684352518,14.1257721170123
2210,0.3,0.62,0.475,0.5,0.8,19498.06631,2883.094182,8566.144897,,103.142542900973,15.251238796022
2211,3,0.62,0.35,0.5,0.2,25043.88084,2113.662072,6216.10839,,132.479268091409,11.1810308506136
2212,3,0.62,0.35,0.42,0.6,23908.93798,2439.675926,7770.036115,,126.475550042319,12.9056068874312
2213,0.84,0.49,0.6,0.34,0.2,21356.34108,2051.180654,4663.433033,,112.972604104951,10.8505112886162
2214,0.84,0.23,0.35,0.18,0.4,19578.86019,1422.00278,1673.021498,,103.569933294541,7.52223222598392
2215,2.46,0.62,0.35,0.1,0.8,19966.1221,2573.571923,8551.60683,,105.618504549302,13.6139014123995
2216,0.3,0.23,0.475,0.42,0.8,20773.91878,1755.20926,2093.37697,,109.891656686416,9.28485643250106
2217,1.38,0.75,0.475,0.26,0.4,19961.79157,2697.374145,8773.377263,,105.595596540415,14.2688010209479
2218,3,0.75,0.475,0.42,0.2,24624.05775,2385.446557,7803.904,,130.258451914939,12.618739721752
2219,2.46,0.1,0.35,0.42,0.8,25862.29359,1229.756944,671.7763769,,136.808578025815,6.50527371984765
2220,1.38,0.1,0.35,0.5,0.6,24323.21417,1257.98658,564.6880409,,128.667023751587,6.6546052687262
2221,2.46,0.49,0.225,0.1,0.2,20426.40372,1728.006296,4452.96152,,108.053341726619,9.1409558611934
2222,2.46,0.36,0.6,0.18,0.8,23414.08273,1952.806489,4190.66943,,123.857822312738,10.330123196149
2223,2.46,0.62,0.475,0.42,0.6,23687.7078,2505.040415,7773.491255,,125.305267668218,13.2513775655946
2224,0.3,0.49,0.225,0.1,0.2,15571.73176,1946.170436,4664.087531,,82.372681760474,10.2950192340245
2225,1.92,0.1,0.475,0.34,0.2,24990.44787,1184.903016,463.0824668,,132.196613785442,6.26800156580618
2226,1.38,0.62,0.225,0.42,0.2,20597.81338,2165.406488,6219.249295,,108.960079242488,11.4547528988574
2227,1.38,0.23,0.225,0.34,0.4,21525.42262,1401.6142,1672.61274,,113.867026132036,7.4143789674143
2228,0.84,0.75,0.225,0.5,0.4,19291.41859,2704.690682,8775.075107,,102.049400074058,14.3075046656792
2229,0.3,0.23,0.1,0.18,0.4,16549.13307,1358.697026,1673.349188,,87.543023011003,7.18735202073635
2230,0.84,0.49,0.225,0.26,0.8,17881.99831,2378.550745,6453.784358,,94.5937278353788,12.5822616641981
2231,1.92,0.75,0.6,0.18,0.6,20768.17413,2855.516054,9737.01499,,109.861268144308,15.1053536500212
2232,2.46,0.49,0.225,0.1,0.4,20189.44562,1894.000224,5030.459304,,106.799860452814,10.0190447735929
2233,2.46,0.49,0.475,0.34,0.6,23609.61858,2187.643104,5607.957088,,124.892184617012,11.5723820567076
2234,2.46,0.49,0.475,0.34,0.6,23609.61858,2187.643104,5607.957088,,124.892184617012,11.5723820567076
2235,2.46,0.75,0.475,0.26,0.6,21810.35168,2781.536157,9733.971976,,115.374268303005,14.7140084479475
2236,1.38,0.49,0.6,0.26,0.4,21672.83339,2143.425815,5258.767774,,114.646812261955,11.3384776502328
2237,3,0.1,0.225,0.1,0.6,23384.89339,1045.564905,602.2866672,,123.703414039357,5.5309188796022
2238,2.46,0.62,0.225,0.5,0.4,23106.85406,2272.249947,6995.375679,,122.232617752857,12.0199425888701
2239,1.38,0.49,0.1,0.26,0.6,18469.02165,2130.280558,5854.827032,,97.6990142297926,11.2689407427
2240,0.3,0.75,0.475,0.18,0.4,16690.67668,2830.163764,8776.629944,,88.2917725349133,14.9712429327127
2241,1.38,0.75,0.475,0.1,0.8,18010.61516,3035.397651,10706.21581,,95.2740962759205,16.0569067446043
2242,2.46,0.62,0.225,0.34,0.4,21798.98236,2244.844533,6995.375679,,115.314125899281,11.8749710801947
2243,1.38,0.62,0.35,0.1,0.8,17810.0312,2691.482946,8559.563598,,94.213030046551,14.2376372513754
2244,0.3,0.1,0.6,0.34,0.6,21688.40962,1330.219017,564.1887356,,114.729208738891,7.03670660706729
2245,3,0.75,0.225,0.18,0.8,20326.01984,2822.694337,10693.99985,,107.522322471435,14.9317305173508
2246,0.84,0.1,0.6,0.5,0.8,24354.67627,1391.661846,631.2559117,,128.833454665679,7.36173215192552
2247,1.38,0.36,0.6,0.26,0.6,22121.18686,1938.224676,3616.778068,,117.018550888701,10.2529870715193
2248,2.46,0.49,0.225,0.18,0.6,20726.35111,2072.748082,5607.957088,,109.64002914727,10.9646005184088
2249,1.38,0.75,0.6,0.26,0.6,20390.04859,2910.090986,9739.796535,,107.861027242912,15.3940488044858
2250,1.38,0.23,0.6,0.26,0.2,23086.19201,1434.90791,1462.967073,,122.123317869234,7.590498889124
2251,0.84,0.1,0.1,0.1,0.4,18034.43087,991.5875984,497.6532392,,95.4000786606009,5.24538509521794
2252,3,0.49,0.35,0.26,0.4,23374.27881,1947.611568,5028.472727,,123.647264123995,10.3026426576386
2253,1.92,0.36,0.1,0.18,0.2,19905.19751,1457.769244,2994.569285,,105.296220429539,7.71143273381295
2254,3,0.36,0.225,0.5,0.8,24934.74018,1886.225841,4187.820619,,131.901926470588,9.9779191758358
2255,0.3,0.62,0.225,0.34,0.8,16655.33382,2812.082272,8566.144897,,88.1048128438426,14.8755939060516
2256,0.84,0.23,0.35,0.18,0.4,19578.86019,1422.00278,1673.021498,,103.569933294541,7.52223222598392
2257,2.46,0.1,0.6,0.1,0.8,24465.76587,1206.334141,671.7763769,,129.421105956411,6.38136976830301
2258,3,0.62,0.475,0.1,0.2,22331.34523,2061.587045,6216.10839,,118.130264652984,10.905559907956
2259,0.84,0.62,0.6,0.5,0.2,22175.13801,2362.373712,6220.110539,,117.30394630766,12.4966870080406
2260,2.46,0.36,0.35,0.42,0.2,24583.33111,1608.248853,2993.942804,,130.043012642827,8.5074526713923
2261,2.46,0.49,0.225,0.1,0.4,20189.44562,1894.000224,5030.459304,,106.799860452814,10.0190447735929
2262,2.46,0.75,0.475,0.42,0.8,22939.25793,2943.850635,10698.44973,,121.346053374947,15.5726334902666
2263,2.46,0.36,0.6,0.5,0.8,26084.99745,2032.075524,4190.66943,,137.98665599873,10.7494473338976
2264,1.92,0.23,0.475,0.18,0.8,22477.52896,1573.883238,2227.843922,,118.903559881507,8.32566249471011
2265,2.46,0.36,0.1,0.34,0.8,21875.31865,1818.806225,4190.66943,,115.717936151079,9.62127711066441
2266,2.46,0.62,0.35,0.1,0.2,20658.80217,2055.371401,6217.260103,,109.282702972916,10.872679861405
2267,1.38,0.62,0.225,0.26,0.2,19216.19721,2138.43114,6219.249295,,101.651487568769,11.312056390182
2268,2.46,0.36,0.6,0.26,0.8,24123.04594,1973.485487,4190.66943,,127.608156686416,10.439512732755
2269,0.84,0.1,0.475,0.5,0.4,23808.31273,1287.825855,497.6532392,,125.943253967414,6.81245162399492
2270,2.46,0.23,0.35,0.26,0.2,23897.09204,1330.807822,1572.880462,,126.412886373254,7.03982131823953
2271,0.3,0.36,0.35,0.34,0.6,18810.28885,1989.284055,3619.542089,,99.5042787240796,10.5230853523064
2272,0.84,0.75,0.1,0.1,0.6,14634.86959,2846.223993,9742.343302,,77.4167879284807,15.0561997090563
2273,0.84,0.36,0.1,0.18,0.4,17311.21219,1651.782921,3229.919707,,91.5743344794752,8.737742916843
2274,1.38,0.36,0.225,0.42,0.8,21207.70889,1949.296993,4004.61389,,112.186356802793,10.3115583633094
2275,1.92,0.75,0.35,0.26,0.8,19860.14098,2953.538434,10702.50708,,105.057876534067,15.6238808400339
2276,1.92,0.36,0.6,0.42,0.8,24431.57156,2047.18878,4193.175355,,129.240221963606,10.8293947312738
2277,1.38,0.62,0.475,0.18,0.2,19979.02128,2212.418303,6219.249295,,105.686739737622,11.7034400285654
2278,2.46,0.75,0.35,0.18,0.2,20922.10063,2340.512885,7805.01647,,110.67552174143,12.3810457310622
2279,0.84,0.1,0.1,0.26,0.4,19545.58769,1055.734774,497.6532392,,103.393925571308,5.58471632458739
2280,1.38,0.1,0.35,0.5,0.8,24279.13379,1283.012496,631.567199,,128.433843578079,6.7869895048667
2281,0.84,0.1,0.475,0.1,0.8,20218.62341,1203.96309,631.2559117,,106.954207628015,6.36882717943292
2282,1.92,0.1,0.35,0.18,0.8,22754.44222,1155.262979,671.5995253,,120.368399386373,6.11120915679221
2283,3,0.1,0.1,0.5,0.8,25964.50132,1160.884074,671.8566294,,137.349245239103,6.14094410706729
2284,0.84,0.62,0.225,0.26,0.2,17984.04523,2206.782888,6220.110539,,95.1335443821414,11.6736293271265
2285,0.84,0.62,0.225,0.26,0.4,17734.11008,2406.283234,7001.076551,,93.8114159966145,12.7289633622514
2286,2.46,0.62,0.475,0.1,0.6,20882.75971,2464.422406,7773.491255,,110.467412769784,13.0365129390605
2287,1.38,0.36,0.6,0.18,0.2,21753.16108,1661.807124,2841.106425,,115.07173656369,8.79076980533221
2288,1.38,0.1,0.6,0.26,0.4,23756.69043,1235.457975,497.8088828,,125.670177898857,6.53543152242912
2289,1.92,0.23,0.225,0.34,0.2,22788.89544,1318.178696,1573.189732,,120.550652983496,6.97301468472281
2290,1.92,0.1,0.475,0.18,0.8,23455.97202,1202.401326,671.5995253,,124.079411870504,6.36056562632247
2291,2.46,0.62,0.225,0.34,0.8,21362.59828,2559.371777,8551.60683,,113.005703977994,13.5387842625899
2292,1.38,0.36,0.35,0.34,0.2,21787.61297,1622.741741,2841.106425,,115.253983125265,8.58411839293271
2293,3,0.75,0.1,0.42,0.2,22372.28867,2250.220403,7803.904,,118.346850772323,11.9034088182395
2294,1.92,0.36,0.475,0.18,0.6,21825.4986,1847.005155,3793.639999,,115.454393779094,9.77044622831147
2295,1.38,0.1,0.6,0.5,0.6,25663.12844,1344.841259,564.6880409,,135.75501713923,7.11405659648752
2296,0.3,0.36,0.225,0.5,0.2,19737.9345,1708.790474,2842.027765,,104.411418218366,9.03930635844266
2297,3,0.75,0.225,0.26,0.4,21527.22719,2478.065274,8767.269282,,113.876572101143,13.1086821519255
2298,1.92,0.36,0.475,0.34,0.4,23409.50398,1769.884028,3394.104642,,123.833601248413,9.36248427845959
2299,1.92,0.1,0.1,0.26,0.2,22089.30945,1015.406422,463.0824668,,116.849923032163,5.37138395048667
2300,2.46,0.23,0.225,0.1,0.2,21695.86677,1222.895877,1572.880462,,114.768656210326,6.46897945937368
2301,1.92,0.23,0.35,0.42,0.2,24190.6886,1391.293787,1573.189732,,127.965978628862,7.3597851618705
2302,1.38,0.36,0.225,0.34,0.4,20848.04375,1700.074178,3228.942246,,110.283769308083,8.99319814853999
2303,1.92,0.75,0.225,0.34,0.8,19784.47167,2922.870656,10702.50708,,104.657594530258,15.4616517985612
2304,1.38,0.49,0.35,0.42,0.6,21441.24153,2242.310244,5854.827032,,113.421717784596,11.8615649809564
2305,1.38,0.36,0.6,0.42,0.6,23477.06617,1978.130573,3616.778068,,124.190997513754,10.4640847069403
2306,3,0.62,0.475,0.1,0.6,21827.81423,2423.15804,7770.036115,,115.466643197207,12.8182291578502
2307,1.38,0.36,0.225,0.18,0.8,19090.39817,1893.071548,4004.61389,,100.98602502116,10.0141321836648
2308,2.46,0.23,0.6,0.26,0.4,25116.67068,1489.994401,1790.789256,,132.864318027931,7.88190013224714
2309,1.38,0.62,0.6,0.26,0.4,21134.79169,2452.029771,6999.354063,,111.800633146424,12.970957315912
2310,1.38,0.36,0.475,0.34,0.2,22495.06223,1668.524247,2841.106425,,118.996308876428,8.82630261849344
2311,3,0.36,0.475,0.42,0.4,26034.47962,1753.546308,3391.427274,,137.719422450275,9.2760596064325
2312,2.46,0.62,0.475,0.26,0.2,22837.77359,2130.390892,6217.260103,,120.809212812103,11.269524396953
2313,3,0.49,0.475,0.26,0.6,23867.75545,2139.885911,5604.977222,,126.257699164198,11.3197519625476
2314,0.3,0.62,0.6,0.34,0.6,19059.98196,2763.088651,7784.394805,,100.825126745662,14.6164232490478
2315,0.3,0.75,0.475,0.42,0.4,18803.66834,2837.816745,8776.629944,,99.4692569826492,15.0117263277613
2316,1.38,0.36,0.1,0.34,0.8,19713.42971,1884.047676,4004.61389,,104.281790679221,9.96639693186627
2317,2.46,0.75,0.6,0.34,0.2,23707.41424,2439.371816,7805.01647,,125.40951248413,12.9039981802793
2318,0.84,0.62,0.1,0.34,0.8,17172.29357,2700.149507,8563.008575,,90.8394708527296,14.2834823688108
2319,0.84,0.49,0.225,0.34,0.8,18593.46886,2387.007241,6453.784358,,98.3573257511638,12.6269955617859
2320,1.92,0.36,0.1,0.34,0.6,20960.55231,1752.68148,3793.639999,,110.878926735083,9.27148476512907
2321,2.46,0.75,0.475,0.34,0.4,22756.46779,2603.719717,8769.494223,,120.379114420229,13.7733797979264
2322,1.38,0.36,0.6,0.1,0.8,20513.99274,2001.400328,4004.61389,,108.516677634363,10.5871790520525
2323,0.3,0.23,0.225,0.26,0.4,18131.7991,1438.666572,1673.349188,,95.9151454718578,7.61038178163352
2324,3,0.1,0.1,0.26,0.8,24013.85678,1073.915925,671.8566294,,127.030558506136,5.68089253597122
2325,3,0.75,0.475,0.1,0.2,21840.77072,2325.988895,7803.904,,115.535181548879,12.3042154834956
2326,0.3,0.62,0.475,0.26,0.6,17667.99828,2725.973335,7784.394805,,93.46169212865,14.4200874682607
2327,1.38,0.75,0.35,0.42,0.4,20607.4118,2674.954433,8773.377263,,109.010853787558,14.1502033061786
2328,0.3,0.62,0.475,0.5,0.4,19928.75784,2577.469736,7002.644712,,105.420851883199,13.6345203977994
2329,0.3,0.75,0.1,0.5,0.4,17134.04725,2734.614469,8776.629944,,90.6371521900127,14.4657980797715
2330,3,0.62,0.35,0.34,0.4,23491.81328,2251.41826,6993.072253,,124.269008040626,11.9097453449006
2331,3,0.36,0.225,0.42,0.8,24300.51202,1860.013982,4187.820619,,128.546931972069,9.83926143673297
2332,2.46,0.75,0.225,0.34,0.6,21016.91899,2717.611187,9733.971976,,111.177100031739,14.3758526608125
2333,0.3,0.1,0.225,0.18,0.4,18164.52539,1091.139979,497.4760127,,96.0882638066018,5.77200581358443
2334,3,0.62,0.225,0.42,0.4,23400.58099,2224.377091,6993.072253,,123.786399650868,11.7667006506559
2335,1.92,0.1,0.35,0.18,0.6,22792.24642,1133.685412,602.0938391,,120.568379284807,5.99706629284808
2336,1.92,0.49,0.475,0.5,0.6,23892.01785,2255.468072,5610.63178,,126.386044487939,11.9311683876428
2337,2.46,0.23,0.225,0.18,0.4,22299.06981,1326.631239,1790.789256,,117.959531369022,7.0177276713923
2338,0.3,0.75,0.6,0.1,0.8,16163.30191,3193.520546,10712.72117,,85.5020202602624,16.8933587917901
2339,0.3,0.1,0.1,0.1,0.6,16487.13438,1043.782979,564.1887356,,87.2150570249683,5.5214926946678
2340,0.3,0.23,0.225,0.5,0.4,20198.26903,1513.021618,1673.349188,,106.846535283538,8.00371147905205
2341,1.92,0.49,0.6,0.5,0.2,24978.38684,1996.178931,4453.853084,,132.132812314854,10.5595584585273
2342,0.84,0.1,0.35,0.26,0.2,21170.12919,1121.625108,430.851903,,111.987564483707,5.93326866271689
2343,1.92,0.1,0.35,0.26,0.2,23620.16979,1112.234398,463.0824668,,124.947999312315,5.8835928798138
2344,0.84,0.62,0.475,0.18,0.2,18751.03872,2280.115147,6220.110539,,99.1908523063902,12.0615485981803
2345,3,0.23,0.225,0.42,0.2,25453.61623,1332.396456,1572.503701,,134.646721487516,7.04822501057977
2346,1.92,0.49,0.6,0.34,0.6,23261.68754,2264.09887,5610.63178,,123.051669170546,11.9768243228946
2347,1.92,0.36,0.475,0.5,0.8,24403.75607,2026.600564,4193.175355,,129.093081199746,10.7204854210749
2348,0.84,0.75,0.1,0.1,0.4,14886.63177,2652.831784,8775.075107,,78.7485810939484,14.0331770207364
2349,3,0.49,0.6,0.34,0.2,25647.61902,1900.303851,4451.968231,,135.67297407956,10.0523902401608
2350,1.92,0.1,0.6,0.34,0.6,25527.94021,1280.948652,602.0938391,,135.039886849344,6.77607200592467
2351,3,0.36,0.475,0.26,0.6,24527.19418,1815.289594,3789.623947,,129.746054697419,9.60267453449006
2352,1.92,0.75,0.1,0.1,0.6,16977.67416,2717.772514,9737.01499,,89.8099564113415,14.3767060622091
2353,1.38,0.75,0.35,0.5,0.6,20994.61673,2859.390371,9739.796535,,111.05912362463,15.1258483442658
2354,0.84,0.49,0.35,0.1,0.6,17332.28786,2260.374981,5857.000583,,91.6858223656369,11.9571253755819
2355,3,0.1,0.6,0.1,0.2,25592.57545,1137.081921,463.1467429,,135.381799883623,6.01503343736775
2356,1.38,0.23,0.1,0.42,0.6,21264.30719,1457.431168,1882.258407,,112.485755342785,7.70964435040203
2357,0.3,0.1,0.475,0.42,0.6,21695.0575,1313.801976,564.1887356,,114.764375264494,6.94986233601354
2358,0.3,0.23,0.1,0.42,0.8,18477.26483,1614.977439,2093.37697,,97.7426197101143,8.54304612251375
2359,0.84,0.49,0.225,0.18,0.2,17746.38391,1882.947077,4663.433033,,93.8763431548879,9.9605748889124
2360,0.84,0.62,0.6,0.1,0.2,18677.37687,2309.055047,6220.110539,,98.801189536606,12.214637362463
2361,0.3,0.36,0.1,0.26,0.2,16837.36931,1591.934532,2842.027765,,89.0677597862886,8.42115177740161
2362,0.84,0.1,0.35,0.26,0.4,21105.50334,1154.847751,497.6532392,,111.645701121456,6.1090126481168
2363,0.3,0.36,0.225,0.34,0.6,18037.5705,1940.740097,3619.542089,,95.416686944562,10.2662933611934
2364,2.46,0.75,0.475,0.1,0.2,20895.44034,2369.103907,7805.01647,,110.534491853576,12.5322889705882
2365,3,0.23,0.1,0.1,0.2,21879.69365,1166.160708,1572.503701,,115.741079401185,6.168856898011
2366,0.84,0.23,0.1,0.42,0.6,20001.00248,1486.955006,1882.871544,,105.803017774016,7.86582207998307
2367,1.92,0.75,0.1,0.1,0.2,17530.97065,2294.866498,7806.030808,,92.736831622937,12.1395815594583
2368,3,0.23,0.1,0.1,0.4,21730.66267,1239.876686,1790.035734,,114.952722545493,6.55880599873043
2369,1.92,0.36,0.475,0.34,0.8,23104.37436,1989.464578,4193.175355,,122.219500423191,10.5240402983496
2370,1.38,0.23,0.6,0.26,0.8,22734.37319,1659.685683,2091.904074,,120.262236510791,8.7795476248413
2371,3,0.36,0.225,0.34,0.4,23944.9026,1636.506775,3391.427274,,126.665798772747,8.65693384997884
2372,1.38,0.23,0.475,0.26,0.2,22421.00677,1391.800181,1462.967073,,118.604563954719,7.36246392826915
2373,0.3,0.62,0.35,0.34,0.2,18110.04721,2336.483064,6220.89462,,95.8000804591621,12.3597284384257
2374,1.38,0.75,0.35,0.5,0.6,20994.61673,2859.390371,9739.796535,,111.05912362463,15.1258483442658
2375,1.38,0.36,0.6,0.5,0.2,24459.20093,1755.803454,2841.106425,,129.386378173931,9.28799965086754
2376,0.3,0.49,0.35,0.18,0.2,17139.9777,2008.626342,4664.087531,,90.6685235928904,10.625403840457
2377,3,0.1,0.6,0.18,0.4,26249.69572,1191.338001,532.716705,,138.857891028354,6.30204190118494
2378,0.84,0.62,0.6,0.5,0.2,22175.13801,2362.373712,6220.110539,,117.30394630766,12.4966870080406
2379,0.3,0.75,0.6,0.42,0.8,19014.74892,3187.083271,10712.72117,,100.585849132459,16.859306342573
2380,3,0.49,0.1,0.26,0.6,21591.35841,2008.766749,5604.977222,,114.215818927211,10.6261465774439
2381,2.46,0.1,0.6,0.42,0.6,27218.32299,1299.120159,602.2264778,,143.981818609818,6.87219720165045
2382,1.92,0.23,0.35,0.26,0.6,22573.56168,1490.346398,2009.625859,,119.411561997461,7.88376215615743
2383,2.46,0.62,0.35,0.1,0.4,20397.25252,2247.040646,6995.375679,,107.899135209479,11.8865882670334
2384,0.84,0.49,0.225,0.18,0.4,17525.67265,2065.27243,5260.216808,,92.7088058082945,10.9250551735083
2385,0.3,0.36,0.475,0.1,0.6,17312.02915,1983.58452,3619.542089,,91.5786561045281,10.492935463394
2386,1.92,0.36,0.1,0.18,0.2,19905.19751,1457.769244,2994.569285,,105.296220429539,7.71143273381295
2387,1.92,0.62,0.6,0.1,0.2,21027.4719,2183.007514,6218.302699,,111.232923719848,11.5478603152772
2388,3,0.75,0.1,0.1,0.2,19528.39057,2198.148062,7803.904,,103.302954771477,11.627952084215
2389,0.3,0.23,0.475,0.26,0.2,19751.40766,1442.759708,1463.335297,,104.482689695303,7.63203400338553
2390,0.3,0.23,0.475,0.18,0.2,19014.77858,1415.722187,1463.335297,,100.58600603047,7.4890086066441
2391,1.92,0.1,0.6,0.1,0.6,23420.14447,1193.30233,602.0938391,,123.889888224714,6.31243297714769
2392,3,0.75,0.225,0.18,0.2,21104.05241,2255.284278,7803.904,,111.638025867541,11.9301961383834
2393,1.92,0.49,0.475,0.5,0.8,23730.34422,2371.402458,6189.021128,,125.530809458316,12.5444480427423
2394,0.3,0.36,0.6,0.18,0.2,19109.09531,1758.614606,2842.027765,,101.084930755396,9.30287032374101
2395,2.46,0.49,0.1,0.34,0.8,21170.67205,2180.417632,6185.454872,,111.990436151079,11.5341601354211
2396,3,0.1,0.1,0.26,0.4,24091.41093,1040.083146,532.716705,,127.44081109818,5.50192100084638
2397,0.3,0.36,0.6,0.5,0.4,21704.48874,1978.855466,3230.784927,,114.814265446466,10.4679193080829
2398,1.92,0.1,0.6,0.26,0.2,24969.34894,1198.912317,463.0824668,,132.085002856538,6.34210916737199
2399,1.92,0.62,0.35,0.1,0.4,19365.4729,2295.694732,6997.460871,,102.4411389124,12.143962822683
2400,0.3,0.75,0.1,0.18,0.4,14310.26741,2730.181409,8776.629944,,75.6996794858231,14.4423476988997
2401,1.92,0.36,0.475,0.18,0.4,22004.37717,1724.421657,3394.104642,,116.400640975455,9.12199353046974
2402,1.38,0.1,0.1,0.34,0.6,21488.84675,1103.2335,564.6880409,,113.67354395895,5.83597915785019
2403,1.92,0.49,0.225,0.34,0.2,21560.8662,1827.163054,4453.853084,,114.054518620398,9.66548378121033
2404,1.92,0.1,0.6,0.26,0.2,24969.34894,1198.912317,463.0824668,,132.085002856538,6.34210916737199
2405,0.84,0.23,0.1,0.42,0.8,19892.84144,1562.980517,2092.72159,,105.230858231062,8.26798834638172
2406,0.84,0.49,0.6,0.5,0.4,22461.24384,2243.375937,5260.216808,,118.817413457469,11.8672023751587
2407,2.46,0.36,0.475,0.1,0.6,22121.67625,1793.076932,3791.760555,,117.021139705882,9.48517209056285
2408,0.3,0.23,0.6,0.42,0.4,21678.04658,1625.854376,1673.349188,,114.674389441388,8.60058387642827
2409,1.92,0.62,0.35,0.34,0.4,21540.42806,2330.892647,6997.460871,,113.946403195091,12.3301557712653
2410,0.84,0.1,0.225,0.34,0.6,20992.84336,1167.382912,564.4545755,,111.049742699958,6.1753222175201
2411,3,0.62,0.6,0.34,0.2,25120.65297,2152.59039,6216.10839,,132.885383887008,11.3869572048244
2412,1.92,0.1,0.1,0.34,0.2,22778.76533,1045.181854,463.0824668,,120.497065859077,5.5288925835802
2413,2.46,0.1,0.225,0.26,0.6,23833.10095,1109.91332,602.2264778,,126.074380818874,5.87131464240373
2414,1.92,0.1,0.35,0.34,0.8,24146.50805,1215.97235,671.5995253,,127.732268567499,6.43235479263648
2415,1.38,0.1,0.225,0.5,0.2,23707.32691,1151.290784,430.9297248,,125.409050518409,6.0901966991113
2416,0.84,0.62,0.225,0.18,0.6,16761.55058,2577.413945,7782.042563,,88.6666873677529,13.6342252697842
2417,0.84,0.36,0.1,0.26,0.2,18247.99861,1538.020003,2841.595155,,96.5298276026238,8.13595007934829
2418,0.84,0.49,0.475,0.5,0.4,21791.13839,2204.456159,5260.216808,,115.272632194245,11.6613211965722
2419,0.3,0.49,0.1,0.34,0.2,16996.06809,1938.147693,4664.087531,,89.9072581993229,10.2525798402455
2420,0.84,0.49,0.1,0.18,0.4,16686.44374,2015.427818,5260.216808,,88.2693807659755,10.66138287135
2421,1.38,0.1,0.35,0.1,0.2,20993.2719,1051.856537,430.9297248,,111.052009627592,5.56420089399069
2422,1.38,0.49,0.1,0.1,0.8,16774.52393,2245.81762,6450.88629,,88.735314906898,11.8801185992383
2423,0.84,0.75,0.35,0.26,0.2,18298.86223,2519.44223,7807.806912,,96.7988903406686,13.3275615213711
2424,1.92,0.1,0.1,0.1,0.8,20452.33494,1026.518573,671.5995253,,108.190514917478,5.43016595958527
2425,2.46,0.1,0.35,0.34,0.4,25298.1653,1163.726335,532.6765788,,133.824403829877,6.15597934299619
2426,2.46,0.62,0.225,0.34,0.6,21555.46622,2418.417562,7773.491255,,114.025953343208,12.7931525708845
2427,1.92,0.1,0.225,0.42,0.2,24220.82102,1121.810764,463.0824668,,128.125375687685,5.93425076174355
2428,2.46,0.62,0.225,0.42,0.6,22222.90347,2428.957798,7773.491255,,117.556620133305,12.848909214981
2429,1.38,0.1,0.1,0.18,0.8,20011.83972,1069.07106,631.567199,,105.860345535336,5.65526375370292
2430,1.92,0.75,0.35,0.34,0.6,20773.63718,2799.664333,9737.01499,,109.890167054592,14.8099044276344
2431,2.46,0.1,0.1,0.5,0.4,25070.59393,1123.924164,532.6765788,,132.620577285231,5.94543040626323
2432,3,0.75,0.35,0.26,0.6,22023.79157,2706.349272,9730.634564,,116.503340933136,14.3162784172662
2433,0.3,0.36,0.35,0.42,0.2,19838.0241,1735.106695,2842.027765,,104.940880765975,9.17851616060093
2434,1.92,0.62,0.475,0.1,0.4,20093.18888,2335.079827,6997.460871,,106.290673296657,12.3523054750317
2435,3,0.75,0.475,0.18,0.2,22580.72255,2338.500482,7803.904,,119.449442181549,12.3704003491325
2436,1.38,0.36,0.6,0.18,0.4,21573.65715,1788.764861,3228.942246,,114.122181284384,9.46236172767668
2437,1.38,0.1,0.6,0.1,0.2,22369.31027,1141.474623,430.9297248,,118.33109537664,6.03827032903089
2438,1.92,0.49,0.1,0.5,0.4,21847.10686,1976.673859,5032.242432,,115.568699005501,10.4563788563267
2439,2.46,0.49,0.475,0.42,0.4,24478.37361,2059.407411,5030.459304,,129.487799460432,10.8940298931443
2440,0.3,0.62,0.225,0.5,0.2,18685.95798,2312.297966,6220.89462,,98.8465826280152,12.2317920334321
2441,1.38,0.62,0.35,0.1,0.4,18241.48224,2359.766939,6999.354063,,96.4953567498942,12.4828974767245
2442,2.46,0.23,0.1,0.5,0.6,24072.23432,1455.923012,2008.69805,,127.339369022429,7.70166637748625
2443,1.92,0.1,0.35,0.34,0.6,24183.33781,1191.571578,602.0938391,,127.927093789674,6.30327749682607
2444,2.46,0.23,0.475,0.26,0.6,24322.9007,1520.247416,2008.69805,,128.665365531105,8.0419351248413
2445,1.38,0.49,0.1,0.34,0.2,19623.48704,1814.940713,4662.708516,,103.806004231909,9.60082899386373
2446,3,0.62,0.6,0.42,0.2,25770.12527,2177.357149,6216.10839,,136.321018144308,11.5179705300466
2447,2.46,0.1,0.225,0.42,0.6,25161.81911,1166.205627,602.2264778,,133.103148063902,6.16909451438849
2448,3,0.62,0.6,0.18,0.4,23480.7641,2298.370216,6993.072253,,124.210559140923,12.1581158273381
2449,3,0.23,0.475,0.26,0.2,25555.22286,1370.027519,1572.503701,,135.184208950487,7.24728903406686
2450,3,0.1,0.225,0.42,0.8,26112.41876,1178.615885,671.8566294,,138.13171159543,6.2347433611934
2451,0.3,0.36,0.35,0.5,0.6,20154.41081,2021.006033,3619.542089,,106.614530311045,10.6908909913246
2452,1.92,0.1,0.1,0.34,0.8,22619.73507,1117.40858,671.5995253,,119.655813954719,5.91096371138383
2453,0.3,0.23,0.475,0.34,0.4,20329.19774,1559.065728,1673.349188,,107.539133199323,8.24727955988151
2454,0.3,0.62,0.35,0.1,0.2,15880.03791,2312.168766,6220.89462,,84.003586066441,12.2311085801947
2455,1.92,0.49,0.475,0.42,0.4,23463.35499,2094.932408,5032.242432,,124.118466938214,11.0819530681337
2456,1.92,0.36,0.1,0.34,0.2,21338.92563,1509.541645,2994.569285,,112.880478364367,7.9853028195091
2457,3,0.1,0.1,0.26,0.6,24034.09626,1057.930503,602.2866672,,127.137623042742,5.59633148011003
2458,0.3,0.1,0.35,0.1,0.2,18229.85373,1072.041159,430.7632897,,96.4338432606856,5.67097523804486
2459,0.3,0.1,0.6,0.34,0.8,21629.04792,1367.039659,630.9014586,,114.41519212865,7.23148359606433
2460,3,0.36,0.6,0.1,0.6,23755.22549,1810.51111,3789.623947,,125.662428533644,9.57739690012696
2461,2.46,0.23,0.225,0.1,0.4,21552.07517,1297.510817,1790.789256,,114.008015076174,6.86368396635633
2462,3,0.62,0.225,0.1,0.6,20334.3374,2345.565082,7770.036115,,107.566321413457,12.4077712759204
2463,0.3,0.23,0.1,0.26,0.8,17055.9256,1568.95524,2093.37697,,90.2238975878121,8.29959394837072
2464,1.38,0.75,0.35,0.18,0.4,18509.13717,2658.175484,8773.377263,,97.9112207469319,14.061444583157
2465,0.84,0.75,0.475,0.26,0.6,18506.34886,2941.449169,9742.343302,,97.8964709056284,15.5599300095218
2466,1.38,0.49,0.1,0.1,0.4,17164.91461,1935.123343,5258.767774,,90.8004369974609,10.2365813743123
2467,0.3,0.23,0.475,0.42,0.4,21008.04956,1583.311975,1673.349188,,111.130181760474,8.37553943609818
2468,0.84,0.1,0.475,0.18,0.6,21028.79097,1203.670335,564.4545755,,111.239901449429,6.36727853893356
2469,0.84,0.49,0.1,0.1,0.2,16127.21068,1816.34593,4663.433033,,85.3111017774016,9.60826243123149
2470,0.3,0.1,0.475,0.1,0.8,18756.53307,1233.172197,630.9014586,,99.2199167900973,6.52334001798561
2471,2.46,0.49,0.6,0.26,0.2,24028.88289,1904.596531,4452.96152,,127.11004491113,10.0750980268726
2472,1.38,0.75,0.475,0.42,0.8,20846.25287,3041.529985,10706.21581,,110.274295757512,16.0893460907744
2473,0.3,0.1,0.475,0.18,0.8,19522.6399,1262.518622,630.9014586,,103.272534384257,6.67857925306813
2474,3,0.75,0.35,0.18,0.4,21574.10359,2507.665501,8767.269282,,114.124542900973,13.2652639705882
2475,0.3,0.36,0.225,0.26,0.8,17165.22171,2048.55548,4008.299251,,90.8020615213711,10.8366244181126
2476,1.92,0.49,0.475,0.1,0.4,20639.90852,2025.379756,5032.242432,,109.182757723233,10.7140274862463
2477,1.38,0.62,0.6,0.1,0.6,19431.83258,2610.053974,7779.458831,,102.792174037241,13.8068872936945
2478,0.84,0.23,0.1,0.18,0.4,17987.37289,1321.317696,1673.021498,,95.1511473233178,6.98961963605586
2479,1.38,0.62,0.1,0.18,0.8,16948.45954,2623.584537,8559.563598,,89.6554144096488,13.8784624259416
2480,0.84,0.62,0.225,0.42,0.6,18893.36173,2592.8688,7782.042563,,99.943724767245,13.7159796868388
2481,0.84,0.23,0.475,0.1,0.8,19301.4778,1609.356237,2092.72159,,102.102612145578,8.51331060622091
2482,1.92,0.23,0.1,0.5,0.4,23168.8046,1395.001034,1791.407795,,122.560329030893,7.37939607490478
2483,0.3,0.23,0.6,0.1,0.8,18563.44759,1707.541395,2093.37697,,98.1985166631401,9.03269887325434
2484,1.38,0.36,0.35,0.26,0.8,20593.08879,1958.650419,4004.61389,,108.935086701227,10.3610369181126
2485,1.38,0.36,0.225,0.1,0.2,18832.55007,1499.208785,2841.106425,,99.6220380342785,7.93064317075751
2486,3,0.49,0.225,0.18,0.8,21526.51752,2155.923997,6181.481717,,113.872818027931,11.4045916049513
2487,1.38,0.36,0.475,0.26,0.4,21621.14904,1769.346866,3228.942246,,114.373407955988,9.35964275285654
2488,0.84,0.62,0.35,0.18,0.2,18022.15497,2239.206915,6220.110539,,95.3351405522641,11.8451487251375
2489,2.46,0.1,0.225,0.34,0.6,24510.99618,1138.356491,602.2264778,,129.660369128227,6.02177576703343
2490,3,0.62,0.1,0.34,0.6,21683.91451,2338.68858,7770.036115,,114.705430120609,12.3713953660601
2491,1.38,0.75,0.225,0.18,0.8,17247.99561,2977.564166,10706.21581,,91.2399259944985,15.7509742170969
2492,1.38,0.75,0.475,0.5,0.8,21488.21303,3044.931465,10706.21581,,113.67019165256,16.1073395313161
2493,1.92,0.23,0.1,0.34,0.6,21716.2048,1419.122225,2009.625859,,114.876242065171,7.50699441917055
2494,0.3,0.23,0.35,0.34,0.4,19613.08761,1513.213354,1673.349188,,103.750992435463,8.004725740584
2495,3,0.23,0.225,0.42,0.4,25314.42099,1400.664501,1790.035734,,133.910394572577,7.40935516821837
2496,1.92,0.49,0.225,0.18,0.8,19521.34241,2241.962407,6189.021128,,103.265670810411,11.8597249629708
2497,0.3,0.23,0.35,0.34,0.8,19373.9216,1689.451891,2093.37697,,102.485831570038,8.93700746402878
2498,1.92,0.75,0.475,0.26,0.6,20802.81765,2827.708881,9737.01499,,110.044528406686,14.9582568821413
2499,1.92,0.62,0.475,0.26,0.2,21816.65577,2171.713636,6218.302699,,115.40761621879,11.488116991113
2500,0.84,0.49,0.6,0.34,0.8,20771.93703,2498.945969,6453.784358,,109.881173455353,13.2191386426153
2501,0.84,0.23,0.225,0.42,0.2,21071.09812,1370.312108,1463.171452,,111.463701438849,7.24879447735929
2502,0.84,0.62,0.1,0.34,0.4,17615.09297,2371.734717,7001.076551,,93.1818290837918,12.5462056548879
2503,0.3,0.36,0.475,0.18,0.2,18424.86252,1715.488107,2842.027765,,97.4654174777825,9.07473607173085
2504,0.84,0.62,0.35,0.42,0.6,19663.30187,2629.542322,7782.042563,,104.016620133305,13.909978427846
2505,1.38,0.62,0.225,0.42,0.4,20343.55822,2356.53015,6999.354063,,107.615098497672,12.465775232755
2506,2.46,0.49,0.225,0.18,0.4,20944.93456,1913.652657,5030.459304,,110.796310622091,10.1230038986458
2507,2.46,0.62,0.1,0.5,0.2,22571.36048,2041.458548,6217.260103,,119.399917900973,10.7990824587389
2508,0.3,0.49,0.1,0.26,0.2,16270.77459,1923.425668,4664.087531,,86.0705384574693,10.1747020101566
2509,0.3,0.1,0.6,0.1,0.8,19438.2083,1279.213582,630.9014586,,102.825900867541,6.76689368387643
2510,0.84,0.36,0.225,0.1,0.8,17045.42418,1939.833022,4006.568812,,90.1683462759205,10.2614950380872
2511,0.3,0.62,0.1,0.26,0.2,15778.38827,2239.281238,6220.89462,,83.4658710854846,11.8455418853153
2512,0.3,0.62,0.1,0.26,0.6,15303.25203,2619.229453,7784.394805,,80.9524546656792,13.8554245292002
2513,3,0.49,0.475,0.42,0.4,25412.7853,2037.979376,5028.472727,,134.430730533221,10.7806780363944
2514,2.46,0.62,0.1,0.34,0.4,20987.07837,2200.839435,6995.375679,,111.019246561574,11.6421891398646
2515,0.3,0.62,0.1,0.26,0.4,15530.85331,2442.599045,7002.644712,,82.1564394308083,12.9210698529412
2516,0.84,0.1,0.35,0.5,0.6,23054.98834,1273.759742,564.4545755,,121.958254020313,6.73804349344054
2517,3,0.75,0.1,0.42,0.8,21585.10369,2801.807278,10693.99985,,114.182732173085,14.8212403618282
2518,2.46,0.36,0.35,0.26,0.2,23241.48289,1559.849475,2993.942804,,122.94478888066,8.25142549195937
2519,0.84,0.23,0.35,0.18,0.6,19448.20807,1509.925155,1882.871544,,102.878798508252,7.98733154358866
2520,1.38,0.49,0.1,0.18,0.2,18171.04796,1776.060545,4662.708516,,96.1227674566229,9.39515734765129
2521,3,0.1,0.6,0.1,0.6,25477.85694,1179.836726,602.2866672,,134.774952073635,6.24120147058824
2522,2.46,0.75,0.225,0.5,0.4,22591.57758,2547.500613,8769.494223,,119.506864049937,13.4759871614473
2523,1.92,0.1,0.475,0.1,0.6,22756.13922,1147.269957,602.0938391,,120.377376322471,6.06892698370715
2524,1.38,0.62,0.35,0.1,0.4,18241.48224,2359.766939,6999.354063,,96.4953567498942,12.4828974767245
2525,2.46,0.1,0.225,0.42,0.2,25276.80474,1119.627436,463.1266797,,133.711408908168,5.92270120609395
2526,0.3,0.75,0.1,0.26,0.2,15331.74875,2513.975561,7808.584331,,81.1031990584004,13.2986434669911
2527,1.38,0.62,0.225,0.34,0.6,19428.5559,2521.910071,7779.458831,,102.774840774439,13.3406161182818
2528,1.38,0.75,0.35,0.18,0.4,18509.13717,2658.175484,8773.377263,,97.9112207469319,14.061444583157
2529,1.92,0.36,0.475,0.18,0.4,22004.37717,1724.421657,3394.104642,,116.400640975455,9.12199353046974
2530,0.84,0.75,0.6,0.1,0.8,17495.52267,3124.897528,10709.6115,,92.5493158590774,16.5303508675413
2531,1.92,0.75,0.6,0.42,0.2,23361.21923,2495.820464,7806.030808,,123.578180438003,13.2026050782903
2532,1.92,0.1,0.475,0.26,0.2,24315.04685,1156.533594,463.0824668,,128.623819561997,6.1179305649598
2533,0.84,0.49,0.35,0.26,0.6,18837.6501,2280.511195,5857.000583,,99.6490166102412,12.0636436468472
2534,1.38,0.36,0.6,0.5,0.4,24284.72197,1874.333181,3228.942246,,128.463404411765,9.91500836330935
2535,1.92,0.1,0.225,0.1,0.2,21421.87087,1002.465178,463.0824668,,113.319249206517,5.30292624841303
2536,1.38,0.36,0.225,0.42,0.8,21207.70889,1949.296993,4004.61389,,112.186356802793,10.3115583633094
2537,0.3,0.23,0.225,0.5,0.8,19957.98237,1686.333804,2093.37697,,105.57544630766,8.92051314007618
2538,0.3,0.23,0.225,0.26,0.6,18003.36585,1531.332065,1883.363079,,95.2357482543377,8.10057165150233
2539,1.92,0.36,0.225,0.1,0.2,19961.15637,1481.755809,2994.569285,,105.592236404994,7.83831892192129
2540,3,0.62,0.6,0.1,0.2,23004.81062,2102.539439,6216.10839,,121.692819614896,11.1221933929327
2541,2.46,0.36,0.6,0.5,0.8,26084.99745,2032.075524,4190.66943,,137.98665599873,10.7494473338976
2542,1.92,0.1,0.35,0.1,0.6,22050.56613,1102.044651,602.0938391,,116.644975296234,5.8296902824799
2543,0.3,0.36,0.475,0.5,0.4,21033.60426,1933.73239,3230.784927,,111.265363203555,10.2292233918747
2544,0.84,0.1,0.225,0.5,0.6,22314.4515,1223.80767,564.4545755,,118.040898751587,6.47380274016081
2545,1.92,0.1,0.225,0.26,0.4,22818.09561,1092.366052,532.588153,,120.705118546339,5.77849159966145
2546,2.46,0.23,0.35,0.1,0.6,22166.84833,1420.951672,2008.69805,,117.260094847651,7.51667198476513
2547,1.92,0.23,0.35,0.1,0.2,21381.48121,1278.655581,1573.189732,,113.105592520102,6.76394192234448
2548,0.3,0.49,0.35,0.18,0.8,16549.44764,2496.732486,6456.402351,,87.5446870503597,13.2074295704613
2549,1.92,0.75,0.6,0.42,0.6,22828.80701,2869.462374,9737.01499,,120.761780628438,15.1791280892933
2550,2.46,0.62,0.35,0.34,0.6,22315.90298,2457.288972,7773.491255,,118.048576914939,12.9987778882776
2551,0.84,0.62,0.6,0.34,0.4,20619.39798,2527.182623,7001.076551,,109.074259310199,13.368507315912
2552,0.3,0.49,0.1,0.18,0.8,14907.50155,2419.966185,6456.402351,,78.8589798455353,12.8013446096064
2553,0.84,0.36,0.475,0.42,0.4,21749.15035,1857.283738,3229.919707,,115.050520260262,9.82481875793483
2554,0.3,0.62,0.225,0.34,0.6,16863.25208,2660.228915,7784.394805,,89.2046766821837,14.0723069985188
2555,2.46,0.49,0.225,0.18,0.6,20726.35111,2072.748082,5607.957088,,109.64002914727,10.9646005184088
2556,1.38,0.49,0.6,0.18,0.8,20578.70197,2410.954056,6450.88629,,108.858982067287,12.7536714769361
2557,0.3,0.75,0.6,0.18,0.6,17143.68969,3035.696913,9744.675557,,90.6881595958527,16.0584898063902
2558,3,0.62,0.35,0.1,0.2,21615.30902,2019.539088,6216.10839,,114.342514917478,10.68313101989
2559,3,0.1,0.475,0.18,0.6,25543.97622,1167.343833,602.2866672,,135.124715509945,6.17511549407533
2560,1.92,0.23,0.225,0.34,0.4,22651.90765,1392.094106,1791.407795,,119.82600322683,7.36401875793483
2561,0.3,0.36,0.225,0.42,0.6,18727.94944,1956.761854,3619.542089,,99.0687126534067,10.3510466250529
2562,3,0.75,0.1,0.26,0.6,20440.27077,2632.666444,9730.634564,,108.126696836648,13.926504676259
2563,1.38,0.23,0.225,0.42,0.6,22064.67409,1506.429106,1882.258407,,116.719604792636,7.96883784384257
2564,2.46,0.62,0.35,0.18,0.2,21408.7914,2071.028655,6217.260103,,113.250060304697,10.9555049460432
2565,0.84,0.23,0.35,0.42,0.8,21458.33429,1658.962145,2092.72159,,113.512136531951,8.77572019149386
2566,1.92,0.36,0.6,0.26,0.2,23571.49407,1668.855388,2994.569285,,124.690510315277,8.82805431654676
2567,0.84,0.23,0.1,0.1,0.6,17069.53776,1383.973588,1882.871544,,90.2959043588659,7.32106214557766
2568,0.3,0.49,0.475,0.42,0.4,19790.38073,2264.259621,5261.525804,,104.68885278248,11.977674677317
2569,2.46,0.75,0.225,0.1,0.6,18844.58602,2702.749595,9733.971976,,99.6857068345324,14.2972365372408
2570,1.38,0.49,0.225,0.1,0.6,17792.69759,2148.75077,5854.827032,,94.1213372302158,11.3666460537452
2571,1.92,0.23,0.35,0.26,0.8,22485.72672,1553.450321,2227.843922,,118.946925095218,8.21757469847651
2572,1.38,0.49,0.6,0.18,0.4,20950.79675,2127.214305,5258.767774,,110.827320937368,11.2527206146847
2573,1.92,0.49,0.475,0.26,0.8,21737.46675,2332.943205,6189.021128,,114.988715351248,12.3410029887854
2574,2.46,0.75,0.225,0.26,0.4,20588.10112,2521.124787,8769.494223,,108.908702496826,13.3364620556496
2575,3,0.75,0.35,0.1,0.2,21121.63376,2286.04785,7803.904,,111.731029200169,12.0929319191705
2576,2.46,0.49,0.225,0.42,0.4,23027.18034,1970.159689,5030.459304,,121.811152877698,10.4219196413457
2577,1.92,0.23,0.475,0.5,0.2,25514.05477,1461.312626,1573.189732,,134.966434458316,7.73017681972069
2578,3,0.1,0.6,0.34,0.6,27541.88434,1268.512856,602.2866672,,145.693421180703,6.71028806601778
2579,2.46,0.75,0.475,0.34,0.2,23039.52479,2402.796376,7805.01647,,121.876453607702,12.7105182818451
2580,1.38,0.49,0.35,0.5,0.4,22296.0042,2109.656181,5258.767774,,117.943314642404,11.1598401449429
2581,3,0.1,0.6,0.42,0.6,28175.53204,1298.208224,602.2866672,,149.045345112146,6.86737316969954
2582,0.84,0.36,0.35,0.26,0.6,19482.25368,1902.565219,3618.244259,,103.058895895049,10.0643526184934
2583,3,0.75,0.475,0.1,0.4,21551.92365,2535.337861,8767.269282,,114.007213552687,13.411647593102
2584,0.84,0.1,0.35,0.5,0.2,23176.19941,1207.939079,430.851903,,122.599446730851,6.38985970694033
2585,0.84,0.36,0.35,0.1,0.2,18331.53827,1588.290957,2841.595155,,96.9717428586543,8.40187768197207
2586,3,0.49,0.225,0.18,0.4,21903.57142,1882.193395,5028.472727,,115.867390076174,9.95658799724926
2587,3,0.49,0.1,0.26,0.6,21591.35841,2008.766749,5604.977222,,114.215818927211,10.6261465774439
2588,3,0.62,0.6,0.1,0.2,23004.81062,2102.539439,6216.10839,,121.692819614896,11.1221933929327
2589,0.84,0.49,0.475,0.42,0.8,20765.3236,2471.974517,6453.784358,,109.846189166314,13.0764627433347
2590,1.38,0.1,0.475,0.18,0.2,22446.07092,1129.29018,430.9297248,,118.73715044435,5.97381601777402
2591,2.46,0.1,0.6,0.1,0.2,24609.69488,1137.261063,463.1266797,,130.182473973762,6.01598107807871
2592,0.3,0.23,0.35,0.26,0.6,18774.845,1579.026655,1883.363079,,99.3167848074482,8.35287058294541
2593,1.38,0.75,0.1,0.34,0.8,17850.90723,2946.280377,10706.21581,,94.4292595746932,15.5854865478206
2594,2.46,0.36,0.6,0.1,0.6,22796.45221,1833.602922,3791.760555,,120.590627433347,9.69954994710114
2595,3,0.1,0.475,0.42,0.2,27645.33587,1212.182443,463.1467429,,146.240667953872,6.41230661764706
2596,3,0.36,0.6,0.26,0.4,25369.54344,1743.24019,3391.427274,,134.201986034702,9.22154141980533
2597,1.92,0.75,0.225,0.18,0.8,18359.11846,2919.611755,10702.50708,,97.1176389123995,15.4444125846382
2598,1.38,0.1,0.225,0.26,0.6,21589.89782,1123.690237,564.6880409,,114.208092573,5.94419295916208
2599,2.46,0.1,0.6,0.1,0.6,24494.21984,1184.717481,602.2264778,,129.571624206517,6.26702010685569
2600,2.46,0.23,0.35,0.5,0.2,25856.33166,1408.529471,1572.880462,,136.777040097334,7.45095996085485
2601,2.46,0.49,0.475,0.42,0.6,24267.76868,2203.729231,5607.957088,,128.373723444774,11.6574758305121
2602,3,0.62,0.35,0.42,0.8,23722.38246,2572.641487,8546.999977,,125.488692657639,13.6089795122725
2603,0.3,0.75,0.1,0.42,0.4,16469.7999,2732.099011,8776.629944,,87.1233596064325,14.4524915943716
2604,0.3,0.49,0.1,0.1,0.6,14298.23068,2265.916422,5858.964078,,75.6360065594583,11.9864389652984
2605,0.84,0.36,0.475,0.26,0.2,20552.31974,1683.478133,2841.595155,,108.719423085061,8.90540696677952
2606,0.3,0.75,0.225,0.34,0.6,16368.82999,2944.866573,9744.675557,,86.5892403195091,15.578007686204
2607,0.84,0.1,0.1,0.34,0.8,20135.05707,1146.96565,631.2559117,,106.512151237833,6.06731723444774
2608,1.92,0.49,0.1,0.42,0.4,21196.77058,1959.103736,5032.242432,,112.128494392721,10.3634349132459
2609,2.46,0.36,0.475,0.42,0.2,25278.04608,1653.828299,2993.942804,,133.71797545493,8.74856273275497
2610,0.84,0.62,0.225,0.42,0.2,19377.69031,2228.212606,6220.110539,,102.50576761532,11.7869900867541
2611,0.84,0.1,0.35,0.34,0.2,21866.07777,1151.606473,430.851903,,115.669052951756,6.09186665785019
2612,1.92,0.36,0.35,0.5,0.6,23830.61756,1888.257162,3793.639999,,126.06124396953,9.98866463182395
2613,2.46,0.49,0.475,0.1,0.2,21907.60216,1819.733133,4452.96152,,115.888712230216,9.62618034807448
2614,1.38,0.23,0.225,0.26,0.8,20592.88971,1527.820273,2091.904074,,108.934033590774,8.08199467308506
2615,2.46,0.62,0.6,0.5,0.2,25471.31359,2216.205709,6217.260103,,134.740338499788,11.7234749735506
2616,1.38,0.62,0.225,0.1,0.4,17458.31337,2318.49607,6999.354063,,92.3524829136691,12.2645792953872
2617,0.3,0.36,0.1,0.34,0.8,17051.22577,2014.078522,4008.299251,,90.1990360241219,10.6542452496826
2618,1.92,0.23,0.35,0.1,0.8,21014.46262,1502.339729,2227.843922,,111.164106115108,7.94720550677105
2619,0.3,0.23,0.6,0.34,0.4,21002.9198,1602.030408,1673.349188,,111.103045916208,8.47455780787135
2620,0.84,0.23,0.35,0.34,0.2,21147.11189,1393.313184,1463.171452,,111.865805596699,7.37046754126111
2621,3,0.49,0.6,0.26,0.2,24973.66505,1878.510192,4451.968231,,132.107834585273,9.93710427422768
2622,1.38,0.36,0.35,0.42,0.6,22101.23514,1892.372302,3616.778068,,116.913008569615,10.0104332522218
2623,3,0.23,0.6,0.18,0.6,25240.46571,1526.912015,2007.567767,,133.519179591621,8.07719009204401
2624,2.46,0.1,0.225,0.26,0.6,23833.10095,1109.91332,602.2264778,,126.074380818874,5.87131464240373
2625,1.38,0.62,0.6,0.26,0.4,21134.79169,2452.029771,6999.354063,,111.800633146424,12.970957315912
2626,1.92,0.36,0.6,0.18,0.2,22859.68226,1643.371967,2994.569285,,120.925107173085,8.69324993123149
2627,1.38,0.1,0.475,0.42,0.2,24497.49378,1216.257659,430.9297248,,129.588942975032,6.43386404464664
2628,3,0.36,0.6,0.42,0.8,26399.30792,1993.134536,4187.820619,,139.649322471435,10.5434539568345
2629,0.84,0.62,0.475,0.1,0.6,17518.72018,2644.57283,7782.042563,,92.6720280363944,13.9894880977571
2630,1.38,0.1,0.225,0.42,0.4,23007.13103,1154.131822,497.8088828,,121.705094318663,6.10522546550995
2631,1.38,0.75,0.1,0.1,0.4,16117.09143,2579.898076,8773.377263,,85.2575721011426,13.6473660389336
2632,2.46,0.62,0.1,0.26,0.8,19845.0786,2512.24475,8551.60683,,104.978198264917,13.2894876745662
2633,1.92,0.49,0.35,0.1,0.6,19702.79117,2140.743496,5610.63178,,104.225514018197,11.3242884892086
2634,2.46,0.1,0.35,0.5,0.4,26565.44198,1218.155076,532.6765788,,140.528152666102,6.44390116377486
2635,0.3,0.36,0.1,0.42,0.2,18258.17422,1636.951913,2842.027765,,96.583655416843,8.65928857913669
2636,0.84,0.23,0.1,0.1,0.4,17206.72347,1293.247706,1673.021498,,91.0216010897165,6.84113259627592
2637,0.84,0.1,0.1,0.1,0.2,18103.71261,957.8044363,430.851903,,95.7665711489632,5.0666760278248
2638,0.84,0.75,0.475,0.5,0.8,20296.00384,3101.567856,10709.6115,,107.363541261109,16.4069395683453
2639,1.38,0.49,0.35,0.5,0.8,21916.71487,2380.985052,6450.88629,,115.936917424884,12.5951388700804
2640,3,0.75,0.225,0.18,0.4,20807.73485,2468.92462,8767.269282,,110.07053983284,13.0603291366906
2641,1.38,0.62,0.35,0.34,0.2,20684.30897,2196.065697,6219.249295,,109.41763103047,11.6169366112992
2642,0.84,0.62,0.35,0.5,0.4,20546.64321,2469.059008,7001.076551,,108.68939488997,13.0610400338553
2643,1.38,0.75,0.1,0.5,0.6,19412.65586,2789.034687,9739.796535,,102.690731379602,14.753674814854
2644,0.3,0.1,0.475,0.1,0.8,18756.53307,1233.172197,630.9014586,,99.2199167900973,6.52334001798561
2645,2.46,0.36,0.6,0.18,0.6,23535.52852,1855.599893,3791.760555,,124.500256665256,9.81591141028354
2646,0.84,0.49,0.1,0.26,0.2,17660.75829,1851.054512,4663.433033,,93.4233934088024,9.79186686415573
2647,0.84,0.1,0.475,0.26,0.8,21698.44215,1264.197754,631.2559117,,114.782279676259,6.68746166948794
2648,3,0.36,0.35,0.5,0.2,26157.53208,1622.627779,2993.230601,,138.370355903513,8.58351554697419
2649,3,0.36,0.6,0.5,0.8,27022.63361,2009.188982,4187.820619,,142.946644149386,10.6283801417689
2650,1.92,0.49,0.475,0.18,0.2,21615.12372,1875.827475,4453.853084,,114.34153470165,9.92291300782903
2651,1.38,0.36,0.1,0.5,0.2,21558.34405,1572.824781,2841.106425,,114.041176735083,8.32006337812103
2652,2.46,0.49,0.475,0.42,0.8,24111.24862,2315.680881,6185.454872,,127.545750211595,12.249687267245
2653,3,0.75,0.475,0.18,0.8,21819.0561,2888.598768,10693.99985,,115.420313690224,15.2803574269996
2654,3,0.75,0.35,0.1,0.8,20351.85126,2853.028371,10693.99985,,107.658967731697,15.0921940911976
2655,1.92,0.1,0.6,0.42,0.4,26228.16924,1284.953566,532.588153,,138.744018408802,6.79725754337706
2656,2.46,0.75,0.1,0.34,0.6,20198.19434,2679.992981,9733.971976,,106.846140181972,14.1768566493864
2657,1.38,0.62,0.35,0.18,0.4,19003.26087,2367.940631,6999.354063,,100.525078660601,12.5261353734659
2658,1.38,0.1,0.1,0.1,0.6,19296.94557,1010.556267,564.6880409,,102.078637166737,5.34572718472281
2659,0.84,0.75,0.1,0.1,0.2,15161.55861,2426.225375,7807.806912,,80.2029126639865,12.8344550095218
2660,1.92,0.49,0.1,0.42,0.4,21196.77058,1959.103736,5032.242432,,112.128494392721,10.3634349132459
2661,2.46,0.23,0.6,0.34,0.8,25582.73081,1643.095965,2226.606843,,135.329722862886,8.6917899121879
2662,0.3,0.62,0.35,0.34,0.4,17868.52974,2528.842339,7002.644712,,94.5224806390182,13.3772870239103
2663,1.92,0.75,0.1,0.42,0.6,19858.62238,2732.280678,9737.01499,,105.049843313584,14.453452592044
2664,1.38,0.36,0.475,0.18,0.6,20721.98687,1876.253412,3616.778068,,109.616942816335,9.92516616589082
2665,1.92,0.75,0.1,0.42,0.2,20415.516,2334.915562,7806.030808,,107.995746931866,12.3514365319509
2666,2.46,0.75,0.225,0.1,0.8,18627.59129,2866.169312,10698.44973,,98.5378295069827,15.1617081675836
2667,3,0.1,0.35,0.18,0.8,24832.63439,1139.462082,671.8566294,,131.361798508252,6.02762421709691
2668,0.84,0.23,0.475,0.5,0.4,23040.20232,1570.505373,1673.021498,,121.880037663986,8.30779397482015
2669,2.46,0.49,0.225,0.5,0.4,23667.03434,1988.411004,5030.459304,,125.195907427,10.5184670122725
2670,3,0.75,0.6,0.42,0.2,25285.44287,2422.544712,7803.904,,133.757103628862,12.81498472281
2671,0.3,0.1,0.35,0.42,0.4,21052.39074,1232.262496,497.4760127,,111.364741536183,6.51852780363944
2672,0.84,0.62,0.475,0.5,0.6,21032.90881,2670.335961,7782.042563,,111.261684352518,14.1257721170123
2673,2.46,0.36,0.225,0.42,0.2,23843.86105,1562.050857,2993.942804,,126.131300518409,8.2630705512061
2674,1.92,0.62,0.1,0.26,0.2,19519.84827,2034.868742,6218.302699,,103.257766980533,10.7642231379602
2675,1.92,0.23,0.6,0.34,0.6,24625.22284,1601.83688,2009.625859,,130.264615107914,8.47353406686416
2676,0.84,0.36,0.6,0.26,0.8,20742.54304,2096.051973,4006.568812,,109.725682606856,11.0878754390605
2677,0.84,0.23,0.35,0.5,0.2,22467.72872,1443.090688,1463.171452,,118.851717731697,7.63378484976725
2678,3,0.23,0.6,0.5,0.6,27865.84529,1628.248843,2007.567767,,147.407137589928,8.6132503332628
2679,1.38,0.62,0.6,0.5,0.4,23131.87356,2482.628592,6999.354063,,122.36496804909,13.1328215827338
2680,1.92,0.62,0.225,0.26,0.2,20338.71032,2084.662062,6218.302699,,107.589453660601,11.0276241112992
2681,1.38,0.36,0.1,0.18,0.8,18259.75445,1845.429139,4004.61389,,96.5920146529835,9.76210928374947
2682,1.92,0.75,0.225,0.26,0.2,19856.5969,2358.710019,7806.030808,,105.039128755819,12.4773064906898
2683,2.46,0.49,0.475,0.5,0.4,25110.6786,2077.383301,5030.459304,,132.832620609395,10.9891202972916
2684,0.84,0.75,0.1,0.42,0.6,17551.45504,2845.827135,9742.343302,,92.8451917054592,15.0541003755819
2685,0.3,0.75,0.225,0.1,0.8,13920.58719,3126.202603,10712.72117,,73.638315647482,16.5372545651714
2686,1.38,0.62,0.35,0.1,0.4,18241.48224,2359.766939,6999.354063,,96.4953567498942,12.4828974767245
2687,1.92,0.23,0.6,0.26,0.8,23858.6051,1640.781114,2227.843922,,126.209294858231,8.67954461489632
2688,0.3,0.1,0.225,0.18,0.2,18233.74438,1053.713399,430.7632897,,96.4544243546339,5.57402348180279
2689,1.92,0.1,0.35,0.26,0.4,23559.02207,1139.464575,532.588153,,124.624534860347,6.02763740478206
2690,3,0.36,0.1,0.34,0.6,22961.71291,1703.275776,3789.623947,,121.464837653407,9.0101342361405
2691,3,0.36,0.35,0.5,0.6,25788.79946,1843.732474,3789.623947,,136.419802475667,9.75313411976301
2692,3,0.75,0.1,0.5,0.6,22446.31277,2665.909893,9730.634564,,118.738429803216,14.1023587230216
2693,2.46,0.62,0.225,0.5,0.4,23106.85406,2272.249947,6995.375679,,122.232617752857,12.0199425888701
2694,1.92,0.23,0.1,0.1,0.8,19428.88034,1405.126941,2227.843922,,102.776557024968,7.43296096593314
2695,1.92,0.1,0.1,0.1,0.2,20618.39006,952.9670627,463.0824668,,109.068927528565,5.04108687420652
2696,2.46,0.36,0.6,0.26,0.4,24421.22656,1762.967331,3392.851679,,129.185498095641,9.32589574164198
2697,1.92,0.75,0.475,0.42,0.6,22155.77439,2836.890027,9737.01499,,117.201514970377,15.0068240954295
2698,0.3,0.1,0.225,0.5,0.4,20957.66425,1209.574122,497.4760127,,110.863649227677,6.39850889758781
2699,2.46,0.23,0.35,0.42,0.4,25094.53903,1454.162654,1790.789256,,132.747244128227,7.69235428480745
2700,1.38,0.49,0.35,0.42,0.6,21441.24153,2242.310244,5854.827032,,113.421717784596,11.8615649809564
2701,0.84,0.49,0.6,0.34,0.4,21145.20743,2216.476648,5260.216808,,111.855731220906,11.7249082099027
2702,3,0.75,0.225,0.1,0.6,19791.19189,2657.549622,9730.634564,,104.693143726196,14.058133844689
2703,0.84,0.1,0.475,0.42,0.4,23169.34398,1259.953681,497.6532392,,122.563182289463,6.66501100825222
2704,1.92,0.62,0.1,0.34,0.6,19717.39449,2425.039606,7776.619042,,104.302763912399,12.8281824269996
2705,1.92,0.1,0.1,0.26,0.2,22089.30945,1015.406422,463.0824668,,116.849923032163,5.37138395048667
2706,0.84,0.23,0.475,0.26,0.6,20899.17573,1581.32085,1882.871544,,110.554251639865,8.36500661235717
2707,2.46,0.23,0.225,0.1,0.4,21552.07517,1297.510817,1790.789256,,114.008015076174,6.86368396635633
2708,3,0.75,0.1,0.34,0.2,21705.21979,2237.824301,7803.904,,114.818132617435,11.8378348550571
2709,0.84,0.23,0.225,0.1,0.4,18039.01018,1345.939999,1673.021498,,95.424302687262,7.1198688055438
2710,0.84,0.75,0.1,0.42,0.8,17322.0629,3008.125049,10709.6115,,91.6317334955565,15.9126377962336
2711,2.46,0.1,0.35,0.34,0.6,25243.08324,1184.352899,602.2264778,,133.533026026238,6.26509150973339
2712,0.84,0.23,0.1,0.1,0.2,17348.06239,1205.267181,1463.171452,,91.7692678269149,6.37572567181549
2713,2.46,0.75,0.1,0.42,0.6,20870.17806,2686.295466,9733.971976,,110.400857278883,14.2101960749048
2714,1.92,0.75,0.1,0.5,0.6,20509.26498,2737.261108,9737.01499,,108.491668324164,14.4797984976725
2715,0.3,0.49,0.475,0.26,0.8,18025.35629,2538.837116,6456.402351,,95.3520751692764,13.4301582522218
2716,0.3,0.62,0.225,0.18,0.8,15197.65384,2810.697846,8566.144897,,80.3938523063902,14.8682704506983
2717,3,0.23,0.225,0.26,0.2,24125.13468,1278.233042,1572.503701,,127.619205882353,6.76170673931443
2718,2.46,0.62,0.225,0.1,0.4,19624.35389,2205.319585,6995.375679,,103.810589769361,11.6658886214558
2719,1.38,0.1,0.225,0.26,0.8,21543.40965,1149.030349,631.567199,,113.96217546551,6.07823925624207
2720,0.84,0.62,0.475,0.1,0.2,17987.93211,2270.319016,6220.110539,,95.1541055332205,12.0097281845112
2721,0.3,0.23,0.1,0.5,0.4,19390.45447,1461.095454,1673.349188,,102.573288563267,7.7290280046551
2722,0.3,0.23,0.475,0.18,0.8,18645.87808,1687.587098,2093.37697,,98.634564536606,8.92714292213288
2723,0.84,0.62,0.35,0.34,0.2,19463.33418,2261.529793,6220.110539,,102.95881390182,11.9632341991113
2724,2.46,0.75,0.475,0.5,0.6,23788.64956,2801.090819,9733.971976,,125.839238044858,14.8174503755819
2725,0.3,0.62,0.35,0.34,0.2,18110.04721,2336.483064,6220.89462,,95.8000804591621,12.3597284384257
2726,2.46,0.62,0.225,0.34,0.8,21362.59828,2559.371777,8551.60683,,113.005703977994,13.5387842625899
2727,2.46,0.1,0.225,0.42,0.8,25133.92608,1184.251496,671.7763769,,132.955597122302,6.26455509944985
2728,3,0.75,0.6,0.5,0.4,25628.72945,2629.936643,8767.269282,,135.573050412611,13.9120643408802
2729,3,0.23,0.6,0.5,0.2,28127.9026,1494.435041,1572.503701,,148.793390816758,7.90539061045281
2730,1.38,0.36,0.1,0.5,0.4,21371.86439,1695.067915,3228.942246,,113.054720641134,8.96671558929327
2731,1.92,0.23,0.475,0.34,0.6,23964.46842,1559.519496,2009.625859,,126.769299724926,8.24967994075328
2732,0.84,0.1,0.225,0.34,0.6,20992.84336,1167.382912,564.4545755,,111.049742699958,6.1753222175201
2733,0.84,0.75,0.225,0.34,0.8,17473.47749,3040.488885,10709.6115,,92.4326993757935,16.0838387907321
2734,1.92,0.36,0.35,0.34,0.6,22524.55129,1846.040777,3793.639999,,119.152302634363,9.76534477888278
2735,1.92,0.62,0.1,0.1,0.2,18015.44103,2005.546186,6218.302699,,95.2996245768092,10.6091101671604
2736,0.84,0.75,0.1,0.5,0.2,18750.70328,2457.423902,7807.806912,,99.1890778671181,12.9994916525603
2737,0.3,0.1,0.35,0.34,0.6,20310.53359,1241.157251,564.1887356,,107.440401978417,6.56558004126111
2738,0.3,0.49,0.475,0.42,0.2,20000.33289,2094.267079,4664.087531,,105.799475719424,11.0784335537452
2739,3,0.36,0.1,0.26,0.8,22148.28361,1770.234922,4187.820619,,117.161889600085,9.3643404676259
2740,0.3,0.36,0.475,0.34,0.4,19698.45683,1897.241594,3230.784927,,104.202585854846,10.036191250529
2741,3,0.75,0.475,0.26,0.4,23002.23668,2554.010814,8767.269282,,121.679203766399,13.5104253808718
2742,0.84,0.1,0.6,0.18,0.6,21698.86412,1249.934905,564.4545755,,114.784511849344,6.61201282797292
2743,1.38,0.75,0.35,0.5,0.6,20994.61673,2859.390371,9739.796535,,111.05912362463,15.1258483442658
2744,1.38,0.62,0.475,0.18,0.4,19730.44251,2406.113292,6999.354063,,104.371786447313,12.7280643884892
2745,0.3,0.1,0.1,0.26,0.6,18023.89373,1107.876419,564.1887356,,95.3443383939907,5.86053966885315
2746,3,0.75,0.35,0.1,0.8,20351.85126,2853.028371,10693.99985,,107.658967731697,15.0921940911976
2747,3,0.49,0.6,0.1,0.4,23307.05299,1993.041197,5028.472727,,123.29164721752,10.5429602041896
2748,0.84,0.75,0.6,0.26,0.2,19708.33265,2590.400619,7807.806912,,104.254827814219,13.7029232913669
2749,0.84,0.75,0.6,0.5,0.4,21449.70022,2807.897544,8775.075107,,113.466463288193,14.8534571730851
2750,1.38,0.1,0.1,0.1,0.2,19426.46392,952.962506,430.9297248,,102.763774439272,5.04106276978417
2751,0.3,0.1,0.35,0.42,0.8,20929.08009,1305.107226,630.9014586,,110.712442287347,6.903868101989
2752,0.3,0.1,0.1,0.26,0.4,18091.04519,1070.070057,497.4760127,,95.699561944562,5.66054833368599
2753,1.92,0.62,0.35,0.18,0.4,20121.45608,2307.520508,6997.460871,,106.440203554803,12.2065198264917
2754,0.3,0.36,0.225,0.5,0.6,19391.17863,1972.931221,3619.542089,,102.577119286923,10.4365807289463
2755,1.92,0.62,0.475,0.34,0.2,22506.84649,2186.440899,6218.302699,,119.058646265341,11.5660225296234
2756,1.92,0.23,0.6,0.42,0.4,25408.24079,1553.456461,1791.407795,,134.406690594583,8.21760717837495
2757,3,0.49,0.225,0.26,0.4,22620.9426,1902.348485,5028.472727,,119.662201650444,10.0632061203978
2758,0.84,0.49,0.6,0.42,0.2,22026.71965,2066.691846,4663.433033,,116.518830141769,10.9325637219636
2759,2.46,0.23,0.1,0.18,0.4,21496.24501,1276.912494,1790.789256,,113.712679909014,6.75472119128227
2760,0.3,0.75,0.35,0.18,0.6,15708.33797,2978.944948,9744.675557,,83.0953130025392,15.7582783961066
2761,1.92,0.23,0.6,0.42,0.2,25537.74438,1479.689616,1573.189732,,135.091749788405,7.82738899703766
2762,0.84,0.49,0.475,0.34,0.4,20468.03649,2177.609189,5260.216808,,108.273574322895,11.5193037928481
2763,2.46,0.36,0.6,0.18,0.6,23535.52852,1855.599893,3791.760555,,124.500256665256,9.81591141028354
2764,0.3,0.1,0.35,0.34,0.4,20374.12952,1203.05981,497.4760127,,107.776817181549,6.36404893144308
2765,1.92,0.1,0.225,0.34,0.2,23564.48076,1093.530601,463.0824668,,124.653410706729,5.7846519308083
2766,0.3,0.62,0.475,0.5,0.8,19498.06631,2883.094182,8566.144897,,103.142542900973,15.251238796022
2767,3,0.1,0.35,0.42,0.4,26908.87778,1189.93344,532.716705,,142.344888806602,6.29461193398223
2768,1.92,0.49,0.6,0.34,0.6,23261.68754,2264.09887,5610.63178,,123.051669170546,11.9768243228946
2769,1.38,0.23,0.6,0.42,0.6,24176.26753,1640.405804,1882.258407,,127.889692816335,8.67755926787982
2770,0.84,0.49,0.225,0.18,0.4,17525.67265,2065.27243,5260.216808,,92.7088058082945,10.9250551735083
2771,2.46,0.62,0.225,0.5,0.4,23106.85406,2272.249947,6995.375679,,122.232617752857,12.0199425888701
2772,0.84,0.62,0.6,0.5,0.4,21934.31975,2542.095759,7001.076551,,116.030045228523,13.4473961013542
2773,1.92,0.49,0.1,0.5,0.8,21461.02097,2251.522197,6189.021128,,113.526348762167,11.9102951597545
2774,2.46,0.49,0.1,0.18,0.6,19903.91992,2027.186145,5607.957088,,105.289462124418,10.7235830776555
2775,0.84,0.36,0.225,0.18,0.2,18328.96085,1564.336005,2841.595155,,96.9581086013542,8.27515872302158
2776,1.92,0.75,0.6,0.42,0.8,22611.91608,3017.057824,10702.50708,,119.614452391028,15.959891155311
2777,0.84,0.36,0.35,0.34,0.8,20044.36508,2033.353684,4006.568812,,106.032400973339,10.7562086542531
2778,3,0.49,0.6,0.1,0.8,22942.38232,2258.506357,6181.481717,,121.36258104105,11.9472405681337
2779,3,0.75,0.475,0.18,0.4,22292.27876,2544.090283,8767.269282,,117.923607490478,13.4579469054168
2780,2.46,0.75,0.35,0.1,0.2,20172.55982,2330.045268,7805.01647,,106.710536500212,12.3256732331782
2781,1.38,0.1,0.1,0.42,0.2,22282.11009,1075.333721,430.9297248,,117.869816388066,5.68839251481168
2782,1.38,0.23,0.475,0.1,0.6,20683.55769,1496.689537,1882.258407,,109.413656845112,7.91731663669065
2783,3,0.36,0.225,0.26,0.6,23073.06036,1727.408896,3789.623947,,122.053852941176,9.13779568345324
2784,3,0.1,0.225,0.42,0.6,26131.44423,1161.821118,602.2866672,,138.23235415785,6.14590096275921
2785,3,0.49,0.475,0.5,0.4,26040.05855,2056.911158,5028.472727,,137.748934352518,10.880825
2786,1.38,0.49,0.1,0.26,0.2,18912.96276,1795.185835,4662.708516,,100.047411976301,9.49632794646636
2787,1.38,0.23,0.475,0.42,0.8,23422.0302,1665.431063,2091.904074,,123.899863520948,8.80994002856538
2788,1.38,0.62,0.475,0.1,0.8,18545.9624,2725.4519,8559.563598,,98.1060220059247,14.4173291366906
2789,0.84,0.23,0.35,0.1,0.6,18680.6351,1483.32444,1882.871544,,98.8184252010157,7.84661680067711
2790,1.38,0.23,0.1,0.26,0.4,20015.89483,1325.141011,1672.61274,,105.881796603893,7.00984453554803
2791,3,0.62,0.35,0.1,0.4,21348.23206,2206.913498,6993.072253,,112.9297083157,11.6743202391028
2792,0.84,0.49,0.6,0.34,0.8,20771.93703,2498.945969,6453.784358,,109.881173455353,13.2191386426153
2793,1.38,0.75,0.225,0.18,0.4,17729.36274,2622.330875,8773.377263,,93.7863031104528,13.8718306972069
2794,1.92,0.1,0.6,0.26,0.8,24818.57324,1274.489273,671.5995253,,131.287416631401,6.74190262907321
2795,0.84,0.1,0.1,0.1,0.8,17910.93356,1054.925235,631.2559117,,94.7467920016928,5.58043395577656
2796,1.92,0.36,0.225,0.18,0.8,20208.92004,1861.63203,4193.175355,,106.902877909437,9.84782072577232
2797,0.3,0.49,0.225,0.18,0.8,15759.37521,2459.739377,6456.402351,,83.3652941705459,13.0117402507406
2798,0.84,0.62,0.6,0.5,0.8,21506.65822,2843.969021,8563.008575,,113.767764600085,15.0442711648328
2799,1.92,0.23,0.1,0.34,0.8,21625.67202,1482.92697,2227.843922,,114.397334003386,7.84451422979264
2800,1.92,0.36,0.35,0.5,0.6,23830.61756,1888.257162,3793.639999,,126.06124396953,9.98866463182395
2801,2.46,0.75,0.6,0.1,0.8,20823.4797,2957.373094,10698.44973,,110.153828290309,15.6441657532797
2802,0.84,0.62,0.225,0.42,0.4,19127.2529,2420.483063,7001.076551,,101.180982331782,12.8040788351672
2803,1.92,0.1,0.35,0.34,0.2,24299.74562,1140.850337,463.0824668,,128.542877803639,6.03496792742277
2804,0.3,0.49,0.6,0.34,0.6,19597.52992,2445.173369,5858.964078,,103.668694033009,12.934687732755
2805,3,0.62,0.225,0.34,0.6,22494.13633,2380.029905,7770.036115,,118.991410971223,12.590086251587
2806,0.84,0.36,0.6,0.42,0.4,22418.52134,1898.778549,3229.919707,,118.591416314008,10.0443215668642
2807,2.46,0.36,0.1,0.34,0.2,22386.37749,1487.938696,2993.942804,,118.421379020313,7.87102568768515
2808,0.84,0.62,0.475,0.26,0.6,19010.44013,2653.680348,7782.042563,,100.563056125688,14.0376658273381
2809,3,0.49,0.475,0.5,0.2,26265.99772,1907.772024,4451.968231,,138.944126745662,10.0918960220059
2810,2.46,0.1,0.35,0.34,0.4,25298.1653,1163.726335,532.6765788,,133.824403829877,6.15597934299619
2811,1.38,0.75,0.6,0.34,0.4,21334.7798,2737.158197,8773.377263,,112.858547397376,14.4792541102412
2812,3,0.62,0.225,0.42,0.4,23400.58099,2224.377091,6993.072253,,123.786399650868,11.7667006506559
2813,0.3,0.75,0.6,0.5,0.2,20397.39019,2680.351568,7808.584331,,107.899863468049,14.1787535336437
2814,1.92,0.1,0.225,0.26,0.2,22880.37075,1064.1476,463.0824668,,121.034546921286,5.629219212865
2815,0.84,0.1,0.225,0.42,0.4,21727.45351,1164.503411,497.6532392,,114.935746455777,6.1600899862463
2816,0.3,0.1,0.225,0.26,0.4,18907.06663,1122.479074,497.4760127,,100.016222122302,5.93778604528142
2817,1.92,0.36,0.35,0.34,0.2,22889.38207,1605.475353,2994.569285,,121.082215774439,8.49278117329666
2818,1.92,0.23,0.35,0.18,0.4,21991.37548,1384.828971,1791.407795,,116.331863520948,7.32558702391028
2819,1.92,0.62,0.35,0.34,0.2,21796.17942,2144.631139,6218.302699,,115.299298666949,11.3448536764706
2820,3,0.1,0.475,0.34,0.4,26951.81606,1205.647009,532.716705,,142.572027401608,6.37773491853576
2821,0.84,0.62,0.225,0.26,0.4,17734.11008,2406.283234,7001.076551,,93.8114159966145,12.7289633622514
2822,3,0.1,0.35,0.5,0.4,27524.04016,1220.115343,532.716705,,145.599027507406,6.45427075222175
2823,1.38,0.49,0.6,0.1,0.4,20197.78883,2112.345475,5258.767774,,106.843995080406,11.17406620292
2824,0.84,0.36,0.475,0.18,0.4,19643.022,1794.784194,3229.919707,,103.909341938214,9.49420331146847
2825,2.46,0.36,0.1,0.5,0.6,23316.43599,1767.575987,3791.760555,,123.341282215404,9.35027500528989
2826,2.46,0.62,0.1,0.34,0.2,21255.06018,2008.885834,6217.260103,,112.436839716462,10.6267765234871
2827,0.84,0.23,0.1,0.34,0.8,19205.73747,1539.891915,2092.72159,,101.596156739314,8.14585227994075
2828,1.38,0.23,0.1,0.42,0.6,21264.30719,1457.431168,1882.258407,,112.485755342785,7.70964435040203
2829,2.46,0.75,0.6,0.5,0.8,24241.73592,2978.531918,10698.44973,,128.236013118917,15.7560935146001
2830,3,0.1,0.225,0.26,0.2,24932.60301,1064.413572,463.1467429,,131.890621085485,5.63062617435463
2831,2.46,0.49,0.6,0.34,0.4,24485.90516,2081.437584,5030.459304,,129.527640499365,11.010566991113
2832,1.92,0.1,0.475,0.26,0.6,24198.87178,1209.796709,602.0938391,,128.009266716039,6.39968635738468
2833,1.92,0.62,0.475,0.42,0.8,22489.8351,2689.91914,8555.777214,,118.968657955988,14.2293648963182
2834,0.3,0.1,0.35,0.18,0.4,18930.70967,1142.007096,497.4760127,,100.141291102412,6.04108705035971
2835,1.38,0.75,0.1,0.18,0.4,16890.38034,2583.552548,8773.377263,,89.3481820778671,13.666697778248
2836,3,0.75,0.35,0.1,0.6,20565.55866,2693.793612,9730.634564,,108.789455459162,14.2498604104951
2837,3,0.23,0.1,0.18,0.6,22332.23901,1343.1082,2007.567767,,118.134992647059,7.10488891239949
2838,0.3,0.49,0.475,0.1,0.6,16695.75143,2388.124818,5858.964078,,88.3186173825645,12.6329074164198
2839,3,0.49,0.35,0.18,0.6,22445.15215,2082.28784,5604.977222,,118.73229025603,11.0150647482014
2840,1.38,0.1,0.1,0.18,0.8,20011.83972,1069.07106,631.567199,,105.860345535336,5.65526375370292
2841,0.3,0.75,0.225,0.42,0.4,17302.61063,2769.370513,8776.629944,,91.5288332099027,14.6496535812526
2842,2.46,0.62,0.6,0.34,0.6,23699.41948,2530.518458,7773.491255,,125.367221117224,13.3861535019044
2843,0.84,0.62,0.1,0.1,0.4,15368.08576,2349.28158,7001.076551,,81.2954176893779,12.4274311256877
2844,2.46,0.62,0.6,0.1,0.2,22056.31864,2137.337502,6217.260103,,116.675405416843,11.3062711701227
2845,0.3,0.62,0.35,0.18,0.2,16656.30799,2317.876289,6220.89462,,88.1099660918324,12.2613007247143
2846,3,0.1,0.6,0.42,0.8,28157.56138,1314.391797,671.8566294,,148.950282374101,6.95298242170969
2847,0.84,0.75,0.35,0.1,0.4,16529.31024,2724.367259,8775.075107,,87.4381625052899,14.4115915097334
2848,0.3,0.1,0.1,0.18,0.8,17208.42309,1113.26832,630.9014586,,91.0305918853153,5.88906220905628
2849,0.3,0.49,0.475,0.42,0.2,20000.33289,2094.267079,4664.087531,,105.799475719424,11.0784335537452
2850,2.46,0.23,0.35,0.42,0.6,24959.74869,1525.652987,2008.69805,,132.034218630978,8.07052997778248
2851,1.92,0.36,0.1,0.42,0.6,21636.38738,1774.250886,3793.639999,,114.454017033432,9.3855844583157
2852,2.46,0.62,0.1,0.34,0.6,20740.27748,2377.08335,7773.491255,,109.713698053322,12.5744993123149
2853,0.84,0.75,0.475,0.42,0.2,20397.92362,2570.334595,7807.806912,,107.902685251799,13.5967763171815
2854,1.92,0.75,0.475,0.18,0.4,20342.80554,2636.795849,8771.522899,,107.611116906475,13.9483487568769
2855,3,0.36,0.6,0.42,0.6,26511.5662,1903.934682,3789.623947,,140.243155945832,10.0715969212865
2856,3,0.49,0.6,0.18,0.4,24041.94313,2012.340774,5028.472727,,127.179132088447,10.6450527613204
2857,3,0.75,0.35,0.18,0.2,21866.22692,2298.628603,7803.904,,115.669841938214,12.1594826650444
2858,0.3,0.23,0.475,0.5,0.2,21787.14535,1519.879434,1463.335297,,115.251509468895,8.03998854210749
2859,1.38,0.62,0.1,0.18,0.6,17150.11373,2468.657354,7779.458831,,90.7221420334321,13.0589153300889
2860,3,0.75,0.6,0.18,0.2,23252.81363,2375.598881,7803.904,,123.004727200592,12.5666466409226
2861,2.46,0.36,0.475,0.26,0.2,23944.05186,1604.963936,2993.942804,,126.661298455353,8.49007583580195
2862,2.46,0.62,0.225,0.18,0.8,19944.18198,2543.418725,8551.60683,,105.502443821413,13.4543944403301
2863,1.92,0.62,0.475,0.42,0.4,22918.32213,2382.240524,6997.460871,,121.235305385104,12.6017801735083
2864,0.84,0.75,0.1,0.34,0.2,17403.48435,2442.34001,7807.806912,,92.0624436627169,12.9196995873889
2865,2.46,0.49,0.35,0.1,0.4,20958.25798,1943.341585,5030.459304,,110.866789991536,10.2800549354634
2866,0.3,0.49,0.6,0.1,0.8,17215.78292,2563.164904,6456.402351,,91.0695245450698,13.5588494710114
2867,1.38,0.75,0.1,0.1,0.2,16399.94902,2353.356118,7806.95799,,86.7538564325011,12.4489849661447
2868,2.46,0.62,0.225,0.26,0.2,21368.68678,2042.974609,6217.260103,,113.037911447313,10.8071022482014
2869,1.92,0.62,0.1,0.42,0.6,20394.63102,2433.79965,7776.619042,,107.885267774016,12.8745220588235
2870,0.84,0.75,0.475,0.42,0.4,20127.89964,2769.103807,8775.075107,,106.474289250952,14.6482427369869
2871,1.92,0.75,0.6,0.42,0.2,23361.21923,2495.820464,7806.030808,,123.578180438003,13.2026050782903
2872,0.3,0.1,0.475,0.26,0.4,20380.6957,1219.934025,497.4760127,,107.811551523487,6.45331160071943
2873,1.38,0.62,0.475,0.18,0.4,19730.44251,2406.113292,6999.354063,,104.371786447313,12.7280643884892
2874,3,0.23,0.35,0.18,0.8,23808.34445,1495.188905,2225.099799,,125.94342176259,7.90937846487516
2875,3,0.36,0.225,0.18,0.4,22545.61729,1588.887236,3391.427274,,119.26373936733,8.40503192975032
2876,0.3,0.36,0.1,0.18,0.4,15895.28207,1716.948693,3230.784927,,84.0842259310199,9.08246240478206
2877,2.46,0.23,0.475,0.42,0.6,25653.03335,1569.286623,2008.69805,,135.70161526661,8.30134692657639
2878,3,0.1,0.35,0.18,0.4,24908.34384,1105.349346,532.716705,,131.762292848074,5.84717174143039
2879,3,0.23,0.6,0.42,0.2,27513.28656,1469.433788,1572.503701,,145.542142192129,7.77313683876428
2880,0.3,0.23,0.6,0.34,0.8,20770.44868,1774.478414,2093.37697,,109.873300253915,9.386788055438
2881,3,0.36,0.1,0.26,0.6,22269.88704,1680.655549,3789.623947,,117.80515785019,8.89047581993229
2882,0.84,0.1,0.225,0.5,0.6,22314.4515,1223.80767,564.4545755,,118.040898751587,6.47380274016081
2883,1.92,0.75,0.1,0.42,0.2,20415.516,2334.915562,7806.030808,,107.995746931866,12.3514365319509
2884,3,0.62,0.1,0.26,0.8,20796.8827,2469.11928,8546.999977,,110.013133199323,13.0613588658485
2885,1.92,0.1,0.6,0.18,0.2,24268.9873,1169.471719,463.0824668,,128.380169805332,6.18637176787981
2886,1.92,0.1,0.1,0.34,0.8,22619.73507,1117.40858,671.5995253,,119.655813954719,5.91096371138383
2887,1.92,0.1,0.35,0.34,0.6,24183.33781,1191.571578,602.0938391,,127.927093789674,6.30327749682607
2888,0.84,0.75,0.1,0.42,0.4,17810.52646,2661.745832,8775.075107,,94.2156499153618,14.0803313161236
2889,1.38,0.36,0.35,0.5,0.6,22746.96643,1911.192819,3616.778068,,120.328853311468,10.1099916366906
2890,3,0.62,0.475,0.42,0.6,24614.38602,2477.60691,7770.036115,,130.207289568345,13.1062574587389
2891,1.38,0.36,0.35,0.5,0.6,22746.96643,1911.192819,3616.778068,,120.328853311468,10.1099916366906
2892,0.3,0.36,0.6,0.5,0.6,21542.72811,2102.304936,3619.542089,,113.958570196784,11.1209528988574
2893,1.38,0.36,0.35,0.18,0.8,19863.2079,1940.079186,4004.61389,,105.074100190436,10.2627972175201
2894,2.46,0.23,0.225,0.26,0.4,23014.40428,1354.381087,1790.789256,,121.74356898011,7.16452119657215
2895,0.3,0.23,0.225,0.34,0.4,18849.1188,1464.684553,1673.349188,,99.70968472281,7.74801392826915
2896,0.3,0.62,0.35,0.18,0.8,15989.74533,2843.304094,8566.144897,,84.5839257829031,15.0407537769784
2897,0.84,0.62,0.35,0.1,0.2,17253.63957,2229.326628,6220.110539,,91.269781898011,11.7928831358443
2898,2.46,0.1,0.1,0.1,0.6,21587.93709,1000.104145,602.2264778,,114.197720535336,5.29043665361828
2899,1.38,0.1,0.35,0.5,0.4,24379.5348,1228.852927,497.8088828,,128.964953449006,6.50049157321202
2900,2.46,0.75,0.475,0.18,0.6,21096.16914,2775.445404,9733.971976,,111.596324269996,14.6817890605163
2901,3,0.62,0.225,0.34,0.2,23006.32951,2023.594135,6216.10839,,121.700854369446,10.7045817551841
2902,1.38,0.49,0.6,0.5,0.8,23298.37378,2455.948964,6450.88629,,123.24573518832,12.991689399069
2903,0.3,0.1,0.225,0.5,0.8,20833.62288,1282.855695,630.9014586,,110.207484553534,6.78616004549302
2904,2.46,0.49,0.475,0.26,0.6,22924.36339,2170.956523,5607.957088,,121.26726296022,11.4841119498519
2905,1.38,0.36,0.475,0.42,0.6,22809.98971,1934.721406,3616.778068,,120.662239261532,10.2344551735083
2906,1.38,0.1,0.475,0.26,0.4,23096.86591,1189.43248,497.8088828,,122.179781580618,6.29196191282268
2907,0.84,0.49,0.35,0.18,0.4,18304.86583,2109.353927,5260.216808,,96.8306486986881,11.1582412558189
2908,0.3,0.49,0.475,0.42,0.8,19412.91243,2550.796289,6456.402351,,102.692088605586,13.4934209109183
2909,1.38,0.49,0.6,0.42,0.2,23243.32033,2016.253599,4662.708516,,122.954508728311,10.665751158485
2910,1.38,0.23,0.225,0.5,0.2,22974.98201,1377.29374,1462.967073,,121.535029676259,7.28572651290732
2911,0.84,0.36,0.6,0.1,0.8,19254.23586,2063.886314,4006.568812,,101.852707680914,10.917722778248
2912,1.92,0.1,0.6,0.5,0.8,26760.76521,1356.234521,671.5995253,,141.561390234871,7.17432565065595
2913,1.92,0.36,0.6,0.26,0.8,23086.9394,2009.115356,4193.175355,,122.127271476936,10.6279906686416
2914,0.84,0.23,0.475,0.26,0.2,21157.59079,1412.006313,1463.171452,,111.921237780364,7.46935205776555
2915,1.92,0.36,0.6,0.34,0.6,23899.64565,1933.642629,3793.639999,,126.426394678375,10.228748566441
2916,1.92,0.62,0.35,0.1,0.8,18933.85187,2627.737019,8555.777214,,100.15791298138,13.9004285812526
2917,3,0.75,0.35,0.18,0.4,21574.10359,2507.665501,8767.269282,,114.124542900973,13.2652639705882
2918,3,0.1,0.35,0.1,0.2,24244.49771,1050.412817,463.1467429,,128.25062267245,5.55656378015235
2919,3,0.49,0.1,0.5,0.8,23435.72499,2183.574225,6181.481717,,123.97230739526,11.5508581517139
2920,2.46,0.75,0.475,0.42,0.6,23154.38341,2793.800988,9733.971976,,122.48404258358,14.7788880025391
2921,2.46,0.62,0.225,0.18,0.8,19944.18198,2543.418725,8551.60683,,105.502443821413,13.4543944403301
2922,1.38,0.62,0.35,0.18,0.8,18570.33102,2696.352369,8559.563598,,98.2349292213288,14.2633959426576
2923,2.46,0.62,0.35,0.1,0.8,19966.1221,2573.571923,8551.60683,,105.618504549302,13.6139014123995
2924,1.38,0.36,0.225,0.34,0.4,20848.04375,1700.074178,3228.942246,,110.283769308083,8.99319814853999
2925,0.3,0.23,0.6,0.42,0.4,21678.04658,1625.854376,1673.349188,,114.674389441388,8.60058387642827
2926,0.84,0.36,0.35,0.18,0.2,19099.90355,1612.509997,2841.595155,,101.03630739526,8.52999363626746
2927,3,0.49,0.1,0.34,0.4,22507.66663,1875.209593,5028.472727,,119.06298471223,9.91964448264918
2928,1.92,0.23,0.35,0.5,0.2,24824.14731,1416.711487,1573.189732,,131.316902824799,7.49424189060516
2929,0.84,0.49,0.225,0.26,0.2,18488.79053,1900.432039,4663.433033,,97.8035893461701,10.0530683400339
2930,1.38,0.1,0.35,0.34,0.6,23026.45346,1200.076485,564.6880409,,121.807307765552,6.34826748307237
2931,0.84,0.75,0.475,0.18,0.8,17556.23268,3099.502488,10709.6115,,92.8704648751587,16.3960140076174
2932,2.46,0.23,0.1,0.5,0.6,24072.23432,1455.923012,2008.69805,,127.339369022429,7.70166637748625
2933,1.92,0.75,0.6,0.34,0.4,22426.21254,2683.747406,8771.522899,,118.632101883199,14.19671712865
2934,2.46,0.36,0.225,0.34,0.4,22990.15873,1654.860077,3392.851679,,121.615312790944,8.75402072048244
2935,0.84,0.62,0.35,0.1,0.2,17253.63957,2229.326628,6220.110539,,91.269781898011,11.7928831358443
2936,0.3,0.75,0.475,0.1,0.2,16185.2315,2624.440789,7808.584331,,85.6180252856538,13.8829919011849
2937,1.38,0.49,0.35,0.26,0.2,20497.85353,1891.224764,4662.708516,,108.431303057554,10.0043629073212
2938,2.46,0.62,0.225,0.1,0.4,19624.35389,2205.319585,6995.375679,,103.810589769361,11.6658886214558
2939,0.84,0.62,0.475,0.42,0.2,20857.21045,2312.779914,6220.110539,,110.332260103682,12.234341483284
2940,0.84,0.49,0.35,0.34,0.4,19748.31727,2136.586748,5260.216808,,104.466341885315,11.302299767245
2941,0.3,0.36,0.35,0.34,0.6,18810.28885,1989.284055,3619.542089,,99.5042787240796,10.5230853523064
2942,1.92,0.36,0.6,0.18,0.2,22859.68226,1643.371967,2994.569285,,120.925107173085,8.69324993123149
2943,2.46,0.36,0.6,0.26,0.2,24605.90784,1646.482246,2993.942804,,130.162440964875,8.70970295175624
2944,0.3,0.75,0.1,0.34,0.8,15300.10889,3083.692958,10712.72117,,80.9358278142192,16.3123834003386
2945,1.92,0.62,0.475,0.1,0.6,19858.01825,2515.140541,7776.619042,,105.046647534913,13.3048060780787
2946,3,0.23,0.6,0.42,0.4,27380.4788,1536.301852,1790.035734,,144.839604316547,8.12686125687685
2947,2.46,0.1,0.1,0.1,0.6,21587.93709,1000.104145,602.2264778,,114.197720535336,5.29043665361828
2948,1.92,0.1,0.225,0.26,0.2,22880.37075,1064.1476,463.0824668,,121.034546921286,5.629219212865
2949,1.92,0.62,0.225,0.18,0.8,18912.37375,2597.452327,8555.777214,,100.044296180702,13.7402260209479
2950,2.46,0.62,0.225,0.26,0.6,20860.83406,2407.832938,7773.491255,,110.351428586543,12.7371611193398
2951,3,0.36,0.1,0.18,0.2,21942.51269,1421.284856,2993.230601,,116.073384944985,7.51843449005502
2952,2.46,0.75,0.35,0.5,0.8,22863.10317,2916.803843,10698.44973,,120.943203396107,15.4295590509945
2953,0.3,0.75,0.475,0.42,0.4,18803.66834,2837.816745,8776.629944,,99.4692569826492,15.0117263277613
2954,3,0.75,0.6,0.1,0.6,21971.89642,2761.307946,9730.634564,,116.228821519255,14.6070035230639
2955,1.92,0.23,0.225,0.34,0.2,22788.89544,1318.178696,1573.189732,,120.550652983496,6.97301468472281
2956,1.92,0.75,0.35,0.5,0.4,22343.44627,2629.916975,8771.522899,,118.1942777719,13.9119602994075
2957,1.38,0.23,0.6,0.42,0.6,24176.26753,1640.405804,1882.258407,,127.889692816335,8.67755926787982
2958,2.46,0.49,0.35,0.34,0.4,23114.54791,1995.948472,5030.459304,,122.273317340245,10.5583393567499
2959,0.84,0.75,0.1,0.42,0.2,18090.3941,2450.036337,7807.806912,,95.6961177528566,12.9604122778248
2960,3,0.49,0.35,0.34,0.8,23688.75895,2228.095433,6181.481717,,125.310828131612,11.7863702549725
2961,3,0.49,0.225,0.18,0.8,21526.51752,2155.923997,6181.481717,,113.872818027931,11.4045916049513
2962,1.92,0.75,0.6,0.42,0.8,22611.91608,3017.057824,10702.50708,,119.614452391028,15.959891155311
2963,3,0.75,0.475,0.5,0.6,24706.19995,2776.05394,9730.634564,,130.692974767245,14.685008146424
2964,1.92,0.49,0.475,0.18,0.8,21017.63724,2320.658442,6189.021128,,111.180899492171,12.2760179961913
2965,1.92,0.1,0.225,0.34,0.6,23445.91868,1145.118159,602.0938391,,124.026230850614,6.05754421815489
2966,2.46,0.1,0.225,0.5,0.2,25901.15471,1146.672148,463.1266797,,137.014148910284,6.06576464240373
2967,1.92,0.23,0.475,0.42,0.2,24884.26951,1435.898293,1573.189732,,131.634942393144,7.59573790203132
2968,0.3,0.23,0.225,0.42,0.8,19295.53338,1664.274205,2093.37697,,102.071166842996,8.80382038192975
2969,1.38,0.1,0.475,0.42,0.8,24337.25038,1299.84835,631.567199,,128.741273698688,6.87604924883623
2970,1.38,0.23,0.225,0.1,0.4,19332.12819,1320.070539,1672.61274,,102.264749206517,6.98302231802793
2971,1.92,0.36,0.6,0.5,0.6,25190.99407,1969.416635,3793.639999,,133.257480268726,10.4179889705882
2972,0.3,0.49,0.475,0.1,0.4,16890.50129,2223.312096,5261.525804,,89.3488218895472,11.7610669487939
2973,0.3,0.1,0.1,0.42,0.6,19432.38615,1167.052823,564.1887356,,102.795102359289,6.17357608442658
2974,0.3,0.23,0.6,0.5,0.8,22097.19946,1818.215447,2093.37697,,116.891660283538,9.61815196254761
2975,0.3,0.75,0.475,0.5,0.6,19207.61994,3010.245702,9744.675557,,101.606114790521,15.9238558082945
2976,3,0.1,0.1,0.26,0.6,24034.09626,1057.930503,602.2866672,,127.137623042742,5.59633148011003
2977,3,0.62,0.35,0.5,0.4,24782.71958,2288.0071,6993.072253,,131.097754866695,12.1032961278036
2978,3,0.75,0.6,0.1,0.4,22231.28616,2570.430142,8767.269282,,117.600963605586,13.5972817498942
2979,0.3,0.1,0.225,0.42,0.6,20237.65567,1220.200799,564.1887356,,107.05488610876,6.45472280469742
2980,3,0.36,0.225,0.1,0.4,21799.76887,1563.15589,3391.427274,,115.318286447313,8.26891604951333
2981,2.46,0.62,0.475,0.5,0.4,24558.51398,2352.420257,6995.375679,,129.91173286077,12.4440343683876
2982,3,0.36,0.1,0.42,0.4,23813.47959,1611.89475,3391.427274,,125.970586066441,8.52673904993652
2983,1.92,0.36,0.475,0.1,0.6,21075.15588,1825.257057,3793.639999,,111.485166525603,9.65540127486246
2984,1.92,0.75,0.225,0.5,0.2,21872.4729,2390.022157,7806.030808,,115.702882458739,12.6429441229369
2985,3,0.62,0.225,0.34,0.8,22305.46015,2517.588521,8546.999977,,117.993335537452,13.3177556125688
2986,1.92,0.75,0.1,0.5,0.6,20509.26498,2737.261108,9737.01499,,108.491668324164,14.4797984976725
2987,2.46,0.23,0.475,0.34,0.6,25001.26967,1545.228084,2008.69805,,132.253859870927,8.17408000423191
2988,3,0.23,0.35,0.18,0.4,24019.15966,1366.38084,1790.035734,,127.058610135421,7.22799851883199
2989,1.92,0.49,0.1,0.1,0.4,18309.95854,1887.173603,5032.242432,,96.8575885526873,9.98293272852306
2990,2.46,0.49,0.475,0.18,0.4,22422.90532,2004.007611,5030.459304,,118.614607067287,10.6009712812103
2991,3,0.1,0.225,0.1,0.4,23442.6741,1029.243239,532.716705,,124.009067393144,5.44457913140076
2992,0.3,0.1,0.1,0.42,0.2,19565.79722,1093.710465,430.7632897,,103.500831675836,5.78560339081676
2993,0.84,0.23,0.1,0.5,0.2,20925.42198,1345.916963,1463.171452,,110.693091303428,7.11974694773593
2994,1.92,0.75,0.35,0.18,0.4,19617.35522,2601.339378,8771.522899,,103.77356760474,13.7607880765975
2995,0.3,0.62,0.35,0.34,0.4,17868.52974,2528.842339,7002.644712,,94.5224806390182,13.3772870239103
2996,0.3,0.49,0.475,0.26,0.6,18205.48232,2400.134316,5858.964078,,96.3049212865002,12.6964362886162
2997,0.3,0.36,0.225,0.1,0.8,15629.80015,2022.370597,4008.299251,,82.6798569085908,10.6981093789674
2998,2.46,0.49,0.1,0.5,0.6,22652.01448,2093.614215,5607.957088,,119.826568345324,11.0749799777825
2999,1.38,0.75,0.1,0.5,0.8,19185.52169,2949.714404,10706.21581,,101.489217573,15.6036521582734
3000,0.3,0.36,0.225,0.18,0.8,16415.16646,2034.507181,4008.299251,,86.8343549513331,10.7623105215827
3001,1.38,0.75,0.1,0.18,0.2,17174.47114,2362.126239,7806.95799,,90.8509899492171,12.4953779041473
3002,1.92,0.23,0.475,0.42,0.4,24752.91591,1509.243879,1791.407795,,130.940096857808,7.9837276713923
3003,2.46,0.75,0.6,0.42,0.4,24083.22768,2647.623102,8769.494223,,127.397522640711,14.0056236881083
3004,0.84,0.62,0.6,0.26,0.8,19496.36556,2830.789556,8563.008575,,103.133546127804,14.9745533008887
3005,0.3,0.75,0.475,0.42,0.8,18329.29331,3164.133203,10712.72117,,96.9598672767668,16.7379031051629
3006,0.84,0.1,0.35,0.42,0.6,22411.55087,1246.029473,564.4545755,,118.554543324164,6.59135353893356
3007,3,0.75,0.35,0.34,0.4,22974.01311,2527.540636,8767.269282,,121.529904305967,13.3704011637749
3008,0.84,0.1,0.1,0.18,0.8,18685.14701,1086.986349,631.2559117,,98.8422926893779,5.75003358548455
3009,1.92,0.75,0.35,0.26,0.8,19860.14098,2953.538434,10702.50708,,105.057876534067,15.6238808400339
3010,0.3,0.49,0.475,0.26,0.6,18205.48232,2400.134316,5858.964078,,96.3049212865002,12.6964362886162
3011,2.46,0.49,0.35,0.34,0.8,22741.67941,2263.313202,6185.454872,,120.300885579771,11.9726682289463
3012,1.38,0.75,0.1,0.18,0.8,16406.56597,2945.571069,10706.21581,,86.7888593419382,15.5817343895472
3013,1.92,0.1,0.225,0.42,0.2,24220.82102,1121.810764,463.0824668,,128.125375687685,5.93425076174355
3014,0.84,0.62,0.6,0.26,0.6,19696.13394,2687.128147,7782.042563,,104.190298032163,14.2146008622514
3015,2.46,0.23,0.475,0.26,0.8,24245.76827,1578.1414,2226.606843,,128.257343789674,8.348187685146
3016,0.84,0.36,0.6,0.18,0.2,20500.82456,1702.666111,2841.595155,,108.44701946678,9.00690917795176
3017,1.92,0.36,0.475,0.42,0.2,24251.50534,1674.556946,2994.569285,,128.287692234448,8.85821490689801
3018,0.84,0.23,0.475,0.18,0.6,20169.29505,1555.650019,1882.871544,,106.693266239949,8.22921084955565
3019,2.46,0.23,0.6,0.1,0.6,23545.69983,1509.169726,2008.69805,,124.554061732967,7.98333541049513
3020,1.92,0.36,0.35,0.42,0.8,23060.42616,1967.303396,4193.175355,,121.98701946678,10.4068101777402
3021,2.46,0.75,0.6,0.5,0.8,24241.73592,2978.531918,10698.44973,,128.236013118917,15.7560935146001
3022,2.46,0.49,0.6,0.34,0.6,24276.83839,2225.651009,5607.957088,,128.421701174355,11.7734395313161
3023,0.84,0.1,0.6,0.34,0.6,23107.42465,1306.6539,564.4545755,,122.23563610876,6.91204983072366
3024,0.84,0.1,0.475,0.5,0.6,23750.38627,1317.968453,564.4545755,,125.63682961278,6.9719025232755
3025,1.38,0.23,0.35,0.42,0.8,22718.25123,1621.686234,2091.904074,,120.176953184511,8.57853488150656
3026,1.38,0.49,0.6,0.34,0.8,21993.08299,2433.270782,6450.88629,,116.340896053745,12.8717244075328
3027,0.84,0.75,0.475,0.26,0.8,18282.30344,3097.942664,10709.6115,,96.7112962336014,16.3877627168853
3028,1.92,0.23,0.1,0.1,0.2,19810.29106,1177.302997,1573.189732,,104.794176153195,6.22779833368599
3029,3,0.49,0.475,0.42,0.2,25640.21385,1886.481149,4451.968231,,135.633801576386,9.97926972598392
3030,1.92,0.36,0.1,0.1,0.2,19139.80606,1430.917622,2994.569285,,101.247387113838,7.56939072154041
3031,1.92,0.1,0.225,0.26,0.6,22760.45428,1116.205024,602.0938391,,120.400202496826,5.90459703766399
3032,0.84,0.75,0.225,0.34,0.6,17700.48961,2877.550287,9742.343302,,93.6335675518409,15.2219122249259
3033,3,0.75,0.225,0.18,0.8,20326.01984,2822.694337,10693.99985,,107.522322471435,14.9317305173508
3034,2.46,0.75,0.225,0.34,0.6,21016.91899,2717.611187,9733.971976,,111.177100031739,14.3758526608125
3035,0.3,0.23,0.6,0.18,0.8,19331.01574,1729.612357,2093.37697,,102.258864473127,9.14945174037241
3036,0.3,0.75,0.475,0.42,0.4,18803.66834,2837.816745,8776.629944,,99.4692569826492,15.0117263277613
3037,1.38,0.23,0.225,0.34,0.8,21294.94766,1551.612415,2091.904074,,112.647839928058,8.20785238573847
3038,3,0.1,0.225,0.26,0.8,24796.03391,1121.724027,671.8566294,,131.168186151079,5.93379193292425
3039,1.38,0.36,0.6,0.26,0.4,22293.44024,1811.261338,3228.942246,,117.929751586966,9.58136552052476
3040,0.3,0.23,0.35,0.26,0.4,18901.0458,1487.114077,1673.349188,,99.9843726195514,7.86666354739738
3041,2.46,0.1,0.225,0.18,0.2,23245.32714,1034.188983,463.1266797,,122.96512452391,5.47074155205248
3042,3,0.23,0.6,0.5,0.2,28127.9026,1494.435041,1572.503701,,148.793390816758,7.90539061045281
3043,0.3,0.75,0.475,0.18,0.4,16690.67668,2830.163764,8776.629944,,88.2917725349133,14.9712429327127
3044,0.84,0.23,0.475,0.5,0.6,22915.56342,1651.657704,1882.871544,,121.220712124418,8.73708053322048
3045,0.3,0.1,0.35,0.5,0.4,21704.0744,1260.015252,497.4760127,,114.812073635209,6.66533671180703
3046,1.92,0.62,0.6,0.5,0.6,23988.55106,2595.404306,7776.619042,,126.896694138807,13.729392223868
3047,2.46,0.75,0.35,0.42,0.6,22442.58256,2759.276112,9733.971976,,118.718697418536,14.5962553533644
3048,2.46,0.75,0.35,0.18,0.6,20372.44453,2741.747814,9733.971976,,107.767903776978,14.5035326597546
3049,0.3,0.1,0.475,0.26,0.2,20446.71655,1184.453217,430.7632897,,108.160794276344,6.2656221804909
3050,1.38,0.1,0.6,0.5,0.4,25717.92108,1318.317258,497.8088828,,136.044863944139,6.9737476618705
3051,1.92,0.1,0.6,0.34,0.2,25641.00757,1226.832954,463.0824668,,135.638000264494,6.48980614684723
3052,2.46,0.49,0.225,0.1,0.6,19970.11944,2056.031678,5607.957088,,105.63965002116,10.8761726512907
3053,0.84,0.62,0.225,0.18,0.4,16993.4319,2398.156697,7001.076551,,89.893313055438,12.6859749100719
3054,0.84,0.36,0.6,0.26,0.6,20883.57032,1988.825803,3618.244259,,110.471700804063,10.520661251587
3055,1.38,0.49,0.6,0.18,0.2,21166.99714,1961.417719,4662.708516,,111.97099629708,10.3756756189166
3056,2.46,0.23,0.225,0.5,0.2,25126.97725,1363.314333,1572.880462,,132.918838605586,7.21177704718578
3057,3,0.23,0.35,0.18,0.6,23878.6899,1438.086634,2007.567767,,126.315541155311,7.60731397587812
3058,1.92,0.36,0.475,0.5,0.4,24705.59364,1813.633972,3394.104642,,130.689767456623,9.59391648328396
3059,2.46,0.62,0.1,0.26,0.2,20555.59745,1991.947161,6217.260103,,108.736761796445,10.5371728787558
3060,1.38,0.62,0.225,0.42,0.8,19903.41766,2673.521339,8559.563598,,105.286805226407,14.1426224026661
3061,0.3,0.62,0.225,0.34,0.2,17335.53814,2293.202425,6220.89462,,91.7030159754549,12.1307788034278
3062,0.3,0.49,0.35,0.26,0.8,17291.49365,2501.841929,6456.402351,,91.4700256559458,13.2344579401185
3063,0.84,0.62,0.225,0.5,0.8,19342.88505,2742.738684,8563.008575,,102.321651766822,14.5087742488362
3064,3,0.23,0.1,0.34,0.2,24019.56939,1256.609029,1572.503701,,127.060777560305,6.64731818133728
3065,0.84,0.49,0.475,0.18,0.8,18657.60641,2446.864805,6453.784358,,98.6966060622091,12.9436352359289
3066,1.38,0.36,0.35,0.1,0.6,19238.39614,1809.183957,3616.778068,,101.768917371985,9.57037641239949
3067,2.46,0.49,0.1,0.1,0.8,18976.66289,2137.079477,6185.454872,,100.384378385527,11.3049062473551
3068,2.46,0.49,0.1,0.42,0.2,22461.82699,1767.536127,4452.96152,,118.820498254338,9.35006415044435
3069,1.92,0.75,0.1,0.26,0.2,19033.96536,2315.011087,7806.030808,,100.687501904359,12.2461441335167
3070,2.46,0.1,0.1,0.26,0.2,23165.85715,1014.437156,463.1266797,,122.544737357173,5.36625664409649
3071,0.84,0.49,0.6,0.18,0.6,19520.03222,2345.922043,5857.000583,,103.258740055015,12.4096595588235
3072,1.38,0.36,0.6,0.26,0.4,22293.44024,1811.261338,3228.942246,,117.929751586966,9.58136552052476
3073,1.92,0.23,0.475,0.34,0.2,24229.01792,1409.302439,1573.189732,,128.168736352095,7.45504887325434
3074,1.92,0.36,0.225,0.42,0.4,22620.9275,1702.362943,3394.104642,,119.66212177317,9.0053054538722
3075,0.3,0.1,0.6,0.1,0.6,19499.59002,1242.953255,564.1887356,,103.150603152772,6.57508069720694
3076,1.38,0.75,0.35,0.5,0.2,21531.23053,2483.624075,7806.95799,,113.897749312315,13.1380875740584
3077,0.84,0.49,0.225,0.42,0.6,19456.11031,2261.454478,5857.000583,,102.92060045493,11.9628357913669
3078,0.84,0.75,0.35,0.26,0.2,18298.86223,2519.44223,7807.806912,,96.7988903406686,13.3275615213711
3079,3,0.62,0.1,0.34,0.8,21492.64317,2478.470286,8546.999977,,113.693626586966,13.1108246191282
3080,1.92,0.23,0.225,0.5,0.8,23734.93224,1578.215581,2227.843922,,125.555079559882,8.34858009415997
3081,1.38,0.49,0.225,0.1,0.2,18230.69991,1806.423231,4662.708516,,96.4383194561998,9.55577248730427
3082,2.46,0.49,0.225,0.34,0.8,21983.3924,2223.071213,6185.454872,,116.289633939907,11.7597927052476
3083,2.46,0.75,0.475,0.5,0.6,23788.64956,2801.090819,9733.971976,,125.839238044858,14.8174503755819
3084,1.92,0.75,0.1,0.34,0.6,19182.25956,2728.685923,9737.01499,,101.471961278036,14.4344367488362
3085,2.46,0.36,0.1,0.5,0.4,23501.81103,1651.758385,3392.851679,,124.321894995768,8.73761312420652
3086,3,0.75,0.475,0.18,0.4,22292.27876,2544.090283,8767.269282,,117.923607490478,13.4579469054168
3087,2.46,0.75,0.6,0.18,0.4,22035.25427,2622.021568,8769.494223,,116.56397730639,13.8701944985188
3088,1.92,0.62,0.35,0.26,0.8,20412.76467,2640.318177,8555.777214,,107.981192710537,13.9669814695303
3089,2.46,0.36,0.6,0.26,0.2,24605.90784,1646.482246,2993.942804,,130.162440964875,8.70970295175624
3090,0.84,0.49,0.475,0.1,0.4,18269.75242,2137.772292,5260.216808,,96.6449027719001,11.308571159543
3091,0.84,0.75,0.6,0.1,0.6,17716.22776,2969.949337,9742.343302,,93.7168205670758,15.7106926417689
3092,0.84,0.1,0.1,0.5,0.8,21468.47178,1203.771987,631.2559117,,113.565762695726,6.36781626639865
3093,2.46,0.62,0.475,0.18,0.4,21866.21855,2299.064875,6995.375679,,115.669797661871,12.1617904940753
3094,2.46,0.49,0.225,0.1,0.6,19970.11944,2056.031678,5607.957088,,105.63965002116,10.8761726512907
3095,0.84,0.75,0.6,0.1,0.6,17716.22776,2969.949337,9742.343302,,93.7168205670758,15.7106926417689
3096,1.92,0.36,0.475,0.18,0.4,22004.37717,1724.421657,3394.104642,,116.400640975455,9.12199353046974
3097,0.84,0.62,0.475,0.42,0.4,20613.58127,2498.304774,7001.076551,,109.043489578925,13.2157467943292
3098,0.3,0.49,0.1,0.42,0.6,17267.84542,2294.421531,5858.964078,,91.3449292213288,12.1372277348709
3099,3,0.23,0.1,0.42,0.4,24533.3641,1352.458842,1790.035734,,129.778692869234,7.15435274016081
3100,0.84,0.36,0.225,0.18,0.2,18328.96085,1564.336005,2841.595155,,96.9581086013542,8.27515872302158
3101,2.46,0.1,0.225,0.42,0.6,25161.81911,1166.205627,602.2264778,,133.103148063902,6.16909451438849
3102,0.84,0.36,0.475,0.26,0.4,20374.53915,1816.172479,3229.919707,,107.778984077444,9.60734489526026
3103,1.38,0.75,0.1,0.18,0.6,16629.45723,2777.017019,9739.796535,,87.9679286394414,14.6901027242912
3104,1.92,0.36,0.225,0.42,0.8,22307.91628,1921.122657,4193.175355,,118.006328184511,10.1625193451121
3105,1.92,0.1,0.225,0.26,0.4,22818.09561,1092.366052,532.588153,,120.705118546339,5.77849159966145
3106,0.3,0.75,0.1,0.42,0.6,16217.43157,2912.258434,9744.675557,,85.7883599767245,15.4055143567499
3107,3,0.62,0.6,0.18,0.2,23740.07991,2119.046386,6216.10839,,125.582310146001,11.2095132564537
3108,1.38,0.36,0.475,0.34,0.8,22007.71977,2018.234015,4004.61389,,116.418322947524,10.6762273328396
3109,3,0.75,0.225,0.18,0.8,20326.01984,2822.694337,10693.99985,,107.522322471435,14.9317305173508
3110,2.46,0.49,0.6,0.42,0.8,24776.72778,2353.430021,6185.454872,,131.066058929327,12.4493759045705
3111,1.38,0.75,0.475,0.5,0.4,21967.56626,2716.670421,8773.377263,,116.205915467626,14.3708761161659
3112,1.92,0.1,0.1,0.18,0.6,21246.03182,1035.679507,602.0938391,,112.389080723656,5.47862625370292
3113,0.84,0.75,0.6,0.1,0.8,17495.52267,3124.897528,10709.6115,,92.5493158590774,16.5303508675413
3114,1.92,0.23,0.225,0.5,0.2,24089.97228,1370.663726,1573.189732,,127.433200804063,7.25065449640288
3115,1.38,0.62,0.475,0.1,0.8,18545.9624,2725.4519,8559.563598,,98.1060220059247,14.4173291366906
3116,1.92,0.49,0.6,0.42,0.8,23761.11765,2396.235291,6189.021128,,125.693597386796,12.6758108918747
3117,0.3,0.1,0.1,0.34,0.4,18809.01756,1100.719187,497.4760127,,99.4975537452391,5.82267872936945
3118,1.92,0.49,0.35,0.1,0.2,20144.37846,1810.505088,4453.853084,,106.561460325857,9.57736504443504
3119,1.38,0.36,0.6,0.1,0.6,20647.96971,1897.022293,3616.778068,,109.225400497249,10.0350311732967
3120,0.84,0.36,0.475,0.18,0.2,19821.97194,1659.150166,2841.595155,,104.85596667372,8.7767148011003
3121,0.3,0.75,0.225,0.18,0.2,15428.66404,2552.061491,7808.584331,,81.6158698688108,13.5001136849344
3122,1.92,0.49,0.1,0.18,0.8,18690.75434,2199.62649,6189.021128,,98.8719548243758,11.6357727994075
3123,0.3,0.1,0.475,0.26,0.4,20380.6957,1219.934025,497.4760127,,107.811551523487,6.45331160071943
3124,2.46,0.1,0.1,0.26,0.8,23016.39347,1080.484352,671.7763769,,121.754091567922,5.71563876428269
3125,0.84,0.23,0.225,0.26,0.6,19418.87906,1487.918053,1882.871544,,102.72365139653,7.87091648857385
3126,2.46,0.62,0.35,0.18,0.4,21147.54089,2259.117216,6995.375679,,111.868074957681,11.950471942446
3127,0.84,0.75,0.35,0.18,0.2,17565.33564,2513.41384,7807.806912,,92.9186184934406,13.2956720270842
3128,2.46,0.62,0.1,0.26,0.6,20039.94061,2366.689382,7773.491255,,106.008996032586,12.5195164092256
3129,3,0.49,0.6,0.1,0.4,23307.05299,1993.041197,5028.472727,,123.29164721752,10.5429602041896
3130,0.3,0.75,0.225,0.1,0.2,14649.47731,2551.414049,7808.584331,,77.4940610981803,13.4966887907321
3131,2.46,0.1,0.225,0.1,0.8,22357.51388,1068.91478,671.7763769,,118.268693821413,5.65443705035971
3132,3,0.1,0.35,0.5,0.8,27452.44082,1253.393329,671.8566294,,145.220275179856,6.63030749576809
3133,2.46,0.36,0.6,0.1,0.6,22796.45221,1833.602922,3791.760555,,120.590627433347,9.69954994710114
3134,0.84,0.36,0.225,0.1,0.4,17367.9696,1680.534533,3229.919707,,91.8745746931866,8.88983565911976
3135,3,0.1,0.6,0.26,0.4,26936.38105,1219.950834,532.716705,,142.490377962336,6.4534005184088
3136,0.3,0.23,0.1,0.34,0.6,17899.21471,1505.943809,1883.363079,,94.6848006242065,7.96627067816335
3137,0.84,0.36,0.35,0.1,0.4,18148.70569,1728.138015,3229.919707,,96.0045794011849,9.14165263965298
3138,0.3,0.1,0.35,0.42,0.4,21052.39074,1232.262496,497.4760127,,111.364741536183,6.51852780363944
3139,3,0.75,0.6,0.26,0.2,23958.13757,2388.167296,7803.904,,126.735810251799,12.6331321201862
3140,3,0.75,0.6,0.1,0.2,22516.98254,2362.965125,7803.904,,119.11226481168,12.4998155152349
3141,1.38,0.75,0.475,0.34,0.8,20179.09144,3039.443545,10706.21581,,106.745088023699,16.0783090615743
3142,1.38,0.23,0.475,0.1,0.4,20816.53014,1414.23306,1672.61274,,110.117065911976,7.48113129496403
3143,0.84,0.23,0.1,0.34,0.2,19584.92179,1292.54281,1463.171452,,103.601998465933,6.83740377697842
3144,1.38,0.49,0.475,0.5,0.8,22628.70966,2418.907751,6450.88629,,119.703288510368,12.7957456146847
3145,2.46,0.1,0.475,0.5,0.2,27302.06935,1235.947051,463.1266797,,144.424827285231,6.53801867858654
3146,1.38,0.75,0.35,0.34,0.2,20213.36832,2464.360582,7806.95799,,106.92640880237,13.0361858971646
3147,0.3,0.1,0.1,0.18,0.2,17412.17481,1001.647601,430.7632897,,92.1084152031316,5.29860135950064
3148,1.92,0.49,0.35,0.34,0.2,22315.06632,1873.475373,4453.853084,,118.044151079137,9.91047065700381
3149,1.38,0.23,0.225,0.26,0.2,20961.90555,1296.830301,1462.967073,,110.886085220059,6.86008411447313
3150,2.46,0.49,0.225,0.1,0.6,19970.11944,2056.031678,5607.957088,,105.63965002116,10.8761726512907
3151,0.84,0.62,0.6,0.1,0.6,18212.73138,2678.979145,7782.042563,,96.3432679856115,14.1714935727888
3152,1.92,0.62,0.225,0.5,0.6,21855.54544,2484.237502,7776.619042,,115.613338129496,13.1413325327973
3153,3,0.23,0.225,0.42,0.4,25314.42099,1400.664501,1790.035734,,133.910394572577,7.40935516821837
3154,1.92,0.23,0.35,0.5,0.6,24560.58761,1562.369385,2009.625859,,129.922702126534,8.2647555279306
3155,0.84,0.1,0.35,0.1,0.8,19500.72679,1157.391846,631.2559117,,103.156616536183,6.12247061997461
3156,0.3,0.36,0.475,0.42,0.8,20065.47666,2159.851899,4008.299251,,106.144078819298,11.4253697577232
3157,0.3,0.62,0.475,0.5,0.8,19498.06631,2883.094182,8566.144897,,103.142542900973,15.251238796022
3158,1.38,0.36,0.1,0.5,0.8,21051.98596,1921.396435,4004.61389,,111.362600296234,10.1639675994499
3159,0.3,0.75,0.225,0.26,0.8,15431.315,3115.771682,10712.72117,,81.6298931443081,16.4820761849344
3160,0.3,0.49,0.225,0.5,0.6,18760.60098,2346.311359,5858.964078,,99.2414355691917,12.4117189959797
3161,0.3,0.36,0.1,0.5,0.2,18926.00671,1658.834999,2842.027765,,100.11641298138,8.77504760368176
3162,0.84,0.62,0.35,0.5,0.6,20315.19005,2634.922549,7782.042563,,107.465034119763,13.938439213923
3163,0.84,0.23,0.475,0.42,0.2,22524.04874,1464.306717,1463.171452,,119.149644202285,7.74601521900127
3164,0.84,0.49,0.1,0.5,0.8,19113.45543,2364.380491,6453.784358,,101.107995292002,12.507302639653
3165,3,0.62,0.1,0.1,0.6,19505.47903,2303.791354,7770.036115,,103.181755342785,12.1867930279306
3166,0.3,0.49,0.6,0.34,0.2,19999.03596,2121.589034,4664.087531,,105.792615107914,11.2229635738468
3167,0.84,0.62,0.1,0.26,0.8,16457.51623,2697.141944,8563.008575,,87.0583803956835,14.2675727041896
3168,1.92,0.36,0.6,0.26,0.2,23571.49407,1668.855388,2994.569285,,124.690510315277,8.82805431654676
3169,3,0.36,0.475,0.18,0.4,24003.87646,1678.279809,3391.427274,,126.977763753703,8.87790842678798
3170,1.38,0.23,0.35,0.5,0.2,23714.22939,1424.148707,1462.967073,,125.445563848921,7.53358393461701
3171,0.84,0.75,0.35,0.1,0.6,16280.43922,2911.056863,9742.343302,,86.1216632458739,15.3991581834532
3172,0.84,0.36,0.35,0.5,0.4,21688.87637,1834.518192,3229.919707,,114.73167779306,9.70439162082099
3173,2.46,0.75,0.6,0.18,0.8,21563.52769,2959.12134,10698.44973,,114.068597598392,15.6534137748625
3174,0.3,0.1,0.6,0.26,0.4,21051.87287,1265.455517,497.4760127,,111.362002063055,6.69411509204401
3175,2.46,0.62,0.6,0.42,0.4,24590.08872,2376.383048,6995.375679,,130.078759627592,12.5707947947524
3176,0.3,0.1,0.35,0.34,0.8,20249.40178,1275.792277,630.9014586,,107.117021688532,6.74879537134998
3177,1.38,0.75,0.6,0.5,0.2,22909.54012,2557.109678,7806.95799,,121.18884955565,13.5268180173508
3178,0.84,0.75,0.1,0.34,0.8,16638.76351,3008.55776,10709.6115,,88.0171577972916,15.9149267879814
3179,1.92,0.1,0.35,0.26,0.6,23502.34668,1163.014324,602.0938391,,124.324728523064,6.15221288616166
3180,1.92,0.75,0.6,0.26,0.2,22015.34901,2475.963812,7806.030808,,116.458680755396,13.0975656580618
3181,0.84,0.62,0.225,0.5,0.6,19549.53764,2597.59716,7782.042563,,103.41482035548,13.7409921709691
3182,1.92,0.1,0.225,0.5,0.2,24851.86224,1149.180241,463.0824668,,131.463511637749,6.07903216779518
3183,1.92,0.62,0.225,0.18,0.2,19609.73245,2070.482464,6218.302699,,103.733244022429,10.9526156580618
3184,2.46,0.62,0.225,0.1,0.2,19889.70545,2010.204312,6217.260103,,105.214269202285,10.6337511214558
3185,3,0.49,0.225,0.34,0.6,23090.68462,2075.781768,5604.977222,,122.147083262802,10.9806483707152
3186,0.84,0.23,0.1,0.34,0.2,19584.92179,1292.54281,1463.171452,,103.601998465933,6.83740377697842
3187,1.92,0.75,0.35,0.42,0.4,21701.79143,2621.909048,8771.522899,,114.799996984765,13.8695992805755
3188,1.38,0.23,0.35,0.26,0.6,21447.89746,1504.394151,1882.258407,,113.456926893779,7.95807316440965
3189,3,0.49,0.6,0.1,0.4,23307.05299,1993.041197,5028.472727,,123.29164721752,10.5429602041896
3190,3,0.36,0.225,0.42,0.2,24795.64515,1545.73544,2993.230601,,131.166129655099,8.17676385950064
3191,0.3,0.23,0.225,0.42,0.4,19537.33513,1489.237664,1673.349188,,103.350270471858,7.87789707998307
3192,0.3,0.49,0.35,0.18,0.6,16730.19227,2355.175429,5858.964078,,88.5008054909014,12.4586089134575
3193,0.84,0.75,0.1,0.18,0.4,15664.83302,2652.504079,8775.075107,,82.8651767879814,14.0314434987304
3194,2.46,0.75,0.35,0.34,0.6,21780.06343,2752.836558,9733.971976,,115.214046921287,14.5621908484977
3195,2.46,0.62,0.1,0.5,0.6,22059.44514,2398.752001,7773.491255,,116.691944244604,12.6891240002116
3196,0.3,0.23,0.475,0.1,0.4,18112.8585,1480.318259,1673.349188,,95.8149518620398,7.83071444667795
3197,0.84,0.62,0.1,0.5,0.6,18728.17487,2559.356812,7782.042563,,99.0699051523487,13.5387050994499
3198,0.84,0.1,0.225,0.34,0.6,20992.84336,1167.382912,564.4545755,,111.049742699958,6.1753222175201
3199,2.46,0.36,0.6,0.5,0.2,26557.45248,1718.169227,2993.942804,,140.485889123995,9.08891889018197
3200,2.46,0.62,0.225,0.34,0.8,21362.59828,2559.371777,8551.60683,,113.005703977994,13.5387842625899
3201,1.38,0.1,0.6,0.1,0.4,22306.8281,1175.816028,497.8088828,,118.000571836648,6.21993243757935
3202,1.92,0.62,0.6,0.42,0.8,23162.32025,2723.57618,8555.777214,,122.526027560305,14.4074067922133
3203,0.3,0.36,0.1,0.26,0.2,16837.36931,1591.934532,2842.027765,,89.0677597862886,8.42115177740161
3204,1.92,0.36,0.35,0.26,0.2,22198.84404,1580.865417,2994.569285,,117.429348497672,8.36259742382565
3205,2.46,0.62,0.225,0.5,0.6,22864.30608,2439.404518,7773.491255,,120.94956665256,12.9041711701227
3206,0.3,0.23,0.6,0.34,0.4,21002.9198,1602.030408,1673.349188,,111.103045916208,8.47455780787135
3207,2.46,0.49,0.6,0.26,0.4,23805.04238,2063.008648,5030.459304,,125.92595418959,10.9130800253915
3208,1.92,0.75,0.35,0.26,0.4,20340.60028,2608.123959,8771.522899,,107.599451333051,13.7966777348709
3209,3,0.36,0.475,0.1,0.6,23084.29521,1770.282202,3789.623947,,122.113284013965,9.36459057342361
3210,0.3,0.49,0.35,0.42,0.6,18870.33664,2377.946989,5858.964078,,99.8219246720271,12.5790678639441
3211,1.92,0.62,0.1,0.42,0.8,20195.73008,2579.29073,8555.777214,,106.833104528142,13.6441532479898
3212,3,0.49,0.475,0.26,0.6,23867.75545,2139.885911,5604.977222,,126.257699164198,11.3197519625476
3213,3,0.75,0.475,0.1,0.2,21840.77072,2325.988895,7803.904,,115.535181548879,12.3042154834956
3214,3,0.36,0.35,0.5,0.6,25788.79946,1843.732474,3789.623947,,136.419802475667,9.75313411976301
3215,0.84,0.23,0.6,0.26,0.2,21827.72048,1455.859436,1463.171452,,115.466147270419,7.70133006771054
3216,1.38,0.23,0.475,0.18,0.4,21568.61594,1442.239804,1672.61274,,114.095513859501,7.62928377063056
3217,0.84,0.75,0.225,0.1,0.8,15265.27367,3049.639599,10709.6115,,80.7515534807448,16.1322450222175
3218,1.92,0.36,0.1,0.5,0.2,22658.99078,1556.485344,2994.569285,,119.863472175201,8.23362962336014
3219,1.92,0.1,0.1,0.42,0.6,23320.80367,1124.525622,602.0938391,,123.364386743546,5.94861205035971
3220,1.92,0.23,0.35,0.1,0.6,21104.09528,1436.361178,2009.625859,,111.638252644943,7.59818651079137
3221,0.3,0.23,0.1,0.18,0.6,16417.13047,1454.83264,1883.363079,,86.8447443398223,7.69589843419382
3222,0.84,0.75,0.1,0.42,0.6,17551.45504,2845.827135,9742.343302,,92.8451917054592,15.0541003755819
3223,1.38,0.23,0.1,0.34,0.4,20722.04271,1351.972992,1672.61274,,109.617238203555,7.15178264917478
3224,1.38,0.23,0.475,0.42,0.4,23643.01665,1522.0148,1672.61274,,125.068856591198,8.0512843842573
3225,2.46,0.49,0.1,0.1,0.4,19363.16649,1846.165615,5030.459304,,102.428938267033,9.7660051576386
3226,0.3,0.75,0.35,0.34,0.6,17150.27123,2976.696427,9744.675557,,90.7229751904359,15.7463839769361
3227,1.92,0.49,0.6,0.42,0.4,24128.34981,2134.504527,5032.242432,,127.636213552687,11.2912850560728
3228,0.3,0.62,0.475,0.26,0.6,17667.99828,2725.973335,7784.394805,,93.46169212865,14.4200874682607
3229,3,0.49,0.35,0.1,0.2,22155.6346,1748.022032,4451.968231,,117.200775497249,9.24683681760474
3230,1.92,0.49,0.475,0.18,0.2,21615.12372,1875.827475,4453.853084,,114.34153470165,9.92291300782903
3231,0.3,0.75,0.35,0.42,0.6,17829.21976,2976.532056,9744.675557,,94.3145353364367,15.7455144731274
3232,2.46,0.1,0.225,0.18,0.2,23245.32714,1034.188983,463.1266797,,122.96512452391,5.47074155205248
3233,2.46,0.49,0.6,0.42,0.2,25360.99004,1945.786761,4452.96152,,134.156739526026,10.2929896371138
3234,0.84,0.23,0.475,0.42,0.4,22395.70886,1547.043373,1673.021498,,118.470740901397,8.18368267562421
3235,0.84,0.1,0.225,0.42,0.4,21727.45351,1164.503411,497.6532392,,114.935746455777,6.1600899862463
3236,0.84,0.23,0.35,0.26,0.6,20182.96282,1535.503335,1882.871544,,106.765567181549,8.12263719318663
3237,0.84,0.75,0.6,0.5,0.2,21717.66283,2612.981141,7807.806912,,114.883954877275,13.8223716726619
3238,0.84,0.36,0.35,0.34,0.4,20360.39139,1792.704624,3229.919707,,107.704144043589,9.48320262378333
3239,3,0.62,0.475,0.42,0.2,25111.80062,2137.748917,6216.10839,,132.838555966991,11.3084475084638
3240,0.84,0.62,0.1,0.5,0.4,18965.32434,2386.566086,7001.076551,,100.324398751587,12.6246619022429
3241,0.3,0.23,0.225,0.26,0.4,18131.7991,1438.666572,1673.349188,,95.9151454718578,7.61038178163352
3242,0.84,0.23,0.35,0.42,0.6,21562.47115,1583.978717,1882.871544,,114.063008622514,8.37906642509522
3243,0.3,0.23,0.6,0.18,0.4,19565.92265,1551.814614,1673.349188,,103.501495186204,8.2089219953449
3244,0.3,0.62,0.35,0.1,0.6,15420.39911,2688.59123,7784.394805,,81.5721493334744,14.2223404041473
3245,1.92,0.49,0.35,0.42,0.8,22380.78996,2320.264268,6189.021128,,118.391821625053,12.2739328607702
3246,1.38,0.36,0.1,0.26,0.6,19143.38381,1756.373929,3616.778068,,101.266313002539,9.29101739843419
3247,0.84,0.36,0.225,0.5,0.4,20934.92725,1787.207992,3229.919707,,110.743373095641,9.45412606855692
3248,1.92,0.23,0.1,0.26,0.8,20924.96467,1457.849547,2227.843922,,110.690672185781,7.71185752750741
3249,2.46,0.49,0.1,0.26,0.4,20855.72966,1884.434002,5030.459304,,110.324426893779,9.96844055226407
3250,2.46,0.1,0.475,0.26,0.4,25316.47656,1179.40497,532.6765788,,133.921268303005,6.23891753068134
3251,0.84,0.62,0.6,0.34,0.4,20619.39798,2527.182623,7001.076551,,109.074259310199,13.368507315912
3252,1.92,0.62,0.225,0.5,0.8,21658.98299,2625.274898,8555.777214,,114.573545228523,13.8874042424884
3253,0.3,0.1,0.1,0.1,0.8,16421.21204,1081.822629,630.9014586,,86.8663353787558,5.72271809669911
3254,1.92,0.49,0.6,0.5,0.6,24555.96265,2293.690269,5610.63178,,129.898236616589,12.133359442446
3255,3,0.75,0.475,0.34,0.6,23421.71925,2749.115486,9730.634564,,123.898218630978,14.5425068027931
3256,1.92,0.36,0.1,0.42,0.6,21636.38738,1774.250886,3793.639999,,114.454017033432,9.3855844583157
3257,0.84,0.75,0.475,0.26,0.8,18282.30344,3097.942664,10709.6115,,96.7112962336014,16.3877627168853
3258,3,0.75,0.225,0.1,0.4,20057.53372,2460.284409,8767.269282,,106.10206157427,13.0146234077444
3259,3,0.36,0.35,0.18,0.4,23297.91738,1634.696977,3391.427274,,123.243320884469,8.64736022534913
3260,1.38,0.75,0.6,0.42,0.6,21744.70131,2918.921001,9739.796535,,115.026985347017,15.4407585749048
3261,0.3,0.75,0.35,0.42,0.2,18345.98596,2603.478295,7808.584331,,97.0481694879391,13.7721027031316
3262,2.46,0.62,0.475,0.5,0.8,24133.3481,2651.337376,8551.60683,,127.662653935675,14.0252717731697
3263,0.3,0.23,0.35,0.26,0.8,18660.63346,1666.486982,2093.37697,,98.7126188108337,8.81552571942446
3264,2.46,0.1,0.1,0.42,0.2,24501.73694,1071.825628,463.1266797,,129.611388806602,5.66983510368176
3265,1.92,0.1,0.1,0.18,0.8,21206.77338,1058.39118,671.5995253,,112.181408061786,5.59876840880237
3266,1.38,0.36,0.6,0.34,0.8,22679.99345,2057.564163,4004.61389,,119.974573899704,10.8842793218367
3267,0.3,0.1,0.6,0.42,0.8,22300.93076,1392.718206,630.9014586,,117.969375581887,7.36732017562421
3268,1.92,0.36,0.475,0.42,0.8,23766.76152,2008.252962,4193.175355,,125.723452814219,10.62342870292
3269,1.92,0.36,0.1,0.34,0.4,21146.19166,1630.911495,3394.104642,,111.860937685146,8.62733545810411
3270,3,0.75,0.225,0.1,0.4,20057.53372,2460.284409,8767.269282,,106.10206157427,13.0146234077444
3271,0.84,0.62,0.35,0.42,0.8,19459.54603,2774.77764,8563.008575,,102.93877502116,14.678256665256
3272,0.84,0.62,0.475,0.5,0.2,21505.05292,2324.323587,6220.110539,,113.759272746509,12.2954061944562
3273,0.3,0.1,0.475,0.26,0.4,20380.6957,1219.934025,497.4760127,,107.811551523487,6.45331160071943
3274,1.92,0.75,0.6,0.42,0.4,23085.884,2691.594693,8771.522899,,122.121688531528,14.238228380237
3275,0.84,0.49,0.225,0.34,0.6,18772.96574,2250.295395,5857.000583,,99.3068437367753,11.9038055173508
3276,0.3,0.62,0.6,0.1,0.2,17315.13921,2389.149276,6220.89462,,91.5951079665679,12.6383266821837
3277,0.84,0.36,0.225,0.34,0.8,19276.17989,1990.181147,4006.568812,,101.968789092256,10.5278308664833
3278,1.92,0.75,0.35,0.42,0.6,21440.19,2803.328278,9737.01499,,113.416155311045,14.8292862780364
3279,3,0.75,0.225,0.42,0.4,22879.96919,2498.853977,8767.269282,,121.032422714769,13.2186520154465
3280,0.84,0.1,0.225,0.42,0.8,21612.86936,1228.045007,631.2559117,,114.329609394837,6.4962177687262
3281,1.38,0.49,0.225,0.26,0.2,19733.54281,1844.872658,4662.708516,,104.388186680068,9.75916556284384
3282,2.46,0.75,0.1,0.34,0.4,20466.80608,2488.469295,8769.494223,,108.267065594583,13.1637182342361
3283,1.92,0.23,0.35,0.5,0.6,24560.58761,1562.369385,2009.625859,,129.922702126534,8.2647555279306
3284,1.38,0.36,0.475,0.1,0.4,20141.13042,1724.174592,3228.942246,,106.544278565383,9.12068658484977
3285,0.84,0.62,0.475,0.34,0.2,20183.39445,2302.911617,6220.110539,,106.76785045493,12.1821393197207
3286,0.84,0.1,0.1,0.1,0.4,18034.43087,991.5875984,497.6532392,,95.4000786606009,5.24538509521794
3287,3,0.1,0.35,0.1,0.2,24244.49771,1050.412817,463.1467429,,128.25062267245,5.55656378015235
3288,0.3,0.62,0.475,0.5,0.6,19704.6758,2738.225446,7784.394805,,104.235483495557,14.4848997355057
3289,0.84,0.62,0.35,0.26,0.2,18757.68026,2250.426903,6220.110539,,99.2259852941177,11.9045011796445
3290,2.46,0.1,0.225,0.1,0.8,22357.51388,1068.91478,671.7763769,,118.268693821413,5.65443705035971
3291,2.46,0.49,0.475,0.5,0.6,24900.80489,2219.713455,5607.957088,,131.722412663986,11.7420305490901
3292,0.3,0.62,0.225,0.42,0.8,17341.26299,2814.255436,8566.144897,,91.7332997778248,14.8870896953026
3293,3,0.49,0.475,0.26,0.4,24081.0275,1993.083353,5028.472727,,127.385883939907,10.5431832046128
3294,2.46,0.23,0.6,0.42,0.8,26231.58366,1666.564068,2226.606843,,138.762080300466,8.8159334955565
3295,0.3,0.49,0.225,0.18,0.8,15759.37521,2459.739377,6456.402351,,83.3652941705459,13.0117402507406
3296,3,0.49,0.225,0.42,0.8,23596.57913,2203.153741,6181.481717,,124.82320741642,11.6544315541684
3297,0.84,0.62,0.225,0.18,0.8,16558.60082,2729.607983,8563.008575,,87.5931063267034,14.4393143408802
3298,0.3,0.62,0.35,0.34,0.4,17868.52974,2528.842339,7002.644712,,94.5224806390182,13.3772870239103
3299,0.84,0.75,0.6,0.1,0.2,18226.67294,2580.822605,7807.806912,,96.4170172450275,13.6522566917055
3300,2.46,0.75,0.35,0.34,0.6,21780.06343,2752.836558,9733.971976,,115.214046921287,14.5621908484977
3301,1.38,0.23,0.475,0.26,0.6,22158.40779,1549.542394,1882.258407,,117.21544535548,8.19690221117224
3302,0.84,0.49,0.1,0.18,0.2,16911.25869,1833.26414,4663.433033,,89.4586261637749,9.69775782903089
3303,0.3,0.75,0.6,0.34,0.8,18343.72854,3188.100622,10712.72117,,97.0362279940753,16.8646880131189
3304,1.92,0.75,0.225,0.1,0.8,17600.57477,2919.177524,10702.50708,,93.1050294646636,15.4421155522641
3305,1.92,0.1,0.225,0.26,0.8,22722.52729,1137.978327,671.5995253,,120.199573053322,6.01977532268303
3306,2.46,0.62,0.35,0.26,0.2,22127.07225,2087.565374,6217.260103,,117.049683929327,11.0429823000423
3307,3,0.75,0.1,0.26,0.8,20222.41888,2791.286132,10693.99985,,106.974285230639,14.7655847016504
3308,1.92,0.1,0.1,0.34,0.6,22657.83864,1096.293188,602.0938391,,119.857377486246,5.79926570038087
3309,2.46,0.1,0.1,0.5,0.6,25014.84726,1144.487014,602.2264778,,132.325683770631,6.05420553322048
3310,1.38,0.36,0.6,0.1,0.4,20821.95421,1766.084347,3228.942246,,110.145758622514,9.34238440012696
3311,2.46,0.23,0.35,0.18,0.8,22830.52356,1508.447144,2226.606843,,120.770860981803,7.97951303427846
3312,1.38,0.75,0.6,0.5,0.4,22638.54556,2751.197289,8773.377263,,119.755319297503,14.5535193027931
3313,2.46,0.75,0.1,0.26,0.6,19498.26914,2674.561844,9733.971976,,103.143615848498,14.1481265552264
3314,3,0.49,0.225,0.1,0.6,20933.62561,2021.951202,5604.977222,,110.736487568769,10.6958908273381
3315,0.84,0.75,0.35,0.34,0.8,18251.23129,3070.98483,10709.6115,,96.5469281104528,16.2451588552687
3316,1.92,0.75,0.35,0.18,0.4,19617.35522,2601.339378,8771.522899,,103.77356760474,13.7607880765975
3317,2.46,0.36,0.225,0.34,0.6,22806.23439,1771.624537,3791.760555,,120.642374047821,9.37169137219636
3318,1.92,0.1,0.475,0.34,0.2,24990.44787,1184.903016,463.0824668,,132.196613785442,6.26800156580618
3319,1.38,0.36,0.225,0.34,0.2,21033.54727,1575.721723,2841.106425,,111.265061732967,8.335387870292
3320,1.38,0.62,0.35,0.18,0.2,19255.03112,2170.569321,6219.249295,,101.856914515446,11.4820636955142
3321,1.38,0.23,0.6,0.26,0.6,22827.31639,1591.603883,1882.258407,,120.753895418959,8.41940268197207
3322,2.46,0.1,0.225,0.5,0.8,25760.1349,1210.904442,671.7763769,,136.268170228523,6.40554613838341
3323,3,0.36,0.475,0.1,0.4,23268.03369,1653.693566,3391.427274,,123.085239578925,8.74785001057977
3324,1.38,0.62,0.1,0.34,0.2,19102.15307,2104.791562,6219.249295,,101.048207099027,11.1341068662717
3325,1.38,0.1,0.6,0.1,0.8,22203.12656,1228.493149,631.567199,,117.452002539145,6.4985883887008
3326,1.92,0.1,0.225,0.1,0.4,21357.69476,1030.38161,532.588153,,112.979764917478,5.45060098391875
3327,1.92,0.49,0.225,0.26,0.8,20250.59741,2254.46594,6189.021128,,107.123346434617,11.925867223868
3328,1.38,0.49,0.475,0.34,0.2,21909.45417,1953.20576,4662.708516,,115.898509151502,10.3322352941176
3329,1.92,0.23,0.1,0.18,0.4,20427.38356,1288.200049,1791.407795,,108.058524968261,6.81443106749894
3330,2.46,0.49,0.225,0.26,0.2,21902.17996,1773.232596,4452.96152,,115.860029411765,9.38019782056708
3331,1.92,0.1,0.225,0.1,0.6,21298.33853,1054.589688,602.0938391,,112.665777242912,5.57865895048667
3332,1.92,0.49,0.35,0.5,0.4,23397.63175,2071.138094,5032.242432,,123.770798508252,10.9560838658485
3333,2.46,0.62,0.225,0.26,0.2,21368.68678,2042.974609,6217.260103,,113.037911447313,10.8071022482014
3334,0.3,0.75,0.1,0.18,0.2,14579.77001,2509.67938,7808.584331,,77.1253174460432,13.2759171603893
3335,0.84,0.49,0.6,0.34,0.4,21145.20743,2216.476648,5260.216808,,111.855731220906,11.7249082099027
3336,0.84,0.62,0.6,0.26,0.2,20162.90404,2329.848363,6220.110539,,106.659458527296,12.3246316282268
3337,2.46,0.62,0.225,0.5,0.8,22671.86317,2577.99336,8551.60683,,119.931565647482,13.6372903089293
3338,2.46,0.62,0.225,0.1,0.6,19380.62916,2387.763801,7773.491255,,102.521313796022,12.6309976777402
3339,1.92,0.62,0.475,0.26,0.6,21328.28271,2532.206203,7776.619042,,112.824178533644,13.39508148011
3340,1.92,0.23,0.35,0.1,0.6,21104.09528,1436.361178,2009.625859,,111.638252644943,7.59818651079137
3341,2.46,0.49,0.6,0.34,0.2,24708.05576,1925.476147,4452.96152,,130.702791790097,10.1855488097757
3342,1.38,0.36,0.35,0.5,0.6,22746.96643,1911.192819,3616.778068,,120.328853311468,10.1099916366906
3343,1.92,0.49,0.35,0.34,0.8,21713.35224,2307.611946,6189.021128,,114.861152348709,12.2070035230639
3344,2.46,0.75,0.6,0.34,0.6,23168.90498,2820.202434,9733.971976,,122.560860029623,14.9185486352095
3345,2.46,0.49,0.6,0.42,0.8,24776.72778,2353.430021,6185.454872,,131.066058929327,12.4493759045705
3346,0.3,0.23,0.475,0.18,0.8,18645.87808,1687.587098,2093.37697,,98.634564536606,8.92714292213288
3347,2.46,0.23,0.225,0.34,0.2,23839.17071,1310.410508,1572.880462,,126.106489155734,6.93192185780787
3348,2.46,0.75,0.1,0.5,0.2,22079.65497,2301.454325,7805.01647,,116.798851936098,12.1744304115531
3349,1.92,0.1,0.6,0.42,0.6,26174.20986,1308.2579,602.0938391,,138.458579454084,6.92053480744816
3350,1.38,0.1,0.1,0.34,0.6,21488.84675,1103.2335,564.6880409,,113.67354395895,5.83597915785019
3351,0.3,0.36,0.475,0.34,0.6,19533.88602,2031.084441,3619.542089,,103.332025074058,10.7442046180703
3352,1.38,0.62,0.1,0.18,0.8,16948.45954,2623.584537,8559.563598,,89.6554144096488,13.8784624259416
3353,0.84,0.1,0.35,0.34,0.6,21742.08388,1217.650981,564.4545755,,115.013139441388,6.44123455882353
3354,1.38,0.75,0.225,0.1,0.6,16705.95316,2810.250865,9739.796535,,88.3725833685993,14.865905972281
3355,3,0.49,0.1,0.18,0.4,21090.20624,1834.175837,5028.472727,,111.564781210326,9.702580601989
3356,3,0.36,0.6,0.18,0.4,24668.39524,1719.639129,3391.427274,,130.492992170969,9.09669450380872
3357,0.84,0.49,0.475,0.5,0.2,22003.70334,2042.251333,4663.433033,,116.397076491748,10.8032762008041
3358,0.3,0.1,0.225,0.42,0.2,20368.3088,1145.016938,430.7632897,,107.746026237833,6.05700877063056
3359,2.46,0.75,0.6,0.1,0.8,20823.4797,2957.373094,10698.44973,,110.153828290309,15.6441657532797
3360,0.3,0.1,0.6,0.5,0.4,23064.93391,1349.015919,497.4760127,,122.010864949217,7.13614007088447
3361,0.84,0.23,0.6,0.1,0.2,20348.80687,1400.953806,1463.171452,,107.642863256454,7.41088555861193
3362,0.3,0.49,0.475,0.1,0.6,16695.75143,2388.124818,5858.964078,,88.3186173825645,12.6329074164198
3363,1.38,0.23,0.225,0.5,0.4,22842.65973,1453.308309,1672.61274,,120.835059934405,7.68783489737622
3364,1.38,0.75,0.1,0.34,0.2,18624.9063,2379.095632,7806.95799,,98.5236262166737,12.5851440541684
3365,0.84,0.23,0.475,0.26,0.6,20899.17573,1581.32085,1882.871544,,110.554251639865,8.36500661235717
3366,0.84,0.36,0.475,0.42,0.2,21924.83311,1729.135501,2841.595155,,115.979861986881,9.14692922661871
3367,0.3,0.23,0.1,0.1,0.8,15503.42984,1521.176043,2093.37697,,82.011372407956,8.04684745556496
3368,0.3,0.36,0.475,0.18,0.8,17935.9439,2117.602428,4008.299251,,94.879093842573,11.2018748836225
3369,0.3,0.1,0.1,0.26,0.2,18160.89476,1033.362739,430.7632897,,96.0690581887431,5.46637081570038
3370,1.38,0.49,0.6,0.5,0.8,23298.37378,2455.948964,6450.88629,,123.24573518832,12.991689399069
3371,0.3,0.75,0.1,0.42,0.4,16469.7999,2732.099011,8776.629944,,87.1233596064325,14.4524915943716
3372,2.46,0.62,0.1,0.18,0.2,19825.6273,1975.569158,6217.260103,,104.875303110453,10.4505351142615
3373,2.46,0.62,0.35,0.26,0.4,21866.47163,2272.331134,6995.375679,,115.671136426153,12.0203720588235
3374,0.84,0.49,0.225,0.42,0.8,19276.42731,2395.80726,6453.784358,,101.970097915785,12.6735466567922
3375,2.46,0.62,0.6,0.26,0.6,23017.01736,2520.141094,7773.491255,,121.757391874736,13.3312584320779
3376,1.92,0.49,0.225,0.5,0.4,22648.59622,2022.77955,5032.242432,,119.808486140499,10.7002726936098
3377,0.84,0.36,0.35,0.18,0.4,18918.24226,1749.589864,3229.919707,,100.075339928058,9.25513046974185
3378,1.92,0.49,0.225,0.18,0.2,20134.94095,1785.535967,4453.853084,,106.511536976301,9.44528124735506
3379,1.92,0.75,0.225,0.34,0.4,20269.90057,2577.92519,8771.522899,,107.225457945408,13.6369296974185
3380,1.92,0.36,0.225,0.1,0.2,19961.15637,1481.755809,2994.569285,,105.592236404994,7.83831892192129
3381,2.46,0.23,0.225,0.34,0.4,23700.11387,1381.983848,1790.789256,,125.370894360982,7.3105366483284
3382,0.3,0.75,0.6,0.26,0.8,17646.35004,3188.289568,10712.72117,,93.3471754126111,16.8656875158697
3383,1.38,0.23,0.225,0.18,0.4,20095.23674,1348.053515,1672.61274,,106.301506242065,7.13104906369023
3384,0.84,0.75,0.475,0.34,0.8,18979.61067,3097.615182,10709.6115,,100.399971804909,16.3860303745239
3385,1.38,0.49,0.6,0.18,0.8,20578.70197,2410.954056,6450.88629,,108.858982067287,12.7536714769361
3386,3,0.36,0.6,0.42,0.2,26872.5814,1684.658597,2993.230601,,142.152885103682,8.91165148645789
3387,1.92,0.75,0.6,0.42,0.2,23361.21923,2495.820464,7806.030808,,123.578180438003,13.2026050782903
3388,3,0.1,0.1,0.5,0.4,26038.86729,1127.062683,532.716705,,137.742632723233,5.96203281316124
3389,1.38,0.36,0.6,0.34,0.8,22679.99345,2057.564163,4004.61389,,119.974573899704,10.8842793218367
3390,1.92,0.1,0.225,0.42,0.4,24160.16506,1150.10278,532.588153,,127.804512589928,6.08391229369446
3391,1.38,0.49,0.1,0.42,0.2,20305.55262,1833.746421,4662.708516,,107.414053216251,9.70030904041473
3392,3,0.49,0.475,0.18,0.8,23005.71334,2235.513248,6181.481717,,121.69759490055,11.8256096487516
3393,1.92,0.49,0.35,0.18,0.6,20458.54909,2156.099424,5610.63178,,108.223387060939,11.4055195937368
3394,1.38,0.75,0.35,0.1,0.2,18025.10631,2438.979767,7806.95799,,95.3507528036394,12.9019242858654
3395,0.3,0.23,0.225,0.34,0.2,18982.3679,1374.736708,1463.335297,,100.414557236564,7.27220010579771
3396,2.46,0.36,0.6,0.26,0.6,24244.00188,1877.226394,3791.760555,,128.247999788405,9.9303131294964
3397,3,0.23,0.225,0.42,0.8,25106.75708,1524.076554,2225.099799,,132.811876216674,8.06219082733813
3398,1.92,0.23,0.1,0.5,0.6,23032.77795,1468.591867,2009.625859,,121.840763595006,7.76868317287347
3399,3,0.1,0.1,0.42,0.6,25359.63061,1114.55735,602.2866672,,134.149548296657,5.89588103046974
3400,1.38,0.75,0.1,0.5,0.8,19185.52169,2949.714404,10706.21581,,101.489217573,15.6036521582734
3401,0.3,0.49,0.6,0.34,0.6,19597.52992,2445.173369,5858.964078,,103.668694033009,12.934687732755
3402,1.38,0.62,0.225,0.18,0.4,18226.12682,2326.796693,6999.354063,,96.414128332628,12.3084886426153
3403,1.92,0.49,0.6,0.42,0.8,23761.11765,2396.235291,6189.021128,,125.693597386796,12.6758108918747
3404,2.46,0.75,0.6,0.42,0.2,24362.42217,2451.261192,7805.01647,,128.874429591621,12.966891620821
3405,3,0.23,0.225,0.1,0.4,22534.20357,1291.614346,1790.035734,,119.203362092679,6.83249230850614
3406,1.92,0.1,0.225,0.1,0.2,21421.87087,1002.465178,463.0824668,,113.319249206517,5.30292624841303
3407,3,0.23,0.225,0.26,0.8,23770.90947,1476.078458,2225.099799,,125.745394995768,7.80828638383411
3408,1.38,0.23,0.35,0.42,0.6,22812.47291,1553.651629,1882.258407,,120.675375105798,8.21863959479475
3409,0.84,0.75,0.475,0.26,0.8,18282.30344,3097.942664,10709.6115,,96.7112962336014,16.3877627168853
3410,2.46,0.1,0.225,0.26,0.4,23889.88071,1088.803105,532.6765788,,126.374739261532,5.75964401713923
3411,1.92,0.36,0.475,0.1,0.8,20944.54171,1929.731934,4193.175355,,110.794232490478,10.208061436733
3412,0.3,0.1,0.35,0.5,0.6,21641.80855,1295.386996,564.1887356,,114.482694403301,6.85244919593737
3413,0.3,0.75,0.6,0.26,0.8,17646.35004,3188.289568,10712.72117,,93.3471754126111,16.8656875158697
3414,0.84,0.23,0.225,0.34,0.4,20259.03221,1427.391158,1673.021498,,107.167965562844,7.55073612991959
3415,1.92,0.36,0.475,0.5,0.2,24885.51637,1697.506636,2994.569285,,131.641538140076,8.97961614473127
3416,1.38,0.1,0.6,0.42,0.8,24991.2675,1342.527188,631.567199,,132.20094953449,7.10181542530681
3417,1.38,0.62,0.35,0.1,0.2,18492.96869,2157.755675,6219.249295,,97.8256913351672,11.414280972281
3418,1.38,0.62,0.1,0.34,0.4,18842.91102,2302.857899,6999.354063,,99.6768462759204,12.1818551576386
3419,1.38,0.49,0.475,0.42,0.4,22360.53497,2134.942373,5258.767774,,118.284675042319,11.2936012113838
3420,1.38,0.62,0.35,0.5,0.4,21752.28859,2407.567225,6999.354063,,115.067121191282,12.7357555279306
3421,0.3,0.75,0.1,0.26,0.4,15060.31881,2729.385966,8776.629944,,79.6673656898011,14.4381398963182
3422,1.92,0.62,0.475,0.26,0.8,21135.61172,2675.633892,8555.777214,,111.804971011426,14.1537975666526
3423,0.84,0.36,0.225,0.1,0.6,17191.83804,1818.795023,3618.244259,,90.9428588658485,9.62121785336437
3424,2.46,0.1,0.225,0.5,0.6,25787.52104,1192.729969,602.2264778,,136.413039779941,6.30940525285654
3425,2.46,0.49,0.35,0.34,0.6,22900.43699,2147.88929,5607.957088,,121.140695038087,11.3620889229793
3426,1.38,0.1,0.475,0.18,0.4,22383.64557,1159.387493,497.8088828,,118.406927475667,6.13302736457893
3427,2.46,0.23,0.1,0.26,0.2,22361.08453,1232.334096,1572.880462,,118.287582151926,6.51890655945832
3428,1.92,0.23,0.1,0.1,0.2,19810.29106,1177.302997,1573.189732,,104.794176153195,6.22779833368599
3429,0.3,0.36,0.475,0.42,0.6,20215.22947,2046.934586,3619.542089,,106.936254073212,10.8280500740584
3430,2.46,0.1,0.6,0.18,0.4,25273.78117,1194.049955,532.6765788,,133.695414568345,6.31638782797292
3431,2.46,0.1,0.225,0.18,0.4,23183.49338,1060.584765,532.6765788,,122.63803099873,5.61037222280999
3432,0.3,0.75,0.35,0.5,0.6,18483.13446,2978.792621,9744.675557,,97.7736693821414,15.7574726036818
3433,1.92,0.75,0.475,0.1,0.4,19592.61303,2629.773275,8771.522899,,103.64268424672,13.9112001428269
3434,2.46,0.75,0.225,0.18,0.4,19864.79412,2513.512585,8769.494223,,105.082491112992,13.2961943768515
3435,0.84,0.75,0.1,0.26,0.8,15927.09868,3010.66529,10709.6115,,84.2525321625053,15.9260753808718
3436,0.84,0.36,0.225,0.42,0.6,20105.32994,1894.537003,3618.244259,,106.354898116801,10.0218842731697
3437,2.46,0.1,0.225,0.5,0.6,25787.52104,1192.729969,602.2264778,,136.413039779941,6.30940525285654
3438,3,0.62,0.225,0.42,0.6,23156.78834,2391.711584,7770.036115,,122.496764388489,12.6518809987304
3439,0.3,0.36,0.1,0.1,0.4,15099.72332,1697.003592,3230.784927,,79.8758110452814,8.97695509944985
3440,1.92,0.36,0.475,0.42,0.6,23894.75953,1910.130534,3793.639999,,126.400547661871,10.104372270419
3441,3,0.23,0.225,0.18,0.4,23274.25212,1319.851331,1790.035734,,123.118134363098,6.98186273275497
3442,3,0.62,0.225,0.42,0.4,23400.58099,2224.377091,6993.072253,,123.786399650868,11.7667006506559
3443,3,0.36,0.6,0.1,0.6,23755.22549,1810.51111,3789.623947,,125.662428533644,9.57739690012696
3444,3,0.36,0.6,0.1,0.8,23639.49327,1902.827723,4187.820619,,125.050218313584,10.0657412346593
3445,1.38,0.75,0.1,0.42,0.2,19306.90095,2388.608524,7806.95799,,102.13129998942,12.6354661658908
3446,0.84,0.1,0.35,0.26,0.6,21044.48902,1188.525751,564.4545755,,111.322942340245,6.28716542001693
3447,2.46,0.62,0.475,0.26,0.8,22153.89289,2624.277029,8551.60683,,117.19156205036,13.8821256294964
3448,1.38,0.62,0.1,0.5,0.8,19736.71471,2643.063141,8559.563598,,104.404965668642,13.9815020154465
3449,2.46,0.75,0.1,0.5,0.4,21786.05189,2506.814349,8769.494223,,115.245725190436,13.2607614737622
3450,1.92,0.1,0.1,0.18,0.8,21206.77338,1058.39118,671.5995253,,112.181408061786,5.59876840880237
3451,1.92,0.1,0.225,0.34,0.8,23408.45682,1166.642451,671.5995253,,123.828061891663,6.17140526343631
3452,3,0.23,0.6,0.1,0.6,24512.90565,1498.646345,2007.567767,,129.670470006348,7.92766792742277
3453,1.38,0.23,0.475,0.5,0.8,24061.26751,1687.521431,2091.904074,,127.281355850614,8.92679555120609
3454,1.38,0.75,0.225,0.42,0.4,19842.50834,2638.375407,8773.377263,,104.964601883199,13.9567044382141
3455,1.38,0.23,0.6,0.26,0.2,23086.19201,1434.90791,1462.967073,,122.123317869234,7.590498889124
3456,1.38,0.49,0.35,0.18,0.4,19546.33948,2046.684649,5258.767774,,103.397902454507,10.8267279358866
3457,1.92,0.62,0.225,0.5,0.8,21658.98299,2625.274898,8555.777214,,114.573545228523,13.8874042424884
3458,2.46,0.62,0.1,0.42,0.8,21218.05248,2529.953832,8551.60683,,112.241073212019,13.3831666948794
3459,2.46,0.23,0.6,0.42,0.4,26437.05818,1541.640546,1790.789256,,139.849017033432,8.1551023381295
3460,2.46,0.49,0.1,0.42,0.4,22226.10029,1923.048042,5030.459304,,117.573530945832,10.1727044117647
3461,3,0.75,0.35,0.1,0.4,20829.30224,2498.77071,8767.269282,,110.184628861617,13.2182115425307
3462,0.3,0.75,0.475,0.42,0.6,18557.02845,3008.601456,9744.675557,,98.1645601460009,15.9151579348286
3463,3,0.1,0.225,0.5,0.2,26863.70974,1150.127475,463.1467429,,142.105955035971,6.08404292742277
3464,0.3,0.62,0.1,0.1,0.6,13762.32993,2618.569721,7784.394805,,72.801152824799,13.8519346223022
3465,1.38,0.49,0.475,0.42,0.6,22154.85961,2281.636421,5854.827032,,117.196675888701,12.0695959638172
3466,0.3,0.23,0.35,0.42,0.6,20171.59109,1626.153395,1883.363079,,106.7054120292,8.6021656527719
3467,3,0.49,0.6,0.42,0.8,25711.7644,2326.442257,6181.481717,,136.012295810411,12.3066137166737
3468,2.46,0.49,0.475,0.18,0.6,22209.75623,2154.682501,5607.957088,,117.487072735929,11.3980242329666
3469,3,0.23,0.475,0.26,0.8,25212.64701,1564.790303,2225.099799,,133.372021847228,8.2775619075328
3470,2.46,0.36,0.1,0.1,0.8,19685.93992,1754.660647,4190.66943,,104.136372831147,9.28195433241642
3471,2.46,0.75,0.475,0.1,0.2,20895.44034,2369.103907,7805.01647,,110.534491853576,12.5322889705882
3472,3,0.23,0.225,0.34,0.8,24452.59205,1499.747756,2225.099799,,129.351417953872,7.93349426576386
3473,0.3,0.23,0.6,0.5,0.8,22097.19946,1818.215447,2093.37697,,116.891660283538,9.61815196254761
3474,3,0.36,0.35,0.1,0.4,22557.58953,1609.221066,3391.427274,,119.327071148963,8.51259556707575
3475,0.3,0.75,0.225,0.1,0.8,13920.58719,3126.202603,10712.72117,,73.638315647482,16.5372545651714
3476,3,0.1,0.225,0.5,0.8,26732.52639,1208.541759,671.8566294,,141.412010103682,6.39304781527719
3477,2.46,0.36,0.225,0.5,0.8,23985.25816,1906.013054,4190.66943,,126.879275074058,10.0825912716885
3478,1.38,0.62,0.6,0.5,0.4,23131.87356,2482.628592,6999.354063,,122.36496804909,13.1328215827338
3479,0.3,0.36,0.225,0.18,0.6,16568.13037,1906.921161,3619.542089,,87.6435165573424,10.0873950539568
3480,3,0.1,0.475,0.42,0.2,27645.33587,1212.182443,463.1467429,,146.240667953872,6.41230661764706
3481,2.46,0.49,0.1,0.26,0.2,21094.43049,1724.453032,4452.96152,,111.587127010157,9.12215950063479
3482,3,0.75,0.475,0.42,0.6,24076.45557,2765.673808,9730.634564,,127.361698952603,14.6300984341938
3483,1.92,0.36,0.1,0.18,0.4,19709.23591,1583.705155,3394.104642,,104.259605956411,8.37761931337283
3484,0.84,0.1,0.6,0.5,0.4,24462.73429,1330.646539,497.6532392,,129.405069244604,7.03896814959797
3485,2.46,0.49,0.225,0.1,0.8,19808.54145,2180.153379,6185.454872,,104.784920916208,11.532762267245
3486,1.38,0.49,0.475,0.34,0.4,21691.78595,2119.005446,5258.767774,,114.747069138807,11.2092966885315
3487,0.84,0.36,0.475,0.1,0.2,19058.84174,1635.251728,2841.595155,,100.819095112146,8.65029479475243
3488,0.3,0.75,0.475,0.34,0.4,18126.89673,2834.492288,8776.629944,,95.8892124947101,14.9941403300889
3489,2.46,0.36,0.225,0.5,0.2,24479.71339,1586.328436,2993.942804,,129.494886743546,8.39149617012273
3490,1.38,0.75,0.475,0.34,0.4,20656.68244,2703.115322,8773.377263,,109.271489843419,14.2991711912823
3491,1.92,0.1,0.225,0.34,0.6,23445.91868,1145.118159,602.0938391,,124.026230850614,6.05754421815489
3492,0.3,0.62,0.475,0.34,0.2,18835.25147,2375.942497,6220.89462,,99.6363281316124,12.5684643303005
3493,0.3,0.1,0.6,0.5,0.8,22946.58108,1420.03974,630.9014586,,121.384792001693,7.51184796868388
3494,0.3,0.62,0.6,0.18,0.4,17845.76653,2588.228903,7002.644712,,94.4020658590775,13.6914351618705
3495,0.3,0.36,0.35,0.18,0.2,17696.49823,1668.538233,2842.027765,,93.6124536077021,8.82637660283538
3496,0.3,0.49,0.35,0.1,0.8,15773.53074,2493.174552,6456.402351,,83.4401753068134,13.1886085061363
3497,1.92,0.62,0.6,0.18,0.4,21523.93021,2383.817396,6997.460871,,113.859131453661,12.6101216462124
3498,1.38,0.75,0.225,0.26,0.2,18742.96165,2413.53445,7806.95799,,99.1481255289886,12.7673214663563
3499,3,0.75,0.6,0.34,0.4,24351.40654,2599.269639,8767.269282,,128.816158167584,13.7498393937791
3500,0.3,0.62,0.6,0.5,0.6,20384.20906,2772.029872,7784.394805,,107.830136796445,14.6637212865002
3501,1.38,0.1,0.475,0.18,0.8,22279.58354,1214.573556,631.567199,,117.856451227254,6.42495533220483
3502,0.3,0.49,0.475,0.1,0.8,16517.60901,2528.877499,6456.402351,,87.3762643355904,13.3774730162929
3503,0.3,0.23,0.1,0.18,0.2,16687.38098,1265.301802,1463.335297,,88.274338658485,6.69330195725772
3504,1.92,0.1,0.35,0.1,0.4,22108.88317,1078.775171,532.588153,,116.953465774439,5.70659739208633
3505,3,0.1,0.475,0.26,0.6,26235.12019,1195.877355,602.2866672,,138.780788140076,6.32605456517139
3506,2.46,0.23,0.225,0.26,0.4,23014.40428,1354.381087,1790.789256,,121.74356898011,7.16452119657215
3507,1.92,0.36,0.6,0.42,0.8,24431.57156,2047.18878,4193.175355,,129.240221963606,10.8293947312738
3508,2.46,0.36,0.6,0.18,0.2,23900.61688,1621.475788,2993.942804,,126.431532374101,8.57742164621244
3509,1.38,0.23,0.475,0.18,0.4,21568.61594,1442.239804,1672.61274,,114.095513859501,7.62928377063056
3510,2.46,0.23,0.225,0.42,0.6,24221.70132,1479.318604,2008.69805,,128.130032374101,7.82542638595006
3511,0.84,0.1,0.35,0.1,0.2,19685.87348,1058.33018,430.851903,,104.136021371138,5.59844572577232
3512,1.38,0.36,0.1,0.18,0.8,18259.75445,1845.429139,4004.61389,,96.5920146529835,9.76210928374947
3513,2.46,0.62,0.35,0.1,0.6,20156.50505,2426.930582,7773.491255,,106.625608601354,12.8381854739738
3514,0.3,0.75,0.475,0.5,0.4,19454.90646,2840.131264,8776.629944,,102.914232225984,15.0239698688108
3515,0.84,0.75,0.6,0.26,0.6,19193.77775,2969.08392,9742.343302,,101.53289118705,15.7061146847228
3516,2.46,0.23,0.475,0.34,0.4,25135.25913,1473.205793,1790.789256,,132.962648804486,7.79309031421921
3517,2.46,0.62,0.35,0.5,0.6,23616.02035,2478.26532,7773.491255,,124.926049248836,13.109740372408
3518,0.3,0.62,0.225,0.5,0.2,18685.95798,2312.297966,6220.89462,,98.8465826280152,12.2317920334321
3519,3,0.49,0.1,0.34,0.6,22286.00016,2027.304025,5604.977222,,117.890394413881,10.7242066493864
3520,1.92,0.23,0.1,0.42,0.4,22524.78619,1369.590138,1791.407795,,119.153545228523,7.24497533855269
3521,2.46,0.23,0.6,0.34,0.6,25657.95752,1586.870254,2008.69805,,135.727663563267,8.39436232543377
3522,0.3,0.23,0.6,0.18,0.8,19331.01574,1729.612357,2093.37697,,102.258864473127,9.14945174037241
3523,0.3,0.1,0.475,0.42,0.2,21821.40839,1241.726242,430.7632897,,115.432757035548,6.56858993863733
3524,1.38,0.23,0.475,0.18,0.4,21568.61594,1442.239804,1672.61274,,114.095513859501,7.62928377063056
3525,2.46,0.49,0.225,0.18,0.2,21180.46109,1750.7942,4452.96152,,112.042219054168,9.26150126957258
3526,1.92,0.75,0.1,0.5,0.6,20509.26498,2737.261108,9737.01499,,108.491668324164,14.4797984976725
3527,0.84,0.75,0.225,0.26,0.2,17522.82754,2478.575436,7807.806912,,92.6937555014812,13.1113808506136
3528,2.46,0.62,0.6,0.42,0.6,24354.93925,2541.021702,7773.491255,,128.834845799831,13.4417144625476
3529,0.84,0.75,0.35,0.34,0.2,19003.40476,2525.99121,7807.806912,,100.52583982226,13.3622048772747
3530,1.38,0.62,0.35,0.18,0.4,19003.26087,2367.940631,6999.354063,,100.525078660601,12.5261353734659
3531,2.46,0.23,0.35,0.26,0.8,23543.21975,1534.658432,2226.606843,,124.540942393144,8.11816775285654
3532,2.46,0.36,0.6,0.1,0.6,22796.45221,1833.602922,3791.760555,,120.590627433347,9.69954994710114
3533,1.38,0.49,0.225,0.26,0.4,19508.84985,2017.863774,5258.767774,,103.19958659543,10.6742688002539
3534,1.38,0.75,0.1,0.42,0.8,18530.84659,2946.793922,10706.21581,,98.0260610981803,15.5882031421921
3535,3,0.1,0.6,0.26,0.6,26882.5202,1240.842038,602.2866672,,142.205460220059,6.56391260050783
3536,1.92,0.62,0.6,0.18,0.8,21099.32568,2702.745249,8555.777214,,111.613022005925,14.2972135473974
3537,1.92,0.23,0.225,0.26,0.8,21732.20684,1507.958118,2227.843922,,114.960891028354,7.97692614261532
3538,0.3,0.75,0.35,0.1,0.2,15443.61559,2588.662645,7808.584331,,81.6949618599238,13.6937296074905
3539,3,0.23,0.6,0.18,0.6,25240.46571,1526.912015,2007.567767,,133.519179591621,8.07719009204401
3540,0.84,0.49,0.6,0.1,0.4,18959.22534,2177.581236,5260.216808,,100.292135738468,11.519155924672
3541,0.84,0.49,0.1,0.1,0.4,15902.37945,2002.221347,5260.216808,,84.1217702602624,10.5915221487516
3542,0.84,0.36,0.35,0.18,0.8,18600.72448,2000.031961,4006.568812,,98.3957071519255,10.5799405469742
3543,3,0.75,0.1,0.34,0.2,21705.21979,2237.824301,7803.904,,114.818132617435,11.8378348550571
3544,1.92,0.62,0.225,0.1,0.2,18848.30118,2055.822641,6218.302699,,99.7053596064325,10.8750668694456
3545,3,0.1,0.35,0.26,0.2,25662.44852,1111.048728,463.1467429,,135.751420440119,5.87732082099027
3546,2.46,0.1,0.475,0.26,0.6,25261.49541,1201.125689,602.2264778,,133.630424301735,6.35381765234871
3547,0.84,0.23,0.6,0.26,0.4,21698.8296,1538.095422,1673.021498,,114.784329242488,8.1363490372408
3548,0.3,0.36,0.475,0.42,0.6,20215.22947,2046.934586,3619.542089,,106.936254073212,10.8280500740584
3549,3,0.1,0.475,0.42,0.2,27645.33587,1212.182443,463.1467429,,146.240667953872,6.41230661764706
3550,0.3,0.62,0.6,0.1,0.2,17315.13921,2389.149276,6220.89462,,91.5951079665679,12.6383266821837
3551,3,0.62,0.1,0.5,0.8,22803.17232,2508.486895,8546.999977,,120.626176047397,13.2696090509945
3552,3,0.23,0.35,0.26,0.8,24514.4551,1519.193558,2225.099799,,129.678666419805,8.03636033643673
3553,2.46,0.1,0.1,0.26,0.4,23103.57552,1039.942395,532.6765788,,122.215274650868,5.50117644413881
3554,0.3,0.49,0.35,0.18,0.8,16549.44764,2496.732486,6456.402351,,87.5446870503597,13.2074295704613
3555,0.84,0.1,0.6,0.42,0.4,23827.17881,1304.835555,497.6532392,,126.043053374947,6.90243099344054
3556,0.3,0.36,0.475,0.34,0.8,19384.38208,2146.007091,4008.299251,,102.541166314008,11.3521323053322
3557,0.84,0.23,0.6,0.18,0.4,20974.13795,1511.815387,1673.021498,,110.950793218366,7.99733065488786
3558,0.84,0.36,0.35,0.26,0.8,19337.84672,2017.108842,4006.568812,,102.294999576809,10.6702752962336
3559,1.38,0.62,0.35,0.18,0.4,19003.26087,2367.940631,6999.354063,,100.525078660601,12.5261353734659
3560,1.92,0.49,0.6,0.18,0.8,21697.93685,2358.34406,6189.021128,,114.779606696995,12.4753706093948
3561,0.84,0.1,0.6,0.26,0.8,22365.21584,1309.114628,631.2559117,,118.309436309776,6.92506680067711
3562,0.3,0.49,0.6,0.1,0.8,17215.78292,2563.164904,6456.402351,,91.0695245450698,13.5588494710114
3563,3,0.62,0.6,0.34,0.8,24444.03986,2626.10116,8546.999977,,129.306177845959,13.8917750740584
3564,1.38,0.49,0.475,0.18,0.2,20489.24349,1919.862149,4662.708516,,108.38575692975,10.1558514018197
3565,1.92,0.36,0.475,0.1,0.2,21442.57539,1575.140307,2994.569285,,113.428773751587,8.33231224608548
3566,0.84,0.36,0.35,0.34,0.2,20539.80303,1660.696319,2841.595155,,108.65321111934,8.78489377380449
3567,1.38,0.1,0.225,0.18,0.6,20866.51537,1093.518024,564.6880409,,110.381482067287,5.78458539991536
3568,1.92,0.75,0.1,0.18,0.8,17522.66085,2886.479344,10702.50708,,92.6928737304274,15.2691459162082
3569,2.46,0.75,0.1,0.42,0.2,21433.6973,2289.146785,7805.01647,,113.381809669911,12.1093249312315
3570,1.38,0.23,0.35,0.42,0.6,22812.47291,1553.651629,1882.258407,,120.675375105798,8.21863959479475
3571,0.3,0.23,0.475,0.1,0.2,18244.95232,1388.102586,1463.335297,,96.5137130765976,7.34290407321202
3572,1.92,0.1,0.6,0.18,0.8,24116.34285,1245.314344,671.5995253,,127.572698106221,6.58757058823529
3573,0.3,0.49,0.35,0.18,0.4,16927.85759,2191.776011,5261.525804,,89.5464324481591,11.5942446625053
3574,1.92,0.23,0.1,0.34,0.6,21716.2048,1419.122225,2009.625859,,114.876242065171,7.50699441917055
3575,1.38,0.75,0.35,0.5,0.6,20994.61673,2859.390371,9739.796535,,111.05912362463,15.1258483442658
3576,2.46,0.36,0.6,0.34,0.6,24923.31654,1898.867823,3791.760555,,131.841496720271,10.0447938161236
3577,0.84,0.1,0.35,0.26,0.2,21170.12919,1121.625108,430.851903,,111.987564483707,5.93326866271689
3578,3,0.36,0.475,0.5,0.8,26368.39883,1970.572054,4187.820619,,139.485816917055,10.4241010050783
3579,1.38,0.36,0.225,0.26,0.4,20144.24365,1677.61103,3228.942246,,106.560747196361,8.87437066229369
3580,3,0.49,0.225,0.1,0.6,20933.62561,2021.951202,5604.977222,,110.736487568769,10.6958908273381
3581,3,0.36,0.1,0.18,0.8,21425.59909,1748.439219,4187.820619,,113.338971064325,9.24904368916632
3582,0.84,0.49,0.6,0.18,0.4,19718.95042,2189.820456,5260.216808,,104.310994604317,11.5839
3583,3,0.75,0.475,0.5,0.6,24706.19995,2776.05394,9730.634564,,130.692974767245,14.685008146424
3584,1.38,0.36,0.225,0.26,0.6,19964.56685,1804.952433,3616.778068,,105.610277454507,9.54799213393991
3585,2.46,0.62,0.475,0.1,0.8,20694.03123,2609.241511,8551.60683,,109.469060674989,13.8025894572577
3586,1.38,0.75,0.35,0.1,0.4,17748.5372,2654.130242,8773.377263,,93.8877338129496,14.0400457151926
3587,2.46,0.49,0.475,0.26,0.4,23136.51528,2022.920658,5030.459304,,122.38952221752,10.7010191388066
3588,1.38,0.36,0.225,0.1,0.8,18322.1184,1872.994637,4004.61389,,96.921912822683,9.90792761849344
3589,2.46,0.75,0.6,0.1,0.2,21575.1988,2405.801877,7805.01647,,114.130336436733,12.726417038722
3590,1.92,0.49,0.475,0.34,0.8,22428.27478,2345.898787,6189.021128,,118.643010897165,12.4095365372408
3591,1.92,0.1,0.1,0.18,0.6,21246.03182,1035.679507,602.0938391,,112.389080723656,5.47862625370292
3592,0.84,0.1,0.1,0.5,0.6,21522.80937,1174.012111,564.4545755,,113.853202338129,6.21038992276767
3593,1.38,0.75,0.35,0.34,0.6,19677.07237,2850.361094,9739.796535,,104.089464504867,15.0780845006348
3594,2.46,0.62,0.35,0.1,0.8,19966.1221,2573.571923,8551.60683,,105.618504549302,13.6139014123995
3595,0.3,0.62,0.1,0.1,0.2,14230.74048,2223.260257,6220.89462,,75.278991112992,11.7607927264071
3596,3,0.1,0.1,0.42,0.2,25475.76249,1073.203561,463.1467429,,134.76387267245,5.67712421180703
3597,0.3,0.1,0.1,0.34,0.2,18877.93163,1064.292981,430.7632897,,99.8621013013119,5.62998826174355
3598,1.92,0.49,0.475,0.1,0.6,20429.51921,2180.929565,5610.63178,,108.069822312738,11.5368682024968
3599,1.92,0.1,0.225,0.42,0.2,24220.82102,1121.810764,463.0824668,,128.125375687685,5.93425076174355
3600,2.46,0.49,0.6,0.26,0.6,23595.26503,2209.348326,5607.957088,,124.816255977571,11.6872002010157
3601,1.38,0.23,0.1,0.26,0.2,20155.2748,1245.386358,1462.967073,,106.619100719424,6.58795153406686
3602,1.38,0.49,0.475,0.42,0.4,22360.53497,2134.942373,5258.767774,,118.284675042319,11.2936012113838
3603,2.46,0.75,0.35,0.42,0.4,22706.27097,2576.975029,8769.494223,,120.113578977994,13.6319034542954
3604,2.46,0.62,0.225,0.42,0.4,22465.70605,2258.822745,6995.375679,,118.84101803851,11.9489142245028
3605,0.3,0.49,0.1,0.18,0.8,14907.50155,2419.966185,6456.402351,,78.8589798455353,12.8013446096064
3606,0.3,0.62,0.6,0.5,0.2,20843.40547,2432.74793,6220.89462,,110.25923333686,12.8689585801947
3607,2.46,0.36,0.35,0.18,0.2,22528.13484,1534.226967,2993.942804,,119.171259204401,8.11588535230639
3608,0.84,0.36,0.225,0.34,0.8,19276.17989,1990.181147,4006.568812,,101.968789092256,10.5278308664833
3609,2.46,0.36,0.475,0.42,0.2,25278.04608,1653.828299,2993.942804,,133.71797545493,8.74856273275497
3610,2.46,0.1,0.35,0.1,0.8,23104.7818,1115.802557,671.7763769,,122.221655734236,5.90246803322048
3611,1.92,0.23,0.6,0.18,0.8,23147.24995,1616.297727,2227.843922,,122.44630739526,8.55003029517562
3612,0.84,0.75,0.35,0.26,0.8,17549.93129,3071.892956,10709.6115,,92.8371312420652,16.2499627380449
3613,0.3,0.23,0.225,0.26,0.2,18266.09348,1347.989349,1463.335297,,96.6255473973762,7.13070963288193
3614,2.46,0.75,0.6,0.34,0.2,23707.41424,2439.371816,7805.01647,,125.40951248413,12.9039981802793
3615,0.3,0.62,0.6,0.18,0.2,18080.74857,2395.543272,6220.89462,,95.6450940012696,12.6721501904359
3616,3,0.49,0.475,0.26,0.8,23715.14612,2251.52016,6181.481717,,125.450413245874,11.9102843842573
3617,1.92,0.36,0.35,0.42,0.4,23368.56362,1748.425171,3394.104642,,123.617031421921,9.24896937685146
3618,2.46,0.23,0.1,0.18,0.2,21641.22421,1202.501348,1572.880462,,114.479603311468,6.36109473127381
3619,0.3,0.36,0.35,0.26,0.2,18440.55135,1691.126119,2842.027765,,97.5484095958528,8.94586393884892
3620,0.84,0.36,0.6,0.42,0.6,22251.95256,2025.081429,3618.244259,,117.710286500212,10.7124493705036
3621,0.84,0.1,0.225,0.26,0.4,20352.49155,1106.390179,497.6532392,,107.662354792636,5.85267762907321
3622,3,0.62,0.6,0.26,0.4,24186.39615,2313.393014,6993.072253,,127.943272058824,12.2375847122302
3623,0.3,0.49,0.475,0.26,0.8,18025.35629,2538.837116,6456.402351,,95.3520751692764,13.4301582522218
3624,3,0.36,0.35,0.26,0.2,24200.53917,1543.94441,2993.230601,,128.01808701862,8.16728951544647
3625,0.3,0.62,0.35,0.1,0.4,15641.17802,2515.690732,7002.644712,,82.7400445408379,13.307716525603
3626,0.84,0.23,0.1,0.18,0.8,17740.90735,1491.591783,2092.72159,,93.847372778248,7.89035010050783
3627,1.92,0.1,0.1,0.18,0.6,21246.03182,1035.679507,602.0938391,,112.389080723656,5.47862625370292
3628,2.46,0.23,0.475,0.1,0.8,22798.15213,1527.469584,2226.606843,,120.599619815912,8.08013956834532
3629,1.92,0.49,0.225,0.1,0.6,18926.17281,2099.708525,5610.63178,,100.117291631401,11.1072181813373
3630,0.84,0.49,0.475,0.1,0.6,18068.91317,2299.860736,5857.000583,,95.5824860876005,12.166000507829
3631,2.46,0.36,0.475,0.26,0.4,23756.93877,1721.131963,3392.851679,,125.671491589082,9.10459142509522
3632,0.3,0.1,0.6,0.1,0.6,19499.59002,1242.953255,564.1887356,,103.150603152772,6.57508069720694
3633,1.92,0.1,0.35,0.18,0.6,22792.24642,1133.685412,602.0938391,,120.568379284807,5.99706629284808
3634,1.92,0.1,0.475,0.42,0.8,25489.60624,1287.392244,671.5995253,,134.837104528142,6.81015787134998
3635,1.38,0.36,0.6,0.26,0.4,22293.44024,1811.261338,3228.942246,,117.929751586966,9.58136552052476
3636,2.46,0.36,0.475,0.34,0.6,24260.2939,1858.835928,3791.760555,,128.334182712653,9.83302966567922
3637,1.38,0.23,0.6,0.26,0.2,23086.19201,1434.90791,1462.967073,,122.123317869234,7.590498889124
3638,1.38,0.75,0.1,0.42,0.8,18530.84659,2946.793922,10706.21581,,98.0260610981803,15.5882031421921
3639,1.92,0.1,0.6,0.18,0.2,24268.9873,1169.471719,463.0824668,,128.380169805332,6.18637176787981
3640,0.3,0.49,0.6,0.5,0.6,20925.20305,2462.310176,5858.964078,,110.691933188743,13.0253394837072
3641,0.84,0.1,0.6,0.18,0.8,21645.50372,1278.402904,631.2559117,,114.502241430385,6.76260528988574
3642,1.92,0.23,0.6,0.34,0.6,24625.22284,1601.83688,2009.625859,,130.264615107914,8.47353406686416
3643,1.92,0.36,0.1,0.34,0.6,20960.55231,1752.68148,3793.639999,,110.878926735083,9.27148476512907
3644,0.84,0.62,0.475,0.18,0.4,18508.07753,2476.258537,7001.076551,,97.905615372408,13.0991247196361
3645,2.46,0.49,0.475,0.42,0.6,24267.76868,2203.729231,5607.957088,,128.373723444774,11.6574758305121
3646,0.84,0.49,0.225,0.1,0.2,16970.63026,1866.498973,4663.433033,,89.7726949851883,9.87356629813796
3647,0.3,0.23,0.225,0.42,0.2,19669.32883,1398.948328,1463.335297,,104.048502063055,7.40027680914092
3648,3,0.49,0.6,0.26,0.2,24973.66505,1878.510192,4451.968231,,132.107834585273,9.93710427422768
3649,1.38,0.36,0.6,0.26,0.4,22293.44024,1811.261338,3228.942246,,117.929751586966,9.58136552052476
3650,0.3,0.62,0.225,0.34,0.8,16655.33382,2812.082272,8566.144897,,88.1048128438426,14.8755939060516
3651,0.3,0.1,0.1,0.18,0.8,17208.42309,1113.26832,630.9014586,,91.0305918853153,5.88906220905628
3652,0.3,0.62,0.475,0.5,0.2,20168.62536,2395.504067,6220.89462,,106.689723656369,12.6719428004655
3653,0.3,0.75,0.1,0.34,0.6,15528.7649,2912.515701,9744.675557,,82.1453919805332,15.4068752697842
3654,1.92,0.1,0.35,0.34,0.8,24146.50805,1215.97235,671.5995253,,127.732268567499,6.43235479263648
3655,0.84,0.49,0.475,0.18,0.4,19033.97855,2150.461681,5260.216808,,100.687571677952,11.3756965774439
3656,0.84,0.1,0.35,0.26,0.4,21105.50334,1154.847751,497.6532392,,111.645701121456,6.1090126481168
3657,1.92,0.75,0.1,0.34,0.6,19182.25956,2728.685923,9737.01499,,101.471961278036,14.4344367488362
3658,0.3,0.49,0.1,0.5,0.4,18140.62867,2146.439966,5261.525804,,95.9618528882776,11.3544221646212
3659,0.3,0.49,0.1,0.42,0.4,17472.12743,2134.493079,5261.525804,,92.4255577126534,11.2912244974609
3660,1.38,0.49,0.225,0.34,0.2,20437.83644,1863.934866,4662.708516,,108.113819509099,9.86000246508676
3661,0.84,0.36,0.475,0.42,0.6,21580.37407,1985.604328,3618.244259,,114.157713023699,10.5036200169276
3662,1.92,0.36,0.35,0.34,0.4,22703.82641,1725.57104,3394.104642,,120.100647534913,9.12807363520948
3663,2.46,0.75,0.1,0.34,0.8,19977.59147,2839.780678,10698.44973,,105.679176206094,15.0221153089293
3664,2.46,0.62,0.475,0.42,0.8,23499.41714,2642.354095,8551.60683,,124.309231591198,13.9777512431232
3665,0.84,0.75,0.1,0.26,0.6,16153.89135,2843.299574,9742.343302,,85.4522394731274,15.0407298666949
3666,2.46,0.49,0.225,0.26,0.4,21668.07486,1932.791295,5030.459304,,114.621640181972,10.2242451068557
3667,0.84,0.1,0.225,0.42,0.4,21727.45351,1164.503411,497.6532392,,114.935746455777,6.1600899862463
3668,0.3,0.23,0.475,0.18,0.6,18759.04173,1600.234163,1883.363079,,99.233187314854,8.46505587706306
3669,0.3,0.36,0.225,0.42,0.8,18574.41934,2076.74538,4008.299251,,98.2565559669911,10.9857457680914
3670,0.3,0.23,0.225,0.26,0.2,18266.09348,1347.989349,1463.335297,,96.6255473973762,7.13070963288193
3671,3,0.1,0.475,0.5,0.6,28147.05963,1280.66124,602.2866672,,148.894729316547,6.77455162928481
3672,2.46,0.75,0.6,0.42,0.6,23824.34214,2826.905219,9733.971976,,126.028047714769,14.954005601989
3673,0.84,0.23,0.225,0.18,0.2,18948.42261,1287.687906,1463.171452,,100.234990531105,6.81172188954719
3674,2.46,0.1,0.6,0.42,0.2,27328.19621,1251.265062,463.1266797,,144.563035389336,6.61904920651714
3675,2.46,0.1,0.475,0.5,0.6,27192.14105,1284.344601,602.2264778,,143.843319138807,6.79403618810834
3676,1.92,0.36,0.225,0.42,0.2,22808.32023,1582.929963,2994.569285,,120.653407903089,8.37351863626746
3677,2.46,0.36,0.35,0.42,0.6,24215.99763,1838.917304,3791.760555,,128.099860505713,9.72766242065172
3678,3,0.62,0.225,0.34,0.6,22494.13633,2380.029905,7770.036115,,118.991410971223,12.590086251587
3679,1.92,0.36,0.35,0.42,0.6,23190.31335,1866.869043,3793.639999,,122.67410786077,9.87552392615319
3680,1.38,0.49,0.225,0.26,0.8,19123.23433,2308.272277,6450.88629,,101.15972455565,12.2104965986035
3681,3,0.1,0.475,0.26,0.2,26348.25405,1153.683104,463.1467429,,139.379253332628,6.10285179856115
3682,3,0.62,0.225,0.1,0.4,20579.7127,2165.030179,6993.072253,,108.8643287135,11.452762267245
3683,0.84,0.49,0.225,0.42,0.4,19662.98841,2106.826737,5260.216808,,104.014961965722,11.1448727094795
3684,2.46,0.62,0.225,0.5,0.2,23368.41772,2088.303626,6217.260103,,123.616259627592,11.0468875687685
3685,2.46,0.1,0.35,0.18,0.6,23867.49026,1127.548628,602.2264778,,126.256296339399,5.96460340668642
3686,1.92,0.36,0.1,0.18,0.8,19384.83866,1813.732142,4193.175355,,102.543581570038,9.59443579136691
3687,1.92,0.75,0.6,0.34,0.6,22169.37264,2864.829532,9737.01499,,117.27344815912,15.1546208844689
3688,0.3,0.23,0.1,0.5,0.2,19524.1688,1374.646428,1463.335297,,103.280622090563,7.27172253491325
3689,2.46,0.49,0.475,0.26,0.8,22766.73663,2287.657023,6185.454872,,120.433435410495,12.101444260474
3690,0.3,0.62,0.225,0.34,0.4,17090.57561,2489.591093,7002.644712,,90.4071921815489,13.1696524174778
3691,2.46,0.23,0.6,0.5,0.2,27187.9005,1494.571094,1572.880462,,143.820887113838,7.90611031527719
3692,0.84,0.23,0.35,0.5,0.2,22467.72872,1443.090688,1463.171452,,118.851717731697,7.63378484976725
3693,0.3,0.36,0.6,0.34,0.6,20214.25311,2070.962581,3619.542089,,106.931089240372,10.9551554221329
3694,1.38,0.1,0.6,0.34,0.8,24336.97533,1316.471466,631.567199,,128.739818715616,6.96398363309353
3695,0.84,0.1,0.1,0.42,0.8,20815.2425,1175.653844,631.2559117,,110.110254443504,6.21907450275074
3696,1.38,0.1,0.225,0.1,0.8,20062.73919,1088.004701,631.567199,,106.129597915785,5.7554205512061
3697,1.38,0.23,0.35,0.18,0.2,20991.41984,1316.35972,1462.967073,,111.042212441811,6.96339250952179
3698,0.3,0.75,0.225,0.5,0.4,17961.33541,2772.425261,8776.629944,,95.0134120292002,14.6658128491325
3699,0.84,0.1,0.1,0.34,0.8,20135.05707,1146.96565,631.2559117,,106.512151237833,6.06731723444774
3700,3,0.49,0.35,0.42,0.8,24346.18574,2249.906589,6181.481717,,128.78854073212,11.9017487780364
3701,1.92,0.49,0.6,0.34,0.2,23688.07055,1957.355316,4453.853084,,125.30718657427,10.354185971223
3702,1.92,0.36,0.225,0.5,0.2,23450.04238,1605.984874,2994.569285,,124.048044752433,8.49547648116801
3703,0.3,0.36,0.6,0.26,0.4,19671.56513,1924.035618,3230.784927,,104.060331834532,10.1779285759628
3704,0.3,0.23,0.225,0.42,0.2,19669.32883,1398.948328,1463.335297,,104.048502063055,7.40027680914092
3705,1.38,0.62,0.35,0.18,0.2,19255.03112,2170.569321,6219.249295,,101.856914515446,11.4820636955142
3706,1.92,0.36,0.475,0.26,0.8,22414.74942,1969.70447,4193.175355,,118.571463288193,10.4195115848498
3707,1.38,0.75,0.475,0.26,0.4,19961.79157,2697.374145,8773.377263,,105.595596540415,14.2688010209479
3708,1.38,0.62,0.6,0.26,0.8,20709.36745,2766.010116,8559.563598,,109.550187526449,14.6318774650868
3709,3,0.23,0.225,0.34,0.6,24522.619,1446.612027,2007.567767,,129.721852517986,7.65241233072366
3710,3,0.75,0.1,0.18,0.2,20285.70437,2210.623726,7803.904,,107.309058241642,11.6939469212865
3711,1.92,0.23,0.475,0.5,0.6,25254.56186,1608.844615,2009.625859,,133.593746614473,8.51060418429962
3712,3,0.36,0.35,0.18,0.6,23112.84548,1751.350424,3789.623947,,122.264311680068,9.26444363097757
3713,3,0.36,0.475,0.26,0.4,24708.72034,1702.471118,3391.427274,,130.706307342361,9.00587768726196
3714,0.84,0.49,0.475,0.1,0.2,18484.21697,1961.089818,4663.433033,,97.7793957363521,10.3739410600931
3715,1.38,0.75,0.35,0.1,0.8,17273.3943,3008.09495,10706.21581,,91.3742821625053,15.9124785759628
3716,3,0.49,0.1,0.26,0.2,22056.72097,1698.624526,4451.968231,,116.677533696572,8.98552965509945
3717,3,0.75,0.475,0.5,0.4,24967.72721,2594.658086,8767.269282,,132.07642409014,13.7254448053322
3718,3,0.23,0.35,0.42,0.2,26182.55595,1380.970305,1572.503701,,138.502729316547,7.30517512166737
3719,2.46,0.23,0.35,0.34,0.8,24226.43325,1558.812131,2226.606843,,128.155063743123,8.24593806072789
3720,3,0.49,0.1,0.18,0.4,21090.20624,1834.175837,5028.472727,,111.564781210326,9.702580601989
3721,0.84,0.62,0.1,0.18,0.4,16150.54554,2355.441978,7001.076551,,85.4345405205248,12.4600189272112
3722,0.84,0.1,0.6,0.34,0.4,23165.85279,1276.957622,497.6532392,,122.544714293271,6.75495991324587
3723,3,0.36,0.6,0.42,0.8,26399.30792,1993.134536,4187.820619,,139.649322471435,10.5434539568345
3724,0.84,0.36,0.6,0.34,0.2,21923.16354,1748.992544,2841.595155,,115.971030152349,9.25197071519255
3725,0.3,0.1,0.6,0.34,0.2,21814.46173,1256.665153,430.7632897,,115.396009997884,6.64761507088447
3726,0.3,0.23,0.225,0.1,0.2,16736.16681,1292.040549,1463.335297,,88.5324101248413,6.83474687367753
3727,0.3,0.1,0.6,0.18,0.8,20199.87344,1308.767439,630.9014586,,106.855022429116,6.92323021053745
3728,3,0.49,0.225,0.5,0.6,24388.44172,2117.128696,5604.977222,,129.012070038087,11.1993688954719
3729,0.3,0.62,0.35,0.34,0.6,17643.42703,2695.819584,7784.394805,,93.3317130236987,14.2605775708845
3730,1.92,0.36,0.475,0.1,0.4,21255.2239,1700.661834,3394.104642,,112.437705776555,8.99630678163352
3731,0.3,0.23,0.1,0.18,0.6,16417.13047,1454.83264,1883.363079,,86.8447443398223,7.69589843419382
3732,3,0.1,0.6,0.42,0.4,28228.10422,1280.344424,532.716705,,149.323445937368,6.77287570884469
3733,1.38,0.23,0.1,0.1,0.4,18508.63298,1267.253429,1672.61274,,97.9085536394414,6.70362584109183
3734,1.38,0.1,0.35,0.26,0.2,22458.599,1114.796355,430.9297248,,118.803422556073,5.89714533961066
3735,1.92,0.23,0.35,0.18,0.6,21854.77559,1463.34231,2009.625859,,115.609265710961,7.74091361616589
3736,1.38,0.62,0.6,0.5,0.2,23375.97662,2302.483544,6219.249295,,123.656245344901,12.179874862463
3737,0.84,0.75,0.225,0.1,0.2,16011.23521,2469.63606,7807.806912,,84.6976047926365,13.0640925730004
3738,1.38,0.36,0.35,0.1,0.4,19416.74414,1678.882943,3228.942246,,102.712357913669,8.88109893673297
3739,1.38,0.75,0.6,0.18,0.6,19671.44078,2907.732687,9739.796535,,104.059674037241,15.3815736722387
3740,2.46,0.23,0.475,0.34,0.2,25269.73106,1400.882445,1572.880462,,133.673989949217,7.41050806707575
3741,1.38,0.62,0.475,0.18,0.8,19301.53807,2729.720205,8559.563598,,102.102930966991,14.4399079824376
3742,0.3,0.75,0.225,0.26,0.6,15657.83675,2946.404158,9744.675557,,82.8281673190859,15.5861413351672
3743,3,0.75,0.35,0.42,0.6,23368.15152,2730.493176,9730.634564,,123.614851460008,14.4439969107067
3744,3,0.49,0.35,0.34,0.8,23688.75895,2228.095433,6181.481717,,125.310828131612,11.7863702549725
3745,1.92,0.62,0.475,0.26,0.4,21564.33913,2358.543283,6997.460871,,114.072890023276,12.4764244763013
3746,2.46,0.1,0.35,0.26,0.4,24625.50826,1135.475376,532.6765788,,130.266124947101,6.00653499788405
3747,0.3,0.36,0.6,0.18,0.2,19109.09531,1758.614606,2842.027765,,101.084930755396,9.30287032374101
3748,0.84,0.75,0.35,0.18,0.2,17565.33564,2513.41384,7807.806912,,92.9186184934406,13.2956720270842
3749,2.46,0.36,0.1,0.34,0.8,21875.31865,1818.806225,4190.66943,,115.717936151079,9.62127711066441
3750,1.92,0.1,0.1,0.34,0.8,22619.73507,1117.40858,671.5995253,,119.655813954719,5.91096371138383
3751,1.38,0.75,0.1,0.34,0.2,18624.9063,2379.095632,7806.95799,,98.5236262166737,12.5851440541684
3752,1.92,0.23,0.35,0.18,0.4,21991.37548,1384.828971,1791.407795,,116.331863520948,7.32558702391028
3753,1.38,0.62,0.1,0.18,0.2,17649.30421,2079.127458,6219.249295,,93.3628026343631,10.9983466885315
3754,2.46,0.75,0.35,0.18,0.2,20922.10063,2340.512885,7805.01647,,110.67552174143,12.3810457310622
3755,0.84,0.36,0.225,0.5,0.8,20615.89982,2023.064951,4006.568812,,109.055754443504,10.7017824322895
3756,1.38,0.49,0.1,0.34,0.8,19004.785,2277.626028,6450.88629,,100.533141134152,12.0483814430808
3757,3,0.1,0.225,0.18,0.8,24095.79417,1092.197526,671.8566294,,127.463997936945,5.77760011637749
3758,1.38,0.23,0.6,0.5,0.2,25063.10648,1511.150195,1462.967073,,132.580969530258,7.99381186521371
3759,0.3,0.23,0.6,0.42,0.6,21556.98401,1713.717403,1883.363079,,114.033982278883,9.0653692498942
3760,0.3,0.62,0.6,0.1,0.8,16663.05315,2906.033468,8566.144897,,88.1456472175201,15.372584997884
3761,0.3,0.75,0.475,0.1,0.4,15925.07682,2831.424231,8776.629944,,84.2418367541261,14.9779106591198
3762,1.92,0.49,0.1,0.5,0.6,21629.35585,2130.061426,5610.63178,,114.416821043165,11.2677815594583
3763,1.38,0.75,0.6,0.42,0.4,21999.23104,2743.836376,8773.377263,,116.37341853576,14.5145809140923
3764,1.92,0.49,0.225,0.26,0.6,20417.02905,2129.575369,5610.63178,,108.003750793483,11.2652103734659
3765,3,0.36,0.35,0.26,0.4,24007.00676,1658.738443,3391.427274,,126.99432268303,8.7745368334744
3766,1.38,0.1,0.35,0.18,0.2,21741.78321,1084.512021,430.9297248,,115.011548931443,5.73694467308506
3767,1.92,0.49,0.1,0.26,0.4,19814.4944,1923.278866,5032.242432,,104.816411341515,10.1739254443504
3768,1.38,0.49,0.225,0.42,0.2,21114.10509,1883.0826,4662.708516,,111.691203396107,9.96129179009733
3769,0.84,0.49,0.1,0.26,0.4,17436.06004,2029.294809,5260.216808,,92.2347653406686,10.7347376692763
3770,1.92,0.75,0.475,0.5,0.8,22575.44964,2994.255813,10702.50708,,119.42154909014,15.8392711225138
3771,0.84,0.62,0.35,0.42,0.2,20141.55561,2271.901682,6220.110539,,106.5465277719,12.0181003068134
3772,3,0.1,0.6,0.34,0.4,27595.15785,1247.623463,532.716705,,145.97523196149,6.59978556390182
3773,1.92,0.62,0.1,0.5,0.4,21289.9642,2270.283312,6997.460871,,112.621477994075,12.0095393144308
3774,0.3,0.23,0.6,0.34,0.2,21129.69711,1514.005462,1463.335297,,111.773683400339,8.00891590139653
3775,3,0.1,0.225,0.5,0.4,26805.39506,1174.160573,532.716705,,141.797477041896,6.21117526978417
3776,2.46,0.36,0.6,0.42,0.8,25456.69133,2013.856072,4190.66943,,134.66298841515,10.6530685146001
3777,0.3,0.1,0.6,0.42,0.8,22300.93076,1392.718206,630.9014586,,117.969375581887,7.36732017562421
3778,3,0.49,0.6,0.5,0.4,26694.88541,2096.181515,5028.472727,,141.212893620398,11.0885607014389
3779,1.92,0.1,0.475,0.34,0.8,24839.4745,1260.09292,671.5995253,,131.397981908591,6.66574756665256
3780,0.84,0.62,0.475,0.26,0.4,19238.20559,2483.943368,7001.076551,,101.767909384257,13.1397765975455
3781,1.92,0.49,0.6,0.34,0.2,23688.07055,1957.355316,4453.853084,,125.30718657427,10.354185971223
3782,3,0.62,0.35,0.34,0.8,23063.73231,2555.31078,8546.999977,,122.004508622514,13.5173020524757
3783,0.84,0.1,0.35,0.18,0.6,20316.60351,1158.082545,564.4545755,,107.472511161659,6.12612433876428
3784,1.38,0.75,0.475,0.5,0.8,21488.21303,3044.931465,10706.21581,,113.67019165256,16.1073395313161
3785,0.84,0.1,0.6,0.26,0.2,22539.78976,1214.156654,430.851903,,119.232912399492,6.42274996826069
3786,3,0.1,0.475,0.26,0.6,26235.12019,1195.877355,602.2866672,,138.780788140076,6.32605456517139
3787,0.84,0.23,0.1,0.42,0.4,20133.50196,1401.668831,1673.021498,,106.503924883623,7.41466795916208
3788,0.3,0.23,0.1,0.26,0.6,17174.43506,1480.591986,1883.363079,,90.8507990901397,7.83216243123149
3789,1.38,0.36,0.35,0.1,0.2,19603.04695,1546.938005,2841.106425,,103.697878491325,8.18312529094372
3790,2.46,0.49,0.225,0.18,0.8,20564.43828,2194.725958,6185.454872,,108.783528776978,11.6098495450698
3791,1.92,0.36,0.6,0.1,0.4,21931.75341,1742.309073,3394.104642,,116.016469583157,9.21661591726619
3792,0.3,0.23,0.475,0.34,0.8,20093.60575,1733.373156,2093.37697,,106.292878491325,9.16934593736775
3793,1.38,0.36,0.475,0.34,0.6,22142.32201,1918.397337,3616.778068,,117.130353417266,10.1481027137114
3794,0.84,0.62,0.475,0.1,0.6,17518.72018,2644.57283,7782.042563,,92.6720280363944,13.9894880977571
3795,2.46,0.49,0.475,0.42,0.4,24478.37361,2059.407411,5030.459304,,129.487799460432,10.8940298931443
3796,2.46,0.62,0.475,0.26,0.8,22153.89289,2624.277029,8551.60683,,117.19156205036,13.8821256294964
3797,1.38,0.75,0.35,0.42,0.4,20607.4118,2674.954433,8773.377263,,109.010853787558,14.1502033061786
3798,3,0.1,0.475,0.18,0.2,25658.65806,1124.829513,463.1467429,,135.731369339822,5.95021959902666
3799,3,0.23,0.225,0.18,0.4,23274.25212,1319.851331,1790.035734,,123.118134363098,6.98186273275497
3800,1.92,0.23,0.6,0.42,0.6,25279.53242,1625.809592,2009.625859,,133.725838023699,8.60034697418536
3801,3,0.75,0.6,0.1,0.6,21971.89642,2761.307946,9730.634564,,116.228821519255,14.6070035230639
3802,2.46,0.49,0.6,0.18,0.4,23095.42776,2044.317954,5030.459304,,122.172173931443,10.8142083897588
3803,0.3,0.23,0.475,0.18,0.2,19014.77858,1415.722187,1463.335297,,100.58600603047,7.4890086066441
3804,3,0.1,0.6,0.34,0.2,27652.23519,1224.585152,463.1467429,,146.277164568345,6.47791553110453
3805,1.92,0.1,0.475,0.42,0.6,25525.40173,1265.924224,602.0938391,,135.026458580195,6.69659449851883
3806,0.3,0.36,0.6,0.5,0.6,21542.72811,2102.304936,3619.542089,,113.958570196784,11.1209528988574
3807,1.92,0.1,0.6,0.18,0.8,24116.34285,1245.314344,671.5995253,,127.572698106221,6.58757058823529
3808,3,0.49,0.35,0.42,0.4,24713.94911,1992.780326,5028.472727,,130.733966938214,10.5415802264071
3809,1.38,0.62,0.475,0.5,0.8,22032.18111,2750.48303,8559.563598,,116.547720641134,14.5497409542954
3810,3,0.49,0.35,0.5,0.8,24978.99375,2266.319316,6181.481717,,132.136022799408,11.9885702285231
3811,2.46,0.75,0.6,0.26,0.4,22745.60591,2629.873152,8769.494223,,120.321656316124,13.9117284807448
3812,3,0.1,0.6,0.34,0.4,27595.15785,1247.623463,532.716705,,145.97523196149,6.59978556390182
3813,1.38,0.36,0.475,0.5,0.2,23800.13722,1714.306062,2841.106425,,125.900006453661,9.06848318874313
3814,3,0.1,0.475,0.42,0.6,27534.84661,1253.614091,602.2866672,,145.656192393144,6.63147530152349
3815,0.3,0.75,0.6,0.18,0.4,17384.50487,2861.073967,8776.629944,,91.9620443821414,15.1347543747355
3816,2.46,0.49,0.225,0.42,0.6,22810.78246,2122.2149,5607.957088,,120.666432818451,11.2262743334744
3817,1.92,0.49,0.475,0.1,0.6,20429.51921,2180.929565,5610.63178,,108.069822312738,11.5368682024968
3818,2.46,0.1,0.1,0.34,0.4,23786.00617,1068.699224,532.6765788,,125.825254813796,5.65329678374947
3819,3,0.23,0.35,0.18,0.6,23878.6899,1438.086634,2007.567767,,126.315541155311,7.60731397587812
3820,3,0.1,0.225,0.1,0.6,23384.89339,1045.564905,602.2866672,,123.703414039357,5.5309188796022
3821,1.92,0.49,0.225,0.18,0.4,19903.68206,1952.739649,5032.242432,,105.288203872196,10.3297696201862
3822,3,0.36,0.6,0.5,0.4,27309.48901,1816.148579,3391.427274,,144.464076438849,9.60721846699111
3823,0.84,0.62,0.6,0.18,0.6,18970.41485,2682.63851,7782.042563,,100.351326967838,14.1908511955142
3824,3,0.36,0.1,0.1,0.2,21191.90166,1393.274462,2993.230601,,112.102738362251,7.37026270630554
3825,1.92,0.36,0.225,0.42,0.6,22439.78514,1821.835909,3793.639999,,118.703899386373,9.63730379284807
3826,1.92,0.1,0.225,0.42,0.8,24066.83887,1193.654298,671.5995253,,127.310827708422,6.31429484765129
3827,0.84,0.1,0.1,0.26,0.6,19482.07236,1087.505004,564.4545755,,103.057936732967,5.75277721117224
3828,1.92,0.36,0.6,0.42,0.2,24910.14889,1715.965579,2994.569285,,131.771841356327,9.07726184405417
3829,1.92,0.62,0.6,0.42,0.2,23835.19525,2240.715022,6218.302699,,126.085459426576,11.8531264388489
3830,0.3,0.36,0.475,0.34,0.8,19384.38208,2146.007091,4008.299251,,102.541166314008,11.3521323053322
3831,2.46,0.36,0.225,0.26,0.6,22114.07039,1749.335156,3791.760555,,116.98090557554,9.25378309352518
3832,0.84,0.23,0.6,0.34,0.6,22268.55346,1647.038961,1882.871544,,117.798103364367,8.71264791049513
3833,0.84,0.75,0.6,0.42,0.2,21073.56414,2604.890782,7807.806912,,111.476746402878,13.7795745979687
3834,0.3,0.1,0.1,0.42,0.8,19369.6617,1202.511215,630.9014586,,102.463297185781,6.36114692657639
3835,1.38,0.1,0.475,0.26,0.8,22994.07628,1244.178744,631.567199,,121.636036182818,6.58156339399069
3836,2.46,0.1,0.6,0.26,0.4,25967.25842,1225.596975,532.6765788,,137.363829983072,6.48326795916208
3837,0.84,0.75,0.6,0.42,0.2,21073.56414,2604.890782,7807.806912,,111.476746402878,13.7795745979687
3838,0.3,0.75,0.475,0.42,0.4,18803.66834,2837.816745,8776.629944,,99.4692569826492,15.0117263277613
3839,2.46,0.49,0.6,0.34,0.8,24121.53121,2339.592614,6185.454872,,127.600143937791,12.3761776026238
3840,0.3,0.36,0.475,0.34,0.6,19533.88602,2031.084441,3619.542089,,103.332025074058,10.7442046180703
3841,1.38,0.1,0.475,0.18,0.4,22383.64557,1159.387493,497.8088828,,118.406927475667,6.13302736457893
3842,2.46,0.1,0.1,0.42,0.6,24384.60499,1117.654729,602.2264778,,128.991774174778,5.91226581146847
3843,2.46,0.1,0.1,0.26,0.8,23016.39347,1080.484352,671.7763769,,121.754091567922,5.71563876428269
3844,0.84,0.36,0.475,0.5,0.2,22570.89549,1751.714936,2841.595155,,119.397458157004,9.26637185780787
3845,2.46,0.1,0.1,0.1,0.4,21647.18155,979.6230313,532.6765788,,114.511116959374,5.18209390234871
3846,0.3,0.75,0.225,0.26,0.8,15431.315,3115.771682,10712.72117,,81.6298931443081,16.4820761849344
3847,0.84,0.62,0.1,0.5,0.2,19219.18428,2193.712046,6220.110539,,101.667288827761,11.604486066441
3848,1.92,0.36,0.475,0.26,0.8,22414.74942,1969.70447,4193.175355,,118.571463288193,10.4195115848498
3849,1.92,0.49,0.6,0.42,0.2,24345.81713,1976.651331,4453.853084,,128.786590827338,10.4562596857808
3850,0.3,0.1,0.35,0.42,0.8,20929.08009,1305.107226,630.9014586,,110.712442287347,6.903868101989
3851,0.3,0.75,0.35,0.5,0.6,18483.13446,2978.792621,9744.675557,,97.7736693821414,15.7574726036818
3852,0.84,0.23,0.475,0.18,0.8,20064.61554,1633.280585,2092.72159,,106.13952359289,8.63986767350825
3853,1.38,0.75,0.225,0.5,0.4,20492.92203,2645.031734,8773.377263,,108.405215986035,13.991915647482
3854,3,0.49,0.225,0.42,0.2,24204.3573,1791.734432,4451.968231,,128.038284490055,9.47807041895895
3855,3,0.1,0.1,0.18,0.8,23308.13893,1044.000901,671.8566294,,123.297391716039,5.52264547714769
3856,1.92,0.49,0.225,0.18,0.8,19521.34241,2241.962407,6189.021128,,103.265670810411,11.8597249629708
3857,1.92,0.23,0.225,0.1,0.6,20341.2384,1388.820257,2009.625859,,107.602826914939,7.34670047079983
3858,1.92,0.49,0.475,0.26,0.4,22110.35645,2060.40138,5032.242432,,116.9612592573,10.8992878755819
3859,1.92,0.75,0.475,0.1,0.2,19871.37881,2419.270024,7806.030808,,105.117323370715,12.7976619974609
3860,2.46,0.23,0.1,0.1,0.6,20597.21132,1323.268546,2008.69805,,108.956894413881,6.99993940964875
3861,0.84,0.1,0.6,0.18,0.2,21822.46569,1184.258641,430.851903,,115.438350031739,6.26459289568345
3862,1.92,0.23,0.475,0.5,0.2,25514.05477,1461.312626,1573.189732,,134.966434458316,7.73017681972069
3863,1.38,0.62,0.225,0.26,0.6,18723.68779,2514.116694,7779.458831,,99.0461690118493,13.299390044435
3864,1.38,0.49,0.6,0.1,0.2,20414.56294,1943.194143,4662.708516,,107.990705353364,10.2792749841303
3865,2.46,0.62,0.35,0.26,0.2,22127.07225,2087.565374,6217.260103,,117.049683929327,11.0429823000423
3866,1.38,0.1,0.475,0.34,0.4,23780.84619,1217.607805,497.8088828,,125.797959109183,6.44100616271689
3867,1.38,0.49,0.35,0.34,0.4,20976.69777,2077.925325,5258.767774,,110.964334373678,10.9919875423191
3868,0.84,0.36,0.35,0.26,0.4,19654.49263,1771.520018,3229.919707,,103.970020260262,9.37113847862886
3869,1.38,0.1,0.1,0.34,0.8,21442.08959,1128.074629,631.567199,,113.426203925095,5.96738589187474
3870,0.84,0.23,0.35,0.34,0.2,21147.11189,1393.313184,1463.171452,,111.865805596699,7.37046754126111
3871,0.84,0.1,0.35,0.26,0.6,21044.48902,1188.525751,564.4545755,,111.322942340245,6.28716542001693
3872,0.84,0.1,0.225,0.26,0.8,20235.14098,1167.937848,631.2559117,,107.041583685992,6.17825776555227
3873,3,0.62,0.1,0.18,0.4,20511.35913,2134.840776,6993.072253,,108.502746138383,11.2930637748625
3874,3,0.62,0.6,0.42,0.2,25770.12527,2177.357149,6216.10839,,136.321018144308,11.5179705300466
3875,0.84,0.36,0.35,0.18,0.8,18600.72448,2000.031961,4006.568812,,98.3957071519255,10.5799405469742
3876,2.46,0.62,0.225,0.5,0.8,22671.86317,2577.99336,8551.60683,,119.931565647482,13.6372903089293
3877,1.92,0.75,0.475,0.34,0.4,21751.86417,2649.595719,8771.522899,,115.064876057977,14.0160586066441
3878,0.84,0.23,0.225,0.18,0.2,18948.42261,1287.687906,1463.171452,,100.234990531105,6.81172188954719
3879,2.46,0.36,0.225,0.42,0.2,23843.86105,1562.050857,2993.942804,,126.131300518409,8.2630705512061
3880,1.38,0.1,0.35,0.42,0.8,23643.0101,1255.896886,631.567199,,125.068821942446,6.64355102623783
3881,3,0.23,0.225,0.5,0.4,25941.67638,1430.221855,1790.035734,,137.228503914515,7.56571019360982
3882,0.84,0.49,0.225,0.5,0.8,19933.12098,2404.900233,6453.784358,,105.44393239526,12.7216474449852
3883,0.3,0.23,0.225,0.42,0.8,19295.53338,1664.274205,2093.37697,,102.071166842996,8.80382038192975
3884,1.92,0.62,0.225,0.1,0.4,18587.92579,2255.472236,6997.460871,,98.3280035442235,11.931190414727
3885,2.46,0.36,0.1,0.1,0.6,19816.05129,1656.375402,3791.760555,,104.824647111722,8.76203661658908
3886,2.46,0.1,0.225,0.5,0.4,25842.38947,1172.504189,532.6765788,,136.70328750529,6.20241318768515
3887,0.84,0.62,0.1,0.42,0.6,18066.94823,2554.538646,7782.042563,,95.5720917795176,13.5132175518409
3888,2.46,0.36,0.475,0.42,0.4,25093.71845,1766.415304,3392.851679,,132.742903353788,9.34413512484131
3889,1.92,0.1,0.1,0.18,0.4,21305.74561,1012.220624,532.588153,,112.704959849767,5.35453144308083
3890,3,0.75,0.6,0.26,0.4,23673.55926,2589.070367,8767.269282,,125.230423508252,13.6958864102835
3891,0.84,0.75,0.6,0.1,0.4,17961.96247,2791.520622,8775.075107,,95.0167291049513,14.7668251269573
3892,1.38,0.75,0.6,0.26,0.6,20390.04859,2910.090986,9739.796535,,107.861027242912,15.3940488044858
3893,2.46,0.23,0.35,0.1,0.8,22086.49443,1482.680304,2226.606843,,116.835031898011,7.84320939483707
3894,2.46,0.23,0.1,0.34,0.4,22909.02466,1333.1418,1790.789256,,121.186122831147,7.05216779517563
3895,0.84,0.75,0.6,0.26,0.6,19193.77775,2969.08392,9742.343302,,101.53289118705,15.7061146847228
3896,1.92,0.75,0.1,0.34,0.4,19449.19954,2537.437356,8771.522899,,102.884043271265,13.4227536817605
3897,0.3,0.75,0.1,0.18,0.2,14579.77001,2509.67938,7808.584331,,77.1253174460432,13.2759171603893
3898,2.46,0.1,0.6,0.1,0.6,24494.21984,1184.717481,602.2264778,,129.571624206517,6.26702010685569
3899,0.84,0.23,0.1,0.34,0.4,19448.24222,1375.787417,1673.021498,,102.87897915785,7.2777582363521
3900,1.38,0.36,0.35,0.42,0.8,21965.43398,1995.90574,4004.61389,,116.194635950063,10.5581133093525
3901,0.3,0.1,0.1,0.34,0.4,18809.01756,1100.719187,497.4760127,,99.4975537452391,5.82267872936945
3902,3,0.75,0.6,0.34,0.8,23880.74331,2927.979322,10693.99985,,126.326403459585,15.4886760579771
3903,2.46,0.62,0.1,0.34,0.2,21255.06018,2008.885834,6217.260103,,112.436839716462,10.6267765234871
3904,0.84,0.1,0.475,0.5,0.4,23808.31273,1287.825855,497.6532392,,125.943253967414,6.81245162399492
3905,0.3,0.75,0.1,0.18,0.4,14310.26741,2730.181409,8776.629944,,75.6996794858231,14.4423476988997
3906,0.3,0.75,0.1,0.42,0.8,15986.95295,3080.375726,10712.72117,,84.5691544117647,16.2948356220906
3907,3,0.62,0.6,0.5,0.6,25904.23722,2526.903182,7770.036115,,137.030455035971,13.3670291049513
3908,3,0.23,0.35,0.1,0.8,23071.12809,1468.974253,2225.099799,,122.043631453661,7.77070595112146
3909,1.92,0.23,0.6,0.34,0.4,24755.02431,1528.596505,1791.407795,,130.951250052899,8.0861008516716
3910,1.38,0.36,0.6,0.18,0.8,21266.76409,2020.003761,4004.61389,,112.498752063055,10.6855890869657
3911,3,0.62,0.475,0.18,0.8,22383.29908,2572.469028,8546.999977,,118.405094583157,13.608067223868
3912,2.46,0.23,0.1,0.34,0.6,22768.51706,1405.814392,2008.69805,,120.44285368176,7.43659750317393
3913,0.3,0.75,0.475,0.26,0.2,17686.82565,2629.913911,7808.584331,,93.5612867647059,13.9119440911976
3914,1.92,0.75,0.1,0.5,0.2,21066.21844,2346.204597,7806.030808,,111.437888489209,12.4111542371985
3915,1.38,0.1,0.6,0.18,0.6,22989.88229,1234.429478,564.6880409,,121.61385045493,6.52999089081676
3916,1.38,0.1,0.225,0.42,0.8,22903.76873,1206.00328,631.567199,,121.158319561997,6.37961955141769
3917,3,0.62,0.225,0.42,0.2,23667.49092,2040.867932,6216.10839,,125.19832268303,10.7959581675836
3918,3,0.62,0.1,0.34,0.2,22203.89108,1976.347406,6216.10839,,117.45604676259,10.4546519572577
3919,3,0.62,0.475,0.1,0.2,22331.34523,2061.587045,6216.10839,,118.130264652984,10.905559907956
3920,3,0.49,0.225,0.26,0.6,22401.87951,2058.063369,5604.977222,,118.503382934829,10.8869200645366
3921,2.46,0.36,0.1,0.1,0.8,19685.93992,1754.660647,4190.66943,,104.136372831147,9.28195433241642
3922,2.46,0.1,0.1,0.34,0.8,23700.14364,1107.867256,671.7763769,,125.37105184088,5.86049119763013
3923,3,0.36,0.225,0.18,0.8,22237.34934,1795.466602,4187.820619,,117.633037134998,9.49781317181549
3924,3,0.1,0.6,0.34,0.4,27595.15785,1247.623463,532.716705,,145.97523196149,6.59978556390182
3925,1.38,0.75,0.35,0.1,0.8,17273.3943,3008.09495,10706.21581,,91.3742821625053,15.9124785759628
3926,0.84,0.1,0.6,0.1,0.8,20893.91833,1249.42652,631.2559117,,110.526440594583,6.60932352941177
3927,1.92,0.75,0.225,0.42,0.4,20941.20458,2584.313127,8771.522899,,110.776579454084,13.6707211542531
3928,1.38,0.1,0.35,0.1,0.4,20928.8696,1082.584026,497.8088828,,110.711328819298,5.72674579983072
3929,0.84,0.75,0.1,0.42,0.2,18090.3941,2450.036337,7807.806912,,95.6961177528566,12.9604122778248
3930,1.38,0.75,0.35,0.5,0.6,20994.61673,2859.390371,9739.796535,,111.05912362463,15.1258483442658
3931,0.3,0.23,0.475,0.1,0.4,18112.8585,1480.318259,1673.349188,,95.8149518620398,7.83071444667795
3932,3,0.36,0.35,0.18,0.8,22994.60212,1838.981355,4187.820619,,121.638817816335,9.72800124312315
3933,0.3,0.49,0.35,0.42,0.6,18870.33664,2377.946989,5858.964078,,99.8219246720271,12.5790678639441
3934,0.3,0.75,0.1,0.18,0.2,14579.77001,2509.67938,7808.584331,,77.1253174460432,13.2759171603893
3935,1.92,0.23,0.225,0.5,0.4,23955.78142,1443.436394,1791.407795,,126.723346487516,7.63561359500635
3936,2.46,0.49,0.225,0.5,0.8,23291.71624,2251.030155,6185.454872,,123.210517562421,11.907692313796
3937,2.46,0.1,0.35,0.42,0.8,25862.29359,1229.756944,671.7763769,,136.808578025815,6.50527371984765
3938,1.38,0.49,0.225,0.5,0.6,21331.11933,2214.788096,5854.827032,,112.839183929327,11.7159759627592
3939,1.38,0.62,0.1,0.1,0.8,16175.61479,2619.905054,8559.563598,,85.5671539885739,13.858998381295
3940,0.84,0.49,0.6,0.1,0.6,18760.63754,2337.596082,5857.000583,,99.2416289674143,12.3656161764706
3941,2.46,0.49,0.6,0.18,0.8,22728.62238,2311.683449,6185.454872,,120.231815382988,12.2285413087177
3942,0.84,0.75,0.225,0.1,0.6,15488.17947,2879.147222,9742.343302,,81.9306996931866,15.2303598286077
3943,1.92,0.23,0.225,0.1,0.6,20341.2384,1388.820257,2009.625859,,107.602826914939,7.34670047079983
3944,1.92,0.49,0.6,0.1,0.4,21320.43542,2065.454519,5032.242432,,112.782667266187,10.9260184035125
3945,3,0.1,0.475,0.1,0.8,24802.92152,1153.324638,671.8566294,,131.20462082099,6.10095555438003
3946,3,0.36,0.475,0.34,0.2,25573.44213,1614.309049,2993.230601,,135.280586807025,8.53951041578502
3947,2.46,0.23,0.225,0.42,0.6,24221.70132,1479.318604,2008.69805,,128.130032374101,7.82542638595006
3948,0.3,0.1,0.35,0.5,0.8,21582.07564,1331.58682,630.9014586,,114.166714134575,7.04394212865002
3949,3,0.49,0.475,0.5,0.4,26040.05855,2056.911158,5028.472727,,137.748934352518,10.880825
3950,2.46,0.23,0.6,0.34,0.8,25582.73081,1643.095965,2226.606843,,135.329722862886,8.6917899121879
3951,1.92,0.23,0.35,0.42,0.6,23924.5512,1538.408561,2009.625859,,126.558142192129,8.13800550677105
3952,3,0.1,0.475,0.26,0.2,26348.25405,1153.683104,463.1467429,,139.379253332628,6.10285179856115
3953,0.3,0.23,0.475,0.26,0.6,19497.46756,1624.650778,1883.363079,,103.139375581887,8.59421698053322
3954,0.3,0.23,0.475,0.42,0.6,20885.35018,1671.71684,1883.363079,,110.481116060093,8.84319107067288
3955,1.92,0.49,0.35,0.34,0.2,22315.06632,1873.475373,4453.853084,,118.044151079137,9.91047065700381
3956,1.38,0.1,0.6,0.34,0.2,24496.85307,1232.97451,430.9297248,,129.58555369234,6.52229427634363
3957,0.84,0.36,0.6,0.18,0.8,20014.4739,2080.246716,4006.568812,,105.874280046551,11.0042674354634
3958,1.92,0.62,0.6,0.18,0.6,21290.4133,2558.957367,7776.619042,,112.62385368176,13.5365920810411
3959,0.3,0.75,0.475,0.26,0.8,16954.30248,3166.719816,10712.72117,,89.6863228946255,16.7515859923826
3960,1.92,0.36,0.35,0.34,0.8,22394.25644,1948.564275,4193.175355,,118.463057765552,10.3076823688108
3961,1.92,0.1,0.475,0.34,0.2,24990.44787,1184.903016,463.0824668,,132.196613785442,6.26800156580618
3962,0.84,0.49,0.225,0.42,0.6,19456.11031,2261.454478,5857.000583,,102.92060045493,11.9628357913669
3963,0.84,0.62,0.6,0.5,0.2,22175.13801,2362.373712,6220.110539,,117.30394630766,12.4966870080406
3964,3,0.62,0.6,0.34,0.4,24863.30597,2327.860113,6993.072253,,131.524047661871,12.3141140129073
3965,2.46,0.49,0.35,0.18,0.4,21707.90104,1962.476584,5030.459304,,114.832316123572,10.3812768937791
3966,3,0.62,0.6,0.26,0.4,24186.39615,2313.393014,6993.072253,,127.943272058824,12.2375847122302
3967,3,0.1,0.225,0.5,0.8,26732.52639,1208.541759,671.8566294,,141.412010103682,6.39304781527719
3968,1.92,0.49,0.225,0.1,0.8,18759.51831,2229.966757,6189.021128,,99.2357083685992,11.7962693451121
3969,0.84,0.49,0.1,0.26,0.4,17436.06004,2029.294809,5260.216808,,92.2347653406686,10.7347376692763
3970,0.3,0.36,0.475,0.26,0.6,18824.5384,2014.632476,3619.542089,,99.5796572154042,10.657175603047
3971,1.38,0.49,0.1,0.42,0.2,20305.55262,1833.746421,4662.708516,,107.414053216251,9.70030904041473
3972,1.92,0.62,0.1,0.34,0.6,19717.39449,2425.039606,7776.619042,,104.302763912399,12.8281824269996
3973,2.46,0.36,0.6,0.5,0.2,26557.45248,1718.169227,2993.942804,,140.485889123995,9.08891889018197
3974,0.84,0.1,0.475,0.5,0.2,23869.80207,1255.081055,430.851903,,126.268525550148,6.63923537346593
3975,3,0.75,0.35,0.18,0.2,21866.22692,2298.628603,7803.904,,115.669841938214,12.1594826650444
3976,1.92,0.49,0.225,0.5,0.6,22434.36291,2174.600443,5610.63178,,118.675216409226,11.503387870292
3977,1.92,0.75,0.35,0.42,0.2,21983.52382,2420.801631,7806.030808,,116.290329136691,12.8057640234871
3978,1.38,0.23,0.225,0.18,0.6,19959.03613,1431.09561,1882.258407,,105.581020577656,7.57033225772323
3979,0.3,0.62,0.475,0.42,0.4,19275.42641,2570.637556,7002.644712,,101.964803269149,13.5983789462548
3980,3,0.23,0.1,0.34,0.2,24019.56939,1256.609029,1572.503701,,127.060777560305,6.64731818133728
3981,3,0.75,0.475,0.18,0.6,22030.22038,2734.307739,9730.634564,,116.53734860347,14.4641755131189
3982,0.3,0.62,0.475,0.5,0.2,20168.62536,2395.504067,6220.89462,,106.689723656369,12.6719428004655
3983,0.3,0.1,0.1,0.34,0.4,18809.01756,1100.719187,497.4760127,,99.4975537452391,5.82267872936945
3984,2.46,0.23,0.35,0.26,0.8,23543.21975,1534.658432,2226.606843,,124.540942393144,8.11816775285654
3985,0.84,0.23,0.6,0.18,0.8,20744.00183,1674.899921,2092.72159,,109.733399439272,8.86002920545916
3986,0.84,0.23,0.225,0.42,0.4,20938.38929,1451.584184,1673.021498,,110.761686891663,7.67871447312738
3987,3,0.62,0.35,0.42,0.4,24149.65569,2272.863376,6993.072253,,127.748919223445,12.0231875581887
3988,2.46,0.49,0.225,0.5,0.2,23897.09945,1836.864819,4452.96152,,126.412925571308,9.71680500952179
3989,3,0.36,0.475,0.5,0.2,26844.6184,1668.471202,2993.230601,,142.004964028777,8.82602201650444
3990,3,0.23,0.35,0.26,0.2,24862.55594,1324.433481,1572.503701,,131.52008008887,7.00610178269149
3991,2.46,0.62,0.225,0.26,0.8,20668.20445,2551.049917,8551.60683,,109.332439959797,13.4947625740584
3992,3,0.36,0.475,0.1,0.2,23461.93597,1537.663635,2993.230601,,124.110960484554,8.13406493334744
3993,0.3,0.75,0.475,0.1,0.2,16185.2315,2624.440789,7808.584331,,85.6180252856538,13.8829919011849
3994,2.46,0.49,0.6,0.5,0.2,25988.63996,1965.759886,4452.96152,,137.476935886585,10.398645186204
3995,0.84,0.49,0.475,0.18,0.6,18832.78938,2308.54341,5857.000583,,99.6233039568345,12.2119308611934
3996,1.92,0.1,0.35,0.5,0.6,25465.08758,1246.015814,602.0938391,,134.707403618282,6.59128128438426
3997,1.92,0.1,0.475,0.26,0.2,24315.04685,1156.533594,463.0824668,,128.623819561997,6.1179305649598
3998,3,0.75,0.35,0.26,0.8,21809.89929,2860.578782,10693.99985,,115.371875211595,15.1321349026661
3999,1.92,0.62,0.6,0.42,0.6,23353.37995,2585.713428,7776.619042,,123.536711542531,13.6781285865425
4000,3,0.49,0.35,0.1,0.8,21545.09928,2181.143227,6181.481717,,113.97111341515,11.5379984500635
4001,3,0.75,0.475,0.18,0.4,22292.27876,2544.090283,8767.269282,,117.923607490478,13.4579469054168
4002,0.3,0.1,0.475,0.42,0.4,21756.9652,1279.279695,497.4760127,,115.091859923826,6.76724341409226
4003,0.84,0.1,0.6,0.1,0.4,21008.91244,1185.717552,497.6532392,,111.13474629708,6.27231036817605
4004,3,0.49,0.475,0.34,0.6,24547.51972,2157.413686,5604.977222,,129.853574481591,11.4124718895472
4005,3,0.62,0.1,0.1,0.8,19314.19342,2450.110348,8546.999977,,102.169876322471,12.9608037875582
4006,1.92,0.75,0.1,0.42,0.8,19635.18995,2892.60459,10702.50708,,103.867911288616,15.3015477676682
4007,0.3,0.75,0.475,0.1,0.2,16185.2315,2624.440789,7808.584331,,85.6180252856538,13.8829919011849
4008,1.38,0.49,0.1,0.18,0.8,17550.39609,2256.405232,6450.88629,,92.8395899809564,11.9361258569615
4009,0.3,0.62,0.6,0.5,0.8,20178.98681,2913.403045,8566.144897,,106.744534542954,15.4115692181549
4010,0.84,0.75,0.475,0.1,0.2,17535.076,2545.545502,7807.806912,,92.7585484553534,13.4656448476513
4011,1.38,0.23,0.1,0.18,0.8,19039.81662,1452.858575,2091.904074,,100.718454401185,7.68545585590351
4012,1.92,0.75,0.475,0.34,0.4,21751.86417,2649.595719,8771.522899,,115.064876057977,14.0160586066441
4013,1.38,0.36,0.225,0.42,0.8,21207.70889,1949.296993,4004.61389,,112.186356802793,10.3115583633094
4014,0.84,0.62,0.1,0.1,0.6,15135.4881,2536.131144,7782.042563,,80.0650026449429,13.4158439695303
4015,1.38,0.23,0.475,0.1,0.4,20816.53014,1414.23306,1672.61274,,110.117065911976,7.48113129496403
4016,0.84,0.62,0.6,0.42,0.6,21063.24523,2698.679129,7782.042563,,111.422160548032,14.2757042371985
4017,0.84,0.75,0.225,0.34,0.8,17473.47749,3040.488885,10709.6115,,92.4326993757935,16.0838387907321
4018,0.84,0.23,0.1,0.42,0.4,20133.50196,1401.668831,1673.021498,,106.503924883623,7.41466795916208
4019,3,0.49,0.1,0.42,0.2,23412.92177,1743.695935,4451.968231,,123.851680966991,9.22395225878121
4020,2.46,0.75,0.1,0.1,0.8,17789.17829,2832.454943,10698.44973,,94.1027205353365,14.983363007829
4021,0.3,0.49,0.225,0.5,0.6,18760.60098,2346.311359,5858.964078,,99.2414355691917,12.4117189959797
4022,0.84,0.49,0.6,0.18,0.2,19930.80106,2019.391448,4663.433033,,105.431660283538,10.6823500211595
4023,1.92,0.36,0.225,0.26,0.2,21445.0521,1533.488408,2994.569285,,113.441875264494,8.11197845958527
4024,1.38,0.62,0.35,0.34,0.4,20432.93256,2387.288892,6999.354063,,108.087878544223,12.628485463394
4025,1.92,0.23,0.35,0.42,0.8,23838.13534,1603.409991,2227.843922,,126.101012166737,8.48185564430808
4026,2.46,0.75,0.6,0.1,0.2,21575.1988,2405.801877,7805.01647,,114.130336436733,12.726417038722
4027,1.38,0.23,0.1,0.5,0.4,22049.80498,1404.149669,1672.61274,,116.640948899704,7.42779130871773
4028,1.92,0.23,0.475,0.34,0.2,24229.01792,1409.302439,1573.189732,,128.168736352095,7.45504887325434
4029,1.92,0.36,0.1,0.26,0.2,20637.59035,1483.741908,2994.569285,,109.170494868811,7.84882515869657
4030,0.84,0.23,0.475,0.5,0.6,22915.56342,1651.657704,1882.871544,,121.220712124418,8.73708053322048
4031,2.46,0.23,0.1,0.26,0.2,22361.08453,1232.334096,1572.880462,,118.287582151926,6.51890655945832
4032,2.46,0.23,0.1,0.1,0.2,20889.33528,1169.819674,1572.880462,,110.502196783749,6.18821241007194
4033,1.38,0.62,0.6,0.34,0.2,22072.46169,2276.928404,6219.249295,,116.760800306813,12.0446910918324
4034,0.3,0.23,0.6,0.1,0.6,18675.64402,1619.366259,1883.363079,,98.7920229581041,8.56626247884046
4035,1.92,0.36,0.1,0.34,0.8,20825.85626,1854.565741,4193.175355,,110.16640002116,9.81044086436733
4036,0.84,0.49,0.6,0.26,0.2,20658.48419,2035.334284,4663.433033,,109.281020895049,10.7666858019467
4037,0.3,0.23,0.1,0.5,0.4,19390.45447,1461.095454,1673.349188,,102.573288563267,7.7290280046551
4038,0.84,0.1,0.225,0.34,0.4,21054.11049,1136.192052,497.6532392,,111.373838817182,6.01032613203555
4039,2.46,0.1,0.6,0.34,0.2,26689.87335,1224.426763,463.1266797,,141.186380395683,6.4770776713923
4040,0.3,0.1,0.475,0.18,0.8,19522.6399,1262.518622,630.9014586,,103.272534384257,6.67857925306813
4041,1.38,0.49,0.35,0.18,0.8,19165.87422,2336.884924,6450.88629,,101.38528470165,12.3618542319086
4042,3,0.36,0.225,0.18,0.6,22357.7975,1705.102528,3789.623947,,118.270194138807,9.01979754549302
4043,1.92,0.75,0.475,0.1,0.6,19334.80672,2819.913647,9737.01499,,102.278918324164,14.9170209849767
4044,1.92,0.49,0.6,0.18,0.8,21697.93685,2358.34406,6189.021128,,114.779606696995,12.4753706093948
4045,1.38,0.36,0.225,0.5,0.2,22355.40919,1622.610757,2841.106425,,118.257560251799,8.58342550253915
4046,2.46,0.75,0.475,0.34,0.2,23039.52479,2402.796376,7805.01647,,121.876453607702,12.7105182818451
4047,3,0.1,0.225,0.18,0.4,24172.78221,1058.377561,532.716705,,127.871255871773,5.5986963658485
4048,3,0.1,0.35,0.1,0.8,24106.36626,1109.07497,671.8566294,,127.519923085061,5.86687986669488
4049,1.92,0.49,0.35,0.18,0.8,20293.94505,2282.121633,6189.021128,,107.352650497249,12.0721626798561
4050,0.3,0.49,0.225,0.42,0.6,18097.80649,2337.711524,5858.964078,,95.7353284490055,12.36622685146
4051,0.84,0.1,0.6,0.1,0.6,20948.1015,1218.157256,564.4545755,,110.813063372831,6.44391269572577
4052,0.84,0.49,0.35,0.26,0.2,19259.10263,1946.218693,4663.433033,,101.87845233813,10.2952745080406
4053,0.3,0.23,0.475,0.34,0.8,20093.60575,1733.373156,2093.37697,,106.292878491325,9.16934593736775
4054,0.3,0.1,0.225,0.18,0.8,18034.49532,1168.641328,630.9014586,,95.4004195937368,6.18197909437156
4055,3,0.1,0.475,0.42,0.6,27534.84661,1253.614091,602.2866672,,145.656192393144,6.63147530152349
4056,0.3,0.1,0.35,0.42,0.2,21117.86175,1193.641745,430.7632897,,111.711075698265,6.31422844371562
4057,0.3,0.49,0.6,0.34,0.4,19791.56079,2292.00479,5261.525804,,104.695095165044,12.1244434511215
4058,1.38,0.23,0.35,0.42,0.2,23074.09047,1398.39346,1462.967073,,122.059302105375,7.39734162082099
4059,2.46,0.49,0.475,0.1,0.4,21678.02022,1985.743828,5030.459304,,114.67425,10.5043579559882
4060,1.92,0.49,0.1,0.34,0.6,20301.13585,2099.400454,5610.63178,,107.390689007617,11.1055885209479
4061,1.92,0.1,0.475,0.5,0.2,26262.30017,1238.289973,463.0824668,,138.92456712865,6.55041246826069
4062,0.3,0.1,0.6,0.5,0.2,23127.73091,1313.999806,430.7632897,,122.343053903936,6.95090883410918
4063,1.92,0.36,0.6,0.42,0.8,24431.57156,2047.18878,4193.175355,,129.240221963606,10.8293947312738
4064,3,0.36,0.1,0.18,0.2,21942.51269,1421.284856,2993.230601,,116.073384944985,7.51843449005502
4065,1.38,0.1,0.225,0.34,0.6,22283.5254,1152.596419,564.6880409,,117.877303216251,6.09710335907744
4066,0.84,0.23,0.225,0.5,0.8,21356.75531,1634.596724,2092.72159,,112.974795334321,8.6468298984342
4067,1.38,0.36,0.1,0.34,0.2,20225.77942,1525.282873,2841.106425,,106.992062103259,8.06857211701227
4068,1.92,0.23,0.475,0.26,0.6,23279.35222,1534.772311,2009.625859,,123.145113309353,8.11877015975455
4069,1.38,0.23,0.35,0.26,0.8,21352.137,1573.885012,2091.904074,,112.950365002116,8.32567187896741
4070,0.84,0.36,0.6,0.1,0.6,19395.44351,1951.936036,3618.244259,,102.599680014812,10.3255185992383
4071,1.92,0.62,0.225,0.5,0.4,22096.75744,2313.962206,6997.460871,,116.889322048244,12.2405956728735
4072,2.46,0.23,0.475,0.42,0.6,25653.03335,1569.286623,2008.69805,,135.70161526661,8.30134692657639
4073,0.3,0.1,0.475,0.5,0.6,22343.46674,1342.159125,564.1887356,,118.194386055861,7.09986841409226
4074,0.3,0.36,0.6,0.42,0.2,21224.69232,1823.506351,2842.027765,,112.27619720694,9.64614024016081
4075,0.3,0.75,0.225,0.26,0.8,15431.315,3115.771682,10712.72117,,81.6298931443081,16.4820761849344
4076,1.38,0.75,0.6,0.1,0.4,19172.93974,2723.069476,8773.377263,,101.422660495133,14.4047263859501
4077,1.92,0.62,0.1,0.5,0.6,21045.70717,2443.679495,7776.619042,,111.329386214558,12.9267853099873
4078,0.84,0.1,0.225,0.5,0.2,22437.74475,1159.265222,430.851903,,118.693105956411,6.1323805649598
4079,2.46,0.36,0.6,0.34,0.2,25282.6427,1671.163283,2993.942804,,133.742291049513,8.84026281739314
4080,3,0.62,0.475,0.18,0.2,23070.79572,2078.710094,6216.10839,,122.041873254338,10.9961388806602
4081,0.84,0.23,0.1,0.42,0.6,20001.00248,1486.955006,1882.871544,,105.803017774016,7.86582207998307
4082,2.46,0.49,0.225,0.42,0.2,23258.46059,1816.567989,4452.96152,,123.034598973762,9.60943709796868
4083,1.38,0.75,0.475,0.34,0.4,20656.68244,2703.115322,8773.377263,,109.271489843419,14.2991711912823
4084,0.84,0.1,0.225,0.1,0.8,18734.51047,1106.579663,631.2559117,,99.1034197524334,5.85367997778248
4085,0.84,0.49,0.6,0.1,0.4,18959.22534,2177.581236,5260.216808,,100.292135738468,11.519155924672
4086,1.38,0.75,0.6,0.1,0.8,18703.32865,3059.930494,10706.21581,,98.9384714875159,16.1866826809141
4087,3,0.62,0.6,0.1,0.2,23004.81062,2102.539439,6216.10839,,121.692819614896,11.1221933929327
4088,2.46,0.1,0.35,0.18,0.2,23984.71122,1081.701922,463.1266797,,126.876381823953,5.72207957046128
4089,0.84,0.36,0.35,0.26,0.8,19337.84672,2017.108842,4006.568812,,102.294999576809,10.6702752962336
4090,0.3,0.49,0.6,0.34,0.8,19418.54536,2578.929297,6456.402351,,102.721886161659,13.6422413087177
4091,0.3,0.1,0.475,0.26,0.8,20256.34364,1292.498722,630.9014586,,107.153743334744,6.83717055649598
4092,1.92,0.23,0.475,0.1,0.2,22092.17609,1325.80092,1573.189732,,116.865087230216,7.01333537875582
4093,3,0.75,0.1,0.1,0.6,18959.00183,2620.351751,9730.634564,,100.290953396107,13.8613613573847
4094,0.84,0.49,0.6,0.26,0.6,20247.65536,2356.285976,5857.000583,,107.10778332628,12.4644835801947
4095,1.38,0.36,0.225,0.26,0.2,20330.91206,1550.857956,2841.106425,,107.548201756242,8.20386138383411
4096,3,0.62,0.225,0.42,0.8,22968.24063,2527.300958,8546.999977,,121.499368546339,13.3691332945408
4097,1.92,0.1,0.1,0.26,0.6,21966.94702,1066.931144,602.0938391,,116.202639758781,5.643943842573
4098,0.3,0.49,0.475,0.1,0.2,17099.52533,2039.901031,4664.087531,,90.4545351777402,10.7908433717732
4099,3,0.62,0.475,0.18,0.2,23070.79572,2078.710094,6216.10839,,122.041873254338,10.9961388806602
4100,1.38,0.23,0.225,0.5,0.6,22711.33722,1529.421346,1882.258407,,120.140378861617,8.09046416631401
4101,1.92,0.36,0.35,0.1,0.2,20726.01245,1528.608243,2994.569285,,109.638237674566,8.0861629443504
4102,0.84,0.75,0.1,0.1,0.8,14412.20983,3019.006134,10709.6115,,76.238943239526,15.9701974925942
4103,0.84,0.1,0.225,0.34,0.6,20992.84336,1167.382912,564.4545755,,111.049742699958,6.1753222175201
4104,2.46,0.1,0.225,0.5,0.6,25787.52104,1192.729969,602.2264778,,136.413039779941,6.30940525285654
4105,3,0.75,0.6,0.5,0.6,25369.82978,2809.876645,9730.634564,,134.203500740584,14.8639263912399
4106,1.92,0.1,0.6,0.1,0.2,23537.8952,1138.807148,463.0824668,,124.512776132036,6.02415969107067
4107,3,0.23,0.1,0.5,0.8,24955.75611,1503.964389,2225.099799,,132.013098338976,7.95579977253491
4108,3,0.36,0.1,0.42,0.6,23625.94439,1725.18161,3789.623947,,124.9785462865,9.12601359500635
4109,1.38,0.75,0.225,0.26,0.4,18462.50635,2626.602744,8773.377263,,97.6645490372408,13.8944283961066
4110,3,0.62,0.475,0.1,0.2,22331.34523,2061.587045,6216.10839,,118.130264652984,10.905559907956
4111,1.38,0.62,0.6,0.5,0.8,22704.818,2783.712716,8559.563598,,120.105892932713,14.7255221963606
4112,2.46,0.23,0.1,0.34,0.4,22909.02466,1333.1418,1790.789256,,121.186122831147,7.05216779517563
4113,3,0.62,0.35,0.26,0.8,22378.05445,2545.457285,8546.999977,,118.377351089716,13.4651781898011
4114,1.38,0.62,0.225,0.18,0.8,17788.98708,2661.061778,8559.563598,,94.1017090562844,14.0767127486246
4115,0.84,0.49,0.6,0.18,0.6,19520.03222,2345.922043,5857.000583,,103.258740055015,12.4096595588235
4116,3,0.62,0.475,0.5,0.8,25060.06754,2622.450576,8546.999977,,132.564893884892,13.8724639018197
4117,0.84,0.62,0.6,0.18,0.6,18970.41485,2682.63851,7782.042563,,100.351326967838,14.1908511955142
4118,1.92,0.62,0.6,0.34,0.8,22502.23364,2716.375714,8555.777214,,119.034244815912,14.3693171498096
4119,3,0.49,0.225,0.34,0.6,23090.68462,2075.781768,5604.977222,,122.147083262802,10.9806483707152
4120,0.84,0.62,0.475,0.34,0.4,19939.58089,2491.462446,7001.076551,,105.478104581041,13.1795516610241
4121,0.3,0.62,0.35,0.18,0.8,15989.74533,2843.304094,8566.144897,,84.5839257829031,15.0407537769784
4122,1.38,0.62,0.6,0.5,0.8,22704.818,2783.712716,8559.563598,,120.105892932713,14.7255221963606
4123,0.3,0.62,0.35,0.18,0.6,16193.93428,2688.355185,7784.394805,,85.6640619974609,14.2210917530681
4124,2.46,0.23,0.35,0.34,0.2,24576.81482,1356.706353,1572.880462,,130.008542213288,7.1768215880237
4125,3,0.36,0.475,0.42,0.8,25741.8226,1949.606764,4187.820619,,136.171300253915,10.3131970165044
4126,0.84,0.49,0.6,0.18,0.8,19346.47895,2482.647118,6453.784358,,102.340663087177,13.132919583157
4127,3,0.23,0.225,0.42,0.6,25176.26657,1470.14746,2007.567767,,133.179573476513,7.77691208209903
4128,0.3,0.49,0.6,0.34,0.4,19791.56079,2292.00479,5261.525804,,104.695095165044,12.1244434511215
4129,0.84,0.62,0.6,0.34,0.2,20860.50807,2341.005657,6220.110539,,110.349704136691,12.3836524386373
4130,0.3,0.62,0.6,0.18,0.2,18080.74857,2395.543272,6220.89462,,95.6450940012696,12.6721501904359
4131,1.38,0.49,0.475,0.34,0.4,21691.78595,2119.005446,5258.767774,,114.747069138807,11.2092966885315
4132,1.92,0.62,0.35,0.42,0.6,21969.85829,2513.334058,7776.619042,,116.218040044435,13.2952499894202
4133,2.46,0.62,0.35,0.1,0.8,19966.1221,2573.571923,8551.60683,,105.618504549302,13.6139014123995
4134,0.3,0.1,0.225,0.18,0.4,18164.52539,1091.139979,497.4760127,,96.0882638066018,5.77200581358443
4135,2.46,0.49,0.1,0.18,0.6,19903.91992,2027.186145,5607.957088,,105.289462124418,10.7235830776555
4136,1.38,0.36,0.1,0.26,0.4,19326.49201,1628.032216,3228.942246,,102.234934458316,8.61210440118494
4137,1.92,0.1,0.6,0.34,0.8,25492.16601,1301.935539,671.5995253,,134.850645418959,6.88709024016081
4138,0.84,0.75,0.1,0.18,0.4,15664.83302,2652.504079,8775.075107,,82.8651767879814,14.0314434987304
4139,1.92,0.49,0.6,0.18,0.8,21697.93685,2358.34406,6189.021128,,114.779606696995,12.4753706093948
4140,1.38,0.23,0.6,0.5,0.6,24811.62002,1662.764522,1882.258407,,131.250634892086,8.79583433135844
4141,0.84,0.75,0.1,0.34,0.4,17123.87113,2658.008297,8775.075107,,90.5833216779518,14.06056018303
4142,2.46,0.1,0.35,0.1,0.4,23191.08019,1076.51462,532.6765788,,122.67816435675,5.69463933559035
4143,1.38,0.49,0.1,0.18,0.8,17550.39609,2256.405232,6450.88629,,92.8395899809564,11.9361258569615
4144,0.3,0.1,0.35,0.42,0.2,21117.86175,1193.641745,430.7632897,,111.711075698265,6.31422844371562
4145,0.84,0.75,0.35,0.42,0.2,19679.83834,2533.509003,7807.806912,,104.104096170123,13.4019731432501
4146,1.38,0.23,0.225,0.5,0.8,22615.99853,1598.470274,2091.904074,,119.636048085061,8.45572510579772
4147,0.84,0.62,0.35,0.42,0.6,19663.30187,2629.542322,7782.042563,,104.016620133305,13.909978427846
4148,0.84,0.36,0.1,0.5,0.2,20311.29831,1609.38487,2841.595155,,107.444447259839,8.51346207151926
4149,2.46,0.23,0.225,0.5,0.8,24778.42341,1559.861384,2226.606843,,131.075028618282,8.25148848920863
4150,0.84,0.49,0.6,0.18,0.6,19520.03222,2345.922043,5857.000583,,103.258740055015,12.4096595588235
4151,2.46,0.1,0.475,0.42,0.6,26573.82461,1257.650092,602.2264778,,140.57249582099,6.65282528565383
4152,2.46,0.36,0.475,0.1,0.4,22303.9882,1674.073626,3392.851679,,117.98554909014,8.8556581993229
4153,0.84,0.23,0.1,0.34,0.2,19584.92179,1292.54281,1463.171452,,103.601998465933,6.83740377697842
4154,3,0.36,0.35,0.26,0.2,24200.53917,1543.94441,2993.230601,,128.01808701862,8.16728951544647
4155,0.84,0.1,0.475,0.18,0.6,21028.79097,1203.670335,564.4545755,,111.239901449429,6.36727853893356
4156,0.3,0.49,0.35,0.26,0.4,17671.41893,2201.816268,5261.525804,,93.4797869763013,11.6473564748201
4157,2.46,0.23,0.475,0.34,0.2,25269.73106,1400.882445,1572.880462,,133.673989949217,7.41050806707575
4158,0.3,0.1,0.225,0.18,0.2,18233.74438,1053.713399,430.7632897,,96.4544243546339,5.57402348180279
4159,0.84,0.23,0.475,0.42,0.8,22167.55775,1703.231909,2092.72159,,117.263847598392,9.00990218472281
4160,0.3,0.23,0.1,0.5,0.4,19390.45447,1461.095454,1673.349188,,102.573288563267,7.7290280046551
4161,0.3,0.36,0.475,0.26,0.6,18824.5384,2014.632476,3619.542089,,99.5796572154042,10.657175603047
4162,0.3,0.36,0.225,0.34,0.8,17884.14474,2062.762918,4008.299251,,94.6050822048244,10.9117801417689
4163,2.46,0.23,0.1,0.5,0.4,24210.05786,1384.699022,1790.789256,,128.0684398011,7.32489960854846
4164,3,0.23,0.1,0.5,0.4,25165.29102,1382.397622,1790.035734,,133.121514071096,7.31272546550995
4165,2.46,0.1,0.475,0.42,0.4,26627.64125,1234.703167,532.6765788,,140.857179697419,6.53143867435463
4166,0.84,0.49,0.1,0.26,0.4,17436.06004,2029.294809,5260.216808,,92.2347653406686,10.7347376692763
4167,2.46,0.36,0.225,0.26,0.6,22114.07039,1749.335156,3791.760555,,116.98090557554,9.25378309352518
4168,1.38,0.23,0.6,0.26,0.2,23086.19201,1434.90791,1462.967073,,122.123317869234,7.590498889124
4169,3,0.23,0.1,0.34,0.8,23662.87256,1452.788515,2225.099799,,125.173892086331,7.68508524650868
4170,3,0.1,0.6,0.5,0.4,28836.73997,1307.049543,532.716705,,152.543059511215,6.91414273698688
4171,1.92,0.62,0.475,0.34,0.8,21826.31498,2682.658523,8555.777214,,115.458712336014,14.1909570619975
4172,1.38,0.36,0.35,0.5,0.2,23100.62591,1668.828091,2841.106425,,122.199671550995,8.82790991853576
4173,0.3,0.49,0.475,0.1,0.2,17099.52533,2039.901031,4664.087531,,90.4545351777402,10.7908433717732
4174,2.46,0.49,0.475,0.26,0.8,22766.73663,2287.657023,6185.454872,,120.433435410495,12.101444260474
4175,0.3,0.23,0.6,0.34,0.8,20770.44868,1774.478414,2093.37697,,109.873300253915,9.386788055438
4176,1.92,0.49,0.225,0.18,0.6,19687.82381,2114.330309,5610.63178,,104.146338393991,11.1845657479898
4177,0.3,0.62,0.35,0.5,0.4,19208.47969,2540.443239,7002.644712,,101.610662769784,13.4386544593737
4178,0.84,0.62,0.225,0.1,0.6,15988.25497,2574.284151,7782.042563,,84.5760419487939,13.6176690171392
4179,3,0.75,0.6,0.18,0.2,23252.81363,2375.598881,7803.904,,123.004727200592,12.5666466409226
4180,0.3,0.36,0.35,0.42,0.2,19838.0241,1735.106695,2842.027765,,104.940880765975,9.17851616060093
4181,0.84,0.36,0.6,0.18,0.8,20014.4739,2080.246716,4006.568812,,105.874280046551,11.0042674354634
4182,0.84,0.1,0.35,0.18,0.2,20444.18477,1090.606715,430.851903,,108.147401449429,5.76918490795599
4183,3,0.23,0.475,0.26,0.2,25555.22286,1370.027519,1572.503701,,135.184208950487,7.24728903406686
4184,2.46,0.49,0.475,0.34,0.6,23609.61858,2187.643104,5607.957088,,124.892184617012,11.5723820567076
4185,1.92,0.36,0.1,0.5,0.6,22285.84204,1795.124232,3793.639999,,117.889557977148,9.49600207363521
4186,0.3,0.49,0.475,0.26,0.8,18025.35629,2538.837116,6456.402351,,95.3520751692764,13.4301582522218
4187,1.38,0.23,0.35,0.26,0.2,21714.63328,1344.28854,1462.967073,,114.867928903936,7.11113277613204
4188,2.46,0.49,0.475,0.34,0.2,24046.30479,1884.389204,4452.96152,,127.202204771477,9.96820357596276
4189,2.46,0.23,0.6,0.26,0.4,25116.67068,1489.994401,1790.789256,,132.864318027931,7.88190013224714
4190,3,0.75,0.475,0.18,0.6,22030.22038,2734.307739,9730.634564,,116.53734860347,14.4641755131189
4191,3,0.49,0.35,0.42,0.4,24713.94911,1992.780326,5028.472727,,130.733966938214,10.5415802264071
4192,0.3,0.23,0.225,0.42,0.6,19410.60006,1578.921262,1883.363079,,102.679856432501,8.35231306601778
4193,0.3,0.49,0.6,0.26,0.8,18714.81717,2573.416457,6456.402351,,98.99924444562,13.6130790150233
4194,0.84,0.49,0.1,0.42,0.4,18843.48008,2057.337443,5260.216808,,99.6798565382988,10.883079998942
4195,2.46,0.1,0.35,0.1,0.2,23252.95479,1050.246873,463.1266797,,123.005473920863,5.55568595535337
4196,2.46,0.1,0.35,0.5,0.4,26565.44198,1218.155076,532.6765788,,140.528152666102,6.44390116377486
4197,3,0.36,0.225,0.26,0.6,23073.06036,1727.408896,3789.623947,,122.053852941176,9.13779568345324
4198,1.92,0.62,0.1,0.18,0.4,18519.60161,2222.411415,6997.460871,,97.9665764388489,11.7563024492171
4199,1.38,0.23,0.6,0.26,0.8,22734.37319,1659.685683,2091.904074,,120.262236510791,8.7795476248413
4200,2.46,0.1,0.225,0.1,0.8,22357.51388,1068.91478,671.7763769,,118.268693821413,5.65443705035971
4201,0.84,0.1,0.225,0.34,0.6,20992.84336,1167.382912,564.4545755,,111.049742699958,6.1753222175201
4202,2.46,0.49,0.225,0.42,0.2,23258.46059,1816.567989,4452.96152,,123.034598973762,9.60943709796868
4203,2.46,0.23,0.1,0.5,0.4,24210.05786,1384.699022,1790.789256,,128.0684398011,7.32489960854846
4204,1.92,0.49,0.1,0.26,0.4,19814.4944,1923.278866,5032.242432,,104.816411341515,10.1739254443504
4205,3,0.23,0.35,0.34,0.6,25260.17016,1490.658079,2007.567767,,133.62341388066,7.88541091303428
4206,0.84,0.1,0.1,0.42,0.6,20870.28988,1145.543358,564.4545755,,110.401448793906,6.059793472281
4207,3,0.49,0.475,0.5,0.6,25829.80689,2198.778794,5604.977222,,136.636727094795,11.6312885844266
4208,1.38,0.62,0.225,0.26,0.2,19216.19721,2138.43114,6219.249295,,101.651487568769,11.312056390182
4209,0.84,0.75,0.35,0.34,0.4,18730.39415,2730.887502,8775.075107,,99.0816448899704,14.4460828501904
4210,3,0.23,0.1,0.42,0.8,24321.96158,1476.823406,2225.099799,,128.66039769361,7.81222707363521
4211,1.92,0.75,0.225,0.34,0.4,20269.90057,2577.92519,8771.522899,,107.225457945408,13.6369296974185
4212,2.46,0.36,0.1,0.5,0.4,23501.81103,1651.758385,3392.851679,,124.321894995768,8.73761312420652
4213,1.92,0.49,0.6,0.1,0.6,21112.30829,2219.742808,5610.63178,,111.681698529412,11.7421858231062
4214,0.3,0.49,0.1,0.26,0.2,16270.77459,1923.425668,4664.087531,,86.0705384574693,10.1747020101566
4215,0.84,0.36,0.475,0.26,0.4,20374.53915,1816.172479,3229.919707,,107.778984077444,9.60734489526026
4216,0.84,0.23,0.6,0.34,0.8,22166.67566,1721.469346,2092.72159,,117.259181443081,9.10637614261532
4217,3,0.49,0.225,0.18,0.6,21683.66602,2039.302568,5604.977222,,114.704115636902,10.7876775708845
4218,1.38,0.23,0.225,0.26,0.2,20961.90555,1296.830301,1462.967073,,110.886085220059,6.86008411447313
4219,0.84,0.1,0.1,0.1,0.2,18103.71261,957.8044363,430.851903,,95.7665711489632,5.0666760278248
4220,2.46,0.75,0.225,0.5,0.4,22591.57758,2547.500613,8769.494223,,119.506864049937,13.4759871614473
4221,0.84,0.23,0.475,0.1,0.4,19536.60738,1440.956118,1673.021498,,103.346420757512,7.62249321836648
4222,0.3,0.75,0.35,0.26,0.2,16955.33958,2593.629947,7808.584331,,89.6918090351249,13.7200060674989
4223,2.46,0.49,0.475,0.5,0.4,25110.6786,2077.383301,5030.459304,,132.832620609395,10.9891202972916
4224,0.3,0.49,0.475,0.42,0.2,20000.33289,2094.267079,4664.087531,,105.799475719424,11.0784335537452
4225,0.3,0.62,0.1,0.1,0.6,13762.32993,2618.569721,7784.394805,,72.801152824799,13.8519346223022
4226,1.92,0.49,0.1,0.34,0.6,20301.13585,2099.400454,5610.63178,,107.390689007617,11.1055885209479
4227,0.84,0.23,0.35,0.26,0.2,20445.5073,1365.665794,1463.171452,,108.154397482014,7.22421600719424
4228,2.46,0.36,0.35,0.5,0.6,24850.59477,1859.610235,3791.760555,,131.456806866272,9.83712566123572
4229,3,0.23,0.1,0.1,0.4,21730.66267,1239.876686,1790.035734,,114.952722545493,6.55880599873043
4230,2.46,0.62,0.35,0.1,0.4,20397.25252,2247.040646,6995.375679,,107.899135209479,11.8865882670334
4231,1.38,0.75,0.475,0.18,0.4,19238.70125,2692.860985,8773.377263,,101.770531369022,14.2449269202285
4232,1.38,0.1,0.35,0.5,0.6,24323.21417,1257.98658,564.6880409,,128.667023751587,6.6546052687262
4233,0.84,0.23,0.475,0.26,0.2,21157.59079,1412.006313,1463.171452,,111.921237780364,7.46935205776555
4234,0.3,0.62,0.225,0.1,0.2,15087.1639,2268.487538,6220.89462,,79.80937314854,12.0000398751587
4235,3,0.49,0.35,0.34,0.8,23688.75895,2228.095433,6181.481717,,125.310828131612,11.7863702549725
4236,1.38,0.62,0.6,0.42,0.6,22261.69162,2637.611164,7779.458831,,117.761805014812,13.9526616800677
4237,2.46,0.75,0.225,0.34,0.6,21016.91899,2717.611187,9733.971976,,111.177100031739,14.3758526608125
4238,2.46,0.23,0.475,0.5,0.2,26541.84186,1452.201898,1572.880462,,140.403310727888,7.68198210960643
4239,0.84,0.49,0.475,0.18,0.6,18832.78938,2308.54341,5857.000583,,99.6233039568345,12.2119308611934
4240,3,0.23,0.1,0.34,0.8,23662.87256,1452.788515,2225.099799,,125.173892086331,7.68508524650868
4241,3,0.49,0.225,0.42,0.2,24204.3573,1791.734432,4451.968231,,128.038284490055,9.47807041895895
4242,0.84,0.36,0.6,0.42,0.4,22418.52134,1898.778549,3229.919707,,118.591416314008,10.0443215668642
4243,0.3,0.1,0.475,0.18,0.4,19648.52861,1189.950913,497.4760127,,103.93847127592,6.29470436415573
4244,2.46,0.49,0.475,0.26,0.2,23363.3366,1863.183395,4452.96152,,123.589381083369,9.85602726936098
4245,3,0.62,0.475,0.26,0.8,23093.31503,2581.83901,8546.999977,,122.160997831147,13.6576333580195
4246,1.92,0.62,0.6,0.34,0.2,23176.02565,2225.516844,6218.302699,,122.598527560305,11.772729813796
4247,2.46,0.1,0.475,0.1,0.2,23951.80849,1095.556865,463.1266797,,126.702330141769,5.79537063584427
4248,2.46,0.49,0.225,0.34,0.2,22594.09489,1794.761517,4452.96152,,119.520180332205,9.49408335272958
4249,1.38,0.75,0.6,0.5,0.8,22163.27281,3070.863392,10706.21581,,117.241180755396,16.2445164621244
4250,1.38,0.23,0.35,0.42,0.4,22942.77435,1474.543299,1672.61274,,121.364654834956,7.80016556813373
4251,1.92,0.36,0.225,0.26,0.2,21445.0521,1533.488408,2994.569285,,113.441875264494,8.11197845958527
4252,1.92,0.49,0.475,0.5,0.6,23892.01785,2255.468072,5610.63178,,126.386044487939,11.9311683876428
4253,3,0.75,0.225,0.1,0.4,20057.53372,2460.284409,8767.269282,,106.10206157427,13.0146234077444
4254,1.92,0.62,0.6,0.5,0.6,23988.55106,2595.404306,7776.619042,,126.896694138807,13.729392223868
4255,2.46,0.75,0.225,0.42,0.8,21464.70785,2878.26697,10698.44973,,113.545851936098,15.2257033961066
4256,1.38,0.23,0.6,0.18,0.6,22109.96689,1565.703537,1882.258407,,116.959198529412,8.28239281104528
4257,0.84,0.75,0.35,0.34,0.2,19003.40476,2525.99121,7807.806912,,100.52583982226,13.3622048772747
4258,1.38,0.36,0.225,0.5,0.4,22172.43587,1743.726823,3228.942246,,117.28965229581,9.2241156527719
4259,0.84,0.36,0.6,0.18,0.2,20500.82456,1702.666111,2841.595155,,108.44701946678,9.00690917795176
4260,0.84,0.1,0.475,0.1,0.4,20335.3056,1140.009463,497.6532392,,107.571443080829,6.03051980004232
4261,1.92,0.36,0.1,0.18,0.4,19709.23591,1583.705155,3394.104642,,104.259605956411,8.37761931337283
4262,1.38,0.49,0.475,0.42,0.6,22154.85961,2281.636421,5854.827032,,117.196675888701,12.0695959638172
4263,0.84,0.75,0.225,0.5,0.4,19291.41859,2704.690682,8775.075107,,102.049400074058,14.3075046656792
4264,0.3,0.75,0.6,0.5,0.2,20397.39019,2680.351568,7808.584331,,107.899863468049,14.1787535336437
4265,2.46,0.36,0.1,0.42,0.2,23053.32558,1511.74698,2993.942804,,121.949458209903,7.99696878967414
4266,0.3,0.23,0.225,0.1,0.2,16736.16681,1292.040549,1463.335297,,88.5324101248413,6.83474687367753
4267,3,0.62,0.225,0.42,0.2,23667.49092,2040.867932,6216.10839,,125.19832268303,10.7959581675836
4268,1.92,0.1,0.1,0.1,0.6,20492.28839,1004.094815,602.0938391,,108.401864102835,5.31154684193821
4269,0.3,0.36,0.1,0.42,0.8,17747.63257,2027.966491,4008.299251,,93.8829484236141,10.727711018832
4270,2.46,0.75,0.1,0.1,0.6,18007.66034,2666.894187,9733.971976,,95.2584656157427,14.1075655258146
4271,1.38,0.75,0.35,0.34,0.8,19454.4685,3010.512422,10706.21581,,102.911915467626,15.9252667266187
4272,1.38,0.62,0.35,0.1,0.4,18241.48224,2359.766939,6999.354063,,96.4953567498942,12.4828974767245
4273,3,0.49,0.1,0.42,0.4,23173.59603,1894.759863,5028.472727,,122.585675148117,10.0230631771054
4274,1.38,0.62,0.475,0.5,0.2,22709.97854,2263.951833,6219.249295,,120.133191599661,11.9760465139653
4275,0.84,0.23,0.35,0.26,0.4,20312.51384,1449.408214,1673.021498,,107.450877274651,7.66720384045705
4276,3,0.23,0.35,0.1,0.6,23142.34911,1410.027319,2007.567767,,122.420382511638,7.45888340562844
4277,0.3,0.1,0.6,0.1,0.2,19630.69904,1165.762877,430.7632897,,103.844154887854,6.16675241747778
4278,3,0.49,0.1,0.18,0.2,21334.55079,1675.766538,4451.968231,,112.857335960643,8.86461351036818
4279,3,0.75,0.225,0.34,0.4,22217.22108,2488.274264,8767.269282,,117.526560939484,13.1626865425307
4280,1.38,0.23,0.6,0.5,0.6,24811.62002,1662.764522,1882.258407,,131.250634892086,8.79583433135844
4281,0.84,0.1,0.225,0.5,0.8,22261.12232,1255.359261,631.2559117,,117.758793482861,6.64070705141769
4282,0.3,0.36,0.225,0.34,0.2,18386.55964,1665.613066,2842.027765,,97.2627996191282,8.81090280363944
4283,1.38,0.49,0.6,0.18,0.8,20578.70197,2410.954056,6450.88629,,108.858982067287,12.7536714769361
4284,0.3,0.75,0.6,0.26,0.2,18373.93178,2664.243902,7808.584331,,97.1959996826069,14.0935458209903
4285,2.46,0.49,0.475,0.5,0.6,24900.80489,2219.713455,5607.957088,,131.722412663986,11.7420305490901
4286,1.38,0.1,0.6,0.1,0.4,22306.8281,1175.816028,497.8088828,,118.000571836648,6.21993243757935
4287,3,0.1,0.225,0.26,0.2,24932.60301,1064.413572,463.1467429,,131.890621085485,5.63062617435463
4288,1.92,0.49,0.1,0.42,0.2,21428.76497,1798.69014,4453.853084,,113.355718207787,9.5148653195091
4289,2.46,0.23,0.475,0.1,0.4,23015.11327,1391.847673,1790.789256,,121.7473194562,7.36271515552264
4290,2.46,0.23,0.475,0.34,0.2,25269.73106,1400.882445,1572.880462,,133.673989949217,7.41050806707575
4291,2.46,0.36,0.35,0.26,0.2,23241.48289,1559.849475,2993.942804,,122.94478888066,8.25142549195937
4292,3,0.36,0.35,0.18,0.8,22994.60212,1838.981355,4187.820619,,121.638817816335,9.72800124312315
4293,1.92,0.1,0.475,0.42,0.4,25580.16516,1240.134914,532.588153,,135.316150867541,6.5601719953449
4294,1.38,0.75,0.6,0.5,0.6,22384.03519,2924.231891,9739.796535,,118.408988520948,15.4688525761744
4295,1.38,0.62,0.6,0.34,0.2,22072.46169,2276.928404,6219.249295,,116.760800306813,12.0446910918324
4296,1.92,0.36,0.475,0.18,0.4,22004.37717,1724.421657,3394.104642,,116.400640975455,9.12199353046974
4297,0.3,0.75,0.475,0.18,0.2,16952.53897,2626.299761,7808.584331,,89.6769941282268,13.8928256506559
4298,2.46,0.23,0.225,0.42,0.4,24358.82247,1407.714355,1790.789256,,128.855387589928,7.44664809035125
4299,0.3,0.1,0.1,0.18,0.2,17412.17481,1001.647601,430.7632897,,92.1084152031316,5.29860135950064
4300,0.84,0.62,0.35,0.5,0.4,20546.64321,2469.059008,7001.076551,,108.68939488997,13.0610400338553
4301,1.38,0.49,0.6,0.34,0.4,22364.62821,2158.394662,5258.767774,,118.306327814219,11.4176611404994
4302,2.46,0.62,0.1,0.1,0.6,18546.49655,2346.774587,7773.491255,,98.1088475983919,12.4141694191705
4303,1.92,0.1,0.225,0.1,0.4,21357.69476,1030.38161,532.588153,,112.979764917478,5.45060098391875
4304,1.38,0.62,0.225,0.5,0.2,21248.20841,2178.877144,6219.249295,,112.400594636056,11.5260111299196
4305,2.46,0.75,0.6,0.34,0.4,23427.33312,2638.548675,8769.494223,,123.927915361828,13.9576210061363
4306,0.84,0.36,0.35,0.26,0.4,19654.49263,1771.520018,3229.919707,,103.970020260262,9.37113847862886
4307,0.3,0.23,0.6,0.26,0.8,20065.60661,1752.490333,2093.37697,,106.144766239949,9.27047361933982
4308,3,0.1,0.225,0.18,0.2,24234.26016,1034.646,463.1467429,,128.196467202708,5.47315911976301
4309,1.38,0.1,0.1,0.1,0.4,19359.47663,983.1140663,497.8088828,,102.409419329243,5.2005610786077
4310,1.92,0.49,0.35,0.18,0.8,20293.94505,2282.121633,6189.021128,,107.352650497249,12.0721626798561
4311,0.3,0.23,0.1,0.26,0.2,17442.54178,1293.328787,1463.335297,,92.2690530046551,6.84156150550148
4312,2.46,0.49,0.1,0.34,0.8,21170.67205,2180.417632,6185.454872,,111.990436151079,11.5341601354211
4313,0.3,0.75,0.475,0.1,0.8,15463.13707,3173.060767,10712.72117,,81.7982282585696,16.7851288986458
4314,0.84,0.36,0.225,0.5,0.8,20615.89982,2023.064951,4006.568812,,109.055754443504,10.7017824322895
4315,0.84,0.36,0.225,0.34,0.4,19596.99352,1745.704847,3229.919707,,103.665856538299,9.23457917371985
4316,0.3,0.36,0.6,0.34,0.6,20214.25311,2070.962581,3619.542089,,106.931089240372,10.9551554221329
4317,1.38,0.1,0.1,0.26,0.8,20742.19637,1099.373869,631.567199,,109.723848762167,5.81556215086754
4318,1.38,0.75,0.6,0.5,0.8,22163.27281,3070.863392,10706.21581,,117.241180755396,16.2445164621244
4319,0.3,0.62,0.225,0.34,0.8,16655.33382,2812.082272,8566.144897,,88.1048128438426,14.8755939060516
4320,3,0.62,0.1,0.1,0.8,19314.19342,2450.110348,8546.999977,,102.169876322471,12.9608037875582
4321,1.3,0.52,0.1,1.38,0.2,253216.2494,142455.3384,92079.81668,,1339.48502644943,753.5724629708
4322,0.3,0.24,0.76,1.06,0.6,222745.0149,132878.3425,49660.58968,,1178.29567763436,702.911248942023
4323,2.3,0.24,1.2,0.42,0.6,217518.4599,119849.6413,52581.84968,,1150.64779887854,633.990908273381
4324,2.8,0.66,0.54,1.7,0.6,291369.8758,189198.3084,199891.0236,,1541.31335061363,1000.83743334744
4325,1.3,0.66,0.1,1.7,0.6,249834.7378,186932.3132,200240.9515,,1321.59721646212,988.850577655523
4326,1.3,0.52,1.2,0.42,0.6,168529.6831,151027.5336,151158.4868,,891.50276713923,798.918396106644
4327,1.3,0.52,1.2,1.38,0.8,251857.682,183918.3795,180697.8219,,1332.29836013542,972.907212759205
4328,2.3,0.66,0.98,1.06,0.8,232956.7107,192988.2228,238770.5339,,1232.31438161236,1020.88564748201
4329,2.3,0.38,1.2,0.42,0.2,217249.7766,117498.1383,59399.93903,,1149.22649492171,621.551726089717
4330,1.8,0.24,0.54,0.1,0.4,160066.7011,100555.9405,41975.37914,,846.734559352518,531.929435569192
4331,2.3,0.24,1.2,1.38,0.8,303290.6976,148502.3243,63212.05629,,1604.37313584427,785.560327443927
4332,0.3,0.38,1.2,1.38,0.2,255840.2703,139147.1592,57782.10161,,1353.36579718578,736.072573000423
4333,0.3,0.52,0.54,1.06,0.4,200726.7881,150198.0105,121727.9511,,1061.82177369869,794.530313690224
4334,2.8,0.52,1.2,0.1,0.2,179167.7395,117457.6791,89615.31523,,947.776869974609,621.337701544647
4335,1.3,0.24,0.54,1.7,0.6,295673.3984,146054.6942,49615.31525,,1564.07849344054,772.612643884892
4336,1.3,0.52,0.54,1.38,0.6,246711.9929,169156.4199,151158.4868,,1305.07825275074,894.818133199323
4337,0.8,0.1,0.32,0.42,0.8,179032.2829,98925.15736,17223.63895,,947.060320038087,523.302779094372
4338,2.8,0.52,0.1,0.1,0.4,148601.2512,123330.2075,118510.8634,,786.083639441388,652.402705776555
4339,0.8,0.66,0.32,1.7,0.4,250532.1756,173482.1848,161479.5114,,1325.28658273381,917.700935251799
4340,0.8,0.52,0.1,1.7,0.6,247947.2426,172829.5199,151243.8348,,1311.61258252222,914.24841250529
4341,2.3,0.38,0.32,0.1,0.8,142826.1324,130001.6403,118288.883,,755.533920863309,687.693823000423
4342,2.3,0.52,0.1,1.38,0.4,267748.2571,154945.2328,118586.4171,,1416.35768673297,819.642577232332
4343,0.3,0.52,0.76,0.1,0.4,102400.792,128463.071,121727.9511,,541.688489208633,679.554967202708
4344,2.3,0.66,0.1,1.7,0.8,265205.2578,200226.7606,238770.5339,,1402.90551100296,1059.1766853576
4345,0.8,0.52,0.32,1.38,0.2,245052.2394,143509.1609,92108.266,,1296.29834638172,759.147063584427
4346,1.3,0.66,0.32,1.38,0.2,249524.4745,152335.7463,122587.6819,,1319.95595905628,805.838691811257
4347,1.8,0.8,0.1,1.06,0.8,193925.6645,206189.8187,298565.9903,,1025.84460696149,1090.72058135844
4348,0.8,0.1,1.2,0.42,0.2,201490.6047,97105.13734,8183.65957,,1065.86227623783,513.675081146847
4349,0.8,0.52,0.32,1.38,0.6,229354.099,168030.6258,151243.8348,,1213.25697735929,888.862811045282
4350,2.3,0.52,0.54,0.1,0.6,140049.7859,138815.9142,147519.7422,,740.847365107914,734.320324798984
4351,2.3,0.52,1.2,1.38,0.2,296616.6177,149693.8592,89653.0921,,1569.06801576386,791.863410918324
4352,1.8,0.38,1.2,1.7,0.8,300171.4958,172547.3423,118386.8016,,1587.87291472704,912.755725243335
4353,2.8,0.24,1.2,0.74,0.2,271166.5172,118208.5418,31307.29435,,1434.43989208633,625.309679432924
4354,2.8,0.1,1.2,1.06,0.6,307855.5557,120583.405,15057.76293,,1628.52071360559,637.872434405417
4355,1.8,0.52,1.2,0.1,0.8,135491.2969,154542.4535,176590.2341,,716.73347915785,817.511920757512
4356,0.8,0.38,1.2,0.42,0.6,167781.5455,135168.254,96407.42535,,887.545204718578,715.024619128227
4357,1.8,0.1,0.98,1.38,0.2,311839.8632,122393.6101,8757.181785,,1649.59724502751,647.448212547609
4358,2.3,0.24,0.32,0.74,0.2,245007.9279,112489.985,31321.43645,,1296.06394360982,595.059167371985
4359,2.8,0.66,0.98,0.42,0.4,195642.6276,149097.5541,161181.0315,,1034.92714557766,788.709025074058
4360,2.8,0.24,0.32,0.1,0.2,182892.676,94231.73789,31307.29435,,967.481358442658,498.47512637537
4361,2.3,0.1,0.54,0.1,0.8,183240.5668,90372.50078,18202.26002,,969.321661024122,478.060203025815
4362,2.8,0.8,1.2,0.42,0.4,189929.3994,161784.0244,201872.8932,,1004.70482120186,855.819003385527
4363,1.3,0.38,0.32,1.38,0.4,260946.849,143957.1732,77046.66254,,1380.37901502328,761.516997460855
4364,1.3,0.8,0.32,1.38,0.6,221358.1936,196609.4402,250382.979,,1170.95955141769,1040.04147376217
4365,0.3,0.66,0.1,0.1,0.6,72606.88815,155082.7816,200428.5315,,384.08214213923,820.370194667795
4366,1.3,0.24,0.1,0.42,0.8,169455.2516,117830.367,59798.69533,,896.398918747355,623.309177951756
4367,2.3,0.66,0.1,1.7,0.6,272161.3171,186594.1721,200018.1622,,1439.70226988997,987.061849873043
4368,0.8,0.66,0.76,0.42,0.4,146098.6828,148619.6774,161479.5114,,772.845338552687,786.181111933982
4369,2.3,0.1,1.2,1.38,0.8,321619.3235,129052.8879,18202.26002,,1701.32947259839,682.675031210326
4370,0.3,0.52,0.98,0.74,0.2,187261.3583,132431.1383,92134.21634,,990.591188637325,700.54558982226
4371,1.3,0.8,0.32,1.38,0.4,230771.9828,178576.0431,202075.3479,,1220.75742065171,944.646863626746
4372,0.3,0.1,0.98,1.7,0.2,294971.9398,127156.4891,8180.319041,,1560.36785759628,672.643298243758
4373,0.8,0.8,0.54,1.38,0.4,222573.3876,180119.6362,202133.0568,,1177.38778882776,952.812294752433
4374,2.8,0.66,0.32,0.42,0.4,182927.9148,145373.6759,161181.0315,,967.667767668218,769.010134892086
4375,0.3,0.38,0.32,0.74,0.8,165450.2679,147907.4454,115799.4091,,875.213012589928,782.413486034702
4376,0.8,0.8,0.1,1.38,0.4,213055.0997,177498.5902,202133.0568,,1127.03713341092,938.947260897165
4377,0.8,0.52,0.32,0.42,0.2,155038.0151,120566.6289,92108.266,,820.133384997884,637.78369075328
4378,2.3,0.66,0.76,1.38,0.8,255314.839,198141.6533,238770.5339,,1350.58632564537,1048.14670598815
4379,1.8,0.24,0.98,1.38,0.4,296401.5568,136927.7139,41975.37914,,1567.93036817605,724.331960960643
4380,0.8,0.52,0.54,1.06,0.2,223342.3975,137759.4163,92108.266,,1181.45576333051,728.731571625053
4381,2.8,0.66,0.32,0.1,0.8,128387.2219,167396.8329,238601.0158,,679.153734130343,885.510119022429
4382,0.8,0.66,0.54,1.7,0.8,239305.3109,204572.0018,239197.9757,,1265.89775126957,1082.16251481168
4383,2.8,0.52,0.54,1.06,0.6,253021.8066,162646.8468,147406.4116,,1338.45644625476,860.383235294118
4384,0.8,0.24,0.54,1.38,0.8,255642.3175,144353.7519,59831.7346,,1352.31864949217,763.614853470165
4385,0.3,0.24,0.76,0.1,0.6,119168.2331,107847.7286,49660.58968,,630.386336754126,570.502161447313
4386,1.3,0.24,1.2,1.06,0.6,257861.7539,135566.4916,49615.31525,,1364.05921445197,717.131250528989
4387,2.8,0.66,0.54,0.74,0.6,212227.4696,169524.7993,199891.0236,,1122.6590647482,896.766818133728
4388,0.8,0.66,0.98,0.74,0.4,183691.1244,157260.4949,161479.5114,,971.70505924672,831.890049195937
4389,0.3,0.1,0.76,0.42,0.8,172336.3238,101956.8401,17210.27683,,911.639461489632,539.340034384257
4390,2.3,0.24,0.54,1.06,0.8,266125.0744,137697.7458,63212.05629,,1407.77123571731,728.405341726619
4391,0.8,0.38,0.54,0.74,0.4,196302.1339,130144.752,77085.94994,,1038.41585854846,688.450867541261
4392,0.3,0.66,1.2,1.06,0.8,187584.3697,197323.0229,239317.693,,992.299882035548,1043.81624471011
4393,0.8,0.1,0.1,0.42,0.2,180365.138,90440.8727,8183.65957,,954.110971223022,478.421882670334
4394,0.3,0.38,0.1,0.1,0.4,98080.07194,110685.6438,77121.20411,,518.832373783326,585.514408590775
4395,0.3,0.38,0.1,1.38,0.6,222351.3123,151437.9541,96460.30661,,1176.21303586543,801.089473656369
4396,1.8,0.24,0.1,1.38,0.2,284038.2988,126128.0931,31333.30449,,1502.53014600085,667.20320090986
4397,2.8,0.52,0.76,0.42,0.2,210838.1986,124355.4115,89615.31523,,1115.30997989843,657.825917795176
4398,0.8,0.8,0.98,0.42,0.8,126349.3166,200790.4388,298806.028,,668.373447947524,1062.15847862886
4399,0.3,0.52,0.98,1.7,0.4,258485.7912,165706.2013,121727.9511,,1367.36030046551,876.566871032586
4400,1.8,0.1,0.32,0.42,0.4,209536.1056,95401.93664,11903.05653,,1108.42205670758,504.665344054168
4401,2.8,0.38,0.1,1.06,0.2,269733.4429,128407.0574,59372.51666,,1426.8590927846,679.258661658908
4402,2.3,0.66,0.54,0.42,0.2,187423.5867,131461.6358,122513.4188,,991.44935833686,695.417032374101
4403,1.8,0.66,1.2,0.42,0.8,162803.8968,180902.5269,238925.5344,,861.214011849344,956.953697101143
4404,2.8,0.66,0.1,0.42,0.8,162000.0606,173744.4617,238601.0158,,856.9618101989,919.088350084638
4405,1.3,0.66,0.1,1.7,0.4,258459.7861,172074.0835,161414.3167,,1367.22273645789,910.25224026661
4406,2.3,0.1,0.98,0.1,0.2,196785.0597,87803.23571,8759.045285,,1040.97048085061,464.469084373678
4407,0.3,0.24,0.98,0.1,0.8,119175.031,115361.0212,59859.06124,,630.422296868388,610.24662082099
4408,0.3,0.66,0.32,0.1,0.2,93380.62749,122211.579,122650.2086,,493.972849608549,646.485288827761
4409,0.8,0.52,0.98,1.06,0.2,231324.7402,140208.596,92108.266,,1223.68144413881,741.687452391028
4410,1.8,0.66,0.32,0.74,0.4,195703.8392,153221.2069,161343.2908,,1035.25094794752,810.522677211172
4411,0.3,0.24,1.2,1.06,0.2,239209.2554,123022.6612,29263.64656,,1265.38962865002,650.775820990267
4412,2.3,0.24,0.54,1.7,0.8,315131.5951,151681.7915,63212.05629,,1667.01013066018,802.379345641134
4413,2.3,0.1,1.2,1.7,0.8,344236.5381,135993.7806,18202.26002,,1820.9719535548,719.391560516293
4414,1.3,0.66,0.98,0.42,0.2,172480.5485,133643.3705,122587.6819,,912.402393673297,706.958159648752
4415,2.3,0.52,0.76,0.1,0.4,152353.1034,127297.1255,118586.4171,,805.930508887008,673.387248730428
4416,1.3,0.66,0.1,1.7,0.2,267943.2416,157369.0091,122587.6819,,1417.38913245874,832.464076914939
4417,0.8,0.24,1.2,1.7,0.8,290225.3914,154486.292,59831.7346,,1535.25915890817,817.214832839611
4418,1.3,0.52,0.54,1.06,0.8,214072.5947,174037.7542,180697.8219,,1132.41956570038,920.639833897588
4419,1.3,0.66,1.2,0.1,0.4,127719.6586,142467.5592,161414.3167,,675.622400550148,753.637109606432
4420,1.3,0.24,0.76,1.06,0.4,255117.6014,127532.3757,39431.93517,,1349.54296127804,674.631695408379
4421,2.8,0.66,0.1,1.06,0.6,232451.8001,173950.4858,199891.0236,,1229.64346223022,920.178194033009
4422,0.8,0.1,0.1,0.1,0.8,134062.6325,87808.13033,17223.63895,,709.176007723233,464.494976354211
4423,0.8,0.8,0.98,1.38,0.8,213577.6499,218711.3292,298806.028,,1129.80136426153,1156.95794117647
4424,2.8,0.66,0.76,1.06,0.6,246039.0534,177794.7195,199891.0236,,1301.51847968684,940.513751057977
4425,1.3,0.24,0.32,0.1,0.6,138488.2254,104712.3814,49615.31525,,732.586888489209,553.916533008887
4426,0.8,0.52,0.98,0.74,0.4,193369.1445,145149.6055,121676.0504,,1022.90067975032,767.824828078714
4427,1.3,0.24,0.98,0.42,0.6,190900.6271,117897.3754,49615.31525,,1009.8425047609,623.663644731274
4428,2.3,0.8,1.2,1.7,0.6,282659.7093,206099.1093,250188.5337,,1495.23756506559,1090.24073899704
4429,2.3,0.1,0.98,0.1,0.4,194656.8842,89877.49496,11906.78353,,1029.71267562421,475.441678798138
4430,2.8,0.8,0.98,1.38,0.2,286541.8064,165097.1972,153666.4894,,1515.77341515023,873.345308929327
4431,1.3,0.66,0.32,1.38,0.8,224109.6929,196810.6081,239067.5863,,1185.51466832416,1041.10562896741
4432,0.8,0.24,1.2,0.1,0.2,151147.5583,97348.73129,29256.8149,,799.553313055438,514.963665308929
4433,1.3,0.52,0.98,1.7,0.4,285466.7835,165890.1231,121619.1518,,1510.086666843,877.539796339399
4434,2.3,0.66,0.54,1.38,0.6,258146.9437,183177.9681,200018.1622,,1365.56783590774,968.990521053745
4435,1.3,0.66,0.1,1.38,0.4,235007.2215,165858.8594,161414.3167,,1243.16134944985,877.374414938637
4436,2.8,0.52,0.32,0.1,0.2,162762.5222,112443.2963,89615.31523,,860.995144942869,594.812189483707
4437,1.8,0.66,0.98,1.06,0.2,247701.2868,149383.6037,122552.169,,1310.3115044435,790.222194773593
4438,0.3,0.52,0.54,1.38,0.6,219763.4885,169594.7254,151321.6858,,1162.52374365214,897.136719212865
4439,2.3,0.52,0.76,1.38,0.2,289430.5512,147438.0626,89653.0921,,1531.05454506983,779.9305046551
4440,1.3,0.1,0.1,0.74,0.6,223905.662,104449.2923,14219.23675,,1184.43536817605,552.524821730851
4441,2.8,0.8,0.54,0.42,0.8,161214.9719,194238.4536,298285.7008,,852.808780681337,1027.49922556073
4442,2.3,0.66,0.32,1.38,0.4,262604.9101,167348.2414,161265.7905,,1389.14996878967,885.253075539568
4443,2.8,0.1,0.76,1.38,0.6,326155.2277,125894.6508,15057.76293,,1725.32388753703,665.968317816335
4444,1.3,0.66,0.1,0.74,0.6,170147.1409,167684.2793,200240.9515,,900.058934088024,887.030677634363
4445,1.3,0.8,0.32,1.06,0.8,187425.1401,208413.8635,298690.6101,,991.457575645366,1102.48552422768
4446,1.8,0.38,0.76,0.74,0.8,213802.0137,149595.2616,118386.8016,,1130.98822312738,791.341840880237
4447,2.3,0.1,1.2,0.1,0.6,196331.2989,92691.29867,15054.52177,,1038.57013806602,490.326378914516
4448,1.8,0.1,0.54,0.74,0.6,245714.0626,107728.7106,15048.93127,,1299.79931548879,569.872569826492
4449,2.3,0.38,0.54,0.42,0.4,198521.8951,122840.1717,79029.58701,,1050.15814166314,649.810472386797
4450,1.8,0.1,0.76,1.06,0.2,282636.1686,113531.2782,8757.181785,,1495.11303745239,600.567489420229
4451,2.8,0.1,0.32,1.06,0.2,295932.3495,112342.1897,8760.125672,,1565.44831517139,594.277347122302
4452,0.3,0.38,0.76,1.38,0.6,235977.2365,155416.9775,96460.30661,,1248.29261796445,822.13805279306
4453,0.8,0.38,0.98,0.42,0.2,177265.627,114855.1651,57764.47453,,937.714912187897,607.570699851883
4454,0.8,0.8,0.1,0.42,0.2,133703.7794,137812.6174,153796.5712,,707.277715827338,729.012999365214
4455,2.3,0.8,0.54,1.06,0.6,221811.474,190814.1009,250188.5337,,1173.35735294118,1009.38479104951
4456,2.3,0.8,0.1,0.74,0.4,192318.3827,163378.257,201945.7176,,1017.34226988997,864.252311680068
4457,1.8,0.52,0.1,1.7,0.8,266333.6158,183695.2274,176590.2341,,1408.87439589505,971.726763647905
4458,2.8,0.66,0.1,0.74,0.6,202667.0353,166873.4368,199891.0236,,1072.08545969107,882.741413457469
4459,2.8,0.1,0.54,0.74,0.2,271474.7133,105288.2243,8760.125672,,1436.07021424037,556.962676153195
4460,0.8,0.66,0.32,1.38,0.6,218599.8,182705.4895,200338.7435,,1156.36796445197,966.491163245874
4461,2.3,0.1,0.76,1.38,0.6,315799.1975,125409.9858,15054.52177,,1670.5416710749,663.404495344901
4462,0.8,0.24,0.76,0.1,0.6,134005.709,107541.7922,49640.0947,,708.8748889124,568.883792848074
4463,2.8,0.66,0.32,0.74,0.8,200860.8301,182300.0706,238601.0158,,1062.53084056284,964.346543588659
4464,0.3,0.38,1.2,0.1,0.2,126755.4623,107107.1384,57782.10161,,670.521912293695,566.584523910284
4465,1.3,0.52,1.2,0.74,0.8,196022.4726,170481.1939,180697.8219,,1036.93648222598,901.826036288616
4466,2.3,0.8,1.2,0.74,0.6,203877.3895,187480.5592,250188.5337,,1078.48809511215,991.750736352095
4467,0.8,0.66,0.1,1.7,0.2,255028.6763,157102.7871,122620.2793,,1349.07255765975,831.055792953872
4468,1.3,0.24,0.1,1.7,0.4,290856.1756,137693.325,39431.93517,,1538.5959352518,728.381956199746
4469,1.3,0.1,0.1,1.7,0.2,305814.7004,123306.3722,8186.634326,,1617.72482225984,652.276619763013
4470,0.3,0.8,1.2,0.42,0.6,123748.7165,183937.5447,250549.669,,654.616570567076,973.008594477359
4471,2.3,0.66,0.54,0.74,0.6,202212.6112,169656.9125,200018.1622,,1069.68160812526,897.465681866272
4472,2.3,0.24,0.76,1.7,0.8,319142.0952,152925.0836,63212.05629,,1688.22521794329,808.956218789674
4473,2.8,0.66,0.98,0.1,0.2,166720.2433,125265.5222,122471.0393,,881.931037346593,662.640299407533
4474,0.3,0.52,0.32,1.06,0.2,204361.5434,136177.2714,92134.21634,,1081.04921392298,720.362205882353
4475,2.8,0.1,0.1,0.74,0.4,260332.4163,104309.9113,11908.9443,,1377.1287362463,551.787512166737
4476,2.3,0.66,0.76,0.1,0.4,142488.863,139548.0635,161265.7905,,753.749804274228,738.193310939484
4477,2.8,0.38,0.98,0.74,0.2,257631.3646,125635.5727,59372.51666,,1362.8404813796,664.597824269996
4478,2.3,0.66,0.98,0.42,0.6,176547.872,164535.6045,200018.1622,,933.918070249683,870.374547714769
4479,2.3,0.38,0.1,1.7,0.4,301728.2578,150404.9457,79029.58701,,1596.10800782903,795.624977253492
4480,0.3,0.8,0.1,1.7,0.8,205666.9443,220639.3975,298912.8635,,1087.95463552687,1167.15720217943
4481,2.3,0.1,0.32,1.06,0.2,285494.351,111586.0309,8759.045285,,1510.23249576809,590.277353470165
4482,2.8,0.8,0.98,1.7,0.2,309566.2219,171428.2824,153666.4894,,1637.56994234025,906.836026237833
4483,1.3,0.38,1.2,0.42,0.6,180828.4813,134978.8692,96348.49426,,956.562004337706,714.022795175624
4484,1.3,0.52,0.1,0.42,0.6,146910.5287,144832.4497,151158.4868,,777.139910600931,766.147110135421
4485,0.3,0.8,0.32,0.74,0.2,158414.4609,146946.0136,153823.2801,,837.994397482015,777.327621667372
4486,0.3,0.52,0.98,1.7,0.6,251215.5938,178042.7042,151321.6858,,1328.9017869234,941.825561785866
4487,1.3,0.66,0.98,1.38,0.8,236612.1422,200330.225,239067.5863,,1251.65119657215,1059.7240002116
4488,0.3,0.24,1.2,1.38,0.4,260680.1082,136377.619,39462.11812,,1378.96798666949,721.422021794329
4489,0.3,0.24,0.76,0.74,0.6,192926.0887,125052.125,49660.58968,,1020.55696519255,661.511452602624
4490,1.3,0.8,0.98,0.74,0.2,198208.6634,150413.6245,153767.7167,,1048.50118176047,795.670887113838
4491,0.3,0.24,0.32,1.7,0.6,263811.7492,144169.4413,49660.58968,,1395.53400973339,762.639871455777
4492,2.3,0.8,0.76,0.42,0.4,172375.0321,159724.0423,201945.7176,,911.844223973762,844.921933453237
4493,1.3,0.24,0.32,1.38,0.6,268092.7573,137958.1262,49615.31525,,1418.18005342785,729.782724291155
4494,1.8,0.38,1.2,0.74,0.6,226148.8427,143700.0852,98732.67396,,1196.30153776978,760.157031316124
4495,1.3,0.52,0.98,1.38,0.6,254638.2204,171514.9236,151158.4868,,1347.00709056284,907.294348286077
4496,2.8,0.24,0.98,1.06,0.6,287164.8599,135924.4036,52539.42337,,1519.06929697419,719.024564113415
4497,2.3,0.38,0.32,1.38,0.6,276903.7828,153773.8108,98659.235,,1464.78937156157,813.445888700804
4498,1.8,0.1,0.54,0.42,0.4,214035.0422,96814.76406,11903.05653,,1132.22091726619,512.139039674143
4499,0.3,0.52,0.1,1.7,0.4,241162.9747,160626.3009,121727.9511,,1275.72458051206,849.694778353788
4500,0.3,0.8,0.1,0.42,0.8,95541.63643,197926.0136,298912.8635,,505.404339980956,1047.00599661447
4501,0.8,0.1,0.1,1.06,0.6,239683.0916,112482.7756,14210.31249,,1267.89616800677,595.021030469742
4502,2.3,0.24,0.32,1.7,0.4,318197.7793,140540.8411,41951.64306,,1683.22989473127,743.444991007194
4503,0.8,0.66,0.54,1.38,0.8,215907.7253,198897.392,239197.9757,,1142.12719688955,1052.14447735929
4504,0.3,0.52,0.54,1.38,0.2,235205.8002,144553.0839,92134.21634,,1244.21180808295,764.669296974185
4505,1.3,0.66,0.54,1.06,0.6,209521.2035,177183.1186,200240.9515,,1108.34322630131,937.278452179433
4506,2.3,0.8,0.98,1.38,0.6,255933.3406,199310.5429,250188.5337,,1353.85812843843,1054.32999841303
4507,1.3,0.1,0.1,0.1,0.6,150364.0995,85522.3487,14219.23675,,795.408905522641,452.403452708422
4508,1.3,0.24,0.98,0.42,0.2,200524.2935,106040.8286,29248.55509,,1060.75060040203,560.943866906475
4509,2.3,0.66,0.32,0.74,0.6,197634.3789,168368.1859,200018.1622,,1045.4632823741,890.648465404147
4510,2.3,0.66,0.32,0.74,0.6,197634.3789,168368.1859,200018.1622,,1045.4632823741,890.648465404147
4511,2.8,0.38,0.98,0.42,0.4,216952.3387,125696.0097,78974.74228,,1147.65308241642,664.917529094372
4512,0.8,0.24,0.76,0.74,0.8,203743.0992,130629.1202,59831.7346,,1077.77771476936,691.013119974609
4513,1.8,0.66,0.76,0.42,0.4,170645.8185,148008.5432,161343.2908,,902.696881612357,782.948281845112
4514,0.3,0.24,1.2,0.74,0.8,196291.7891,133373.3881,59859.06124,,1038.36113573847,705.529983601354
4515,1.3,0.38,0.1,0.1,0.2,133188.0426,100552.6373,57744.83083,,704.549527084215,531.91196201862
4516,0.3,0.8,0.98,0.42,0.2,137843.6086,143313.4642,153823.2801,,729.176939272112,758.111850402031
4517,2.8,0.8,0.1,1.38,0.4,258406.0689,177020.1685,201872.8932,,1366.9385786077,936.416464769361
4518,1.8,0.24,0.54,1.38,0.8,280835.5843,144772.0266,63259.52843,,1485.58815224291,765.827478840457
4519,0.3,0.24,1.2,1.06,0.4,234558.3907,129071.2536,39462.11812,,1240.78708580195,682.772183664833
4520,1.8,0.66,1.2,0.1,0.2,149000.5536,126220.9633,122552.169,,788.195903512484,667.694473656369
4521,2.3,0.1,0.54,1.7,0.2,337879.8767,127687.9557,8759.045285,,1787.34594107067,675.45469583157
4522,2.8,0.8,0.76,0.74,0.2,227384.2413,149641.5836,153666.4894,,1202.83665520525,791.586878967414
4523,2.8,0.66,0.1,1.7,0.4,291076.9025,172446.2774,161181.0315,,1539.76355533221,912.221103470165
4524,2.8,0.24,1.2,1.7,0.4,343645.1644,146029.2519,41923.35886,,1817.84365425307,772.478057024968
4525,1.3,0.38,1.2,1.06,0.8,239284.9059,158919.1312,115650.326,,1265.78981115108,840.664045704613
4526,0.8,0.66,0.1,0.1,0.8,79852.99413,170172.7782,239197.9757,,422.41321482226,900.194552475667
4527,2.8,0.1,0.76,0.1,0.4,201691.9032,89167.48521,11908.9443,,1066.92712230216,471.68580834744
4528,1.8,0.1,0.54,0.74,0.6,245714.0626,107728.7106,15048.93127,,1299.79931548879,569.872569826492
4529,2.3,0.38,0.1,0.1,0.4,149331.6751,110775.705,79029.58701,,789.947498413034,585.990822048244
4530,1.8,0.66,0.32,1.7,0.4,275074.4156,173490.4779,161343.2908,,1455.11222809987,917.744804803216
4531,1.8,0.1,0.32,0.74,0.8,239683.9966,107959.2797,18194.80602,,1267.90095535336,571.092254020313
4532,0.3,0.24,1.2,0.42,0.2,175754.8027,106384.3004,29263.64656,,929.722824269996,562.760793482861
4533,0.3,0.1,0.1,0.1,0.4,122614.2782,83042.92978,11190.30497,,648.615521582734,439.287609923826
4534,2.3,0.52,0.76,0.1,0.2,161171.9433,114831.0712,89653.0921,,852.581164303851,607.443245873889
4535,0.8,0.24,0.98,0.1,0.6,137981.9723,108771.3455,49640.0947,,729.908867435463,575.387989314431
4536,2.3,0.38,0.54,0.74,0.4,232382.1813,131378.2603,79029.58701,,1229.27518673297,694.975985505713
4537,1.3,0.38,0.54,0.74,0.8,197947.524,147992.4138,115650.326,,1047.11978417266,782.862959162082
4538,0.3,0.1,0.1,0.1,0.4,122614.2782,83042.92978,11190.30497,,648.615521582734,439.287609923826
4539,0.3,0.38,0.76,1.7,0.6,259421.0483,161803.687,96460.30661,,1372.3077036606,855.923016292848
4540,2.3,0.8,0.76,0.74,0.4,206116.422,167241.3114,201945.7176,,1090.33232120186,884.687428057554
4541,1.3,0.24,0.32,1.7,0.4,295646.3813,139130.6425,39431.93517,,1563.93557606856,735.985201544647
4542,1.8,0.24,0.32,0.74,0.8,220642.964,128238.5545,63259.52843,,1167.17606855692,678.367300571308
4543,2.8,0.38,0.54,1.38,0.6,291383.506,155424.7436,98576.9679,,1541.38545281422,822.179134574693
4544,2.3,0.24,0.98,1.06,0.2,286387.4825,124600.9794,31321.43645,,1514.95705935252,659.124943927211
4545,0.8,0.1,0.98,1.7,0.2,309426.2435,127869.0429,8183.65957,,1636.82947259839,676.412626428269
4546,1.3,0.66,0.98,0.1,0.2,133440.8273,125197.4376,122587.6819,,705.886729263648,662.280139652984
4547,1.8,0.66,0.54,1.06,0.4,229992.4616,161808.365,161343.2908,,1216.633842573,855.947762378333
4548,0.8,0.8,0.76,0.1,0.4,99608.32903,153690.9607,202133.0568,,526.91667916843,813.007621138384
4549,2.3,0.66,1.2,0.74,0.4,222825.0925,158007.9157,161265.7905,,1178.71927898857,835.843819826492
4550,2.3,0.8,0.32,0.74,0.4,197337.0693,164738.7707,201945.7176,,1043.89054856115,871.449273698688
4551,2.8,0.24,0.1,1.7,0.8,316344.8412,149277.9987,63155.48788,,1673.42806390182,789.663556390182
4552,1.8,0.24,0.32,0.42,0.4,194980.0077,108725.0116,41975.37914,,1031.42196201862,575.142888277613
4553,2.8,0.1,0.1,0.1,0.2,190204.1819,82936.48416,8760.125672,,1006.15838922979,438.724524756665
4554,0.3,0.1,0.76,0.1,0.8,132433.2373,92583.99888,17210.27683,,700.556693292425,489.758775285654
4555,1.8,0.52,1.2,1.7,0.8,286973.6411,189672.3296,176590.2341,,1518.05777137114,1003.34495133305
4556,2.3,0.38,1.2,0.1,0.8,159412.4617,134906.7231,118288.883,,843.273707680914,713.641150550148
4557,1.3,0.66,1.2,0.74,0.6,191548.0344,173721.4839,200240.9515,,1013.26721540415,918.966800148117
4558,1.3,0.38,0.76,0.74,0.8,202152.0052,149241.8033,115650.326,,1069.3610093102,789.472086859924
4559,0.8,0.8,1.2,0.1,0.8,93901.29735,195384.5956,298806.028,,496.727133675413,1033.56218578079
4560,0.3,0.52,0.32,0.1,0.2,101082.9221,112277.8284,92134.21634,,534.717108019467,593.936883199323
4561,1.8,0.1,1.2,0.1,0.4,186484.2239,90579.18473,11903.05653,,986.480236457893,479.15353750529
4562,2.8,0.52,0.98,0.74,0.4,239555.0574,145730.7219,118510.8634,,1267.21888171816,770.898867435463
4563,2.3,0.52,1.2,1.7,0.6,303659.4409,179001.8884,147519.7422,,1606.32374576809,946.899536606009
4564,0.8,0.66,0.32,0.74,0.8,155622.7366,185149.0674,239197.9757,,823.22649492171,979.41741112992
4565,0.3,0.8,0.54,0.1,0.2,91243.89731,133400.152,153823.2801,,482.669791102412,705.67156157427
4566,1.3,0.1,1.2,0.74,0.2,248626.7007,106781.4014,8186.634326,,1315.20683823529,564.861412399492
4567,0.3,0.24,0.32,1.38,0.8,236379.1179,143282.5974,59859.06124,,1250.41852465087,757.948568556919
4568,2.8,0.1,0.54,1.38,0.8,321112.2132,125746.721,18206.58156,,1698.64691705459,665.185786077021
4569,0.8,0.52,0.1,0.74,0.4,175602.9008,139979.3827,121676.0504,,928.91928057554,740.474940224291
4570,0.3,0.24,1.2,1.06,0.6,230123.0428,135192.9885,49660.58968,,1217.32460220059,715.155461807025
4571,0.3,0.38,0.54,1.7,0.8,249896.8915,169474.895,115799.4091,,1321.92600243335,896.50283008887
4572,1.8,0.66,0.54,0.74,0.6,191448.9448,169915.8368,200134.4126,,1012.74304274228,898.835361828185
4573,1.8,0.8,0.32,0.1,0.4,113975.6203,149719.8555,202013.038,,602.91800835802,792.000928374947
4574,0.8,0.8,0.98,1.38,0.8,213577.6499,218711.3292,298806.028,,1129.80136426153,1156.95794117647
4575,1.8,0.38,0.98,1.38,0.8,273487.2288,165128.3179,118386.8016,,1446.71619128227,873.509933876428
4576,1.8,0.38,0.98,0.74,0.2,236112.9621,124551.6291,59424.41868,,1249.01059088024,658.863886479052
4577,2.3,0.66,0.32,1.38,0.8,246705.4141,195718.4757,238770.5339,,1305.04345165044,1035.32837336014
4578,2.3,0.66,0.1,0.42,0.8,151940.9009,174261.9693,238770.5339,,803.750004760897,921.825906157427
4579,0.3,0.24,0.32,1.06,0.6,214048.3915,130233.1902,49660.58968,,1132.29153353788,688.918695514177
4580,2.3,0.66,0.54,0.74,0.8,195332.6838,183975.1128,238770.5339,,1033.28757829031,973.207325433771
4581,0.3,0.1,0.76,0.1,0.4,136771.8515,87306.64121,11190.30497,,723.50746667372,461.842156210326
4582,1.3,0.1,1.2,0.74,0.4,246573.1385,109022.5294,11202.93554,,1304.34372884046,576.716723444774
4583,2.3,0.1,0.1,0.74,0.6,247948.0449,105247.5241,15054.52177,,1311.61682659755,556.747376745662
4584,0.3,0.24,1.2,1.06,0.2,239209.2554,123022.6612,29263.64656,,1265.38962865002,650.775820990267
4585,0.3,0.1,1.2,0.42,0.2,186403.5304,96603.20886,8180.319041,,986.053377063055,511.019936838764
4586,1.3,0.24,0.32,1.7,0.6,291274.5308,144708.8533,49615.31525,,1540.80898645789,765.493299301735
4587,1.3,0.38,0.54,0.42,0.8,163934.2526,140025.1927,115650.326,,867.193464875159,740.717269889971
4588,2.8,0.66,0.32,1.7,0.8,280133.9493,201265.988,238601.0158,,1481.8765832628,1064.67407955988
4589,1.8,0.8,0.98,0.74,0.2,210055.2565,150467.5858,153736.5618,,1111.1683056496,795.956336225138
4590,2.3,0.8,1.2,1.06,0.2,253997.0513,159069.5134,153702.9016,,1343.61537928481,841.459550359712
4591,0.3,0.66,0.32,0.1,0.6,77869.6934,156389.7612,200428.5315,,411.92178057554,827.283967414304
4592,2.8,0.1,0.76,1.38,0.6,326155.2277,125894.6508,15057.76293,,1725.32388753703,665.968317816335
4593,1.3,0.66,0.54,1.38,0.4,244445.672,168532.4607,161414.3167,,1293.08967414304,891.517460325857
4594,2.3,0.38,1.2,0.1,0.8,159412.4617,134906.7231,118288.883,,843.273707680914,713.641150550148
4595,1.8,0.66,0.32,1.7,0.2,284594.3664,159093.6925,122552.169,,1505.47168006771,841.587455035971
4596,2.8,0.1,0.76,0.74,0.8,270708.9532,111039.6516,18206.58156,,1432.01943080829,587.387069403301
4597,1.8,0.52,0.76,0.42,0.4,180558.0211,136010.4599,118655.0006,,955.131300782903,719.47979210749
4598,2.8,0.24,0.54,0.74,0.6,250050.6423,125391.3528,52539.42337,,1322.73932659755,663.305928903936
4599,2.8,0.52,0.32,0.74,0.4,227077.5008,141966.8939,118510.8634,,1201.21403300889,750.988647376217
4600,2.3,0.52,0.98,1.7,0.2,316111.4006,155209.6502,89653.0921,,1672.1931898011,821.041315065595
4601,1.3,0.1,0.54,1.7,0.2,314883.5289,126132.1471,8186.634326,,1665.6978888066,667.224646106644
4602,2.8,0.8,1.2,0.1,0.2,162198.3883,135322.1567,153666.4894,,858.010941070673,715.838746826069
4603,0.3,0.38,0.54,1.7,0.4,261306.1408,151360.0106,77121.20411,,1382.27962759204,800.677161447313
4604,0.3,0.38,1.2,1.7,0.2,279027.4108,145796.529,57782.10161,,1476.02312103259,771.246979475243
4605,0.8,0.38,0.54,0.74,0.8,184639.5941,148480.7501,115728.9008,,976.722355586119,785.446202391029
4606,1.8,0.8,1.2,0.1,0.2,141176.6287,135459.2541,153736.5618,,746.808234765129,716.56397640711
4607,2.3,0.52,1.2,0.74,0.6,224824.9278,158649.7392,147519.7422,,1189.29817922133,839.238992805756
4608,2.8,0.52,1.2,1.38,0.2,306722.097,150189.0899,89615.31523,,1622.52484659331,794.483124735506
4609,0.8,0.38,0.76,1.06,0.2,236884.053,130004.9515,57764.47453,,1253.08957363521,687.711338870081
4610,1.3,0.38,0.32,1.06,0.8,223239.6847,154107.8948,115650.326,,1180.91242435463,815.213154887855
4611,2.8,0.66,0.54,0.42,0.2,197768.8403,131722.5309,122471.0393,,1046.17456781634,696.797137642827
4612,1.3,0.1,0.1,0.1,0.8,148487.7136,87511.80594,17235.53797,,785.483038510368,462.92745418959
4613,2.3,0.24,0.32,1.06,0.8,261677.2019,136343.6787,63212.05629,,1384.24249841303,721.2424814854
4614,0.3,0.52,0.1,0.1,0.6,81335.86371,138337.886,151321.6858,,430.25742546551,731.791610241219
4615,0.3,0.66,0.98,1.38,0.4,225508.1498,171161.3342,161539.3701,,1192.91234553534,905.423900761744
4616,1.8,0.66,0.98,0.74,0.6,199541.1702,172258.722,200134.4126,,1055.54999047821,911.228956834533
4617,1.8,0.38,0.76,0.42,0.6,184802.3487,133157.4253,98732.67396,,977.58330882353,704.387565065595
4618,1.8,0.38,0.32,1.06,0.8,234874.7653,154510.6555,118386.8016,,1242.4606712865,817.3437129708
4619,2.3,0.24,0.76,0.74,0.4,248695.2116,120746.4558,41951.64306,,1315.56925306813,638.734954506983
4620,2.8,0.52,1.2,1.06,0.6,264425.9455,166092.3655,147406.4116,,1398.78303798138,878.609635526873
4621,0.8,0.38,1.2,1.06,0.2,244214.149,132321.4479,57764.47453,,1291.86494392721,699.965340139653
4622,2.3,0.66,1.2,0.74,0.6,213843.895,173062.0655,200018.1622,,1131.20977041896,915.478552158273
4623,0.8,0.8,0.98,1.7,0.4,253912.1124,188361.9964,202133.0568,,1343.16606220906,996.41343842573
4624,1.8,0.1,0.54,1.7,0.8,321898.2515,132235.6025,18194.80602,,1702.80496984765,699.51122778248
4625,2.8,0.1,0.76,0.1,0.6,199819.2811,90623.06722,15057.76293,,1057.02116536183,479.385670863309
4626,1.8,0.38,0.76,1.7,0.2,310494.9193,145413.9829,59424.41868,,1642.48264547186,769.223354316547
4627,0.3,0.1,0.54,1.38,0.8,258076.702,125077.824,17210.27683,,1365.19626534067,661.647397376217
4628,1.8,0.52,0.98,0.42,0.8,170562.0165,161439.8096,176590.2341,,902.253578607702,853.998146424037
4629,1.8,0.1,1.2,1.7,0.2,337842.394,130505.1424,8757.181785,,1787.1476618705,690.357291578502
4630,1.3,0.8,0.1,0.42,0.8,120200.4976,194623.9442,298690.6101,,635.846898011003,1029.53842678798
4631,0.8,0.24,0.76,0.42,0.6,173625.6993,116619.8233,49640.0947,,918.460110558612,616.905540097334
4632,2.3,0.66,0.32,1.06,0.4,236398.5339,160562.9657,161265.7905,,1250.52123307237,849.359742382565
4633,0.8,0.38,0.54,1.7,0.6,269524.9307,160613.3315,96407.42535,,1425.75608707152,849.626171709691
4634,2.3,0.52,0.1,1.06,0.8,227568.8019,170736.5004,176453.0673,,1203.81295969107,903.176578501904
4635,2.3,0.66,1.2,1.06,0.8,236492.276,194023.758,238770.5339,,1251.01711807025,1026.36351036818
4636,2.3,0.8,0.98,1.7,0.2,299556.1948,171127.4693,153702.9016,,1584.61804274228,905.244759310199
4637,0.3,0.66,0.32,1.06,0.6,178356.9944,176957.7979,200428.5315,,943.488121032586,936.086531421921
4638,0.3,0.1,0.54,1.06,0.2,238234.3985,110078.1866,8180.319041,,1260.23274703766,582.301029411765
4639,1.8,0.52,0.76,0.74,0.4,214464.7362,144128.3228,118655.0006,,1134.49394942869,762.422359289039
4640,2.8,0.38,0.32,1.06,0.2,274557.055,129850.9245,59372.51666,,1452.37544964029,686.896553639441
4641,2.3,0.24,0.1,0.74,0.2,240150.945,111019.8904,31321.43645,,1270.37105903513,587.282534913246
4642,2.8,0.38,0.32,0.1,0.4,164947.8192,112491.5453,78974.74228,,872.555116377486,595.067421180703
4643,0.8,0.38,0.54,1.7,0.8,264315.4985,168971.4036,115728.9008,,1398.19878597122,893.839418112569
4644,2.8,0.1,0.32,0.74,0.6,263396.6924,107183.8102,15057.76293,,1393.33840668642,566.990108971646
4645,2.3,0.24,0.98,1.7,0.8,322835.0614,154083.8903,63212.05629,,1707.76058717732,815.086173825645
4646,2.3,0.8,0.54,1.7,0.6,271332.2376,202826.1259,250188.5337,,1435.31653406686,1072.92703078714
4647,1.3,0.38,0.32,0.42,0.4,170956.2611,120548.2639,77046.66254,,904.33908749471,637.686542001693
4648,1.3,0.8,0.54,1.38,0.4,235293.7044,179852.3545,202075.3479,,1244.67681125688,951.39840509945
4649,2.8,0.24,0.1,1.38,0.8,293293.6123,142548.1382,63155.48788,,1551.48969688955,754.063363309352
4650,0.8,0.38,0.76,0.1,0.6,120882.4013,124358.6282,96407.42535,,639.454090668642,657.842933770631
4651,1.3,0.1,0.76,0.42,0.8,201900.8747,101536.9051,17235.53797,,1068.03255765975,537.118626216674
4652,2.8,0.24,1.2,0.42,0.4,232891.0872,114792.2189,41923.35886,,1231.9672407956,607.237721646213
4653,1.3,0.1,1.2,0.1,0.4,173819.2919,90122.0667,11202.93554,,919.484193292425,476.735435357596
4654,1.8,0.1,0.98,1.38,0.6,308262.5285,126172.9235,15048.93127,,1630.67355321625,667.44034860347
4655,2.8,0.1,1.2,1.7,0.4,357258.5878,133818.2766,11908.9443,,1889.85710854846,707.883392932713
4656,0.3,0.1,0.98,0.42,0.8,176241.4941,103198.8598,17210.27683,,932.297366165891,545.910176682184
4657,1.8,0.38,1.2,0.1,0.2,166766.8465,107714.8204,59424.41868,,882.17756294964,569.799092255607
4658,0.3,0.1,0.76,1.7,0.4,289206.4115,128438.5565,11190.30497,,1529.86887166737,679.425288298773
4659,0.8,0.8,0.76,1.38,0.4,226739.0234,181315.8754,202133.0568,,1199.42352623783,959.14026343631
4660,1.3,0.1,1.2,0.42,0.4,213050.7605,99979.55087,11202.93554,,1127.01417953872,528.880400285654
4661,2.3,0.66,0.76,1.06,0.6,236062.546,177871.0108,200018.1622,,1248.74389547186,940.917323317816
4662,2.8,0.38,0.76,0.42,0.6,206129.1016,133449.9579,98576.9679,,1090.39939483707,705.935029094372
4663,1.8,0.66,0.32,0.1,0.6,114269.5177,153502.3961,200134.4126,,604.472692022852,812.010135950064
4664,2.3,0.8,0.54,1.38,0.8,240263.2848,213876.0363,298431.3497,,1270.96532374101,1131.37979422344
4665,2.3,0.24,0.76,0.74,0.4,248695.2116,120746.4558,41951.64306,,1315.56925306813,638.734954506983
4666,0.3,0.24,0.98,0.74,0.8,192699.9817,132251.3437,59859.06124,,1019.36088499788,699.594496931866
4667,2.8,0.1,0.98,1.06,0.2,307963.9066,116226.8511,8760.125672,,1629.09387748625,614.82676206094
4668,1.3,0.38,0.76,0.42,0.4,179806.6407,123202.3138,77046.66254,,951.156584320779,651.726162716885
4669,2.8,0.66,0.76,0.74,0.2,235668.3814,141249.7589,122471.0393,,1246.65880977571,747.19508516716
4670,2.8,0.8,0.76,0.42,0.2,193680.3962,141629.181,153666.4894,,1024.54716567922,749.20218472281
4671,2.3,0.8,1.2,1.06,0.6,233351.1576,194132.3957,250188.5337,,1234.40096064325,1026.93819138807
4672,1.3,0.66,0.32,0.42,0.2,159661.5735,129849.2739,122587.6819,,844.591480639018,686.887822154042
4673,0.3,0.38,0.54,1.7,0.8,249896.8915,169474.895,115799.4091,,1321.92600243335,896.50283008887
4674,1.3,0.24,0.76,1.38,0.4,281045.971,134940.474,39431.93517,,1486.70107384681,713.819688954719
4675,0.3,0.24,0.76,1.38,0.8,245014.1305,145891.9667,59859.06124,,1296.0967546551,771.751834003386
4676,1.8,0.66,0.76,0.42,0.8,155236.5429,178733.4827,238925.5344,,821.183574375794,945.479701121456
4677,0.8,0.24,0.98,1.38,0.4,271670.1913,135664.7071,39448.4548,,1437.10427052476,717.650799301735
4678,0.3,0.66,0.76,0.74,0.4,165712.0724,156493.2139,161539.3701,,876.597928480745,827.83122037664
4679,2.8,0.24,0.1,0.42,0.6,206861.3307,113756.5627,52539.42337,,1094.27280311045,601.759218683876
4680,2.8,0.38,0.32,1.06,0.2,274557.055,129850.9245,59372.51666,,1452.37544964029,686.896553639441
4681,2.3,0.38,0.1,0.74,0.2,229996.049,119751.4303,59399.93903,,1216.6528195091,633.471383305121
4682,2.3,0.66,0.1,0.42,0.2,177786.1362,128697.6242,122513.4188,,940.468346381718,680.795726830301
4683,1.8,0.1,0.54,0.42,0.4,214035.0422,96814.76406,11903.05653,,1132.22091726619,512.139039674143
4684,2.8,0.38,0.32,0.1,0.4,164947.8192,112491.5453,78974.74228,,872.555116377486,595.067421180703
4685,1.3,0.1,0.54,1.06,0.8,260907.9747,117493.2683,17235.53797,,1380.17337441811,621.52596434617
4686,0.3,0.1,0.76,1.7,0.2,291250.207,125955.617,8180.319041,,1540.68031633517,666.290822048244
4687,2.8,0.24,0.1,1.38,0.8,293293.6123,142548.1382,63155.48788,,1551.48969688955,754.063363309352
4688,1.3,0.8,0.32,1.38,0.8,213522.9363,214204.9434,298690.6101,,1129.51193556919,1133.11967520102
4689,2.3,0.1,0.76,1.38,0.6,315799.1975,125409.9858,15054.52177,,1670.5416710749,663.404495344901
4690,2.3,0.38,0.32,0.1,0.8,142826.1324,130001.6403,118288.883,,755.533920863309,687.693823000423
4691,0.8,0.24,0.76,0.1,0.8,130139.2004,113314.2903,59831.7346,,688.421500211596,599.419648222598
4692,2.3,0.66,0.54,0.74,0.4,211235.8324,154538.8543,161265.7905,,1117.41341726619,817.492881400762
4693,0.3,0.1,0.54,0.42,0.6,170233.219,98097.10731,14200.2909,,900.514277401608,518.922488944139
4694,2.8,0.24,0.76,1.38,0.6,309193.44,142120.0677,52539.42337,,1635.59796868388,751.798919276344
4695,1.8,0.24,0.1,1.7,0.4,302467.9618,138515.6456,41975.37914,,1600.02095746932,732.731938214135
4696,0.8,0.1,0.76,1.7,0.2,305729.6106,126672.5184,8183.65957,,1617.27470694033,670.083148539992
4697,1.8,0.66,0.32,1.38,0.4,251733.8167,167249.5715,161343.2908,,1331.64312685146,884.731123042742
4698,0.8,0.24,0.1,1.06,0.8,219912.8454,134366.6958,59831.7346,,1163.31382458739,710.784467837495
4699,0.3,0.38,1.2,0.42,0.2,166217.231,115848.6543,57782.10161,,879.270159754549,612.826144202285
4700,1.3,0.66,0.32,0.74,0.2,193605.4262,137869.2516,122587.6819,,1024.15058294541,729.312587812103
4701,2.8,0.52,0.98,1.38,0.4,294940.4718,160372.975,118510.8634,,1560.20139547186,848.354713288193
4702,0.3,0.66,0.54,0.1,0.8,77177.20157,174475.0634,239317.693,,408.258577920017,922.953149597969
4703,2.3,0.8,1.2,1.7,0.6,282659.7093,206099.1093,250188.5337,,1495.23756506559,1090.24073899704
4704,2.3,0.66,0.1,0.74,0.6,192615.2138,167008.6428,200018.1622,,1018.91247249259,883.456637748625
4705,2.8,0.24,0.32,0.1,0.2,182892.676,94231.73789,31307.29435,,967.481358442658,498.47512637537
4706,1.3,0.52,1.2,0.74,0.4,209982.4582,146217.3141,121619.1518,,1110.78321096064,773.472884574693
4707,0.3,0.52,1.2,1.38,0.2,246677.634,148083.5142,92134.21634,,1304.89649809564,783.344869868811
4708,1.3,0.24,0.98,1.7,0.6,303432.9973,148481.5906,49615.31525,,1605.12588499788,785.450648539992
4709,1.8,0.24,0.54,1.7,0.6,307182.4045,146709.6023,52617.45378,,1624.95982067287,776.077032903089
4710,2.3,0.24,0.32,1.7,0.2,322683.6734,135198.333,31321.43645,,1706.95976195514,715.183733601354
4711,1.8,0.8,0.54,0.42,0.6,148129.5582,177677.8415,250289.5141,,783.588437367753,939.895479792637
4712,1.3,0.8,0.98,1.06,0.6,207754.3718,194029.6824,250382.979,,1098.99688848921,1026.39484976725
4713,1.3,0.24,0.1,0.74,0.6,207308.1869,121173.1715,49615.31525,,1096.63662134998,640.992231802793
4714,0.8,0.24,0.1,1.06,0.2,233033.9289,117084.7205,29256.8149,,1232.72285706729,619.364793165468
4715,0.3,0.52,0.98,0.1,0.2,114236.0416,116121.0235,92134.21634,,604.295607278883,614.266946148963
4716,0.3,0.1,0.32,0.42,0.4,167828.6241,94077.47475,11190.30497,,887.794245133305,497.659091991113
4717,0.3,0.38,0.32,0.74,0.8,165450.2679,147907.4454,115799.4091,,875.213012589928,782.413486034702
4718,1.3,0.66,1.2,1.06,0.2,239348.0747,150222.2844,122587.6819,,1266.12396688532,794.658719847651
4719,2.8,0.66,0.54,1.7,0.2,309919.4033,161197.7881,122471.0393,,1639.4382315912,852.717880342785
4720,1.8,0.8,0.54,1.06,0.2,231608.4059,155413.2386,153736.5618,,1225.18200327973,822.118274439272
4721,2.3,0.66,0.32,1.06,0.2,246291.771,145951.8829,122513.4188,,1302.85532691494,772.068783855269
4722,2.8,0.1,0.1,1.06,0.6,287614.481,114117.5541,15057.76293,,1521.44774121879,603.668821942446
4723,2.8,0.52,1.2,0.1,0.8,156471.721,153541.8765,176301.9598,,827.717525391452,812.218982754973
4724,1.8,0.1,1.2,1.38,0.6,311684.8442,127289.6947,15048.93127,,1648.77721223022,673.347940647482
4725,2.8,0.66,0.32,0.42,0.4,182927.9148,145373.6759,161181.0315,,967.667767668218,769.010134892086
4726,0.8,0.8,0.32,0.1,0.6,82897.401,171368.2576,250469.5424,,438.517779305967,906.518501904359
4727,1.3,0.66,0.54,1.7,0.2,277241.2979,160083.2297,122587.6819,,1466.57478787558,846.821993757935
4728,0.8,0.8,0.98,0.74,0.2,185321.1322,150465.7895,153796.5712,,980.327614261532,795.946834003386
4729,1.8,0.24,0.32,0.1,0.8,146959.6871,110384.8729,63259.52843,,777.399952920017,583.923364896318
4730,1.8,0.8,0.76,0.1,0.6,114445.5809,171603.842,250289.5141,,605.404046233601,907.764716462125
4731,1.3,0.8,0.54,1.7,0.8,241350.1508,220842.256,298690.6101,,1276.71472069403,1168.23030046551
4732,1.8,0.24,0.32,1.7,0.6,302803.9918,145367.2362,52617.45378,,1601.79851777402,768.976069614897
4733,2.8,0.1,1.2,1.06,0.8,306758.2366,121722.1235,18206.58156,,1622.71602094795,643.896125158697
4734,1.8,0.66,0.98,1.38,0.6,255347.4344,185639.7603,200134.4126,,1350.75875158697,982.013120503597
4735,1.3,0.1,1.2,1.7,0.2,325952.8482,129717.42,8186.634326,,1724.25332310622,686.19033008887
4736,0.3,0.38,0.76,1.38,0.6,235977.2365,155416.9775,96460.30661,,1248.29261796445,822.13805279306
4737,2.3,0.52,1.2,1.06,0.6,254406.919,165978.761,147519.7422,,1345.7835325857,878.008680702497
4738,1.3,0.38,1.2,1.06,0.6,244355.8113,150723.6924,96348.49426,,1292.61432130766,797.311110876005
4739,1.3,0.38,0.98,1.7,0.6,290230.4186,163095.8078,96348.49426,,1535.28575222175,862.758187685146
4740,0.3,0.52,0.54,1.38,0.4,227097.463,157011.1909,121727.9511,,1201.31963076598,830.571259521794
4741,2.3,0.24,0.98,1.06,0.6,277019.0935,135455.5682,52581.84968,,1465.399351989,716.544478417266
4742,2.3,0.38,0.76,1.38,0.6,285404.6475,156341.183,98659.235,,1509.75797450275,827.026994286923
4743,0.3,0.66,0.1,0.42,0.2,127186.9391,128731.1062,122650.2086,,672.804375264494,680.972842784596
4744,1.8,0.24,0.76,0.42,0.8,195386.1511,122323.0968,63259.52843,,1033.57041419805,647.075205247567
4745,1.8,0.38,0.76,1.38,0.6,274549.6621,156110.9178,98732.67396,,1452.33634204401,825.808917689378
4746,2.3,0.24,0.32,0.42,0.4,206371.4169,109195.9623,41951.64306,,1091.68121508675,577.634163669065
4747,2.8,0.38,0.98,1.7,0.8,317949.7981,171617.9796,118179.1935,,1681.91810251799,907.839502750741
4748,2.3,0.1,0.98,1.06,0.4,295684.6836,117442.2622,11906.78353,,1564.13819085908,621.256147905205
4749,0.8,0.1,0.1,1.06,0.8,237788.0913,114613.3384,17223.63895,,1257.87183294541,606.291464240372
4750,0.3,0.8,0.1,0.74,0.8,127583.3434,203929.5131,298912.8635,,674.901308717732,1078.76382300042
4751,1.3,0.38,0.32,0.74,0.8,193364.3386,146661.1856,115650.326,,1022.87525708845,775.820914092256
4752,2.3,0.66,0.32,0.1,0.8,118532.7993,168046.4511,238770.5339,,627.024964557766,888.946525074059
4753,0.3,0.52,0.54,1.38,0.6,219763.4885,169594.7254,151321.6858,,1162.52374365214,897.136719212865
4754,0.3,0.24,0.1,0.1,0.8,100774.6146,110052.776,59859.06124,,533.086196572154,582.166610241219
4755,1.8,0.8,1.2,0.42,0.2,179967.2823,143728.6518,153736.5618,,952.006360029623,760.30814536606
4756,1.8,0.52,0.76,1.7,0.6,285757.2798,176738.0682,147622.6173,,1511.62335907744,934.924186415574
4757,0.3,0.38,1.2,1.38,0.4,249363.4259,148350.6765,77121.20411,,1319.10403036394,784.758127909437
4758,0.8,0.8,1.2,0.1,0.4,107342.7672,155901.9463,202133.0568,,567.830973338976,824.703482331782
4759,0.3,0.52,0.54,1.38,0.6,219763.4885,169594.7254,151321.6858,,1162.52374365214,897.136719212865
4760,2.8,0.38,0.32,1.06,0.4,267666.2023,138359.9247,78974.74228,,1415.92362621667,731.908192446043
4761,2.8,0.52,0.76,0.42,0.4,201933.8607,136298.1488,118510.8634,,1068.20704983072,721.001633516716
4762,0.8,0.66,0.1,0.1,0.6,85639.43582,153869.607,200338.7435,,453.022830194668,813.952639652984
4763,0.3,0.52,0.32,1.38,0.4,222566.0577,155691.8353,121727.9511,,1177.34901449429,823.592019149387
4764,0.8,0.66,1.2,1.06,0.6,208496.7747,181022.0766,200338.7435,,1102.92411500212,957.586101354211
4765,1.8,0.38,0.54,0.74,0.6,214578.9125,140152.8144,98732.67396,,1135.09792900973,741.39237410072
4766,0.3,0.38,0.1,1.38,0.4,228463.3639,142049.1345,77121.20411,,1208.54509045705,751.42369075328
4767,2.3,0.1,0.98,0.1,0.6,192760.9553,91519.013,15054.52177,,1019.68342837495,484.125121667372
4768,2.8,0.8,0.76,0.42,0.8,165463.5877,195396.8261,298285.7008,,875.283472809987,1033.62688372831
4769,2.8,0.1,0.54,0.74,0.6,267800.0253,108578.2165,15057.76293,,1416.63153459585,574.366358971646
4770,1.3,0.52,0.1,1.38,0.2,253216.2494,142455.3384,92079.81668,,1339.48502644943,753.5724629708
4771,2.8,0.1,0.98,0.74,0.6,275589.9916,111100.557,15057.76293,,1457.83956622937,587.709252010157
4772,1.8,0.66,0.98,1.7,0.4,287343.422,177116.646,161343.2908,,1520.01387008041,936.926819720694
4773,1.8,0.52,0.54,0.42,0.2,185013.7395,122362.2729,89687.38381,,978.701542001693,647.282442340245
4774,1.8,0.24,0.76,1.06,0.4,266850.4874,128319.2907,41975.37914,,1411.60858760051,678.794385844266
4775,2.8,0.24,0.32,1.7,0.4,328304.5223,141174.8185,41923.35886,,1736.69341038934,746.798659013965
4776,2.8,0.24,0.54,0.74,0.2,259869.1419,114566.779,31307.29435,,1374.67806760474,606.045170334321
4777,2.8,0.8,0.54,0.1,0.2,150326.3523,131779.4707,153666.4894,,795.209227147694,697.098342678798
4778,0.8,0.52,0.98,0.1,0.6,113430.2647,142489.6643,151243.8348,,600.033139547186,753.75404305967
4779,2.3,0.1,0.54,0.74,0.4,258970.6864,106551.1456,11906.78353,,1369.92534066864,563.643385526873
4780,0.8,0.1,0.1,0.1,0.2,140559.6196,80607.51838,8183.65957,,743.544327126534,426.404561891663
4781,2.3,0.8,0.98,1.06,0.8,222152.4282,210180.9727,298431.3497,,1175.16096170123,1111.83332998307
4782,0.3,0.24,0.54,0.1,0.8,110801.2004,112852.0433,59859.06124,,586.1256898011,596.974414409649
4783,1.3,0.8,0.76,1.7,0.8,245474.9972,221978.6904,298690.6101,,1298.53468683876,1174.24190859077
4784,1.3,0.52,0.98,0.1,0.2,141782.7139,115732.1817,92079.81668,,750.014356220906,612.210017456623
4785,2.3,0.66,0.32,0.1,0.4,133469.0612,136983.7629,161265.7905,,706.036083368599,724.628453766399
4786,0.8,0.38,1.2,1.06,0.2,244214.149,132321.4479,57764.47453,,1291.86494392721,699.965340139653
4787,2.8,0.1,0.76,1.06,0.4,302405.6727,116884.6329,11908.9443,,1599.69145524757,618.306352623783
4788,1.8,0.38,0.76,0.74,0.8,213802.0137,149595.2616,118386.8016,,1130.98822312738,791.341840880237
4789,1.8,0.38,0.32,1.38,0.6,266011.369,153541.1723,98732.67396,,1407.16974714346,812.215257617436
4790,1.3,0.1,0.76,0.42,0.6,203704.7032,99614.62725,14219.23675,,1077.57460431655,526.949996032586
4791,1.3,0.38,0.1,0.74,0.6,193504.6668,136815.6424,96348.49426,,1023.61757723233,723.739115531105
4792,0.8,0.52,0.1,1.06,0.6,197945.054,159998.3674,151243.8348,,1047.10671815489,846.373081887431
4793,1.3,0.52,0.1,1.38,0.8,230943.787,177903.9259,180697.8219,,1221.6662452391,941.091440435887
4794,0.3,0.1,0.98,1.38,0.8,265933.6439,127570.7745,17210.27683,,1406.75859024545,674.834820672874
4795,1.3,0.24,0.76,0.42,0.4,191759.0915,110726.1223,39431.93517,,1014.38368334744,585.728535230639
4796,2.8,0.1,0.54,1.7,0.6,344756.1886,131609.784,15057.76293,,1823.72084532374,696.200719424461
4797,2.3,0.8,0.1,0.1,0.6,110431.8655,167105.8585,250188.5337,,584.171950380872,883.97089769361
4798,2.8,0.24,1.2,0.1,0.2,199079.0392,99369.76457,31307.29435,,1053.105370292,525.654700433771
4799,2.8,0.24,0.1,0.1,0.6,167344.4285,104127.7243,52539.42337,,885.232905734236,550.823763753703
4800,0.3,0.66,1.2,0.1,0.6,94798.81695,161037.3875,200428.5315,,501.474909807448,851.869379496403
4801,1.8,0.8,0.76,1.7,0.8,256988.7094,221171.7331,298565.9903,,1359.44090880237,1169.97319667795
4802,0.8,0.1,0.76,1.7,0.6,301939.9888,131153.9052,14210.31249,,1597.22804062632,693.789172661871
4803,1.3,0.38,0.76,1.7,0.8,281523.5115,169888.476,115650.326,,1489.2272085273,898.690626322471
4804,2.3,0.52,0.98,0.42,0.8,181551.7224,160988.1025,176453.0673,,960.38786711807,851.608667477783
4805,0.3,0.1,0.76,0.74,0.2,212830.8972,103123.1466,8180.319041,,1125.85112780364,545.50966250529
4806,2.8,0.1,0.32,0.42,0.4,231912.2873,96564.73458,11908.9443,,1226.78950116378,510.816412293695
4807,0.3,0.1,0.1,0.74,0.2,199211.6468,98901.2181,8180.319041,,1053.80684934405,523.176143144308
4808,2.8,0.24,0.98,1.06,0.2,296641.7587,125304.2741,31307.29435,,1569.20100878121,662.845292530681
4809,0.3,0.38,0.54,1.06,0.2,218187.6504,128335.3537,57782.10161,,1154.18774016081,678.879357278883
4810,1.8,0.66,0.1,1.38,0.4,246823.8264,165872.4423,161343.2908,,1305.66983918747,877.446266927634
4811,1.8,0.1,0.76,0.42,0.6,216288.7404,99952.13896,15048.93127,,1144.14272323318,528.735394413881
4812,0.3,0.8,0.1,0.1,0.6,65295.51651,171586.2421,250549.669,,345.405821572154,907.671615002116
4813,1.3,0.8,0.98,1.7,0.8,249275.0814,223045.078,298690.6101,,1318.63669805332,1179.88297714769
4814,2.3,0.8,0.98,1.38,0.8,248198.6926,216093.0612,298431.3497,,1312.94272429116,1143.10760262378
4815,1.8,0.1,1.2,0.42,0.4,225518.6889,100541.1533,11903.05653,,1192.96809617012,531.8512129708
4816,2.8,0.38,0.1,0.74,0.2,240418.3401,120323.2028,59372.51666,,1271.78554856115,636.495994498519
4817,1.8,0.24,0.54,1.7,0.4,311602.0361,141298.8252,41975.37914,,1648.339166843,747.45464028777
4818,1.3,0.38,0.76,1.06,0.2,250077.4147,130465.5955,57744.83083,,1322.88094953449,690.148092996191
4819,1.8,0.52,1.2,1.38,0.4,277478.2728,160879.3809,118655.0006,,1467.82835801947,851.033542636479
4820,2.8,0.1,0.1,1.38,0.2,316612.6453,118590.2109,8760.125672,,1674.84471699111,627.328665361828
4821,2.3,0.52,1.2,0.74,0.8,218911.1052,169683.1695,176453.0673,,1158.01473338976,897.604578396107
4822,0.8,0.24,0.54,1.06,0.4,237726.0271,125809.2111,39448.4548,,1257.54352041896,665.516351565806
4823,1.8,0.1,0.54,1.7,0.8,321898.2515,132235.6025,18194.80602,,1702.80496984765,699.51122778248
4824,1.3,0.52,0.98,1.06,0.6,228404.7322,164824.2974,151158.4868,,1208.23493546339,871.901700169276
4825,1.8,0.52,0.76,1.7,0.8,279745.1318,187514.0697,176590.2341,,1479.81978311468,991.928003068134
4826,2.8,0.52,0.76,0.1,0.4,162660.3932,127373.696,118510.8634,,860.454894202285,673.792297926365
4827,1.8,0.24,0.32,1.06,0.2,263053.5657,120050.0236,31333.30449,,1391.5233056496,635.050907744393
4828,0.8,0.1,0.76,0.42,0.6,189794.3713,99451.54111,14210.31249,,1003.99053798138,526.087288986458
4829,0.3,0.8,0.32,1.06,0.8,161480.4301,211040.6502,298912.8635,,854.213024227677,1116.38092573
4830,1.8,0.1,0.1,1.38,0.4,293151.1623,119127.3927,11903.05653,,1550.7361526661,630.170295704613
4831,1.8,0.24,0.1,0.74,0.6,219154.0109,121763.7659,52617.45378,,1159.29967678798,644.116408696572
4832,1.8,0.1,0.98,0.1,0.4,182899.3038,89403.18718,11903.05653,,967.516418747355,472.932644837072
4833,0.8,0.1,1.2,0.42,0.8,195268.5981,104059.195,17223.63895,,1032.94857225984,550.461251586966
4834,2.3,0.38,0.98,0.42,0.8,195010.6964,142532.8207,118288.883,,1031.58430173508,753.982335484554
4835,1.8,0.8,0.76,1.38,0.4,251093.9378,180892.654,202013.038,,1328.258240584,956.901470588235
4836,2.3,0.66,0.1,0.74,0.2,211745.1915,136909.3034,122513.4188,,1120.10786870504,724.234571519255
4837,1.8,0.38,0.98,1.7,0.8,296719.9462,171482.2055,118386.8016,,1569.61461172239,907.121273275497
4838,0.3,0.1,0.32,1.7,0.8,276838.9453,130607.8222,17210.27683,,1464.44638859501,690.900455988151
4839,1.8,0.8,0.76,1.38,0.8,233723.2071,215697.2046,298565.9903,,1236.3690599873,1141.01356644097
4840,0.3,0.1,0.54,0.42,0.6,170233.219,98097.10731,14200.2909,,900.514277401608,518.922488944139
4841,0.3,0.52,0.98,0.74,0.6,171796.2727,158394.1902,151321.6858,,908.782652877698,837.887167795176
4842,2.8,0.1,0.32,0.42,0.4,231912.2873,96564.73458,11908.9443,,1226.78950116378,510.816412293695
4843,1.3,0.66,0.1,1.7,0.6,249834.7378,186932.3132,200240.9515,,1321.59721646212,988.850577655523
4844,2.8,0.52,0.54,1.38,0.8,273467.2705,179903.8952,176301.9598,,1446.61061415573,951.671049513331
4845,2.8,0.24,0.1,1.7,0.6,319004.8386,144876.3445,52539.42337,,1687.49914621244,766.379308611934
4846,2.8,0.38,0.1,1.38,0.4,288772.2205,144210.026,78974.74228,,1527.5720508887,762.854559881507
4847,1.3,0.24,0.32,0.74,0.4,216957.8796,116783.6906,39431.93517,,1147.68239314431,617.772379390605
4848,0.3,0.52,0.98,0.1,0.8,94380.14866,156853.7112,180915.4205,,499.260202391028,829.738209902666
4849,2.3,0.8,0.76,1.06,0.2,246686.5345,156839.7628,153702.9016,,1304.94358072366,829.664424460432
4850,0.3,0.8,0.1,0.74,0.6,134627.3914,184523.8357,250549.669,,712.163517774016,976.110006876852
4851,1.8,0.66,0.98,1.38,0.4,264112.7985,170902.2614,161343.2908,,1397.12652613204,904.053435251799
4852,0.3,0.66,0.98,0.42,0.2,145301.6121,133898.4643,122650.2086,,768.628925624207,708.307576703343
4853,1.8,0.38,0.76,0.1,0.2,159210.6423,105332.0769,59424.41868,,842.206106115108,557.19465139653
4854,2.3,0.8,0.1,1.7,0.2,282517.56,166100.4328,153702.9016,,1494.48561151079,878.652310622091
4855,0.3,0.24,0.98,0.42,0.2,172143.6164,105224.835,29263.64656,,910.620061362675,556.627353999154
4856,0.3,0.66,0.1,1.38,0.8,192440.0813,197428.2732,239317.693,,1017.9860415785,1044.37300677105
4857,0.3,0.1,0.1,1.7,0.4,275960.0987,124324.5747,11190.30497,,1459.79739049937,657.662794646636
4858,0.3,0.24,0.98,0.42,0.2,172143.6164,105224.835,29263.64656,,910.620061362675,556.627353999154
4859,0.8,0.66,0.76,1.7,0.8,243440.4408,205737.0844,239197.9757,,1287.7721159543,1088.32566864156
4860,0.8,0.24,0.1,0.42,0.8,155732.2048,118141.0751,59831.7346,,823.805569191706,624.952788298773
4861,0.3,0.66,0.32,0.74,0.6,148766.7104,170338.9009,200428.5315,,786.958899703767,901.073322577232
4862,0.3,0.24,0.32,1.38,0.6,240414.2021,137485.2746,49660.58968,,1271.76365901397,727.281393355904
4863,2.3,0.24,0.32,0.1,0.4,166951.2959,99514.58152,41951.64306,,883.153279200169,526.420765552264
4864,2.3,0.66,0.76,1.38,0.8,255314.839,198141.6533,238770.5339,,1350.58632564537,1048.14670598815
4865,0.8,0.52,0.98,1.06,0.8,209157.7577,177038.5701,180811.6192,,1106.42063954719,936.513807130766
4866,1.8,0.66,0.1,0.1,0.4,117407.2341,135859.5024,161343.2908,,621.07085325857,718.681244181126
4867,2.8,0.8,0.76,0.74,0.6,206307.3457,184995.4863,250079.297,,1091.34228575963,978.604984659331
4868,0.8,0.66,1.2,1.38,0.6,234674.943,187336.372,200338.7435,,1241.4036341515,990.988002539145
4869,2.8,0.8,0.98,0.42,0.8,169379.0106,196488.2116,298285.7008,,895.995612568769,1039.40018831993
4870,0.3,0.52,1.2,0.1,0.8,98106.64657,157929.7572,180915.4205,,518.972950539568,835.430370292002
4871,1.8,0.52,0.76,1.7,0.4,293417.4603,165070.9109,118655.0006,,1552.14483865849,873.20625740584
4872,0.3,0.8,0.76,0.74,0.6,148657.7607,188234.9709,250549.669,,786.382568239526,995.741488044858
4873,1.8,0.1,0.98,0.74,0.8,252017.3009,111884.9707,18194.80602,,1333.14272587812,591.858710854846
4874,0.3,0.38,1.2,0.42,0.4,159532.3212,125596.8044,77121.20411,,843.907750740584,664.392744392721
4875,1.8,0.24,1.2,0.74,0.6,240075.9084,128208.4903,52617.45378,,1269.97412399492,678.208264388489
4876,1.8,0.52,0.98,1.38,0.4,273997.7053,159801.6876,118655.0006,,1449.41655363944,845.332668218367
4877,2.3,0.38,0.98,0.1,0.6,160448.7735,125460.1406,98659.235,,848.75567869234,663.669808506136
4878,0.3,0.38,0.54,0.42,0.4,147656.8094,121975.3565,77121.20411,,781.087650232755,645.235698793906
4879,2.3,0.38,0.76,0.42,0.6,195873.0562,133243.3071,98659.235,,1036.14608654253,704.841869974609
4880,1.8,0.24,0.76,1.38,0.6,288167.6032,141220.1417,52617.45378,,1524.3736944562,747.038413563267
4881,1.8,0.52,0.1,0.74,0.6,192742.6578,152514.7293,147622.6173,,1019.58663669065,806.785491430385
4882,1.3,0.38,0.98,1.7,0.4,296384.5953,154327.1606,77046.66254,,1567.84064377909,816.373045916208
4883,2.3,0.8,0.1,1.06,0.8,204621.1502,205442.6212,298431.3497,,1082.42250423191,1086.76799195937
4884,1.8,0.38,0.98,1.38,0.8,273487.2288,165128.3179,118386.8016,,1446.71619128227,873.509933876428
4885,1.3,0.24,0.32,0.42,0.8,174509.1335,119277.8167,59798.69533,,923.133376534067,630.966021476936
4886,2.3,0.38,1.2,0.74,0.2,250795.3745,126193.6057,59399.93903,,1326.6788748413,667.54975507829
4887,0.3,0.8,1.2,0.74,0.4,164712.2914,170941.7263,202186.4745,,871.309201227253,904.262200063479
4888,2.8,0.8,0.54,1.38,0.4,267762.4185,179651.3574,201872.8932,,1416.43259892086,950.335153406687
4889,0.8,0.8,0.1,1.38,0.4,213055.0997,177498.5902,202133.0568,,1127.03713341092,938.947260897165
4890,0.3,0.8,0.54,1.06,0.2,192706.3857,155320.1979,153823.2801,,1019.39476142615,821.626099767245
4891,2.8,0.8,0.98,0.74,0.2,231212.8142,150802.8437,153666.4894,,1223.08936838764,797.729812209056
4892,1.8,0.38,0.1,1.7,0.2,297319.0416,141385.2977,59424.41868,,1572.78375793483,747.91206993229
4893,0.8,0.38,0.32,0.42,0.8,145989.9951,139329.5206,115728.9008,,772.27039303851,737.03724396953
4894,1.3,0.8,1.2,1.7,0.2,280553.2907,171731.0248,153767.7167,,1484.09485135421,908.437498942023
4895,2.8,0.52,1.2,0.1,0.8,156471.721,153541.8765,176301.9598,,827.717525391452,812.218982754973
4896,1.8,0.38,1.2,1.06,0.8,250846.4574,159316.0316,118386.8016,,1326.94909754549,842.763603470165
4897,0.3,0.8,0.76,0.74,0.6,148657.7607,188234.9709,250549.669,,786.382568239526,995.741488044858
4898,1.3,0.8,1.2,0.74,0.6,181928.7475,188580.6387,250382.979,,962.382286817605,997.570031210326
4899,1.3,0.1,0.76,1.7,0.4,316993.5343,129567.0978,11202.93554,,1676.85957628015,685.395142826915
4900,2.8,0.38,0.32,0.42,0.2,211652.7194,112979.779,59372.51666,,1119.61870186204,597.650121667372
4901,1.8,0.1,0.54,1.38,0.2,304150.6443,119906.1686,8757.181785,,1608.92215562844,634.289931231485
4902,2.8,0.38,0.98,0.1,0.2,185086.1183,107316.6186,59372.51666,,979.08441758358,567.692650232755
4903,0.8,0.52,0.32,0.42,0.8,133052.0959,159292.0733,180811.6192,,703.830384574693,842.636866800677
4904,0.8,0.52,1.2,1.38,0.2,260937.4708,148376.3096,92108.266,,1380.32940541684,784.89372407956
4905,1.8,0.38,0.76,0.42,0.4,191502.0038,123843.7109,79078.54632,,1013.02371878967,655.11908008887
4906,2.8,0.1,0.32,0.1,0.6,191119.3061,87871.28057,15057.76293,,1010.9992916843,464.829033908168
4907,2.8,0.1,0.1,1.7,0.6,335789.8737,128808.7926,15057.76293,,1776.29006400762,681.383794964029
4908,2.8,0.52,1.2,0.74,0.8,229152.4303,169493.5209,176301.9598,,1212.19017297926,896.601358971646
4909,1.8,0.38,0.54,1.06,0.2,257610.7645,130052.9318,59424.41868,,1362.7315092044,687.965149174778
4910,1.3,0.38,0.32,1.7,0.8,272998.351,167359.9222,115650.326,,1444.13008358019,885.314865636902
4911,0.8,0.38,0.98,1.7,0.4,283439.2246,154019.0989,77085.94994,,1499.36111193398,814.74343472281
4912,0.8,0.1,0.98,1.7,0.6,305646.8329,132345.6592,14210.31249,,1616.83682236564,700.093415150233
4913,2.3,0.24,1.2,0.1,0.4,183293.8672,104627.1285,41951.64306,,969.603614049937,553.465554909014
4914,2.8,0.52,0.54,0.74,0.8,217590.1632,166066.2411,176301.9598,,1151.02710114262,878.471440435887
4915,0.8,0.66,0.54,1.06,0.4,205284.2525,161983.3656,161479.5114,,1085.93023963182,856.873495556496
4916,2.3,0.66,0.32,1.38,0.4,262604.9101,167348.2414,161265.7905,,1389.14996878967,885.253075539568
4917,1.3,0.66,0.98,0.1,0.2,133440.8273,125197.4376,122587.6819,,705.886729263648,662.280139652984
4918,1.3,0.38,0.98,0.1,0.4,144321.7336,115460.9714,77046.66254,,763.445480321625,610.775345958527
4919,2.3,0.52,0.76,0.74,0.4,225506.178,144303.1092,118586.4171,,1192.90191493864,763.346959373678
4920,0.8,0.66,1.2,1.7,0.8,250759.074,207849.9843,239197.9757,,1326.48684934405,1099.50266768938
4921,0.8,0.8,0.76,1.06,0.8,183788.4303,211947.8158,298806.028,,972.219796339399,1121.17972809987
4922,2.8,0.8,0.32,0.42,0.8,156579.0458,193014.2728,298285.7008,,828.285261320356,1021.0234490055
4923,1.3,0.38,0.1,0.1,0.8,114678.0804,128829.8975,115650.326,,606.633942022852,681.495437473551
4924,2.8,0.24,1.2,0.74,0.2,271166.5172,118208.5418,31307.29435,,1434.43989208633,625.309679432924
4925,0.8,0.38,0.98,0.1,0.4,131049.0236,115610.4324,77085.94994,,693.234360981803,611.565977570885
4926,0.3,0.38,0.76,0.1,0.8,101599.7039,134861.8671,115799.4091,,537.450824693187,713.403867435463
4927,1.3,0.52,0.98,1.7,0.8,271705.4764,188882.6057,180697.8219,,1437.29092467203,999.167402137114
4928,2.3,0.52,0.76,1.06,0.6,247092.0038,163757.7558,147519.7422,,1307.08846699111,866.259816969954
4929,2.3,0.52,0.76,0.42,0.2,200435.2259,123967.0962,89653.0921,,1060.27944297503,655.771774227677
4930,1.3,0.8,0.98,0.74,0.6,178321.0186,187539.8878,250382.979,,943.297813161236,992.064577867118
4931,0.3,0.66,1.2,0.1,0.6,94798.81695,161037.3875,200428.5315,,501.474909807448,851.869379496403
4932,1.8,0.24,0.54,1.7,0.8,303967.2197,151447.3911,63259.52843,,1607.95186045281,801.139394308083
4933,1.3,0.38,0.98,1.38,0.6,267000.9082,156637.3458,96348.49426,,1412.4042964452,828.593661658908
4934,0.8,0.38,0.32,1.06,0.4,221556.7267,136522.8835,77085.94994,,1172.00976883199,722.190454401185
4935,0.8,0.52,0.54,1.06,0.2,223342.3975,137759.4163,92108.266,,1181.45576333051,728.731571625053
4936,2.8,0.8,0.32,1.06,0.4,237111.0022,171778.1577,201872.8932,,1254.29010897165,908.686826597546
4937,0.3,0.8,0.32,1.06,0.6,168963.6286,192052.8771,250549.669,,893.798289250952,1015.93777560305
4938,2.3,0.24,0.54,1.38,0.6,295067.382,140368.2015,52581.84968,,1560.8727359289,742.531747249259
4939,0.8,0.66,0.98,0.42,0.6,141994.9121,166148.9433,200338.7435,,751.136860452814,878.908925624207
4940,2.8,0.1,1.2,0.42,0.4,247732.8596,101681.4351,11908.9443,,1310.47852094795,537.883173402455
4941,1.3,0.24,0.76,1.06,0.4,255117.6014,127532.3757,39431.93517,,1349.54296127804,674.631695408379
4942,1.3,0.1,0.32,0.1,0.4,157468.4746,84919.15217,11202.93554,,832.990238044858,449.212611986881
4943,1.8,0.8,0.1,1.7,0.8,243495.1452,217543.5795,298565.9903,,1288.06149597969,1150.78067869234
4944,1.8,0.24,0.32,1.38,0.6,279693.7588,138603.2589,52617.45378,,1479.54802581464,733.195402560305
4945,0.8,0.66,0.1,1.06,0.6,187240.8787,175016.9643,200338.7435,,990.482853893356,925.819743440542
4946,0.8,0.38,0.76,0.1,0.6,120882.4013,124358.6282,96407.42535,,639.454090668642,657.842933770631
4947,0.8,0.66,0.54,1.38,0.2,241059.4414,153430.674,122620.2793,,1275.17690118493,811.630734236141
4948,2.8,0.52,0.54,1.7,0.2,318473.0294,153330.3762,89615.31523,,1684.68593630978,811.100170334321
4949,2.3,0.1,0.98,0.1,0.6,192760.9553,91519.013,15054.52177,,1019.68342837495,484.125121667372
4950,0.8,0.66,0.32,0.74,0.8,155622.7366,185149.0674,239197.9757,,823.22649492171,979.41741112992
4951,2.3,0.8,1.2,0.74,0.4,213548.658,169441.8105,201945.7176,,1129.64800042319,896.327816864156
4952,2.3,0.66,0.1,0.1,0.8,113368.1524,166728.159,238770.5339,,599.704572577232,881.972910495133
4953,0.3,0.24,0.54,1.7,0.2,277032.1443,133651.4907,29263.64656,,1465.46838922979,707.001114578925
4954,0.8,0.1,0.32,0.1,0.2,145646.6821,82114.5246,8183.65957,,770.45430649598,434.376452602624
4955,0.3,0.52,0.98,0.1,0.6,99830.96557,143378.6873,151321.6858,,528.094401026238,758.45687314854
4956,2.3,0.38,0.1,1.7,0.4,301728.2578,150404.9457,79029.58701,,1596.10800782903,795.624977253492
4957,2.8,0.52,0.32,1.38,0.6,274709.3366,168179.632,147406.4116,,1453.18100190436,889.651036817605
4958,0.3,0.66,0.1,1.7,0.4,231513.0474,172251.7005,161539.3701,,1224.67756771054,911.19181390182
4959,1.8,0.24,0.32,0.74,0.6,224087.5334,123216.98,52617.45378,,1185.39744710114,651.803745239103
4960,2.8,0.1,0.32,1.06,0.8,291259.6858,116727.1992,18206.58156,,1540.7304581041,617.473546339399
4961,1.3,0.52,0.1,1.38,0.8,230943.787,177903.9259,180697.8219,,1221.6662452391,941.091440435887
4962,0.8,0.52,0.54,0.74,0.2,193629.3352,130103.3677,92108.266,,1024.27705882353,688.231949322895
4963,2.3,0.24,0.98,1.7,0.4,330204.2208,144313.7477,41951.64306,,1746.74259839188,763.403235823106
4964,0.3,0.66,0.76,1.06,0.2,204738.0732,147698.7482,122650.2086,,1083.04101354211,781.309501692763
4965,2.3,0.52,0.32,1.7,0.4,295803.7798,162815.3117,118586.4171,,1564.76819614896,861.27439536606
4966,2.8,0.8,0.54,0.42,0.6,168431.607,176661.7065,250079.297,,890.983955776555,934.520241747778
4967,1.3,0.24,0.1,0.74,0.2,216862.238,109500.6218,29248.55509,,1147.17646000846,579.245777613204
4968,2.3,0.66,0.98,0.74,0.4,219270.2219,156928.1455,161265.7905,,1159.91441969953,830.131958844689
4969,1.3,0.66,0.54,1.06,0.8,202409.5323,191909.8092,239067.5863,,1070.72329824376,1015.1809627592
4970,2.3,0.52,0.54,0.42,0.2,196240.364,122682.915,89653.0921,,1038.08910283538,648.978602412188
4971,0.3,0.8,0.1,0.42,0.6,101918.6529,178110.4373,250549.669,,539.138028459585,942.183862145578
4972,0.8,0.8,0.1,0.42,0.6,115009.5845,176893.9124,250469.5424,,608.387560833686,935.748584426577
4973,0.3,0.8,0.1,1.38,0.8,182374.4733,215364.4578,298912.8635,,964.740125370292,1139.25337388912
4974,0.8,0.38,0.1,0.42,0.6,146160.732,128825.8733,96407.42535,,773.173571730851,681.474149915362
4975,2.8,0.1,0.98,1.38,0.6,329820.5487,127085.9002,15057.76293,,1744.71301682184,672.269891028354
4976,2.8,0.52,0.98,0.42,0.6,197539.5161,149674.4851,147406.4116,,1044.96146900127,791.760924143039
4977,1.3,0.8,1.2,1.06,0.6,211320.692,195063.5287,250382.979,,1117.862314854,1031.86377856538
4978,2.8,0.38,0.32,1.06,0.2,274557.055,129850.9245,59372.51666,,1452.37544964029,686.896553639441
4979,0.8,0.24,0.1,1.06,0.6,223777.5049,128946.7619,49640.0947,,1183.75743176047,682.113636796445
4980,2.8,0.38,0.32,1.7,0.6,310112.4692,160651.3636,98576.9679,,1640.45952814219,849.827357173085
4981,2.3,0.66,0.98,0.42,0.8,169853.3506,179155.3399,238770.5339,,898.504816969954,947.711277507406
4982,1.3,0.24,1.2,0.42,0.4,199209.7498,113101.7519,39431.93517,,1053.79681443081,598.295344371562
4983,2.8,0.52,0.98,1.38,0.8,281313.4831,182227.9873,176301.9598,,1488.11618228946,963.965231168007
4984,2.8,0.38,0.98,0.74,0.4,250616.0726,134262.5559,78974.74228,,1325.73038827761,710.233579665679
4985,2.3,0.38,0.54,0.74,0.8,220888.1312,148241.6014,118288.883,,1168.47297503174,784.181133093525
4986,0.3,0.66,0.32,1.38,0.6,204680.0477,183205.1504,200428.5315,,1082.73406527719,969.134312314854
4987,0.8,0.8,0.76,1.7,0.4,250113.6549,187247.9007,202133.0568,,1323.07265605163,990.519999471012
4988,0.8,0.1,0.98,1.7,0.2,309426.2435,127869.0429,8183.65957,,1636.82947259839,676.412626428269
4989,1.8,0.24,0.54,0.1,0.4,160066.7011,100555.9405,41975.37914,,846.734559352518,531.929435569192
4990,1.3,0.52,0.54,1.7,0.4,277640.011,163515.4288,121619.1518,,1468.68393461701,864.977934828608
4991,2.8,0.1,0.98,0.1,0.4,205531.1969,90417.58034,11908.9443,,1087.23654729158,478.298668747355
4992,0.3,0.52,1.2,1.06,0.4,212363.2813,153701.2018,121727.9511,,1123.37749312315,813.06179538722
4993,2.3,0.24,0.32,0.42,0.8,198173.0414,119746.3903,63212.05629,,1048.3127454507,633.444722280999
4994,0.3,0.38,0.98,0.1,0.6,110644.3831,126130.298,96460.30661,,585.296144202285,667.214864578925
4995,1.3,0.66,0.32,0.74,0.4,183839.4387,153326.4557,161414.3167,,972.489624947101,811.079431337283
4996,2.8,0.66,0.76,1.38,0.2,290949.514,155936.6214,122471.0393,,1539.08968472281,824.886909648752
4997,2.3,0.66,0.1,1.06,0.2,241384.7056,144540.5075,122513.4188,,1276.89751163775,764.602769255184
4998,1.8,0.24,0.32,1.7,0.8,299577.283,150112.1554,63259.52843,,1584.72959691071,794.07615002116
4999,0.3,0.24,1.2,1.7,0.8,275651.503,154721.5848,59859.06124,,1458.16495450698,818.459504866695
5000,2.3,0.24,0.1,0.42,0.8,193173.227,118297.148,63212.05629,,1021.86429856115,625.778396106644
5001,1.3,0.38,0.54,1.7,0.2,295016.026,143254.468,57744.83083,,1560.60106855692,757.799767245028
5002,1.8,0.24,0.76,1.7,0.4,315611.2057,142558.511,41975.37914,,1669.54721593314,754.118234236141
5003,0.8,0.52,1.2,1.7,0.6,268726.2361,178894.1786,151243.8348,,1421.53108389759,946.329764071096
5004,0.8,0.66,0.32,1.38,0.4,227067.1754,167317.5618,161479.5114,,1201.15941282268,885.090783961066
5005,2.3,0.52,0.1,1.38,0.4,267748.2571,154945.2328,118586.4171,,1416.35768673297,819.642577232332
5006,2.8,0.24,0.98,1.06,0.2,296641.7587,125304.2741,31307.29435,,1569.20100878121,662.845292530681
5007,2.3,0.1,0.32,1.06,0.4,283578.6938,113553.4836,11906.78353,,1500.09888806602,600.684953449006
5008,2.8,0.1,1.2,1.7,0.8,354664.2662,136269.3556,18206.58156,,1876.13344371562,720.849320778671
5009,0.8,0.24,1.2,1.06,0.8,240871.166,140729.1926,59831.7346,,1274.18094583157,744.441348920863
5010,0.8,0.24,1.2,0.42,0.6,181143.9894,118980.717,49640.0947,,958.231006136267,629.394398011003
5011,0.3,0.1,1.2,1.06,0.4,247481.1936,116297.457,11190.30497,,1309.14723656369,615.200259204401
5012,2.8,0.52,0.76,0.42,0.4,201933.8607,136298.1488,118510.8634,,1068.20704983072,721.001633516716
5013,2.8,0.1,0.32,0.74,0.6,263396.6924,107183.8102,15057.76293,,1393.33840668642,566.990108971646
5014,2.3,0.8,1.2,0.74,0.8,196380.5039,204890.9568,298431.3497,,1038.83042689378,1083.84975031739
5015,0.3,0.24,0.76,1.06,0.4,227198.138,126740.551,39462.11812,,1201.8521900127,670.443033220482
5016,0.3,0.38,1.2,0.1,0.8,109350.258,137151.2101,115799.4091,,578.450370292002,725.514230321625
5017,2.8,0.8,1.2,1.38,0.6,269271.8694,200112.4296,250079.297,,1424.41742170969,1058.57188743123
5018,1.3,0.24,0.76,0.74,0.2,230407.9456,113671.7191,29248.55509,,1218.83170545916,601.310405734236
5019,1.3,0.1,0.54,0.1,0.6,160048.4586,88443.31543,14219.23675,,846.638058611934,467.855032955988
5020,1.3,0.66,0.1,1.38,0.4,235007.2215,165858.8594,161414.3167,,1243.16134944985,877.374414938637
5021,2.8,0.8,0.1,1.7,0.6,271873.7642,200075.2898,250079.297,,1438.18114790521,1058.37542213288
5022,0.8,0.1,0.54,1.38,0.6,274914.6443,122923.9316,14210.31249,,1454.26705617859,650.253552687262
5023,0.8,0.1,0.32,1.06,0.2,248587.2777,109352.3074,8183.65957,,1314.99829506983,578.461211383834
5024,2.3,0.52,0.54,0.42,0.4,187423.5493,134840.4597,118586.4171,,991.449160495134,713.290624735506
5025,1.3,0.66,0.76,1.38,0.4,248573.646,169749.8425,161414.3167,,1314.92618493441,897.957270947948
5026,1.8,0.52,1.2,1.06,0.2,259817.0029,142095.4105,89687.38381,,1374.40225825222,751.668485505713
5027,0.8,0.24,0.1,1.7,0.2,282221.0727,131463.8677,29256.8149,,1492.91722757088,695.42883887008
5028,1.8,0.66,0.32,1.7,0.8,259253.9352,201963.6571,238925.5344,,1371.4236944562,1068.36466938214
5029,2.3,0.38,0.76,1.38,0.4,291887.2893,147747.961,79029.58701,,1544.05040890817,781.569831781634
5030,0.3,0.38,0.54,1.7,0.4,261306.1408,151360.0106,77121.20411,,1382.27962759204,800.677161447313
5031,0.8,0.1,0.32,1.7,0.4,295384.5022,126333.0461,11196.98603,,1562.55026555226,668.287378861617
5032,2.8,0.66,0.54,1.7,0.2,309919.4033,161197.7881,122471.0393,,1639.4382315912,852.717880342785
5033,2.3,0.52,0.98,1.06,0.4,258871.6801,153064.7755,118586.4171,,1369.40160865425,809.695172979264
5034,2.8,0.8,0.32,1.7,0.8,269041.8444,217708.3266,298285.7008,,1423.2006157427,1151.65217202708
5035,1.8,0.8,0.1,1.06,0.4,211214.7331,170549.0418,202013.038,,1117.30180438003,902.184943927211
5036,0.8,0.24,1.2,1.06,0.8,240871.166,140729.1926,59831.7346,,1274.18094583157,744.441348920863
5037,0.3,0.52,0.32,1.7,0.8,232231.3344,186594.3054,180915.4205,,1228.47722386796,987.062555014812
5038,1.8,0.38,1.2,1.7,0.4,311177.2395,156196.6898,79078.54632,,1646.09204136691,826.262641768938
5039,2.8,0.52,0.76,1.7,0.4,314263.7301,165689.4296,118510.8634,,1662.41922397376,876.478150655946
5040,2.8,0.38,0.54,1.7,0.6,314485.8399,161966.6571,98576.9679,,1663.59415943716,856.785109500635
5041,1.3,0.38,0.98,0.42,0.8,172118.3181,142461.9109,115650.326,,910.486236246297,753.607230744816
5042,1.3,0.1,0.1,1.7,0.2,305814.7004,123306.3722,8186.634326,,1617.72482225984,652.276619763013
5043,0.8,0.8,0.76,0.42,0.4,137577.5956,161027.3899,202133.0568,,727.769760897165,851.816493334744
5044,2.8,0.52,1.2,0.42,0.2,218239.4265,126678.2191,89615.31523,,1154.4616298138,670.113304591621
5045,2.3,0.1,0.98,0.42,0.2,235596.5823,97901.83616,8759.045285,,1246.27900074058,517.88952687262
5046,2.8,0.24,0.54,0.74,0.4,254964.2477,120037.1557,41923.35886,,1348.73173772747,634.982838023699
5047,1.3,0.1,1.2,1.06,0.2,277701.2853,115111.7159,8186.634326,,1469.00806866272,608.927824269996
5048,0.8,0.1,0.98,0.42,0.4,195719.0076,98389.68632,11196.98603,,1035.33118705036,520.470198476513
5049,0.3,0.52,0.32,0.74,0.4,166274.243,141559.0617,121727.9511,,879.571746720271,748.831261637749
5050,0.3,0.66,0.76,1.06,0.6,187190.4831,179427.6518,200428.5315,,990.216266927635,949.151776343631
5051,1.8,0.1,0.1,1.38,0.8,289942.5308,122440.4963,18194.80602,,1533.76285865425,647.69623518832
5052,1.3,0.1,1.2,1.38,0.6,299566.0087,126848.8712,14219.23675,,1584.66995715193,671.016034701651
5053,0.3,0.24,0.54,1.06,0.8,214498.8127,137492.5709,59859.06124,,1134.67421022006,727.319989949217
5054,1.8,0.1,0.32,1.38,0.2,299801.7397,118527.2177,8757.181785,,1585.91694720694,626.995438531528
5055,2.8,0.52,0.54,1.38,0.6,279149.2403,169481.3345,147406.4116,,1476.66758516716,896.536894308083
5056,1.8,0.24,0.1,1.7,0.6,298019.3608,143940.0449,52617.45378,,1576.48836648328,761.426390710961
5057,2.3,0.66,1.2,1.38,0.8,262607.7988,200266.4226,238770.5339,,1389.16524968261,1059.38649280576
5058,0.8,0.1,1.2,0.42,0.6,197238.7525,101859.4415,14210.31249,,1043.37046392298,538.824806919171
5059,0.3,0.52,0.1,1.7,0.8,227282.5891,185251.0663,180915.4205,,1202.29892668218,979.956973656369
5060,1.3,0.52,0.1,1.38,0.6,237281.0012,166477.5671,151158.4868,,1255.1893842573,880.647307977148
5061,0.3,0.24,0.98,0.1,0.8,119175.031,115361.0212,59859.06124,,630.422296868388,610.24662082099
5062,0.8,0.24,0.32,1.06,0.2,237923.5696,118550.1178,29256.8149,,1258.58849767245,627.116577443927
5063,0.3,0.24,0.1,0.1,0.8,100774.6146,110052.776,59859.06124,,533.086196572154,582.166610241219
5064,0.3,0.52,0.54,1.06,0.8,186915.3969,175603.7479,180915.4205,,988.761092361405,928.923761637749
5065,2.3,0.8,0.76,0.74,0.6,196423.2711,185327.1179,250188.5337,,1039.05666049513,980.359277930597
5066,0.3,0.24,0.1,1.38,0.8,231452.8131,141856.4616,59859.06124,,1224.358935146,750.404473127381
5067,1.8,0.24,0.54,0.74,0.2,238199.9857,113221.5911,31333.30449,,1260.05070725772,598.929280046551
5068,1.3,0.8,0.98,1.7,0.8,249275.0814,223045.078,298690.6101,,1318.63669805332,1179.88297714769
5069,2.3,0.1,0.1,1.06,0.2,280733.1722,110113.9729,8759.045285,,1485.04640393568,582.490334849767
5070,2.3,0.38,0.98,0.1,0.4,167288.6078,116111.4861,79029.58701,,884.937620609395,614.216494392721
5071,2.8,0.24,0.76,0.42,0.4,225547.8851,112431.4582,41923.35886,,1193.12254073212,594.749567287347
5072,0.3,0.52,0.98,1.06,0.8,195020.0544,177941.5926,180915.4205,,1031.63380448582,941.290692975032
5073,0.3,0.8,0.54,0.42,0.8,105329.7046,200357.2293,298912.8635,,557.182102200593,1059.86684987304
5074,0.8,0.66,0.98,0.1,0.6,104034.2305,158798.0117,200338.7435,,550.329192234448,840.023337388912
5075,1.8,0.24,0.1,1.38,0.8,271569.3219,141998.9083,63259.52843,,1436.57068292425,751.157999894202
5076,2.8,0.1,1.2,0.74,0.6,279047.9293,112239.2058,15057.76293,,1476.13166155311,593.7325740584
5077,1.3,0.52,0.1,0.1,0.4,115124.5853,123455.1795,121619.1518,,608.995901925518,653.063793377063
5078,0.8,0.52,0.1,0.1,0.6,95034.02822,137414.4758,151243.8348,,502.719150550148,726.906875793483
5079,1.3,0.38,0.32,0.1,0.6,124872.5807,121338.2782,96348.49426,,660.561683770631,641.865627380449
5080,2.8,0.1,1.2,0.74,0.4,280761.1349,110847.7945,11908.9443,,1485.19432342361,586.372167266187
5081,1.3,0.1,0.32,1.06,0.2,262029.1499,110060.0146,8186.634326,,1386.10426311892,582.204901608125
5082,1.8,0.66,1.2,0.74,0.6,203123.0249,173320.598,200134.4126,,1074.497592573,916.846159542954
5083,2.8,0.38,0.98,0.42,0.6,209991.2672,134639.6384,98576.9679,,1110.82980956411,712.228303004655
5084,0.8,0.8,0.98,0.74,0.8,158696.7524,207021.7517,298806.028,,839.487687261955,1095.1214118705
5085,0.3,0.1,1.2,0.42,0.4,184129.2907,99241.24998,11190.30497,,974.022908908168,524.974872936945
5086,0.8,0.24,0.98,1.06,0.6,241163.2941,134232.8864,49640.0947,,1275.72627010157,710.076631400762
5087,1.3,0.1,0.54,0.42,0.6,199531.791,98289.16185,14219.23675,,1055.50037558189,519.938435516293
5088,1.3,0.1,0.32,0.74,0.2,232784.8412,101675.2099,8186.634326,,1231.40521159543,537.850242805755
5089,0.3,0.52,0.98,1.06,0.4,208794.2095,152610.0004,121727.9511,,1104.49751110876,807.289464663563
5090,2.3,0.8,0.1,0.42,0.6,148867.12,174511.8128,250188.5337,,787.490055014812,923.147549724926
5091,0.3,0.52,1.2,0.74,0.8,169104.6402,172280.1789,180915.4205,,894.544224502751,911.342461383834
5092,2.8,0.38,0.54,1.06,0.4,272104.3858,139710.6605,78974.74228,,1439.40110981803,739.053430490901
5093,2.3,0.1,0.98,0.74,0.6,265034.8996,110650.2779,15054.52177,,1402.00433559035,585.327327020736
5094,2.3,0.1,0.32,1.06,0.6,281867.9751,115100.8477,15054.52177,,1491.04938161236,608.870332733813
5095,2.8,0.38,0.76,0.1,0.6,166803.8899,124358.2248,98576.9679,,882.373518303005,657.840799830724
5096,0.3,0.38,1.2,1.06,0.8,211579.7325,159959.516,115799.4091,,1119.23260950064,846.167562420652
5097,2.8,0.38,0.54,0.42,0.8,197400.6474,140074.813,118179.1935,,1044.22686944562,740.979755607279
5098,2.3,0.1,0.1,0.42,0.2,218357.1143,92432.89728,8759.045285,,1155.08418482861,488.959465086754
5099,1.8,0.24,1.2,1.06,0.8,266158.8533,141068.5603,63259.52843,,1407.94992223868,746.23656527719
5100,1.8,0.8,0.54,0.42,0.6,148129.5582,177677.8415,250289.5141,,783.588437367753,939.895479792637
5101,0.8,0.52,0.1,0.42,0.4,141515.3961,132112.9617,121676.0504,,748.600275603047,698.862471963606
5102,2.8,0.66,1.2,1.38,0.8,272635.2013,199957.9367,238601.0158,,1442.20906316124,1057.75463764283
5103,0.8,0.8,1.2,0.42,0.2,155410.0718,144012.5603,153796.5712,,822.101522429116,761.80998889124
5104,2.8,0.1,0.32,0.1,0.2,195134.6216,84439.8638,8760.125672,,1032.2398518832,446.677231273805
5105,0.3,0.66,0.98,1.06,0.4,199249.7669,164622.6613,161539.3701,,1054.00850031739,870.835068239526
5106,2.3,0.24,0.76,0.42,0.4,215063.2581,111891.7776,41951.64306,,1137.66006189166,591.894718578079
5107,0.8,0.8,0.1,0.1,0.2,94860.08398,130014.7519,153796.5712,,501.799005395684,687.763181866272
5108,0.3,0.66,1.2,1.7,0.6,244196.0633,193649.6512,200428.5315,,1291.76927264071,1024.38452814219
5109,0.8,0.24,0.76,1.06,0.2,246509.6463,121228.4129,29256.8149,,1304.00786235717,641.284452496826
5110,2.8,0.8,0.1,1.7,0.4,281728.4195,183120.9454,201872.8932,,1490.31114843419,968.688877486246
5111,1.8,0.1,0.98,0.74,0.2,257395.3112,106374.5072,8757.181785,,1361.59178586543,562.708988573847
5112,0.8,0.8,0.1,0.1,0.6,77681.05554,170085.9836,250469.5424,,410.92390785019,899.735418958951
5113,2.3,0.38,0.54,1.7,0.2,317397.4224,144755.2326,59399.93903,,1678.99609818028,765.738640499365
5114,1.3,0.38,0.1,0.74,0.8,188340.6475,145255.871,115650.326,,996.300505184088,768.386960431655
5115,1.3,0.8,0.54,0.74,0.6,170173.251,185250.1526,250382.979,,900.197053533644,979.95214028777
5116,0.8,0.52,1.2,1.38,0.2,260937.4708,148376.3096,92108.266,,1380.32940541684,784.89372407956
5117,1.3,0.38,0.32,1.7,0.6,277983.4506,159388.6265,96348.49426,,1470.50069085908,843.147622196361
5118,0.3,0.24,0.76,1.7,0.2,281096.0989,134928.0003,29263.64656,,1486.96624471011,713.753704506983
5119,2.3,0.24,0.98,1.7,0.2,334655.3945,138989.9739,31321.43645,,1770.28879866695,735.241080723656
5120,2.8,0.66,0.98,0.42,0.8,179853.2356,178648.1994,238601.0158,,951.403066017774,945.028562209056
5121,2.3,0.1,0.54,1.38,0.2,315303.6891,120660.5563,8759.045285,,1667.92048825645,638.280555966991
5122,0.8,0.1,0.54,0.1,0.8,143858.6592,90716.93973,17223.63895,,760.995869657215,479.882245715193
5123,0.8,0.24,0.76,1.38,0.4,267905.2248,134473.9559,39448.4548,,1417.1880279306,711.351861510791
5124,0.8,0.52,0.98,1.06,0.8,209157.7577,177038.5701,180811.6192,,1106.42063954719,936.513807130766
5125,2.3,0.66,0.98,0.42,0.6,176547.872,164535.6045,200018.1622,,933.918070249683,870.374547714769
5126,1.3,0.38,0.32,0.42,0.4,170956.2611,120548.2639,77046.66254,,904.33908749471,637.686542001693
5127,2.3,0.66,0.32,0.42,0.8,157026.8006,175584.6579,238770.5339,,830.653833051206,928.822777719001
5128,2.8,0.66,1.2,1.7,0.6,302617.1267,192528.9368,199891.0236,,1600.81002274651,1018.45607702074
5129,1.8,0.38,0.98,1.06,0.8,247331.6656,158233.0606,118386.8016,,1308.35625052899,837.034810622091
5130,1.3,0.8,0.98,1.38,0.2,253867.8931,164425.4158,153767.7167,,1342.93214716462,869.791662082099
5131,1.3,0.24,0.76,1.38,0.8,273130.2253,145532.8015,59798.69533,,1444.82768355904,769.851891134152
5132,2.8,0.1,0.32,1.06,0.2,295932.3495,112342.1897,8760.125672,,1565.44831517139,594.277347122302
5133,2.8,0.1,0.54,0.74,0.4,269530.4772,107183.905,11908.9443,,1425.78542742277,566.990610452814
5134,1.3,0.8,0.76,0.42,0.8,134254.1667,198247.6234,298690.6101,,710.189201756242,1048.70727570884
5135,0.3,0.52,0.54,1.7,0.6,243281.7409,175700.9162,151321.6858,,1286.93261161659,929.43777084215
5136,0.8,0.8,0.76,0.1,0.4,99608.32903,153690.9607,202133.0568,,526.91667916843,813.007621138384
5137,2.3,0.66,0.76,0.42,0.6,172632.1674,163393.8402,200018.1622,,913.204440330089,864.334745027507
5138,2.8,0.1,0.76,1.7,0.4,350269.5414,131536.5031,11908.9443,,1852.8858516716,695.813071836648
5139,1.8,0.8,0.98,1.7,0.8,260772.1185,222238.0863,298565.9903,,1379.45471064325,1175.6140832628
5140,1.3,0.38,0.32,1.7,0.4,284182.4313,150584.8194,77046.66254,,1503.29259045705,796.576488573847
5141,0.3,0.52,1.2,0.42,0.8,135859.0027,165241.7442,180915.4205,,718.678600825222,874.109946043166
5142,2.8,0.8,0.1,0.42,0.4,168492.6905,155694.0679,201872.8932,,891.307080512061,823.603829348286
5143,2.3,0.24,0.1,0.1,0.6,156784.4639,103821.09,52581.84968,,829.371899597969,549.201703343208
5144,1.3,0.52,0.54,1.06,0.6,220396.9647,162448.1413,151158.4868,,1165.87476036818,859.332105903513
5145,1.3,0.52,0.1,1.7,0.4,268332.6935,160811.3245,121619.1518,,1419.44928851037,850.673532056708
5146,2.3,0.66,1.2,0.74,0.8,206982.5666,187318.6196,238770.5339,,1094.91412716885,990.894094371562
5147,1.3,0.1,0.32,0.74,0.6,228795.8028,105932.1057,14219.23675,,1210.30365425307,560.36873518832
5148,2.3,0.38,0.32,1.7,0.6,300109.4936,160306.8476,98659.235,,1587.54493017351,848.004906898011
5149,0.8,0.66,1.2,0.42,0.4,153707.3744,150870.6285,161479.5114,,813.094447735929,798.088386055861
5150,2.3,0.24,0.1,0.42,0.8,193173.227,118297.148,63212.05629,,1021.86429856115,625.778396106644
5151,0.8,0.66,0.54,0.42,0.6,133728.1479,163806.9874,200338.7435,,707.406622407956,866.520246508676
5152,1.3,0.66,0.1,1.38,0.4,235007.2215,165858.8594,161414.3167,,1243.16134944985,877.374414938637
5153,2.3,0.24,0.54,1.38,0.4,299653.8619,135049.5616,41951.64306,,1585.13469054168,714.396749894202
5154,1.8,0.8,0.32,0.74,0.8,169506.7297,201236.5502,298565.9903,,896.671232014389,1064.51835696149
5155,2.3,0.1,1.2,1.06,0.4,299114.9033,118569.8275,11906.78353,,1582.28366112992,627.220839504867
5156,0.8,0.24,0.1,0.74,0.2,203364.7807,108936.2817,29256.8149,,1075.77645313161,576.260482966568
5157,2.3,0.52,0.76,0.74,0.8,211491.7955,167472.6513,176453.0673,,1118.76743281845,885.911189695303
5158,1.3,0.24,0.1,1.06,0.6,237074.3729,129168.7902,49615.31525,,1254.09634415997,683.288141134152
5159,0.3,0.38,0.98,1.06,0.8,208007.6867,158872.7292,115799.4091,,1100.33689536606,840.418584426576
5160,0.8,0.1,0.32,1.38,0.8,268671.5326,123642.5066,17223.63895,,1421.24170863309,654.054732331782
5161,0.3,0.1,0.76,0.74,0.2,212830.8972,103123.1466,8180.319041,,1125.85112780364,545.50966250529
5162,1.3,0.52,0.1,0.1,0.4,115124.5853,123455.1795,121619.1518,,608.995901925518,653.063793377063
5163,2.3,0.1,0.32,0.1,0.4,182067.9501,85866.09937,11906.78353,,963.118652666102,454.221854475243
5164,1.8,0.66,0.76,0.42,0.8,155236.5429,178733.4827,238925.5344,,821.183574375794,945.479701121456
5165,1.8,0.8,0.1,0.74,0.8,164462.5112,199956.0925,298565.9903,,869.987892509522,1057.74488203555
5166,1.8,0.24,0.32,1.06,0.6,253676.7903,131240.3371,52617.45378,,1341.92123518832,694.246387537029
5167,1.3,0.8,0.54,0.1,0.2,117498.4441,132198.6804,153767.7167,,621.553343736775,699.315914092256
5168,1.3,0.8,1.2,0.74,0.4,191114.6333,169905.1385,202075.3479,,1010.97457310622,898.778769043589
5169,1.3,0.38,0.54,0.74,0.6,203082.1262,139581.7829,96348.49426,,1074.28124312315,738.371682712653
5170,0.8,0.38,1.2,1.7,0.4,286906.2213,155106.1367,77085.94994,,1517.70112833263,820.493740478206
5171,1.8,0.1,0.76,0.1,0.2,181191.3507,85939.48506,8757.181785,,958.481542001693,454.610056390182
5172,0.3,0.52,0.32,1.38,0.4,222566.0577,155691.8353,121727.9511,,1177.34901449429,823.592019149387
5173,2.8,0.38,1.2,1.06,0.4,283399.6857,143246.4382,78974.74228,,1499.15195567076,757.757290520525
5174,1.8,0.24,0.32,0.74,0.4,228855.8301,117543.7917,41975.37914,,1210.62119181126,621.793227359289
5175,1.3,0.1,1.2,0.74,0.6,244692.4216,111018.5894,14219.23675,,1294.39495133305,587.2756527719
5176,0.8,0.66,1.2,1.7,0.2,275722.0357,163273.6702,122620.2793,,1458.53806443081,863.699059458316
5177,2.8,0.52,0.1,0.1,0.6,140335.6833,135970.3397,147406.4116,,742.359729686839,719.267560833686
5178,1.8,0.1,0.98,0.1,0.4,182899.3038,89403.18718,11903.05653,,967.516418747355,472.932644837072
5179,0.8,0.1,0.98,0.74,0.6,227464.4707,109631.6934,14210.31249,,1203.26105956411,579.939131400762
5180,0.3,0.52,0.32,0.42,0.2,140515.1875,120601.1661,92134.21634,,743.309286394414,637.966388595006
5181,0.3,0.8,1.2,0.74,0.2,174859.1856,151746.6121,153823.2801,,924.985112145578,802.722239208633
5182,0.8,0.8,0.76,0.74,0.2,181420.4661,149302.0354,153796.5712,,959.693536288616,789.790707786712
5183,2.8,0.8,0.54,0.1,0.6,129936.6947,169103.3366,250079.297,,687.350268197207,894.537328607702
5184,2.3,0.52,0.1,0.1,0.6,130179.757,136101.3183,147519.7422,,688.636039991536,719.960422661871
