Version,window_u,shgc,roof_u,extWall_u,transmittance,total_idealHeating,total_idealCooling,total_solarRad,
1,1.38,0.1,0.1,0.5,0.8,22758.52471,1184.054536,631.567199,
2,0.84,0.23,0.475,0.34,0.8,21495.37046,1680.264466,2092.72159,
3,0.3,0.62,0.225,0.34,0.2,17335.53814,2293.202425,6220.89462,
4,1.38,0.36,0.35,0.18,0.4,20178.01309,1702.670617,3228.942246,
5,1.38,0.1,0.35,0.5,0.4,24379.5348,1228.852927,497.8088828,
6,0.84,0.23,0.6,0.5,0.8,23477.71504,1765.474212,2092.72159,
7,0.3,0.49,0.225,0.5,0.4,18962.2322,2192.203807,5261.525804,
8,1.38,0.49,0.1,0.5,0.6,20520.24491,2170.072688,5854.827032,
9,1.38,0.23,0.35,0.1,0.2,20235.78461,1286.540597,1462.967073,
10,1.92,0.62,0.475,0.42,0.6,22682.71189,2550.081706,7776.619042,
11,1.92,0.62,0.475,0.34,0.2,22506.84649,2186.440899,6218.302699,
12,0.3,0.62,0.6,0.18,0.8,17425.36346,2903.16832,8566.144897,
13,1.92,0.62,0.6,0.5,0.6,23988.55106,2595.404306,7776.619042,
14,1.38,0.1,0.6,0.1,0.2,22369.31027,1141.474623,430.9297248,
15,1.92,0.23,0.1,0.42,0.6,22387.62677,1444.448745,2009.625859,
16,0.84,0.36,0.225,0.42,0.4,20279.25491,1767.077514,3229.919707,
17,0.84,0.1,0.225,0.42,0.2,21791.40857,1131.228894,430.851903,
18,2.46,0.36,0.35,0.1,0.6,21404.23982,1750.516602,3791.760555,
19,2.46,0.75,0.225,0.18,0.8,19381.57832,2867.68174,10698.44973,
20,1.92,0.36,0.35,0.42,0.4,23368.56362,1748.425171,3394.104642,
21,2.46,0.36,0.1,0.1,0.6,19816.05129,1656.375402,3791.760555,
22,3,0.1,0.1,0.5,0.6,25983.69968,1144.38507,602.2866672,
23,1.92,0.36,0.475,0.26,0.2,22905.77194,1626.768772,2994.569285,
24,1.92,0.1,0.35,0.5,0.2,25578.90374,1194.462358,463.0824668,
25,0.84,0.62,0.35,0.26,0.2,18757.68026,2250.426903,6220.110539,
26,0.84,0.36,0.1,0.1,0.6,16347.67118,1768.489932,3618.244259,
27,1.38,0.1,0.1,0.42,0.8,22113.49916,1156.341976,631.567199,
28,3,0.36,0.35,0.1,0.2,22754.48384,1492.180628,2993.230601,
29,2.46,0.75,0.6,0.34,0.6,23168.90498,2820.202434,9733.971976,
30,2.46,0.36,0.6,0.18,0.8,23414.08273,1952.806489,4190.66943,
31,2.46,0.62,0.225,0.5,0.8,22671.86317,2577.99336,8551.60683,
32,0.3,0.49,0.1,0.42,0.2,17691.97586,1952.707623,4664.087531,
33,0.84,0.1,0.475,0.1,0.8,20218.62341,1203.96309,631.2559117,
34,1.92,0.1,0.1,0.26,0.4,22025.78978,1043.070712,532.588153,
35,1.92,0.62,0.225,0.26,0.6,19837.96322,2456.631989,7776.619042,
36,0.84,0.1,0.475,0.26,0.2,21875.53939,1168.074378,430.851903,
37,1.92,0.62,0.6,0.42,0.6,23353.37995,2585.713428,7776.619042,
38,1.38,0.75,0.6,0.42,0.2,22270.44649,2547.272044,7806.95799,
39,0.84,0.1,0.35,0.18,0.6,20316.60351,1158.082545,564.4545755,
40,3,0.1,0.475,0.18,0.2,25658.65806,1124.829513,463.1467429,
41,1.38,0.49,0.225,0.34,0.2,20437.83644,1863.934866,4662.708516,
42,1.92,0.36,0.1,0.18,0.2,19905.19751,1457.769244,2994.569285,
43,3,0.36,0.225,0.42,0.6,24418.15295,1771.638125,3789.623947,
44,0.3,0.75,0.475,0.34,0.6,17881.81284,3007.499077,9744.675557,
45,1.38,0.36,0.6,0.5,0.4,24284.72197,1874.333181,3228.942246,
46,2.46,0.49,0.475,0.5,0.6,24900.80489,2219.713455,5607.957088,
47,0.3,0.62,0.225,0.5,0.2,18685.95798,2312.297966,6220.89462,
48,1.92,0.62,0.35,0.1,0.6,19127.80707,2477.957461,7776.619042,
49,1.92,0.23,0.1,0.42,0.2,22663.3554,1295.115997,1573.189732,
50,2.46,0.75,0.225,0.26,0.6,20322.52833,2711.352202,9733.971976,
51,3,0.23,0.475,0.34,0.4,26088.47268,1465.582712,1790.035734,
52,0.3,0.75,0.475,0.1,0.2,16185.2315,2624.440789,7808.584331,
53,0.84,0.1,0.475,0.26,0.6,21751.85383,1235.315314,564.4545755,
54,1.38,0.62,0.475,0.34,0.4,21151.44453,2425.528123,6999.354063,
55,3,0.1,0.6,0.18,0.6,26195.15708,1209.786617,602.2866672,
56,1.92,0.49,0.6,0.26,0.2,23002.93811,1941.995686,4453.853084,
57,0.3,0.49,0.225,0.5,0.8,18575.08128,2482.89465,6456.402351,
58,2.46,0.23,0.1,0.5,0.4,24210.05786,1384.699022,1790.789256,
59,2.46,0.23,0.225,0.34,0.4,23700.11387,1381.983848,1790.789256,
60,1.92,0.62,0.6,0.34,0.2,23176.02565,2225.516844,6218.302699,
61,1.38,0.1,0.6,0.1,0.2,22369.31027,1141.474623,430.9297248,
62,0.3,0.49,0.475,0.34,0.6,18913.63761,2409.050194,5858.964078,
63,1.92,0.62,0.6,0.26,0.6,22006.30413,2567.38736,7776.619042,
64,0.84,0.23,0.475,0.34,0.4,21725.25114,1521.522498,1673.021498,
65,1.38,0.62,0.35,0.18,0.2,19255.03112,2170.569321,6219.249295,
66,0.84,0.1,0.35,0.1,0.4,19619.30958,1092.289246,497.6532392,
67,0.84,0.62,0.1,0.34,0.4,17615.09297,2371.734717,7001.076551,
68,1.38,0.1,0.1,0.34,0.2,21613.02511,1046.202918,430.9297248,
69,3,0.1,0.6,0.26,0.2,26994.21275,1196.232982,463.1467429,
70,0.84,0.75,0.225,0.1,0.8,15265.27367,3049.639599,10709.6115,
71,1.38,0.75,0.475,0.34,0.6,20400.47329,2884.107628,9739.796535,
72,0.84,0.1,0.1,0.1,0.8,17910.93356,1054.925235,631.2559117,
73,1.38,0.1,0.1,0.1,0.4,19359.47663,983.1140663,497.8088828,
74,1.92,0.49,0.6,0.26,0.8,22413.86437,2370.859134,6189.021128,
75,1.92,0.49,0.225,0.34,0.2,21560.8662,1827.163054,4453.853084,
76,0.3,0.49,0.35,0.5,0.4,19727.80069,2235.117776,5261.525804,
77,3,0.1,0.35,0.5,0.2,27581.36539,1196.433445,463.1467429,
78,2.46,0.1,0.35,0.1,0.2,23252.95479,1050.246873,463.1266797,
79,1.92,0.75,0.225,0.18,0.8,18359.11846,2919.611755,10702.50708,
80,0.3,0.23,0.6,0.34,0.8,20770.44868,1774.478414,2093.37697,
81,0.84,0.49,0.1,0.42,0.6,18633.47294,2217.58464,5857.000583,
82,1.38,0.75,0.475,0.18,0.6,18983.7742,2878.403301,9739.796535,
83,1.38,0.49,0.1,0.1,0.4,17164.91461,1935.123343,5258.767774,
84,1.38,0.75,0.35,0.34,0.2,20213.36832,2464.360582,7806.95799,
85,1.92,0.36,0.6,0.34,0.2,24254.34236,1692.488235,2994.569285,
86,1.92,0.23,0.475,0.42,0.6,24622.24965,1584.426692,2009.625859,
87,1.92,0.75,0.1,0.18,0.8,17522.66085,2886.479344,10702.50708,
88,1.92,0.49,0.225,0.26,0.4,20632.81351,1970.544396,5032.242432,
89,1.38,0.75,0.475,0.26,0.2,20235.91157,2492.917924,7806.95799,
90,1.92,0.36,0.475,0.5,0.4,24705.59364,1813.633972,3394.104642,
91,1.38,0.36,0.1,0.18,0.2,18777.48437,1474.802284,2841.106425,
92,1.38,0.62,0.6,0.18,0.2,20659.35418,2250.922537,6219.249295,
93,3,0.49,0.1,0.5,0.6,23593.50805,2068.610803,5604.977222,
94,0.84,0.1,0.1,0.5,0.4,21583.91357,1142.798236,497.6532392,
95,1.38,0.36,0.475,0.42,0.4,22982.37162,1813.194143,3228.942246,
96,0.84,0.49,0.1,0.1,0.2,16127.21068,1816.34593,4663.433033,
97,2.46,0.75,0.1,0.34,0.4,20466.80608,2488.469295,8769.494223,
98,0.3,0.75,0.475,0.42,0.8,18329.29331,3164.133203,10712.72117,
99,3,0.75,0.1,0.1,0.6,18959.00183,2620.351751,9730.634564,
100,0.84,0.62,0.6,0.34,0.2,20860.50807,2341.005657,6220.110539,
101,2.46,0.36,0.1,0.26,0.2,21691.80025,1461.492114,2993.942804,
102,0.3,0.36,0.1,0.1,0.6,14927.65199,1841.95594,3619.542089,
103,3,0.49,0.35,0.1,0.6,21700.54472,2063.969131,5604.977222,
104,0.3,0.62,0.35,0.34,0.6,17643.42703,2695.819584,7784.394805,
105,2.46,0.49,0.35,0.42,0.2,24003.11147,1862.036423,4452.96152,
106,3,0.1,0.475,0.5,0.4,28199.73996,1262.666199,532.716705,
107,3,0.23,0.1,0.34,0.6,23734.29976,1396.79037,2007.567767,
108,1.38,0.49,0.6,0.1,0.4,20197.78883,2112.345475,5258.767774,
109,2.46,0.49,0.35,0.26,0.8,22051.8428,2248.98202,6185.454872,
110,0.84,0.36,0.475,0.18,0.8,19329.68494,2041.077402,4006.568812,
111,0.3,0.23,0.225,0.42,0.8,19295.53338,1664.274205,2093.37697,
112,3,0.62,0.225,0.5,0.8,23606.15313,2547.592324,8546.999977,
113,1.92,0.36,0.1,0.1,0.2,19139.80606,1430.917622,2994.569285,
114,3,0.62,0.225,0.34,0.6,22494.13633,2380.029905,7770.036115,
115,2.46,0.75,0.35,0.5,0.4,23343.89089,2586.161975,8769.494223,
116,3,0.75,0.6,0.5,0.8,25159.86585,2952.397224,10693.99985,
117,0.84,0.36,0.35,0.26,0.6,19482.25368,1902.565219,3618.244259,
118,0.3,0.1,0.1,0.26,0.2,18160.89476,1033.362739,430.7632897,
119,1.92,0.75,0.6,0.42,0.2,23361.21923,2495.820464,7806.030808,
120,0.3,0.36,0.225,0.26,0.6,17318.41195,1923.857131,3619.542089,
121,1.92,0.49,0.35,0.42,0.2,22980.33911,1892.547741,4453.853084,
122,3,0.75,0.6,0.1,0.8,21761.35347,2912.917261,10693.99985,
123,0.84,0.23,0.225,0.34,0.2,20392.91282,1343.206144,1463.171452,
124,2.46,0.49,0.1,0.18,0.6,19903.91992,2027.186145,5607.957088,
125,0.3,0.49,0.225,0.34,0.2,17825.61641,1986.678515,4664.087531,
126,2.46,0.75,0.35,0.34,0.8,21563.69566,2907.759603,10698.44973,
127,0.3,0.75,0.225,0.1,0.8,13920.58719,3126.202603,10712.72117,
128,1.92,0.23,0.1,0.26,0.6,21016.27993,1392.764569,2009.625859,
129,3,0.23,0.35,0.26,0.6,24584.01621,1466.204464,2007.567767,
130,1.92,0.1,0.1,0.34,0.8,22619.73507,1117.40858,671.5995253,
131,2.46,0.23,0.35,0.5,0.8,25513.63777,1604.888198,2226.606843,
132,0.84,0.23,0.475,0.18,0.2,20430.08745,1384.312545,1463.171452,
133,2.46,0.36,0.1,0.34,0.4,22190.75584,1606.800534,3392.851679,
134,0.84,0.49,0.6,0.18,0.4,19718.95042,2189.820456,5260.216808,
135,1.92,0.62,0.475,0.34,0.2,22506.84649,2186.440899,6218.302699,
136,3,0.36,0.1,0.5,0.6,24264.08013,1752.290514,3789.623947,
137,1.92,0.1,0.475,0.42,0.4,25580.16516,1240.134914,532.588153,
138,0.3,0.49,0.475,0.1,0.4,16890.50129,2223.312096,5261.525804,
139,0.84,0.75,0.225,0.34,0.6,17700.48961,2877.550287,9742.343302,
140,2.46,0.49,0.35,0.34,0.6,22900.43699,2147.88929,5607.957088,
141,1.38,0.62,0.1,0.42,0.6,19284.64836,2489.664531,7779.458831,
142,1.38,0.36,0.6,0.18,0.8,21266.76409,2020.003761,4004.61389,
143,0.84,0.36,0.35,0.5,0.8,21374.88132,2065.564849,4006.568812,
144,2.46,0.1,0.475,0.26,0.2,25375.57747,1153.808452,463.1266797,
145,1.38,0.1,0.225,0.26,0.4,21649.40571,1096.465875,497.8088828,
146,1.92,0.1,0.6,0.18,0.8,24116.34285,1245.314344,671.5995253,
147,0.3,0.62,0.475,0.42,0.6,19051.94225,2733.675109,7784.394805,
148,1.38,0.36,0.1,0.34,0.8,19713.42971,1884.047676,4004.61389,
149,0.84,0.1,0.1,0.5,0.6,21522.80937,1174.012111,564.4545755,
150,3,0.62,0.225,0.1,0.4,20579.7127,2165.030179,6993.072253,
151,1.38,0.75,0.225,0.42,0.4,19842.50834,2638.375407,8773.377263,
152,2.46,0.36,0.225,0.1,0.6,20638.39564,1704.265088,3791.760555,
153,1.38,0.49,0.1,0.26,0.8,18292.69975,2266.799386,6450.88629,
154,1.38,0.36,0.475,0.18,0.4,20897.22433,1747.335654,3228.942246,
155,2.46,0.36,0.35,0.34,0.8,23432.94065,1910.062907,4190.66943,
156,1.92,0.49,0.35,0.18,0.2,20899.09011,1831.622439,4453.853084,
157,3,0.36,0.475,0.1,0.6,23084.29521,1770.282202,3789.623947,
158,1.38,0.75,0.35,0.42,0.8,20125.14658,3011.835287,10706.21581,
159,0.3,0.62,0.35,0.42,0.4,18551.34465,2533.975454,7002.644712,
160,1.38,0.75,0.475,0.34,0.2,20931.29082,2502.403553,7806.95799,
161,2.46,0.62,0.475,0.18,0.8,21439.60669,2616.288071,8551.60683,
162,3,0.49,0.1,0.1,0.2,20580.31007,1651.585886,4451.968231,
163,0.84,0.62,0.1,0.18,0.8,15712.14876,2694.512917,8563.008575,
164,1.92,0.36,0.6,0.34,0.6,23899.64565,1933.642629,3793.639999,
165,2.46,0.75,0.6,0.1,0.6,21036.29328,2803.983508,9733.971976,
166,0.84,0.1,0.225,0.1,0.6,18791.25611,1074.843521,564.4545755,
167,0.84,0.1,0.225,0.26,0.8,20235.14098,1167.937848,631.2559117,
168,0.3,0.1,0.35,0.5,0.8,21582.07564,1331.58682,630.9014586,
169,0.84,0.75,0.225,0.1,0.6,15488.17947,2879.147222,9742.343302,
170,0.3,0.1,0.35,0.1,0.6,18094.55202,1149.142181,564.1887356,
171,2.46,0.23,0.475,0.34,0.6,25001.26967,1545.228084,2008.69805,
172,3,0.1,0.35,0.1,0.2,24244.49771,1050.412817,463.1467429,
173,2.46,0.75,0.1,0.34,0.6,20198.19434,2679.992981,9733.971976,
174,0.3,0.62,0.1,0.26,0.4,15530.85331,2442.599045,7002.644712,
175,1.38,0.62,0.1,0.1,0.4,16614.73911,2275.490405,6999.354063,
176,1.38,0.49,0.35,0.5,0.8,21916.71487,2380.985052,6450.88629,
177,2.46,0.75,0.475,0.1,0.6,20351.56049,2771.3617,9733.971976,
178,3,0.23,0.475,0.18,0.4,24718.35933,1412.555413,1790.035734,
179,0.84,0.75,0.225,0.26,0.4,17247.76742,2692.033931,8775.075107,
180,1.92,0.36,0.35,0.34,0.2,22889.38207,1605.475353,2994.569285,
181,2.46,0.1,0.475,0.5,0.8,27165.52934,1302.302131,671.7763769,
182,1.92,0.36,0.35,0.42,0.6,23190.31335,1866.869043,3793.639999,
183,1.38,0.36,0.6,0.18,0.6,21400.52766,1917.174533,3616.778068,
184,1.38,0.23,0.225,0.42,0.6,22064.67409,1506.429106,1882.258407,
185,2.46,0.75,0.225,0.1,0.2,19400.24683,2286.703151,7805.01647,
186,0.3,0.75,0.35,0.34,0.4,17397.19329,2801.688948,8776.629944,
187,3,0.23,0.475,0.1,0.4,23988.00419,1382.180395,1790.035734,
188,1.92,0.75,0.6,0.18,0.8,20551.99768,3007.77648,10702.50708,
189,0.84,0.49,0.35,0.5,0.4,21079.10806,2163.88056,5260.216808,
190,0.84,0.23,0.1,0.5,0.4,20791.28288,1427.036984,1673.021498,
191,0.3,0.49,0.35,0.26,0.4,17671.41893,2201.816268,5261.525804,
192,1.38,0.23,0.225,0.1,0.2,19472.02644,1238.330125,1462.967073,
193,0.84,0.23,0.475,0.34,0.6,21598.62757,1605.119198,1882.871544,
194,3,0.36,0.1,0.1,0.6,20794.02375,1633.952255,3789.623947,
195,2.46,0.1,0.1,0.26,0.2,23165.85715,1014.437156,463.1266797,
196,2.46,0.36,0.35,0.26,0.8,22744.98497,1889.099287,4190.66943,
197,3,0.62,0.475,0.34,0.4,24198.41921,2290.412037,6993.072253,
198,2.46,0.36,0.225,0.18,0.4,21578.69157,1607.202247,3392.851679,
199,3,0.62,0.6,0.34,0.6,24626.74246,2493.087997,7770.036115,
200,0.84,0.49,0.225,0.18,0.4,17525.67265,2065.27243,5260.216808,
201,0.84,0.1,0.225,0.34,0.6,20992.84336,1167.382912,564.4545755,
202,2.46,0.75,0.35,0.26,0.4,21353.69667,2559.014348,8769.494223,
203,1.92,0.62,0.225,0.34,0.6,20537.76736,2465.407249,7776.619042,
204,1.38,0.23,0.35,0.18,0.4,20855.70222,1396.912589,1672.61274,
205,1.92,0.23,0.6,0.34,0.2,24886.0129,1452.708158,1573.189732,
206,1.92,0.36,0.35,0.5,0.6,23830.61756,1888.257162,3793.639999,
207,0.84,0.75,0.6,0.18,0.8,18248.51596,3122.930016,10709.6115,
208,1.92,0.49,0.1,0.5,0.6,21629.35585,2130.061426,5610.63178,
209,2.46,0.75,0.225,0.42,0.8,21464.70785,2878.26697,10698.44973,
210,0.3,0.62,0.225,0.26,0.2,16618.34515,2284.367463,6220.89462,
211,1.92,0.49,0.225,0.1,0.8,18759.51831,2229.966757,6189.021128,
212,1.38,0.62,0.35,0.1,0.8,17810.0312,2691.482946,8559.563598,
213,3,0.1,0.475,0.26,0.6,26235.12019,1195.877355,602.2866672,
214,1.38,0.1,0.1,0.1,0.4,19359.47663,983.1140663,497.8088828,
215,2.46,0.75,0.475,0.5,0.2,24331.2627,2427.363917,7805.01647,
216,2.46,0.49,0.225,0.5,0.8,23291.71624,2251.030155,6185.454872,
217,0.84,0.49,0.225,0.1,0.6,16543.86203,2220.030226,5857.000583,
218,0.3,0.23,0.35,0.5,0.6,20828.82876,1649.005467,1883.363079,
219,0.84,0.49,0.225,0.5,0.2,20538.72446,1950.052632,4663.433033,
220,0.3,0.1,0.35,0.5,0.2,21768.75833,1221.7522,430.7632897,
221,1.92,0.49,0.35,0.18,0.6,20458.54909,2156.099424,5610.63178,
222,1.38,0.49,0.6,0.26,0.8,21300.43589,2422.404367,6450.88629,
223,1.38,0.49,0.225,0.34,0.2,20437.83644,1863.934866,4662.708516,
224,0.3,0.36,0.35,0.1,0.6,16573.33524,1940.086222,3619.542089,
225,0.84,0.23,0.35,0.34,0.2,21147.11189,1393.313184,1463.171452,
226,1.92,0.62,0.1,0.26,0.8,18812.66707,2565.013669,8555.777214,
227,3,0.75,0.225,0.34,0.8,21733.69512,2831.970193,10693.99985,
228,2.46,0.23,0.475,0.5,0.6,26279.14103,1593.515738,2008.69805,
229,0.84,0.62,0.225,0.34,0.6,18211.23918,2587.430717,7782.042563,
230,1.38,0.49,0.475,0.34,0.2,21909.45417,1953.20576,4662.708516,
231,1.92,0.49,0.1,0.18,0.8,18690.75434,2199.62649,6189.021128,
232,1.92,0.49,0.6,0.34,0.6,23261.68754,2264.09887,5610.63178,
233,0.3,0.49,0.475,0.18,0.8,17287.95531,2532.496173,6456.402351,
234,0.84,0.49,0.475,0.26,0.4,19766.13047,2164.202858,5260.216808,
235,0.84,0.1,0.475,0.26,0.6,21751.85383,1235.315314,564.4545755,
236,1.38,0.49,0.475,0.34,0.6,21486.1886,2268.083426,5854.827032,
237,2.46,0.23,0.475,0.1,0.2,23154.20269,1317.038133,1572.880462,
238,0.84,0.75,0.1,0.42,0.8,17322.0629,3008.125049,10709.6115,
239,0.84,0.62,0.475,0.26,0.6,19010.44013,2653.680348,7782.042563,
240,0.3,0.62,0.6,0.5,0.4,20605.97882,2612.295562,7002.644712,
241,1.92,0.49,0.225,0.5,0.6,22434.36291,2174.600443,5610.63178,
242,2.46,0.36,0.225,0.18,0.6,21392.21472,1726.907037,3791.760555,
243,0.84,0.75,0.35,0.26,0.2,18298.86223,2519.44223,7807.806912,
244,0.84,0.23,0.475,0.26,0.6,20899.17573,1581.32085,1882.871544,
245,1.92,0.1,0.6,0.26,0.4,24909.90668,1229.747306,532.588153,
246,1.38,0.23,0.6,0.5,0.2,25063.10648,1511.150195,1462.967073,
247,0.3,0.75,0.1,0.1,0.4,13524.82609,2732.034615,8776.629944,
248,1.38,0.36,0.35,0.18,0.8,19863.2079,1940.079186,4004.61389,
249,1.92,0.49,0.475,0.5,0.6,23892.01785,2255.468072,5610.63178,
250,1.92,0.36,0.225,0.1,0.8,19447.42823,1841.139364,4193.175355,
251,2.46,0.49,0.475,0.26,0.2,23363.3366,1863.183395,4452.96152,
252,2.46,0.36,0.35,0.18,0.2,22528.13484,1534.226967,2993.942804,
253,3,0.75,0.225,0.1,0.8,19575.87918,2819.82681,10693.99985,
254,2.46,0.49,0.1,0.5,0.8,22489.20246,2209.105747,6185.454872,
255,0.84,0.23,0.35,0.1,0.4,18812.50722,1394.709636,1673.021498,
256,0.84,0.62,0.475,0.34,0.4,19939.58089,2491.462446,7001.076551,
257,0.84,0.1,0.475,0.1,0.6,20273.59135,1173.134471,564.4545755,
258,0.3,0.75,0.1,0.1,0.6,13281.99561,2920.878767,9744.675557,
259,1.92,0.62,0.475,0.1,0.8,19665.74693,2662.039216,8555.777214,
260,0.84,0.36,0.6,0.26,0.6,20883.57032,1988.825803,3618.244259,
261,0.84,0.62,0.475,0.5,0.4,21261.70395,2506.536034,7001.076551,
262,0.3,0.49,0.6,0.26,0.2,19294.37207,2107.21969,4664.087531,
263,0.3,0.23,0.6,0.34,0.2,21129.69711,1514.005462,1463.335297,
264,1.38,0.36,0.225,0.26,0.4,20144.24365,1677.61103,3228.942246,
265,3,0.62,0.6,0.18,0.8,23059.80811,2606.842173,8546.999977,
266,3,0.49,0.6,0.1,0.4,23307.05299,1993.041197,5028.472727,
267,1.92,0.23,0.475,0.34,0.8,23878.74337,1623.12186,2227.843922,
268,0.3,0.49,0.1,0.34,0.8,16386.03857,2430.254354,6456.402351,
269,1.92,0.49,0.475,0.34,0.2,23022.31918,1916.833669,4453.853084,
270,2.46,0.62,0.35,0.34,0.4,22556.28879,2285.474692,6995.375679,
271,1.38,0.75,0.225,0.34,0.8,18680.80006,2979.181513,10706.21581,
272,2.46,0.62,0.225,0.5,0.8,22671.86317,2577.99336,8551.60683,
273,0.3,0.49,0.6,0.18,0.4,18352.76355,2271.830486,5261.525804,
274,0.3,0.36,0.1,0.34,0.8,17051.22577,2014.078522,4008.299251,
275,1.92,0.62,0.225,0.42,0.2,21709.50504,2115.838848,6218.302699,
276,1.92,0.23,0.35,0.1,0.2,21381.48121,1278.655581,1573.189732,
277,1.92,0.49,0.6,0.18,0.6,21858.94003,2234.869649,5610.63178,
278,1.92,0.49,0.225,0.42,0.4,22003.43469,2006.344479,5032.242432,
279,1.38,0.23,0.225,0.34,0.2,21660.38609,1323.847866,1462.967073,
280,0.3,0.49,0.6,0.26,0.8,18714.81717,2573.416457,6456.402351,
281,3,0.75,0.6,0.18,0.8,22497.78357,2916.24386,10693.99985,
282,0.84,0.62,0.1,0.42,0.8,17859.25014,2703.755037,8563.008575,
283,3,0.62,0.6,0.1,0.2,23004.81062,2102.539439,6216.10839,
284,3,0.1,0.475,0.1,0.4,24878.5548,1118.794646,532.716705,
285,0.84,0.36,0.6,0.42,0.6,22251.95256,2025.081429,3618.244259,
286,1.38,0.62,0.475,0.5,0.2,22709.97854,2263.951833,6219.249295,
287,0.84,0.75,0.225,0.1,0.8,15265.27367,3049.639599,10709.6115,
288,1.38,0.36,0.35,0.42,0.2,22456.98407,1645.738861,2841.106425,
289,0.84,0.49,0.225,0.42,0.4,19662.98841,2106.826737,5260.216808,
290,2.46,0.36,0.1,0.1,0.6,19816.05129,1656.375402,3791.760555,
291,2.46,0.75,0.6,0.42,0.2,24362.42217,2451.261192,7805.01647,
292,1.38,0.62,0.35,0.1,0.4,18241.48224,2359.766939,6999.354063,
293,0.3,0.62,0.6,0.18,0.4,17845.76653,2588.228903,7002.644712,
294,1.92,0.49,0.475,0.5,0.4,24100.54955,2112.141486,5032.242432,
295,2.46,0.1,0.225,0.34,0.6,24510.99618,1138.356491,602.2264778,
296,2.46,0.36,0.35,0.42,0.6,24215.99763,1838.917304,3791.760555,
297,0.84,0.36,0.6,0.18,0.4,20324.1904,1837.042979,3229.919707,
298,3,0.75,0.6,0.42,0.6,24743.27994,2799.329425,9730.634564,
299,2.46,0.49,0.225,0.34,0.2,22594.09489,1794.761517,4452.96152,
300,0.84,0.1,0.1,0.18,0.6,18742.26531,1056.143115,564.4545755,
301,0.84,0.62,0.225,0.5,0.4,19783.55874,2429.049254,7001.076551,
302,1.38,0.75,0.225,0.1,0.4,16963.08956,2617.824061,8773.377263,
303,3,0.23,0.225,0.1,0.2,22680.12309,1219.024697,1572.503701,
304,3,0.23,0.475,0.34,0.8,25885.53452,1589.438949,2225.099799,
305,0.3,0.1,0.225,0.1,0.8,17256.29028,1136.413663,630.9014586,
306,1.92,0.62,0.1,0.1,0.6,17507.38386,2400.167354,7776.619042,
307,0.84,0.75,0.225,0.34,0.8,17473.47749,3040.488885,10709.6115,
308,1.92,0.62,0.1,0.42,0.2,20902.22658,2065.686036,6218.302699,
309,0.3,0.1,0.6,0.42,0.6,22359.57965,1359.158167,564.1887356,
310,1.92,0.36,0.35,0.5,0.8,23701.29696,1986.427751,4193.175355,
311,3,0.62,0.225,0.42,0.4,23400.58099,2224.377091,6993.072253,
312,1.38,0.36,0.6,0.34,0.8,22679.99345,2057.564163,4004.61389,
313,0.84,0.75,0.1,0.5,0.6,18210.66638,2848.07599,9742.343302,
314,0.3,0.1,0.6,0.18,0.6,20260.50781,1273.304214,564.1887356,
315,1.92,0.36,0.225,0.26,0.4,21254.35526,1656.368006,3394.104642,
316,0.3,0.62,0.35,0.1,0.4,15641.17802,2515.690732,7002.644712,
317,3,0.62,0.475,0.18,0.8,22383.29908,2572.469028,8546.999977,
318,1.92,0.36,0.225,0.42,0.8,22307.91628,1921.122657,4193.175355,
319,3,0.75,0.1,0.34,0.8,20917.69334,2796.520691,10693.99985,
320,3,0.49,0.1,0.42,0.4,23173.59603,1894.759863,5028.472727,
321,0.84,0.1,0.475,0.42,0.4,23169.34398,1259.953681,497.6532392,
322,0.3,0.49,0.6,0.1,0.8,17215.78292,2563.164904,6456.402351,
323,3,0.49,0.225,0.18,0.6,21683.66602,2039.302568,5604.977222,
324,0.3,0.75,0.475,0.5,0.6,19207.61994,3010.245702,9744.675557,
325,0.3,0.36,0.1,0.26,0.2,16837.36931,1591.934532,2842.027765,
326,1.92,0.75,0.35,0.42,0.2,21983.52382,2420.801631,7806.030808,
327,2.46,0.23,0.475,0.5,0.6,26279.14103,1593.515738,2008.69805,
328,0.3,0.75,0.1,0.42,0.6,16217.43157,2912.258434,9744.675557,
329,1.38,0.23,0.1,0.1,0.6,18368.178,1350.582522,1882.258407,
330,1.38,0.1,0.35,0.26,0.8,22291.76999,1199.199435,631.567199,
331,1.38,0.62,0.1,0.5,0.8,19736.71471,2643.063141,8559.563598,
332,2.46,0.23,0.225,0.1,0.8,21327.71713,1436.419558,2226.606843,
333,2.46,0.23,0.1,0.26,0.6,22075.92315,1378.959244,2008.69805,
334,1.92,0.23,0.475,0.34,0.8,23878.74337,1623.12186,2227.843922,
335,2.46,0.49,0.225,0.26,0.8,21288.83916,2208.487289,6185.454872,
336,3,0.62,0.1,0.18,0.4,20511.35913,2134.840776,6993.072253,
337,3,0.75,0.225,0.34,0.4,22217.22108,2488.274264,8767.269282,
338,0.84,0.23,0.6,0.1,0.2,20348.80687,1400.953806,1463.171452,
339,2.46,0.23,0.1,0.5,0.8,23993.0976,1512.7442,2226.606843,
340,1.92,0.23,0.225,0.18,0.2,21376.78831,1261.574064,1573.189732,
341,1.38,0.75,0.35,0.18,0.6,18251.92955,2844.745161,9739.796535,
342,0.3,0.62,0.475,0.5,0.6,19704.6758,2738.225446,7784.394805,
343,0.84,0.36,0.225,0.42,0.6,20105.32994,1894.537003,3618.244259,
344,1.38,0.36,0.6,0.1,0.6,20647.96971,1897.022293,3616.778068,
345,1.92,0.23,0.1,0.18,0.2,20570.53028,1210.181748,1573.189732,
346,3,0.49,0.6,0.18,0.4,24041.94313,2012.340774,5028.472727,
347,1.38,0.36,0.6,0.5,0.2,24459.20093,1755.803454,2841.106425,
348,1.92,0.75,0.1,0.1,0.6,16977.67416,2717.772514,9737.01499,
349,0.3,0.36,0.1,0.34,0.2,17562.67561,1614.939723,2842.027765,
350,2.46,0.49,0.225,0.5,0.8,23291.71624,2251.030155,6185.454872,
351,1.38,0.62,0.225,0.5,0.8,20554.40415,2680.050403,8559.563598,
352,1.92,0.62,0.35,0.18,0.8,19689.0008,2634.51736,8555.777214,
353,2.46,0.62,0.1,0.5,0.6,22059.44514,2398.752001,7773.491255,
354,0.84,0.1,0.6,0.1,0.6,20948.1015,1218.157256,564.4545755,
355,2.46,0.62,0.225,0.34,0.4,21798.98236,2244.844533,6995.375679,
356,1.38,0.49,0.1,0.5,0.4,20734.39378,2016.175315,5258.767774,
357,0.3,0.49,0.1,0.34,0.8,16386.03857,2430.254354,6456.402351,
358,3,0.75,0.475,0.42,0.2,24624.05775,2385.446557,7803.904,
359,0.3,0.62,0.35,0.26,0.6,16933.57,2691.603255,7784.394805,
360,2.46,0.62,0.225,0.5,0.6,22864.30608,2439.404518,7773.491255,
361,1.92,0.75,0.225,0.1,0.6,17819.87238,2752.650219,9737.01499,
362,0.3,0.36,0.225,0.1,0.2,16132.94443,1598.026634,2842.027765,
363,1.92,0.62,0.1,0.5,0.8,20846.44852,2587.302147,8555.777214,
364,0.84,0.49,0.475,0.34,0.2,20681.94857,2009.858691,4663.433033,
365,3,0.1,0.1,0.1,0.6,22591.74873,997.0189649,602.2866672,
366,2.46,0.62,0.35,0.1,0.2,20658.80217,2055.371401,6217.260103,
367,0.3,0.75,0.475,0.42,0.8,18329.29331,3164.133203,10712.72117,
368,2.46,0.23,0.475,0.34,0.6,25001.26967,1545.228084,2008.69805,
369,3,0.1,0.35,0.34,0.6,26214.42787,1180.458577,602.2866672,
370,1.92,0.75,0.1,0.26,0.4,18744.16007,2530.310999,8771.522899,
371,1.92,0.75,0.35,0.42,0.4,21701.79143,2621.909048,8771.522899,
372,2.46,0.75,0.35,0.26,0.4,21353.69667,2559.014348,8769.494223,
373,0.84,0.75,0.1,0.42,0.8,17322.0629,3008.125049,10709.6115,
374,0.3,0.23,0.1,0.42,0.2,18858.65234,1347.760335,1463.335297,
375,0.84,0.75,0.225,0.26,0.4,17247.76742,2692.033931,8775.075107,
376,1.92,0.75,0.6,0.18,0.2,21300.43091,2465.572284,7806.030808,
377,1.92,0.1,0.35,0.1,0.4,22108.88317,1078.775171,532.588153,
378,3,0.49,0.1,0.1,0.2,20580.31007,1651.585886,4451.968231,
379,3,0.49,0.6,0.5,0.8,26337.89079,2341.960675,6181.481717,
380,0.84,0.49,0.6,0.1,0.4,18959.22534,2177.581236,5260.216808,
381,2.46,0.62,0.6,0.34,0.8,23512.47931,2667.210802,8551.60683,
382,0.3,0.49,0.6,0.26,0.4,19087.09217,2280.72192,5261.525804,
383,1.38,0.36,0.6,0.26,0.2,22471.66561,1686.290808,2841.106425,
384,2.46,0.23,0.35,0.42,0.8,24882.6253,1583.628209,2226.606843,
385,1.38,0.75,0.35,0.42,0.8,20125.14658,3011.835287,10706.21581,
386,1.38,0.1,0.225,0.5,0.4,23646.08217,1181.940126,497.8088828,
387,3,0.1,0.475,0.5,0.6,28147.05963,1280.66124,602.2866672,
388,1.38,0.49,0.1,0.1,0.2,17395.37239,1756.123836,4662.708516,
389,1.38,0.49,0.1,0.1,0.4,17164.91461,1935.123343,5258.767774,
390,3,0.49,0.475,0.26,0.4,24081.0275,1993.083353,5028.472727,
391,3,0.75,0.1,0.34,0.8,20917.69334,2796.520691,10693.99985,
392,1.38,0.36,0.475,0.26,0.4,21621.14904,1769.346866,3228.942246,
393,0.84,0.1,0.225,0.34,0.4,21054.11049,1136.192052,497.6532392,
394,0.3,0.62,0.35,0.26,0.6,16933.57,2691.603255,7784.394805,
395,1.38,0.49,0.475,0.5,0.2,23218.70595,1989.997114,4662.708516,
396,1.92,0.36,0.35,0.18,0.6,21108.14577,1804.15767,3793.639999,
397,2.46,0.49,0.475,0.5,0.2,25333.42856,1925.260536,4452.96152,
398,2.46,0.75,0.35,0.1,0.8,19407.49666,2898.877246,10698.44973,
399,3,0.62,0.1,0.5,0.4,23240.61058,2202.959774,6993.072253,
400,1.92,0.23,0.475,0.18,0.2,22835.04443,1353.676619,1573.189732,
401,1.38,0.36,0.35,0.26,0.6,20729.71077,1851.59514,3616.778068,
402,0.3,0.1,0.225,0.18,0.2,18233.74438,1053.713399,430.7632897,
403,2.46,0.36,0.475,0.42,0.6,24916.22376,1880.104372,3791.760555,
404,1.92,0.23,0.6,0.1,0.8,22404.99131,1590.047173,2227.843922,
405,1.38,0.75,0.35,0.34,0.8,19454.4685,3010.512422,10706.21581,
406,3,0.36,0.475,0.26,0.4,24708.72034,1702.471118,3391.427274,
407,3,0.36,0.1,0.34,0.4,23150.79435,1588.08676,3391.427274,
408,0.84,0.1,0.225,0.34,0.6,20992.84336,1167.382912,564.4545755,
409,0.3,0.75,0.225,0.18,0.4,15161.84081,2765.341966,8776.629944,
410,2.46,0.62,0.475,0.18,0.6,21628.21608,2474.214706,7773.491255,
411,1.92,0.75,0.35,0.1,0.6,18602.49775,2786.645895,9737.01499,
412,1.92,0.62,0.35,0.26,0.6,20607.35127,2495.423411,7776.619042,
413,3,0.62,0.225,0.18,0.6,21085.09617,2356.890839,7770.036115,
414,2.46,0.62,0.475,0.1,0.8,20694.03123,2609.241511,8551.60683,
415,0.3,0.75,0.475,0.1,0.8,15463.13707,3173.060767,10712.72117,
416,3,0.36,0.225,0.26,0.2,23456.71386,1497.242955,2993.230601,
417,1.92,0.75,0.35,0.42,0.4,21701.79143,2621.909048,8771.522899,
418,2.46,0.1,0.225,0.1,0.2,22508.39935,1003.069899,463.1266797,
419,1.38,0.36,0.6,0.34,0.6,22813.05258,1958.292551,3616.778068,
420,0.84,0.36,0.6,0.1,0.6,19395.44351,1951.936036,3618.244259,
421,2.46,0.75,0.1,0.34,0.6,20198.19434,2679.992981,9733.971976,
422,2.46,0.49,0.475,0.42,0.4,24478.37361,2059.407411,5030.459304,
423,1.92,0.36,0.475,0.5,0.2,24885.51637,1697.506636,2994.569285,
424,0.84,0.49,0.225,0.5,0.4,20319.71812,2120.542061,5260.216808,
425,0.3,0.75,0.35,0.5,0.2,19001.42958,2609.26809,7808.584331,
426,1.38,0.75,0.475,0.42,0.6,21067.84265,2888.029486,9739.796535,
427,0.84,0.75,0.225,0.26,0.6,16993.71748,2876.244612,9742.343302,
428,3,0.75,0.6,0.18,0.8,22497.78357,2916.24386,10693.99985,
429,1.38,0.23,0.475,0.5,0.8,24061.26751,1687.521431,2091.904074,
430,0.84,0.23,0.1,0.1,0.4,17206.72347,1293.247706,1673.021498,
431,0.3,0.62,0.1,0.42,0.8,16506.52763,2778.223003,8566.144897,
432,2.46,0.1,0.475,0.1,0.6,23834.65317,1141.256051,602.2264778,
433,0.3,0.49,0.35,0.1,0.6,15953.19719,2349.37981,5858.964078,
434,0.3,0.1,0.6,0.1,0.6,19499.59002,1242.953255,564.1887356,
435,3,0.49,0.6,0.34,0.2,25647.61902,1900.303851,4451.968231,
436,2.46,0.62,0.225,0.34,0.6,21555.46622,2418.417562,7773.491255,
437,0.3,0.36,0.35,0.18,0.6,17352.06067,1955.831501,3619.542089,
438,1.92,0.62,0.225,0.26,0.2,20338.71032,2084.662062,6218.302699,
439,3,0.75,0.475,0.18,0.8,21819.0561,2888.598768,10693.99985,
440,0.84,0.36,0.35,0.34,0.2,20539.80303,1660.696319,2841.595155,
441,3,0.36,0.225,0.26,0.4,23259.89298,1613.193779,3391.427274,
442,0.3,0.1,0.6,0.18,0.2,20389.80781,1198.49291,430.7632897,
443,0.3,0.62,0.475,0.34,0.6,18373.54118,2729.807364,7784.394805,
444,0.3,0.36,0.225,0.26,0.2,17668.05572,1643.300388,2842.027765,
445,2.46,0.23,0.475,0.18,0.2,23889.48952,1345.256589,1572.880462,
446,1.38,0.62,0.225,0.26,0.8,18523.00044,2662.702567,8559.563598,
447,3,0.23,0.475,0.5,0.4,27352.45618,1519.236863,1790.035734,
448,2.46,0.23,0.1,0.5,0.4,24210.05786,1384.699022,1790.789256,
449,3,0.62,0.225,0.5,0.4,24037.54328,2246.782949,6993.072253,
450,2.46,0.49,0.1,0.1,0.2,19604.86737,1678.571611,4452.96152,
451,2.46,0.75,0.225,0.5,0.6,22325.09677,2730.869286,9733.971976,
452,3,0.62,0.35,0.26,0.6,22565.22477,2407.828889,7770.036115,
453,3,0.75,0.35,0.1,0.2,21121.63376,2286.04785,7803.904,
454,0.84,0.49,0.225,0.34,0.4,18979.77786,2092.464416,5260.216808,
455,2.46,0.36,0.1,0.5,0.2,23694.04573,1536.421556,2993.942804,
456,1.38,0.1,0.225,0.34,0.2,22405.22615,1095.585293,430.9297248,
457,1.38,0.36,0.1,0.34,0.8,19713.42971,1884.047676,4004.61389,
458,1.92,0.62,0.225,0.34,0.6,20537.76736,2465.407249,7776.619042,
459,2.46,0.23,0.475,0.42,0.8,25577.17837,1627.400032,2226.606843,
460,1.92,0.36,0.35,0.34,0.2,22889.38207,1605.475353,2994.569285,
461,2.46,0.1,0.6,0.18,0.4,25273.78117,1194.049955,532.6765788,
462,1.92,0.49,0.225,0.26,0.4,20632.81351,1970.544396,5032.242432,
463,0.84,0.23,0.225,0.34,0.2,20392.91282,1343.206144,1463.171452,
464,0.84,0.23,0.225,0.1,0.6,17904.62102,1435.141604,1882.871544,
465,2.46,0.1,0.225,0.1,0.2,22508.39935,1003.069899,463.1266797,
466,1.38,0.36,0.35,0.18,0.8,19863.2079,1940.079186,4004.61389,
467,0.84,0.1,0.6,0.18,0.2,21822.46569,1184.258641,430.851903,
468,1.38,0.49,0.225,0.5,0.6,21331.11933,2214.788096,5854.827032,
469,0.3,0.49,0.1,0.5,0.4,18140.62867,2146.439966,5261.525804,
470,0.84,0.1,0.1,0.1,0.4,18034.43087,991.5875984,497.6532392,
471,0.3,0.49,0.1,0.34,0.2,16996.06809,1938.147693,4664.087531,
472,2.46,0.49,0.1,0.26,0.8,20470.37971,2166.223648,6185.454872,
473,1.92,0.23,0.6,0.34,0.2,24886.0129,1452.708158,1573.189732,
474,0.84,0.1,0.35,0.18,0.4,20378.63978,1124.222498,497.6532392,
475,1.92,0.49,0.35,0.18,0.6,20458.54909,2156.099424,5610.63178,
476,2.46,0.36,0.1,0.34,0.6,22003.43459,1723.581948,3791.760555,
477,1.38,0.49,0.225,0.26,0.6,19297.29142,2174.847801,5854.827032,
478,2.46,0.1,0.1,0.42,0.6,24384.60499,1117.654729,602.2264778,
479,1.92,0.36,0.225,0.1,0.6,19581.78469,1736.4571,3793.639999,
480,1.38,0.62,0.35,0.34,0.2,20684.30897,2196.065697,6219.249295,
481,1.38,0.75,0.6,0.34,0.6,21080.47846,2914.710933,9739.796535,
482,1.38,0.1,0.225,0.26,0.8,21543.40965,1149.030349,631.567199,
483,0.84,0.1,0.225,0.1,0.4,18855.2348,1042.569733,497.6532392,
484,0.84,0.62,0.35,0.5,0.4,20546.64321,2469.059008,7001.076551,
485,1.38,0.36,0.35,0.1,0.2,19603.04695,1546.938005,2841.106425,
486,1.38,0.49,0.225,0.18,0.8,18387.63427,2297.93088,6450.88629,
487,0.3,0.62,0.225,0.26,0.4,16374.01359,2484.083762,7002.644712,
488,1.38,0.75,0.475,0.5,0.4,21967.56626,2716.670421,8773.377263,
489,3,0.1,0.1,0.1,0.2,22714.1927,955.1800183,463.1467429,
490,0.3,0.49,0.475,0.18,0.4,17662.58489,2232.867195,5261.525804,
491,3,0.62,0.225,0.5,0.8,23606.15313,2547.592324,8546.999977,
492,1.92,0.1,0.1,0.5,0.2,24075.58735,1099.398509,463.0824668,
493,2.46,0.1,0.475,0.5,0.4,27245.16905,1261.203256,532.6765788,
494,3,0.75,0.1,0.42,0.8,21585.10369,2801.807278,10693.99985,
495,1.38,0.62,0.1,0.18,0.8,16948.45954,2623.584537,8559.563598,
496,0.3,0.49,0.35,0.26,0.4,17671.41893,2201.816268,5261.525804,
497,1.92,0.75,0.35,0.18,0.8,19137.64177,2951.633879,10702.50708,
498,1.92,0.62,0.225,0.1,0.4,18587.92579,2255.472236,6997.460871,
499,1.38,0.36,0.6,0.34,0.4,22984.26191,1833.504146,3228.942246,
500,1.92,0.62,0.35,0.18,0.2,20377.93637,2115.371527,6218.302699,
501,3,0.49,0.6,0.1,0.8,22942.38232,2258.506357,6181.481717,
502,1.38,0.49,0.475,0.26,0.4,20996.27106,2103.616944,5258.767774,
503,0.84,0.75,0.475,0.18,0.4,18028.3981,2758.893163,8775.075107,
504,2.46,0.36,0.475,0.5,0.2,25906.16217,1676.449985,2993.942804,
505,2.46,0.49,0.35,0.42,0.6,23562.44418,2163.837581,5607.957088,
506,3,0.36,0.35,0.18,0.8,22994.60212,1838.981355,4187.820619,
507,2.46,0.36,0.475,0.34,0.6,24260.2939,1858.835928,3791.760555,
508,0.3,0.49,0.475,0.5,0.4,20445.17874,2275.654203,5261.525804,
509,3,0.1,0.35,0.18,0.2,24968.75906,1081.550086,463.1467429,
510,0.84,0.49,0.475,0.1,0.2,18484.21697,1961.089818,4663.433033,
511,0.3,0.1,0.35,0.26,0.4,19667.62827,1174.941951,497.4760127,
512,2.46,0.36,0.35,0.42,0.8,24093.67677,1929.439051,4190.66943,
513,1.92,0.36,0.6,0.5,0.6,25190.99407,1969.416635,3793.639999,
514,2.46,0.1,0.1,0.42,0.6,24384.60499,1117.654729,602.2264778,
515,0.84,0.1,0.6,0.26,0.4,22477.14881,1246.907293,497.6532392,
516,1.92,0.62,0.225,0.34,0.8,20340.73629,2610.239436,8555.777214,
517,2.46,0.23,0.1,0.34,0.2,23050.66985,1260.202052,1572.880462,
518,3,0.1,0.475,0.26,0.6,26235.12019,1195.877355,602.2866672,
519,1.38,0.23,0.225,0.1,0.4,19332.12819,1320.070539,1672.61274,
520,0.3,0.23,0.35,0.1,0.4,17381.48624,1434.455651,1673.349188,
521,2.46,0.36,0.6,0.5,0.6,26203.16735,1940.785114,3791.760555,
522,3,0.62,0.35,0.34,0.6,23250.3848,2418.983209,7770.036115,
523,0.3,0.1,0.475,0.34,0.2,21148.16259,1214.149345,430.7632897,
524,0.84,0.75,0.6,0.34,0.4,20137.87687,2798.48852,8775.075107,
525,1.38,0.1,0.475,0.5,0.8,24969.759,1327.208596,631.567199,
526,0.84,0.75,0.35,0.1,0.6,16280.43922,2911.056863,9742.343302,
527,2.46,0.49,0.1,0.42,0.4,22226.10029,1923.048042,5030.459304,
528,1.38,0.1,0.1,0.34,0.4,21548.82781,1076.061454,497.8088828,
529,0.84,0.75,0.35,0.42,0.4,19406.57408,2735.182497,8775.075107,
530,3,0.75,0.6,0.34,0.4,24351.40654,2599.269639,8767.269282,
531,1.92,0.23,0.1,0.18,0.6,20285.71297,1365.77537,2009.625859,
532,1.92,0.62,0.475,0.42,0.4,22918.32213,2382.240524,6997.460871,
533,1.92,0.23,0.35,0.18,0.2,22129.1932,1309.203317,1573.189732,
534,1.38,0.49,0.6,0.26,0.8,21300.43589,2422.404367,6450.88629,
535,0.3,0.49,0.1,0.42,0.4,17472.12743,2134.493079,5261.525804,
536,0.84,0.62,0.475,0.18,0.6,18280.79267,2648.401388,7782.042563,
537,0.3,0.23,0.35,0.5,0.6,20828.82876,1649.005467,1883.363079,
538,3,0.75,0.225,0.42,0.2,23173.46405,2295.108255,7803.904,
539,2.46,0.75,0.1,0.18,0.2,19332.02608,2252.944151,7805.01647,
540,3,0.75,0.6,0.5,0.4,25628.72945,2629.936643,8767.269282,
541,2.46,0.49,0.35,0.5,0.8,24041.47237,2291.161342,6185.454872,
542,0.3,0.36,0.35,0.34,0.4,18977.1067,1852.753123,3230.784927,
543,2.46,0.1,0.225,0.26,0.6,23833.10095,1109.91332,602.2264778,
544,2.46,0.23,0.225,0.18,0.4,22299.06981,1326.631239,1790.789256,
545,1.38,0.1,0.6,0.5,0.8,25620.38576,1369.19127,631.567199,
546,3,0.23,0.1,0.1,0.4,21730.66267,1239.876686,1790.035734,
547,3,0.49,0.35,0.18,0.8,22290.19,2196.599721,6181.481717,
548,0.84,0.62,0.225,0.26,0.2,17984.04523,2206.782888,6220.110539,
549,0.84,0.75,0.35,0.1,0.2,16798.9299,2508.676243,7807.806912,
550,2.46,0.75,0.1,0.5,0.4,21786.05189,2506.814349,8769.494223,
551,0.3,0.49,0.1,0.1,0.8,14115.84273,2416.657984,6456.402351,
552,0.84,0.62,0.475,0.42,0.4,20613.58127,2498.304774,7001.076551,
553,1.38,0.23,0.35,0.26,0.6,21447.89746,1504.394151,1882.258407,
554,0.84,0.23,0.225,0.42,0.6,20808.45244,1537.310781,1882.871544,
555,2.46,0.23,0.35,0.5,0.8,25513.63777,1604.888198,2226.606843,
556,1.38,0.49,0.1,0.34,0.4,19395.44412,1983.625069,5258.767774,
557,0.84,0.1,0.475,0.34,0.2,22567.28029,1196.946004,430.851903,
558,0.84,0.36,0.1,0.1,0.6,16347.67118,1768.489932,3618.244259,
559,0.84,0.49,0.475,0.42,0.4,21142.63906,2191.166595,5260.216808,
560,0.3,0.1,0.6,0.42,0.6,22359.57965,1359.158167,564.1887356,
561,2.46,0.23,0.6,0.42,0.2,26567.68206,1469.81305,1572.880462,
562,0.3,0.49,0.35,0.5,0.2,19940.39302,2065.255467,4664.087531,
563,0.84,0.1,0.225,0.26,0.2,20418.19583,1072.565355,430.851903,
564,2.46,0.49,0.225,0.1,0.2,20426.40372,1728.006296,4452.96152,
565,3,0.1,0.475,0.18,0.2,25658.65806,1124.829513,463.1467429,
566,1.92,0.1,0.35,0.5,0.6,25465.08758,1246.015814,602.0938391,
567,0.84,0.23,0.35,0.1,0.8,18573.62119,1563.711991,2092.72159,
568,1.92,0.49,0.475,0.34,0.4,22800.5423,2077.667569,5032.242432,
569,2.46,0.62,0.475,0.26,0.2,22837.77359,2130.390892,6217.260103,
570,1.38,0.49,0.35,0.18,0.2,19768.33152,1872.400052,4662.708516,
571,2.46,0.75,0.475,0.42,0.6,23154.38341,2793.800988,9733.971976,
572,0.3,0.49,0.225,0.5,0.6,18760.60098,2346.311359,5858.964078,
573,0.84,0.36,0.225,0.42,0.4,20279.25491,1767.077514,3229.919707,
574,0.84,0.75,0.35,0.34,0.6,18477.12612,2910.947453,9742.343302,
575,0.84,0.1,0.6,0.34,0.4,23165.85279,1276.957622,497.6532392,
576,3,0.1,0.6,0.18,0.4,26249.69572,1191.338001,532.716705,
577,0.84,0.62,0.35,0.18,0.4,17776.08392,2438.373773,7001.076551,
578,0.3,0.49,0.1,0.5,0.2,18360.49031,1967.579578,4664.087531,
579,3,0.62,0.475,0.5,0.6,25243.53476,2490.756878,7770.036115,
580,1.38,0.62,0.6,0.26,0.6,20904.81713,2621.868396,7779.458831,
581,0.84,0.62,0.35,0.5,0.8,20110.53826,2778.176217,8563.008575,
582,0.3,0.62,0.1,0.26,0.2,15778.38827,2239.281238,6220.89462,
583,1.38,0.23,0.225,0.18,0.8,19860.56597,1502.55659,2091.904074,
584,0.3,0.1,0.475,0.34,0.4,21082.82344,1250.574737,497.4760127,
585,0.84,0.36,0.1,0.5,0.6,19950.86076,1865.522419,3618.244259,
586,2.46,0.36,0.35,0.34,0.8,23432.94065,1910.062907,4190.66943,
587,0.3,0.1,0.1,0.1,0.4,16556.06136,1006.200911,497.4760127,
588,3,0.49,0.6,0.42,0.6,25861.63626,2219.317274,5604.977222,
589,1.38,0.23,0.225,0.18,0.4,20095.23674,1348.053515,1672.61274,
590,3,0.23,0.35,0.18,0.2,24160.79647,1295.487524,1572.503701,
591,1.38,0.75,0.475,0.42,0.4,21324.72362,2709.398161,8773.377263,
592,1.38,0.62,0.225,0.42,0.4,20343.55822,2356.53015,6999.354063,
593,1.38,0.62,0.1,0.26,0.4,18132.09883,2292.862775,6999.354063,
594,3,0.23,0.6,0.26,0.6,25937.38926,1552.719859,2007.567767,
595,2.46,0.23,0.35,0.34,0.6,24304.28819,1498.962067,2008.69805,
596,1.38,0.75,0.35,0.5,0.2,21531.23053,2483.624075,7806.95799,
597,3,0.1,0.35,0.18,0.2,24968.75906,1081.550086,463.1467429,
598,3,0.36,0.225,0.42,0.2,24795.64515,1545.73544,2993.230601,
599,2.46,0.23,0.6,0.5,0.8,26855.22848,1689.954295,2226.606843,
600,3,0.36,0.225,0.5,0.2,25426.44103,1577.046315,2993.230601,
601,1.38,0.62,0.475,0.42,0.2,22067.41879,2250.84147,6219.249295,
602,0.84,0.75,0.225,0.34,0.6,17700.48961,2877.550287,9742.343302,
603,1.38,0.23,0.1,0.42,0.6,21264.30719,1457.431168,1882.258407,
604,0.3,0.62,0.225,0.18,0.8,15197.65384,2810.697846,8566.144897,
605,1.92,0.62,0.6,0.26,0.2,22489.41521,2211.091307,6218.302699,
606,3,0.62,0.6,0.42,0.8,25095.68828,2644.577742,8546.999977,
607,1.92,0.1,0.1,0.34,0.4,22716.06421,1072.385241,532.588153,
608,1.92,0.75,0.1,0.5,0.8,20284.94582,2894.847785,10702.50708,
609,1.92,0.75,0.35,0.42,0.4,21701.79143,2621.909048,8771.522899,
610,1.92,0.1,0.1,0.42,0.8,23283.15285,1145.689596,671.5995253,
611,1.38,0.23,0.475,0.34,0.8,22756.95887,1642.242433,2091.904074,
612,1.92,0.23,0.35,0.42,0.2,24190.6886,1391.293787,1573.189732,
613,0.3,0.75,0.475,0.5,0.8,18978.7809,3164.437139,10712.72117,
614,1.38,0.23,0.35,0.26,0.4,21580.44358,1424.566756,1672.61274,
615,3,0.49,0.35,0.26,0.6,23158.24077,2099.828771,5604.977222,
616,2.46,0.23,0.1,0.1,0.4,20742.40281,1246.926254,1790.789256,
617,0.3,0.23,0.35,0.34,0.6,19487.58203,1603.309947,1883.363079,
618,1.92,0.1,0.475,0.5,0.4,26204.19216,1269.567779,532.588153,
619,0.3,0.62,0.1,0.34,0.2,16502.44543,2248.406836,6220.89462,
620,1.92,0.49,0.35,0.1,0.2,20144.37846,1810.505088,4453.853084,
621,3,0.36,0.1,0.26,0.6,22269.88704,1680.655549,3789.623947,
622,1.38,0.62,0.1,0.34,0.8,18399.29376,2631.643153,8559.563598,
623,1.92,0.62,0.1,0.1,0.8,17309.92823,2554.651173,8555.777214,
624,3,0.1,0.6,0.1,0.2,25592.57545,1137.081921,463.1467429,
625,1.92,0.23,0.1,0.18,0.4,20427.38356,1288.200049,1791.407795,
626,2.46,0.1,0.1,0.5,0.2,25130.58451,1098.911894,463.1266797,
627,1.92,0.62,0.225,0.42,0.6,21209.43633,2474.524546,7776.619042,
628,1.92,0.36,0.475,0.5,0.6,24531.14023,1929.481224,3793.639999,
629,1.38,0.36,0.1,0.5,0.6,21191.71395,1818.743704,3616.778068,
630,3,0.62,0.1,0.42,0.8,22160.70804,2488.641024,8546.999977,
631,1.92,0.62,0.6,0.26,0.8,21814.87405,2709.214238,8555.777214,
632,0.3,0.36,0.35,0.42,0.6,19495.77118,2005.071574,3619.542089,
633,1.38,0.1,0.35,0.1,0.8,20821.91794,1136.583855,631.567199,
634,0.3,0.36,0.475,0.1,0.2,17652.46198,1693.280477,2842.027765,
635,1.38,0.1,0.225,0.18,0.8,20819.35475,1119.301377,631.567199,
636,0.84,0.62,0.475,0.5,0.8,20830.12352,2812.117909,8563.008575,
637,3,0.23,0.225,0.18,0.6,23131.77697,1392.311301,2007.567767,
638,3,0.75,0.35,0.1,0.4,20829.30224,2498.77071,8767.269282,
639,0.84,0.75,0.1,0.26,0.2,16687.92992,2435.337239,7807.806912,
640,2.46,0.75,0.225,0.42,0.8,21464.70785,2878.26697,10698.44973,
641,3,0.49,0.475,0.1,0.6,22419.02446,2104.30587,5604.977222,
642,1.92,0.23,0.475,0.26,0.8,23192.72161,1598.918421,2227.843922,
643,0.84,0.1,0.475,0.34,0.4,22504.47742,1231.633681,497.6532392,
644,1.38,0.62,0.225,0.1,0.6,17221.58692,2502.329163,7779.458831,
645,1.38,0.36,0.1,0.1,0.2,18004.17794,1447.563892,2841.106425,
646,0.3,0.62,0.1,0.42,0.8,16506.52763,2778.223003,8566.144897,
647,2.46,0.62,0.6,0.26,0.8,22830.19543,2658.172958,8551.60683,
648,1.92,0.1,0.6,0.18,0.6,24152.9229,1223.985177,602.0938391,
649,1.38,0.75,0.475,0.18,0.4,19238.70125,2692.860985,8773.377263,
650,1.92,0.49,0.1,0.18,0.2,19314.34091,1735.369587,4453.853084,
651,1.38,0.23,0.1,0.18,0.4,19279.13805,1296.795455,1672.61274,
652,0.84,0.23,0.1,0.34,0.4,19448.24222,1375.787417,1673.021498,
653,3,0.62,0.6,0.34,0.4,24863.30597,2327.860113,6993.072253,
654,2.46,0.75,0.6,0.18,0.2,22315.60207,2416.587507,7805.01647,
655,3,0.75,0.35,0.34,0.4,22974.01311,2527.540636,8767.269282,
656,0.84,0.23,0.225,0.26,0.2,19686.28031,1316.111566,1463.171452,
657,3,0.36,0.1,0.1,0.2,21191.90166,1393.274462,2993.230601,
658,0.84,0.23,0.225,0.1,0.6,17904.62102,1435.141604,1882.871544,
659,2.46,0.1,0.1,0.42,0.2,24501.73694,1071.825628,463.1266797,
660,2.46,0.62,0.475,0.18,0.4,21866.21855,2299.064875,6995.375679,
661,0.3,0.36,0.6,0.34,0.2,20548.38619,1802.356557,2842.027765,
662,1.38,0.1,0.35,0.5,0.6,24323.21417,1257.98658,564.6880409,
663,1.38,0.75,0.475,0.1,0.2,18756.43943,2476.428239,7806.95799,
664,2.46,0.75,0.35,0.42,0.8,22225.63202,2911.966948,10698.44973,
665,0.84,0.75,0.35,0.26,0.2,18298.86223,2519.44223,7807.806912,
666,1.38,0.1,0.475,0.26,0.4,23096.86591,1189.43248,497.8088828,
667,1.92,0.62,0.225,0.5,0.2,22354.61481,2130.232195,6218.302699,
668,0.84,0.36,0.225,0.18,0.6,17968.45118,1837.368054,3618.244259,
669,3,0.49,0.6,0.42,0.2,26295.19652,1927.424962,4451.968231,
670,2.46,0.23,0.35,0.42,0.2,25229.33156,1382.649058,1572.880462,
671,3,0.23,0.225,0.5,0.6,25804.82607,1498.266089,2007.567767,
672,3,0.49,0.6,0.42,0.6,25861.63626,2219.317274,5604.977222,
673,0.3,0.62,0.225,0.34,0.4,17090.57561,2489.591093,7002.644712,
674,3,0.1,0.475,0.5,0.6,28147.05963,1280.66124,602.2866672,
675,2.46,0.62,0.1,0.26,0.8,19845.0786,2512.24475,8551.60683,
676,3,0.36,0.35,0.26,0.4,24007.00676,1658.738443,3391.427274,
677,0.84,0.62,0.475,0.34,0.2,20183.39445,2302.911617,6220.110539,
678,0.3,0.23,0.1,0.1,0.4,15755.776,1332.077121,1673.349188,
679,2.46,0.75,0.475,0.42,0.2,23697.99304,2414.662154,7805.01647,
680,1.38,0.36,0.35,0.34,0.8,21293.11839,1977.387872,4004.61389,
681,2.46,0.62,0.225,0.26,0.8,20668.20445,2551.049917,8551.60683,
682,3,0.62,0.475,0.18,0.8,22383.29908,2572.469028,8546.999977,
683,1.92,0.62,0.475,0.18,0.2,21097.27856,2157.872002,6218.302699,
684,0.3,0.49,0.1,0.18,0.8,14907.50155,2419.966185,6456.402351,
685,3,0.1,0.225,0.26,0.8,24796.03391,1121.724027,671.8566294,
686,0.3,0.75,0.475,0.1,0.2,16185.2315,2624.440789,7808.584331,
687,0.3,0.49,0.6,0.42,0.6,20274.24447,2454.263347,5858.964078,
688,3,0.49,0.225,0.18,0.6,21683.66602,2039.302568,5604.977222,
689,0.84,0.23,0.225,0.1,0.4,18039.01018,1345.939999,1673.021498,
690,2.46,0.62,0.225,0.26,0.2,21368.68678,2042.974609,6217.260103,
691,1.38,0.75,0.6,0.18,0.4,19924.08957,2726.290553,8773.377263,
692,0.84,0.36,0.225,0.42,0.8,19959.24929,2006.51059,4006.568812,
693,3,0.62,0.475,0.42,0.6,24614.38602,2477.60691,7770.036115,
694,2.46,0.23,0.35,0.1,0.2,22448.24199,1270.291644,1572.880462,
695,2.46,0.1,0.475,0.26,0.4,25316.47656,1179.40497,532.6765788,
696,0.3,0.62,0.475,0.18,0.2,17390.89052,2358.288798,6220.89462,
697,1.38,0.62,0.35,0.42,0.4,21105.54656,2397.087492,6999.354063,
698,0.84,0.75,0.1,0.18,0.2,15942.08746,2429.858166,7807.806912,
699,0.3,0.62,0.1,0.5,0.8,17171.81417,2781.056342,8566.144897,
700,1.92,0.23,0.6,0.5,0.6,25908.48004,1649.527332,2009.625859,
701,0.84,0.62,0.6,0.42,0.4,21289.83289,2533.950471,7001.076551,
702,3,0.23,0.1,0.26,0.4,23191.74956,1299.071412,1790.035734,
703,0.84,0.49,0.225,0.42,0.4,19662.98841,2106.826737,5260.216808,
704,1.38,0.75,0.225,0.18,0.4,17729.36274,2622.330875,8773.377263,
705,0.3,0.36,0.225,0.42,0.2,19075.81848,1687.610888,2842.027765,
706,1.38,0.62,0.1,0.42,0.8,19080.89069,2636.749791,8559.563598,
707,3,0.36,0.1,0.42,0.8,23505.70786,1813.121108,4187.820619,
708,1.92,0.36,0.1,0.34,0.2,21338.92563,1509.541645,2994.569285,
709,1.38,0.1,0.225,0.18,0.6,20866.51537,1093.518024,564.6880409,
710,0.3,0.49,0.35,0.34,0.8,18003.36337,2507.543188,6456.402351,
711,1.38,0.1,0.475,0.42,0.8,24337.25038,1299.84835,631.567199,
712,0.3,0.36,0.35,0.26,0.8,17945.14944,2091.293369,4008.299251,
713,1.38,0.49,0.475,0.1,0.6,19306.53077,2229.888854,5854.827032,
714,0.84,0.36,0.35,0.5,0.6,21518.23503,1958.520966,3618.244259,
715,1.38,0.62,0.1,0.18,0.2,17649.30421,2079.127458,6219.249295,
716,1.38,0.62,0.475,0.1,0.2,19221.99322,2199.765421,6219.249295,
717,2.46,0.75,0.1,0.42,0.4,21139.36256,2497.756733,8769.494223,
718,2.46,0.75,0.35,0.1,0.4,19885.71605,2545.214814,8769.494223,
719,2.46,0.49,0.1,0.26,0.6,20634.12059,2043.848196,5607.957088,
720,1.38,0.1,0.225,0.26,0.2,21712.99409,1066.268824,430.9297248,
721,3,0.75,0.225,0.1,0.4,20057.53372,2460.284409,8767.269282,
722,0.84,0.49,0.35,0.26,0.8,18660.41256,2416.775668,6453.784358,
723,0.84,0.23,0.475,0.5,0.8,22813.52609,1725.102457,2092.72159,
724,1.38,0.36,0.1,0.34,0.8,19713.42971,1884.047676,4004.61389,
725,3,0.1,0.225,0.5,0.8,26732.52639,1208.541759,671.8566294,
726,2.46,0.1,0.1,0.34,0.8,23700.14364,1107.867256,671.7763769,
727,1.38,0.75,0.475,0.34,0.4,20656.68244,2703.115322,8773.377263,
728,1.92,0.62,0.35,0.5,0.2,23103.95295,2174.765377,6218.302699,
729,3,0.62,0.225,0.5,0.2,24302.96433,2065.649847,6216.10839,
730,0.3,0.75,0.1,0.34,0.8,15300.10889,3083.692958,10712.72117,
731,1.38,0.49,0.225,0.42,0.2,21114.10509,1883.0826,4662.708516,
732,2.46,0.1,0.35,0.34,0.8,25215.24379,1202.347376,671.7763769,
733,1.92,0.23,0.1,0.18,0.6,20285.71297,1365.77537,2009.625859,
734,2.46,0.1,0.225,0.1,0.4,22445.40587,1028.701549,532.6765788,
735,0.3,0.36,0.225,0.34,0.2,18386.55964,1665.613066,2842.027765,
736,1.38,0.23,0.475,0.42,0.6,23514.74813,1598.617164,1882.258407,
737,1.92,0.49,0.475,0.5,0.6,23892.01785,2255.468072,5610.63178,
738,1.92,0.36,0.1,0.34,0.2,21338.92563,1509.541645,2994.569285,
739,3,0.49,0.35,0.26,0.2,23608.33677,1793.887907,4451.968231,
740,3,0.36,0.225,0.18,0.8,22237.34934,1795.466602,4187.820619,
741,2.46,0.62,0.35,0.5,0.4,23855.74273,2313.27599,6995.375679,
742,0.84,0.1,0.6,0.34,0.8,23055.35095,1337.405695,631.2559117,
743,1.38,0.62,0.35,0.26,0.6,19498.17144,2551.191666,7779.458831,
744,0.84,0.1,0.6,0.42,0.8,23717.88091,1364.088866,631.2559117,
745,1.92,0.36,0.475,0.18,0.4,22004.37717,1724.421657,3394.104642,
746,1.92,0.62,0.475,0.42,0.6,22682.71189,2550.081706,7776.619042,
747,0.3,0.62,0.35,0.5,0.2,19451.26754,2355.025461,6220.89462,
748,3,0.1,0.6,0.5,0.8,28767.09257,1340.622402,671.8566294,
749,0.84,0.75,0.35,0.18,0.6,17043.39067,2908.305685,9742.343302,
750,2.46,0.23,0.225,0.18,0.2,22441.10619,1253.40029,1572.880462,
751,1.92,0.23,0.475,0.26,0.4,23412.71275,1459.659673,1791.407795,
752,2.46,0.23,0.225,0.26,0.6,22875.01199,1428.039155,2008.69805,
753,2.46,0.23,0.6,0.18,0.2,24550.02728,1388.384723,1572.880462,
754,3,0.1,0.1,0.1,0.6,22591.74873,997.0189649,602.2866672,
755,0.3,0.1,0.35,0.18,0.4,18930.70967,1142.007096,497.4760127,
756,0.3,0.62,0.35,0.5,0.8,18773.9535,2849.918354,8566.144897,
757,1.92,0.23,0.6,0.18,0.2,23499.74485,1399.371815,1573.189732,
758,2.46,0.23,0.225,0.18,0.4,22299.06981,1326.631239,1790.789256,
759,0.3,0.75,0.475,0.1,0.2,16185.2315,2624.440789,7808.584331,
760,1.38,0.1,0.35,0.26,0.8,22291.76999,1199.199435,631.567199,
761,3,0.1,0.225,0.42,0.2,26245.55286,1120.433485,463.1467429,
762,1.92,0.36,0.6,0.18,0.4,22676.55743,1765.446728,3394.104642,
763,1.38,0.1,0.225,0.26,0.2,21712.99409,1066.268824,430.9297248,
764,2.46,0.23,0.1,0.5,0.6,24072.23432,1455.923012,2008.69805,
765,1.92,0.23,0.6,0.1,0.4,22625.84099,1446.66249,1791.407795,
766,0.84,0.23,0.475,0.5,0.4,23040.20232,1570.505373,1673.021498,
767,3,0.1,0.475,0.42,0.6,27534.84661,1253.614091,602.2866672,
768,1.38,0.49,0.1,0.34,0.2,19623.48704,1814.940713,4662.708516,
769,0.3,0.36,0.1,0.34,0.2,17562.67561,1614.939723,2842.027765,
770,0.3,0.75,0.475,0.5,0.8,18978.7809,3164.437139,10712.72117,
771,3,0.23,0.1,0.42,0.8,24321.96158,1476.823406,2225.099799,
772,3,0.36,0.1,0.42,0.6,23625.94439,1725.18161,3789.623947,
773,0.84,0.75,0.6,0.18,0.8,18248.51596,3122.930016,10709.6115,
774,0.3,0.1,0.6,0.5,0.8,22946.58108,1420.03974,630.9014586,
775,1.92,0.1,0.1,0.26,0.6,21966.94702,1066.931144,602.0938391,
776,0.3,0.49,0.6,0.5,0.8,20745.47244,2593.360956,6456.402351,
777,1.38,0.49,0.475,0.5,0.8,22628.70966,2418.907751,6450.88629,
778,0.3,0.1,0.35,0.42,0.2,21117.86175,1193.641745,430.7632897,
779,1.38,0.1,0.225,0.1,0.8,20062.73919,1088.004701,631.567199,
780,2.46,0.62,0.1,0.18,0.8,19114.64498,2505.141832,8551.60683,
781,0.3,0.23,0.475,0.18,0.4,18883.85091,1507.007718,1673.349188,
782,3,0.36,0.6,0.42,0.6,26511.5662,1903.934682,3789.623947,
783,0.84,0.49,0.475,0.18,0.8,18657.60641,2446.864805,6453.784358,
784,3,0.36,0.225,0.42,0.4,24602.42034,1658.621946,3391.427274,
785,1.38,0.1,0.6,0.5,0.6,25663.12844,1344.841259,564.6880409,
786,1.92,0.62,0.225,0.26,0.2,20338.71032,2084.662062,6218.302699,
787,1.92,0.62,0.1,0.18,0.2,18784.1751,2019.673026,6218.302699,
788,0.3,0.23,0.475,0.1,0.4,18112.8585,1480.318259,1673.349188,
789,1.38,0.1,0.35,0.5,0.8,24279.13379,1283.012496,631.567199,
790,0.84,0.62,0.475,0.34,0.4,19939.58089,2491.462446,7001.076551,
791,2.46,0.62,0.225,0.18,0.4,20380.10373,2217.958957,6995.375679,
792,0.84,0.36,0.1,0.5,0.6,19950.86076,1865.522419,3618.244259,
793,1.38,0.49,0.35,0.26,0.2,20497.85353,1891.224764,4662.708516,
794,2.46,0.23,0.1,0.26,0.8,21994.23834,1439.103747,2226.606843,
795,0.84,0.23,0.1,0.42,0.2,20268.69965,1319.654155,1463.171452,
796,0.84,0.23,0.475,0.34,0.8,21495.37046,1680.264466,2092.72159,
797,0.3,0.75,0.1,0.5,0.2,17409.4302,2527.143009,7808.584331,
798,0.84,0.1,0.225,0.26,0.6,20290.3174,1138.134455,564.4545755,
799,0.3,0.36,0.6,0.18,0.6,18773.55935,2038.579314,3619.542089,
800,0.84,0.62,0.1,0.5,0.6,18728.17487,2559.356812,7782.042563,
801,1.38,0.36,0.225,0.18,0.4,19410.24137,1654.569765,3228.942246,
802,3,0.49,0.35,0.5,0.8,24978.99375,2266.319316,6181.481717,
803,0.84,0.36,0.225,0.42,0.2,20460.65758,1635.812213,2841.595155,
804,0.84,0.1,0.475,0.1,0.8,20218.62341,1203.96309,631.2559117,
805,0.84,0.23,0.35,0.34,0.2,21147.11189,1393.313184,1463.171452,
806,0.84,0.23,0.1,0.34,0.2,19584.92179,1292.54281,1463.171452,
807,2.46,0.23,0.1,0.5,0.6,24072.23432,1455.923012,2008.69805,
808,1.92,0.62,0.225,0.34,0.8,20340.73629,2610.239436,8555.777214,
809,2.46,0.36,0.225,0.18,0.4,21578.69157,1607.202247,3392.851679,
810,3,0.75,0.35,0.26,0.6,22023.79157,2706.349272,9730.634564,
811,0.84,0.62,0.35,0.42,0.8,19459.54603,2774.77764,8563.008575,
812,2.46,0.75,0.225,0.34,0.2,21573.04492,2320.453631,7805.01647,
813,3,0.49,0.6,0.5,0.6,26486.86612,2236.374164,5604.977222,
814,2.46,0.1,0.6,0.34,0.8,26551.78682,1290.764937,671.7763769,
815,1.92,0.1,0.35,0.18,0.4,22849.70658,1109.982244,532.588153,
816,2.46,0.62,0.475,0.1,0.8,20694.03123,2609.241511,8551.60683,
817,3,0.75,0.35,0.42,0.4,23632.52298,2545.869494,8767.269282,
818,3,0.36,0.475,0.5,0.6,26481.65676,1885.249426,3789.623947,
819,3,0.36,0.35,0.5,0.8,25673.83497,1929.586044,4187.820619,
820,3,0.49,0.225,0.5,0.2,24837.86857,1819.416262,4451.968231,
821,1.92,0.75,0.225,0.5,0.6,21322.66649,2774.118293,9737.01499,
822,3,0.23,0.225,0.1,0.2,22680.12309,1219.024697,1572.503701,
823,1.38,0.62,0.35,0.42,0.8,20670.39502,2709.696717,8559.563598,
824,1.38,0.62,0.6,0.34,0.8,21400.80421,2771.135381,8559.563598,
825,0.84,0.62,0.35,0.26,0.8,18078.1652,2766.912778,8563.008575,
826,2.46,0.36,0.475,0.26,0.2,23944.05186,1604.963936,2993.942804,
827,1.38,0.62,0.1,0.18,0.4,17390.1774,2283.763317,6999.354063,
828,2.46,0.75,0.475,0.42,0.4,23415.59382,2612.989853,8769.494223,
829,3,0.62,0.225,0.26,0.4,22049.26502,2194.990923,6993.072253,
830,0.84,0.23,0.35,0.1,0.6,18680.6351,1483.32444,1882.871544,
831,3,0.23,0.1,0.42,0.2,24675.18046,1283.346926,1572.503701,
832,3,0.75,0.1,0.1,0.2,19528.39057,2198.148062,7803.904,
833,1.92,0.1,0.475,0.5,0.2,26262.30017,1238.289973,463.0824668,
834,1.92,0.23,0.35,0.18,0.8,21765.94132,1529.073657,2227.843922,
835,0.84,0.23,0.6,0.26,0.6,21572.93753,1623.076908,1882.871544,
836,0.84,0.75,0.225,0.5,0.2,19568.15535,2500.14115,7807.806912,
837,0.3,0.36,0.35,0.34,0.4,18977.1067,1852.753123,3230.784927,
838,1.38,0.23,0.6,0.34,0.6,23515.6153,1616.494376,1882.258407,
839,2.46,0.23,0.225,0.18,0.6,22158.33237,1400.914025,2008.69805,
840,0.84,0.62,0.6,0.5,0.8,21506.65822,2843.969021,8563.008575,
841,2.46,0.75,0.475,0.34,0.4,22756.46779,2603.719717,8769.494223,
842,1.38,0.36,0.6,0.18,0.8,21266.76409,2020.003761,4004.61389,
843,0.3,0.23,0.6,0.26,0.8,20065.60661,1752.490333,2093.37697,
844,2.46,0.75,0.6,0.42,0.4,24083.22768,2647.623102,8769.494223,
845,1.92,0.75,0.6,0.26,0.8,21266.53455,3010.795422,10702.50708,
846,1.92,0.1,0.475,0.42,0.4,25580.16516,1240.134914,532.588153,
847,1.38,0.1,0.6,0.42,0.8,24991.2675,1342.527188,631.567199,
848,2.46,0.62,0.6,0.26,0.6,23017.01736,2520.141094,7773.491255,
849,0.3,0.49,0.1,0.18,0.6,15091.609,2271.812512,5858.964078,
850,2.46,0.75,0.6,0.1,0.8,20823.4797,2957.373094,10698.44973,
851,0.3,0.75,0.475,0.18,0.2,16952.53897,2626.299761,7808.584331,
852,0.84,0.1,0.35,0.42,0.6,22411.55087,1246.029473,564.4545755,
853,0.3,0.49,0.475,0.34,0.6,18913.63761,2409.050194,5858.964078,
854,0.84,0.75,0.1,0.42,0.4,17810.52646,2661.745832,8775.075107,
855,1.38,0.75,0.475,0.42,0.4,21324.72362,2709.398161,8773.377263,
856,1.92,0.62,0.475,0.5,0.6,23321.07795,2559.988731,7776.619042,
857,0.3,0.49,0.35,0.18,0.4,16927.85759,2191.776011,5261.525804,
858,0.84,0.23,0.225,0.1,0.4,18039.01018,1345.939999,1673.021498,
859,1.38,0.62,0.225,0.5,0.2,21248.20841,2178.877144,6219.249295,
860,1.92,0.62,0.6,0.42,0.8,23162.32025,2723.57618,8555.777214,
861,0.84,0.23,0.225,0.34,0.6,20128.14152,1512.98981,1882.871544,
862,1.92,0.1,0.6,0.5,0.4,26848.93759,1311.661493,532.588153,
863,1.92,0.36,0.6,0.34,0.4,24074.0459,1811.245266,3394.104642,
864,0.84,0.62,0.475,0.1,0.2,17987.93211,2270.319016,6220.110539,
865,0.3,0.36,0.6,0.18,0.6,18773.55935,2038.579314,3619.542089,
866,2.46,0.36,0.1,0.1,0.2,20209.07951,1409.554751,2993.942804,
867,1.92,0.1,0.475,0.18,0.2,23610.90657,1126.836753,463.0824668,
868,0.3,0.1,0.35,0.34,0.4,20374.12952,1203.05981,497.4760127,
869,0.3,0.75,0.35,0.1,0.8,14717.85544,3150.888984,10712.72117,
870,1.92,0.36,0.225,0.34,0.4,21951.5658,1679.576509,3394.104642,
871,1.38,0.75,0.6,0.34,0.4,21334.7798,2737.158197,8773.377263,
872,1.38,0.62,0.1,0.1,0.6,16375.58505,2463.895208,7779.458831,
873,0.84,0.75,0.1,0.26,0.2,16687.92992,2435.337239,7807.806912,
874,1.92,0.36,0.225,0.34,0.4,21951.5658,1679.576509,3394.104642,
875,1.38,0.36,0.475,0.1,0.2,20324.56059,1592.953336,2841.106425,
876,3,0.1,0.6,0.1,0.2,25592.57545,1137.081921,463.1467429,
877,0.3,0.23,0.475,0.42,0.2,21135.73184,1495.006656,1463.335297,
878,0.3,0.1,0.475,0.1,0.2,18951.83601,1119.172449,430.7632897,
879,2.46,0.62,0.1,0.26,0.8,19845.0786,2512.24475,8551.60683,
880,2.46,0.62,0.1,0.42,0.6,21412.97267,2387.98662,7773.491255,
881,2.46,0.1,0.225,0.1,0.8,22357.51388,1068.91478,671.7763769,
882,1.92,0.75,0.6,0.5,0.2,23995.80759,2506.746827,7806.030808,
883,2.46,0.36,0.1,0.5,0.4,23501.81103,1651.758385,3392.851679,
884,0.84,0.75,0.475,0.1,0.6,17020.85826,2942.715523,9742.343302,
885,2.46,0.23,0.1,0.1,0.8,20513.58104,1385.924016,2226.606843,
886,3,0.23,0.225,0.34,0.6,24522.619,1446.612027,2007.567767,
887,1.92,0.1,0.1,0.34,0.4,22716.06421,1072.385241,532.588153,
888,1.92,0.49,0.35,0.5,0.4,23397.63175,2071.138094,5032.242432,
889,1.92,0.23,0.35,0.34,0.4,23396.83925,1439.146479,1791.407795,
890,3,0.49,0.6,0.26,0.6,24535.09445,2178.07781,5604.977222,
891,1.92,0.23,0.35,0.1,0.2,21381.48121,1278.655581,1573.189732,
892,2.46,0.49,0.35,0.5,0.4,24411.4949,2032.872377,5030.459304,
893,0.84,0.62,0.1,0.34,0.2,17869.3565,2171.729145,6220.110539,
894,0.3,0.36,0.225,0.18,0.2,16918.09009,1620.519382,2842.027765,
895,1.92,0.36,0.1,0.1,0.2,19139.80606,1430.917622,2994.569285,
896,0.3,0.36,0.475,0.26,0.6,18824.5384,2014.632476,3619.542089,
897,3,0.36,0.225,0.34,0.2,24139.60086,1520.952298,2993.230601,
898,1.92,0.1,0.35,0.18,0.2,22911.8408,1082.258045,463.0824668,
899,2.46,0.1,0.35,0.1,0.6,23133.94328,1096.842586,602.2264778,
900,1.92,0.62,0.35,0.18,0.6,19883.13312,2487.256002,7776.619042,
901,1.38,0.49,0.35,0.18,0.8,19165.87422,2336.884924,6450.88629,
902,3,0.1,0.225,0.5,0.6,26751.2715,1191.762137,602.2866672,
903,2.46,0.62,0.6,0.26,0.8,22830.19543,2658.172958,8551.60683,
904,1.92,0.62,0.1,0.42,0.4,20638.73486,2257.8245,6997.460871,
905,1.92,0.1,0.35,0.34,0.4,24239.39407,1168.562182,532.588153,
906,2.46,0.62,0.225,0.1,0.8,19188.28438,2535.763984,8551.60683,
907,1.92,0.23,0.35,0.26,0.4,22708.84003,1412.090624,1791.407795,
908,1.92,0.62,0.35,0.26,0.2,21101.62582,2129.586615,6218.302699,
909,2.46,0.62,0.1,0.5,0.2,22571.36048,2041.458548,6217.260103,
910,3,0.62,0.225,0.34,0.8,22305.46015,2517.588521,8546.999977,
911,0.84,0.49,0.6,0.34,0.2,21356.34108,2051.180654,4663.433033,
912,3,0.23,0.35,0.18,0.4,24019.15966,1366.38084,1790.035734,
913,0.84,0.36,0.225,0.42,0.6,20105.32994,1894.537003,3618.244259,
914,1.92,0.75,0.6,0.5,0.6,23463.94129,2875.823659,9737.01499,
915,1.38,0.23,0.225,0.18,0.4,20095.23674,1348.053515,1672.61274,
916,0.84,0.1,0.35,0.42,0.6,22411.55087,1246.029473,564.4545755,
917,3,0.75,0.6,0.34,0.4,24351.40654,2599.269639,8767.269282,
918,0.84,0.62,0.35,0.1,0.8,16578.97645,2762.949196,8563.008575,
919,3,0.23,0.225,0.26,0.8,23770.90947,1476.078458,2225.099799,
920,2.46,0.62,0.225,0.1,0.6,19380.62916,2387.763801,7773.491255,
921,1.92,0.1,0.475,0.42,0.2,25638.84167,1212.662994,463.0824668,
922,1.92,0.36,0.6,0.42,0.8,24431.57156,2047.18878,4193.175355,
923,0.3,0.1,0.225,0.5,0.8,20833.62288,1282.855695,630.9014586,
924,2.46,0.36,0.1,0.1,0.8,19685.93992,1754.660647,4190.66943,
925,1.38,0.23,0.475,0.42,0.8,23422.0302,1665.431063,2091.904074,
926,0.3,0.62,0.6,0.18,0.6,17627.34963,2755.342708,7784.394805,
927,0.3,0.62,0.225,0.34,0.6,16863.25208,2660.228915,7784.394805,
928,1.38,0.23,0.6,0.5,0.2,25063.10648,1511.150195,1462.967073,
929,0.84,0.49,0.1,0.26,0.2,17660.75829,1851.054512,4663.433033,
930,0.84,0.36,0.35,0.34,0.2,20539.80303,1660.696319,2841.595155,
931,0.3,0.62,0.225,0.42,0.4,17778.17127,2495.495334,7002.644712,
932,0.3,0.75,0.225,0.42,0.8,16822.27545,3110.398624,10712.72117,
933,1.38,0.75,0.1,0.5,0.2,19962.46984,2398.66229,7806.95799,
934,0.84,0.23,0.35,0.42,0.2,21820.50017,1417.286611,1463.171452,
935,1.92,0.75,0.35,0.1,0.4,18862.45734,2594.579388,8771.522899,
936,1.38,0.23,0.475,0.18,0.4,21568.61594,1442.239804,1672.61274,
937,0.3,0.62,0.225,0.1,0.6,14623.15868,2654.622341,7784.394805,
938,2.46,0.75,0.1,0.5,0.8,21295.03183,2847.688692,10698.44973,
939,1.92,0.62,0.35,0.34,0.4,21540.42806,2330.892647,6997.460871,
940,1.92,0.49,0.6,0.26,0.4,22782.73634,2100.239773,5032.242432,
941,1.92,0.23,0.475,0.5,0.4,25384.18485,1533.617665,1791.407795,
942,1.38,0.1,0.6,0.18,0.4,23047.42472,1207.098153,497.8088828,
943,3,0.75,0.475,0.26,0.6,22740.10241,2741.099255,9730.634564,
944,0.84,0.23,0.475,0.18,0.6,20169.29505,1555.650019,1882.871544,
945,0.84,0.1,0.6,0.34,0.6,23107.42465,1306.6539,564.4545755,
946,1.92,0.75,0.225,0.42,0.4,20941.20458,2584.313127,8771.522899,
947,3,0.49,0.6,0.1,0.8,22942.38232,2258.506357,6181.481717,
948,1.92,0.1,0.225,0.18,0.4,22103.87035,1061.70704,532.588153,
949,2.46,0.1,0.6,0.26,0.4,25967.25842,1225.596975,532.6765788,
950,1.38,0.1,0.1,0.1,0.6,19296.94557,1010.556267,564.6880409,
951,1.38,0.62,0.6,0.42,0.4,22492.26237,2472.072694,6999.354063,
952,1.92,0.62,0.6,0.18,0.4,21523.93021,2383.817396,6997.460871,
953,1.38,0.36,0.6,0.18,0.8,21266.76409,2020.003761,4004.61389,
954,3,0.49,0.35,0.34,0.4,24057.67059,1967.332771,5028.472727,
955,1.92,0.36,0.6,0.42,0.8,24431.57156,2047.18878,4193.175355,
956,0.84,0.49,0.35,0.26,0.4,19041.74115,2122.772489,5260.216808,
957,3,0.62,0.1,0.34,0.8,21492.64317,2478.470286,8546.999977,
958,1.92,0.75,0.6,0.26,0.2,22015.34901,2475.963812,7806.030808,
959,1.92,0.75,0.6,0.42,0.4,23085.884,2691.594693,8771.522899,
960,0.3,0.36,0.475,0.18,0.4,18249.67752,1859.4863,3230.784927,
961,2.46,0.36,0.35,0.1,0.2,21783.02315,1506.884293,2993.942804,
962,3,0.62,0.1,0.5,0.4,23240.61058,2202.959774,6993.072253,
963,3,0.49,0.6,0.34,0.2,25647.61902,1900.303851,4451.968231,
964,0.84,0.23,0.475,0.26,0.6,20899.17573,1581.32085,1882.871544,
965,0.84,0.62,0.225,0.1,0.6,15988.25497,2574.284151,7782.042563,
966,0.3,0.62,0.225,0.1,0.2,15087.1639,2268.487538,6220.89462,
967,2.46,0.23,0.6,0.26,0.4,25116.67068,1489.994401,1790.789256,
968,1.38,0.1,0.225,0.5,0.2,23707.32691,1151.290784,430.9297248,
969,1.92,0.36,0.1,0.18,0.8,19384.83866,1813.732142,4193.175355,
970,3,0.1,0.6,0.5,0.2,28892.53468,1280.59954,463.1467429,
971,2.46,0.23,0.1,0.26,0.8,21994.23834,1439.103747,2226.606843,
972,3,0.49,0.6,0.18,0.6,23830.23133,2160.587595,5604.977222,
973,1.92,0.23,0.35,0.26,0.2,22845.0704,1337.339757,1573.189732,
974,2.46,0.62,0.6,0.34,0.6,23699.41948,2530.518458,7773.491255,
975,0.3,0.62,0.475,0.5,0.2,20168.62536,2395.504067,6220.89462,
976,1.38,0.1,0.475,0.42,0.2,24497.49378,1216.257659,430.9297248,
977,0.3,0.62,0.6,0.1,0.8,16663.05315,2906.033468,8566.144897,
978,3,0.62,0.225,0.26,0.2,22318.02165,2005.939094,6216.10839,
979,0.3,0.1,0.6,0.5,0.6,23004.558,1384.763997,564.1887356,
980,0.84,0.1,0.225,0.5,0.8,22261.12232,1255.359261,631.2559117,
981,1.38,0.49,0.6,0.18,0.8,20578.70197,2410.954056,6450.88629,
982,0.84,0.49,0.225,0.26,0.8,17881.99831,2378.550745,6453.784358,
983,2.46,0.49,0.6,0.26,0.4,23805.04238,2063.008648,5030.459304,
984,0.3,0.49,0.1,0.18,0.6,15091.609,2271.812512,5858.964078,
985,3,0.75,0.6,0.26,0.2,23958.13757,2388.167296,7803.904,
986,0.3,0.36,0.35,0.42,0.8,19344.15698,2119.577327,4008.299251,
987,3,0.23,0.35,0.1,0.6,23142.34911,1410.027319,2007.567767,
988,0.84,0.75,0.475,0.26,0.6,18506.34886,2941.449169,9742.343302,
989,2.46,0.62,0.6,0.34,0.8,23512.47931,2667.210802,8551.60683,
990,1.38,0.75,0.6,0.5,0.6,22384.03519,2924.231891,9739.796535,
991,0.3,0.36,0.225,0.26,0.4,17487.7841,1786.793947,3230.784927,
992,2.46,0.23,0.1,0.26,0.6,22075.92315,1378.959244,2008.69805,
993,2.46,0.1,0.225,0.34,0.4,24566.90997,1117.592192,532.6765788,
994,0.3,0.75,0.35,0.42,0.6,17829.21976,2976.532056,9744.675557,
995,3,0.49,0.225,0.42,0.2,24204.3573,1791.734432,4451.968231,
996,2.46,0.75,0.6,0.1,0.4,21294.44907,2615.368058,8769.494223,
997,3,0.75,0.1,0.1,0.4,19227.78275,2417.809327,8767.269282,
998,2.46,0.75,0.6,0.5,0.2,24992.43969,2463.869912,7805.01647,
999,3,0.1,0.225,0.34,0.8,25467.71865,1150.839516,671.8566294,
1000,0.84,0.1,0.6,0.42,0.6,23769.36277,1336.177241,564.4545755,
1001,2.46,0.62,0.35,0.34,0.2,22815.84093,2104.553591,6217.260103,
1002,3,0.49,0.225,0.5,0.4,24604.75072,1967.657027,5028.472727,
1003,1.38,0.62,0.1,0.5,0.2,20440.29406,2132.43715,6219.249295,
1004,1.92,0.23,0.6,0.5,0.8,25825.63127,1708.75065,2227.843922,
1005,1.38,0.1,0.35,0.18,0.2,21741.78321,1084.512021,430.9297248,
1006,0.3,0.23,0.6,0.1,0.2,18929.74504,1433.14358,1463.335297,
1007,1.38,0.1,0.475,0.42,0.4,24437.44241,1248.515118,497.8088828,
1008,3,0.23,0.35,0.26,0.8,24514.4551,1519.193558,2225.099799,
1009,1.92,0.62,0.225,0.18,0.6,19108.50903,2448.642503,7776.619042,
1010,3,0.62,0.35,0.26,0.8,22378.05445,2545.457285,8546.999977,
1011,2.46,0.23,0.6,0.1,0.6,23545.69983,1509.169726,2008.69805,
1012,1.38,0.62,0.475,0.42,0.6,21587.19615,2603.012699,7779.458831,
1013,1.92,0.49,0.6,0.1,0.2,21543.24699,1901.529783,4453.853084,
1014,1.38,0.36,0.35,0.26,0.4,20906.49472,1724.281086,3228.942246,
1015,0.3,0.23,0.225,0.5,0.6,20072.282,1602.043629,1883.363079,
1016,0.3,0.36,0.225,0.26,0.2,17668.05572,1643.300388,2842.027765,
1017,1.92,0.62,0.6,0.26,0.2,22489.41521,2211.091307,6218.302699,
1018,2.46,0.36,0.1,0.1,0.6,19816.05129,1656.375402,3791.760555,
1019,3,0.36,0.475,0.26,0.6,24527.19418,1815.289594,3789.623947,
1020,0.84,0.49,0.225,0.1,0.4,16749.75073,2052.795529,5260.216808,
1021,2.46,0.23,0.225,0.42,0.8,24143.34785,1537.311868,2226.606843,
1022,0.3,0.62,0.1,0.26,0.4,15530.85331,2442.599045,7002.644712,
1023,0.84,0.75,0.35,0.18,0.4,17294.25524,2724.947142,8775.075107,
1024,0.3,0.36,0.35,0.26,0.6,18096.42866,1972.150591,3619.542089,
1025,1.92,0.1,0.225,0.42,0.2,24220.82102,1121.810764,463.0824668,
1026,1.38,0.1,0.475,0.5,0.4,25068.676,1275.646018,497.8088828,
1027,2.46,0.49,0.6,0.34,0.2,24708.05576,1925.476147,4452.96152,
1028,1.92,0.75,0.1,0.26,0.2,19033.96536,2315.011087,7806.030808,
1029,2.46,0.36,0.475,0.34,0.8,24138.79809,1954.402321,4190.66943,
1030,1.38,0.49,0.35,0.34,0.8,20597.01164,2358.558194,6450.88629,
1031,0.3,0.75,0.1,0.1,0.2,13791.91253,2509.399788,7808.584331,
1032,0.3,0.36,0.35,0.34,0.6,18810.28885,1989.284055,3619.542089,
1033,0.3,0.75,0.6,0.18,0.4,17384.50487,2861.073967,8776.629944,
1034,0.3,0.62,0.225,0.26,0.6,16148.4647,2656.550437,7784.394805,
1035,1.38,0.62,0.6,0.18,0.4,20413.89564,2441.897884,6999.354063,
1036,1.38,0.75,0.6,0.34,0.8,20860.36435,3064.340773,10706.21581,
1037,0.84,0.75,0.6,0.34,0.2,20404.43836,2597.866197,7807.806912,
1038,0.84,0.36,0.6,0.18,0.8,20014.4739,2080.246716,4006.568812,
1039,2.46,0.23,0.6,0.42,0.4,26437.05818,1541.640546,1790.789256,
1040,0.84,0.36,0.1,0.1,0.4,16526.90532,1629.210784,3229.919707,
1041,2.46,0.23,0.6,0.26,0.4,25116.67068,1489.994401,1790.789256,
1042,0.3,0.36,0.6,0.18,0.6,18773.55935,2038.579314,3619.542089,
1043,0.3,0.75,0.1,0.42,0.4,16469.7999,2732.099011,8776.629944,
1044,3,0.75,0.1,0.42,0.2,22372.28867,2250.220403,7803.904,
1045,0.84,0.75,0.475,0.42,0.6,19876.26665,2945.604261,9742.343302,
1046,2.46,0.62,0.225,0.18,0.4,20380.10373,2217.958957,6995.375679,
1047,3,0.49,0.225,0.42,0.6,23751.93048,2092.738897,5604.977222,
1048,3,0.23,0.225,0.1,0.4,22534.20357,1291.614346,1790.035734,
1049,0.3,0.49,0.6,0.34,0.4,19791.56079,2292.00479,5261.525804,
1050,3,0.75,0.6,0.34,0.8,23880.74331,2927.979322,10693.99985,
1051,1.92,0.62,0.225,0.5,0.2,22354.61481,2130.232195,6218.302699,
1052,1.92,0.23,0.1,0.42,0.6,22387.62677,1444.448745,2009.625859,
1053,0.84,0.75,0.6,0.1,0.6,17716.22776,2969.949337,9742.343302,
1054,2.46,0.23,0.35,0.26,0.2,23897.09204,1330.807822,1572.880462,
1055,1.92,0.36,0.35,0.42,0.2,23552.68017,1629.050112,2994.569285,
1056,2.46,0.49,0.35,0.1,0.6,20741.81042,2098.249065,5607.957088,
1057,0.3,0.49,0.35,0.42,0.2,19281.92175,2050.473901,4664.087531,
1058,0.84,0.49,0.475,0.5,0.4,21791.13839,2204.456159,5260.216808,
1059,3,0.36,0.225,0.42,0.8,24300.51202,1860.013982,4187.820619,
1060,0.84,0.75,0.1,0.1,0.6,14634.86959,2846.223993,9742.343302,
1061,1.38,0.36,0.35,0.42,0.6,22101.23514,1892.372302,3616.778068,
1062,0.3,0.23,0.225,0.18,0.2,17518.57803,1320.458737,1463.335297,
1063,0.3,0.1,0.1,0.34,0.2,18877.93163,1064.292981,430.7632897,
1064,0.84,0.36,0.225,0.34,0.6,19422.46213,1875.822706,3618.244259,
1065,0.3,0.1,0.475,0.18,0.6,19584.27425,1226.244811,564.1887356,
1066,2.46,0.23,0.35,0.42,0.8,24882.6253,1583.628209,2226.606843,
1067,3,0.23,0.475,0.18,0.8,24510.69354,1538.762634,2225.099799,
1068,2.46,0.49,0.1,0.1,0.4,19363.16649,1846.165615,5030.459304,
1069,0.3,0.75,0.1,0.1,0.8,13060.60565,3097.779598,10712.72117,
1070,1.92,0.62,0.475,0.18,0.6,20608.54189,2523.938717,7776.619042,
1071,1.92,0.62,0.225,0.42,0.8,21012.86646,2617.218689,8555.777214,
1072,2.46,0.36,0.475,0.18,0.6,22864.94089,1815.345492,3791.760555,
1073,0.84,0.62,0.1,0.5,0.8,18519.74889,2705.939516,8563.008575,
1074,3,0.75,0.6,0.26,0.2,23958.13757,2388.167296,7803.904,
1075,2.46,0.75,0.475,0.1,0.4,20611.88429,2581.136234,8769.494223,
1076,3,0.75,0.6,0.18,0.4,22967.27101,2579.463839,8767.269282,
1077,3,0.1,0.35,0.42,0.4,26908.87778,1189.93344,532.716705,
1078,0.84,0.1,0.225,0.1,0.2,18922.96754,1009.429955,430.851903,
1079,2.46,0.36,0.225,0.42,0.6,23470.31933,1793.192431,3791.760555,
1080,3,0.62,0.35,0.34,0.2,23755.64768,2071.501886,6216.10839,
1081,3,0.1,0.225,0.26,0.6,24815.85638,1105.894929,602.2866672,
1082,0.84,0.75,0.1,0.1,0.2,15161.55861,2426.225375,7807.806912,
1083,0.84,0.62,0.475,0.1,0.2,17987.93211,2270.319016,6220.110539,
1084,3,0.1,0.6,0.1,0.6,25477.85694,1179.836726,602.2866672,
1085,3,0.1,0.225,0.18,0.6,24115.88555,1076.058619,602.2866672,
1086,1.38,0.1,0.6,0.18,0.4,23047.42472,1207.098153,497.8088828,
1087,1.92,0.36,0.6,0.34,0.6,23899.64565,1933.642629,3793.639999,
1088,1.38,0.1,0.475,0.34,0.2,23841.61537,1188.724487,430.9297248,
1089,3,0.49,0.6,0.42,0.2,26295.19652,1927.424962,4451.968231,
1090,0.84,0.75,0.1,0.1,0.4,14886.63177,2652.831784,8775.075107,
1091,0.3,0.23,0.6,0.5,0.6,22206.71116,1735.91585,1883.363079,
1092,1.92,0.75,0.475,0.1,0.8,19118.17707,2979.425929,10702.50708,
1093,3,0.49,0.35,0.42,0.4,24713.94911,1992.780326,5028.472727,
1094,1.92,0.75,0.475,0.26,0.6,20802.81765,2827.708881,9737.01499,
1095,2.46,0.62,0.225,0.18,0.8,19944.18198,2543.418725,8551.60683,
1096,3,0.36,0.225,0.18,0.2,22744.29859,1471.634059,2993.230601,
1097,3,0.23,0.6,0.18,0.8,25172.25712,1580.425762,2225.099799,
1098,0.84,0.75,0.35,0.34,0.6,18477.12612,2910.947453,9742.343302,
1099,1.92,0.75,0.35,0.5,0.2,22625.2233,2431.892973,7806.030808,
1100,1.38,0.1,0.475,0.42,0.8,24337.25038,1299.84835,631.567199,
1101,0.84,0.62,0.475,0.1,0.4,17745.12634,2469.453192,7001.076551,
1102,2.46,0.1,0.6,0.26,0.2,26025.5377,1195.496155,463.1266797,
1103,0.3,0.49,0.35,0.34,0.2,18597.21119,2036.012767,4664.087531,
1104,2.46,0.1,0.35,0.1,0.8,23104.7818,1115.802557,671.7763769,
1105,0.84,0.23,0.475,0.18,0.8,20064.61554,1633.280585,2092.72159,
1106,0.84,0.23,0.1,0.34,0.6,19314.76147,1463.170303,1882.871544,
1107,2.46,0.23,0.35,0.5,0.6,25589.82172,1548.587124,2008.69805,
1108,0.84,0.36,0.225,0.18,0.8,17821.7527,1956.346482,4006.568812,
1109,0.3,0.1,0.35,0.18,0.8,18802.79559,1216.360645,630.9014586,
1110,2.46,0.49,0.475,0.26,0.6,22924.36339,2170.956523,5607.957088,
1111,1.92,0.62,0.6,0.18,0.6,21290.4133,2558.957367,7776.619042,
1112,0.3,0.62,0.225,0.18,0.4,15627.53346,2479.784534,7002.644712,
1113,0.84,0.23,0.225,0.26,0.6,19418.87906,1487.918053,1882.871544,
1114,3,0.1,0.6,0.42,0.4,28228.10422,1280.344424,532.716705,
1115,2.46,0.1,0.35,0.1,0.4,23191.08019,1076.51462,532.6765788,
1116,1.38,0.75,0.475,0.26,0.6,19706.46976,2880.302891,9739.796535,
1117,3,0.1,0.475,0.18,0.8,25524.67238,1183.570836,671.8566294,
1118,1.38,0.62,0.475,0.34,0.8,20721.33671,2738.4349,8559.563598,
1119,0.3,0.23,0.35,0.42,0.6,20171.59109,1626.153395,1883.363079,
1120,1.92,0.23,0.35,0.5,0.8,24475.08561,1625.954445,2227.843922,
1121,2.46,0.23,0.6,0.1,0.4,23681.7151,1434.756665,1790.789256,
1122,1.92,0.1,0.6,0.42,0.2,26286.08505,1256.774077,463.0824668,
1123,0.3,0.62,0.35,0.34,0.8,17436.68769,2845.218406,8566.144897,
1124,3,0.75,0.35,0.26,0.6,22023.79157,2706.349272,9730.634564,
1125,3,0.36,0.225,0.18,0.2,22744.29859,1471.634059,2993.230601,
1126,0.3,0.36,0.475,0.18,0.8,17935.9439,2117.602428,4008.299251,
1127,1.38,0.1,0.35,0.26,0.6,22337.52686,1171.462312,564.6880409,
1128,0.3,0.75,0.6,0.5,0.8,19661.06232,3187.733169,10712.72117,
1129,3,0.36,0.1,0.1,0.2,21191.90166,1393.274462,2993.230601,
1130,1.92,0.23,0.225,0.42,0.6,23181.91995,1492.73345,2009.625859,
1131,0.3,0.1,0.475,0.34,0.4,21082.82344,1250.574737,497.4760127,
1132,0.84,0.1,0.6,0.5,0.6,24405.5468,1362.544919,564.4545755,
1133,3,0.1,0.475,0.1,0.4,24878.5548,1118.794646,532.716705,
1134,0.84,0.1,0.35,0.18,0.2,20444.18477,1090.606715,430.851903,
1135,1.38,0.62,0.475,0.18,0.8,19301.53807,2729.720205,8559.563598,
1136,0.3,0.49,0.35,0.42,0.6,18870.33664,2377.946989,5858.964078,
1137,1.92,0.36,0.1,0.18,0.6,19521.17831,1709.492202,3793.639999,
1138,1.92,0.62,0.475,0.26,0.2,21816.65577,2171.713636,6218.302699,
1139,0.3,0.49,0.1,0.18,0.2,15512.86023,1909.818268,4664.087531,
1140,1.38,0.1,0.1,0.26,0.2,20915.27939,1016.52423,430.9297248,
1141,1.38,0.62,0.225,0.18,0.6,17988.84382,2507.898481,7779.458831,
1142,1.38,0.62,0.225,0.18,0.4,18226.12682,2326.796693,6999.354063,
1143,1.92,0.62,0.35,0.26,0.8,20412.76467,2640.318177,8555.777214,
1144,1.38,0.49,0.6,0.18,0.4,20950.79675,2127.214305,5258.767774,
1145,0.3,0.1,0.475,0.34,0.4,21082.82344,1250.574737,497.4760127,
1146,0.3,0.1,0.1,0.18,0.2,17412.17481,1001.647601,430.7632897,
1147,0.3,0.23,0.1,0.26,0.6,17174.43506,1480.591986,1883.363079,
1148,3,0.23,0.1,0.5,0.4,25165.29102,1382.397622,1790.035734,
1149,0.84,0.36,0.475,0.42,0.4,21749.15035,1857.283738,3229.919707,
1150,0.84,0.1,0.225,0.1,0.2,18922.96754,1009.429955,430.851903,
1151,1.38,0.49,0.1,0.5,0.8,20344.02513,2300.546607,6450.88629,
1152,0.84,0.1,0.1,0.1,0.8,17910.93356,1054.925235,631.2559117,
1153,0.84,0.75,0.225,0.34,0.6,17700.48961,2877.550287,9742.343302,
1154,1.92,0.62,0.1,0.5,0.4,21289.9642,2270.283312,6997.460871,
1155,1.38,0.75,0.475,0.5,0.8,21488.21303,3044.931465,10706.21581,
1156,3,0.23,0.225,0.26,0.2,24125.13468,1278.233042,1572.503701,
1157,2.46,0.23,0.475,0.18,0.2,23889.48952,1345.256589,1572.880462,
1158,0.3,0.75,0.35,0.1,0.8,14717.85544,3150.888984,10712.72117,
1159,3,0.62,0.475,0.5,0.8,25060.06754,2622.450576,8546.999977,
1160,0.3,0.49,0.225,0.26,0.4,16891.16392,2158.209696,5261.525804,
1161,0.3,0.23,0.475,0.42,0.6,20885.35018,1671.71684,1883.363079,
1162,3,0.1,0.225,0.18,0.4,24172.78221,1058.377561,532.716705,
1163,2.46,0.23,0.6,0.18,0.4,24414.6483,1463.287133,1790.789256,
1164,3,0.49,0.475,0.26,0.8,23715.14612,2251.52016,6181.481717,
1165,1.92,0.36,0.475,0.26,0.4,22721.66383,1747.454546,3394.104642,
1166,0.84,0.75,0.475,0.18,0.4,18028.3981,2758.893163,8775.075107,
1167,1.92,0.49,0.1,0.34,0.8,20132.03179,2225.279994,6189.021128,
1168,2.46,0.23,0.475,0.18,0.6,23615.62176,1493.073974,2008.69805,
1169,0.84,0.49,0.6,0.42,0.4,21816.20326,2230.270805,5260.216808,
1170,0.3,0.62,0.35,0.18,0.8,15989.74533,2843.304094,8566.144897,
1171,0.84,0.75,0.6,0.42,0.4,20806.16924,2803.059583,8775.075107,
1172,2.46,0.36,0.475,0.26,0.6,23577.34306,1837.282403,3791.760555,
1173,3,0.75,0.475,0.5,0.8,24494.6577,2922.884444,10693.99985,
1174,0.84,0.1,0.475,0.34,0.2,22567.28029,1196.946004,430.851903,
1175,0.3,0.75,0.475,0.34,0.8,17655.14961,3165.847209,10712.72117,
1176,0.3,0.23,0.225,0.34,0.6,18721.52413,1555.219738,1883.363079,
1177,3,0.1,0.475,0.26,0.4,26289.61301,1177.724994,532.716705,
1178,0.84,0.75,0.6,0.34,0.8,19664.55177,3121.820453,10709.6115,
1179,3,0.1,0.6,0.42,0.8,28157.56138,1314.391797,671.8566294,
1180,2.46,0.75,0.225,0.5,0.4,22591.57758,2547.500613,8769.494223,
1181,1.92,0.36,0.475,0.34,0.2,23592.23163,1650.93573,2994.569285,
1182,2.46,0.23,0.475,0.18,0.6,23615.62176,1493.073974,2008.69805,
1183,2.46,0.1,0.475,0.5,0.8,27165.52934,1302.302131,671.7763769,
1184,0.3,0.75,0.225,0.5,0.8,17479.19424,3110.012354,10712.72117,
1185,2.46,0.62,0.225,0.26,0.2,21368.68678,2042.974609,6217.260103,
1186,2.46,0.23,0.475,0.18,0.2,23889.48952,1345.256589,1572.880462,
1187,1.92,0.49,0.1,0.26,0.8,19426.51561,2212.098086,6189.021128,
1188,0.84,0.36,0.35,0.18,0.4,18918.24226,1749.589864,3229.919707,
1189,1.38,0.75,0.35,0.18,0.2,18785.91335,2447.174804,7806.95799,
1190,3,0.62,0.6,0.1,0.2,23004.81062,2102.539439,6216.10839,
1191,0.3,0.36,0.35,0.5,0.2,20495.51273,1756.140555,2842.027765,
1192,3,0.49,0.225,0.26,0.6,22401.87951,2058.063369,5604.977222,
1193,1.38,0.75,0.475,0.42,0.8,20846.25287,3041.529985,10706.21581,
1194,0.3,0.75,0.225,0.1,0.4,14384.82263,2767.698568,8776.629944,
1195,1.38,0.49,0.35,0.18,0.4,19546.33948,2046.684649,5258.767774,
1196,3,0.62,0.35,0.18,0.2,22359.21393,2036.975529,6216.10839,
1197,0.84,0.49,0.475,0.18,0.8,18657.60641,2446.864805,6453.784358,
1198,2.46,0.1,0.1,0.5,0.4,25070.59393,1123.924164,532.6765788,
1199,0.84,0.23,0.35,0.1,0.8,18573.62119,1563.711991,2092.72159,
1200,0.3,0.75,0.475,0.1,0.6,15684.97775,3012.807647,9744.675557,
1201,0.84,0.62,0.35,0.5,0.6,20315.19005,2634.922549,7782.042563,
1202,3,0.75,0.35,0.18,0.8,21096.83249,2855.786703,10693.99985,
1203,0.84,0.1,0.6,0.42,0.2,23888.31762,1270.46118,430.851903,
1204,2.46,0.62,0.6,0.5,0.4,25220.16844,2389.572935,6995.375679,
1205,0.3,0.36,0.35,0.34,0.4,18977.1067,1852.753123,3230.784927,
1206,0.3,0.62,0.225,0.1,0.2,15087.1639,2268.487538,6220.89462,
1207,1.92,0.49,0.475,0.18,0.8,21017.63724,2320.658442,6189.021128,
1208,1.38,0.75,0.475,0.42,0.4,21324.72362,2709.398161,8773.377263,
1209,0.3,0.23,0.35,0.42,0.8,20058.52881,1711.825501,2093.37697,
1210,0.3,0.1,0.6,0.1,0.2,19630.69904,1165.762877,430.7632897,
1211,3,0.49,0.225,0.18,0.4,21903.57142,1882.193395,5028.472727,
1212,0.3,0.36,0.225,0.34,0.4,18206.78062,1806.286946,3230.784927,
1213,0.84,0.75,0.6,0.42,0.8,20331.93851,3123.673497,10709.6115,
1214,0.84,0.75,0.35,0.5,0.6,19802.25353,2916.685147,9742.343302,
1215,0.84,0.62,0.225,0.5,0.6,19549.53764,2597.59716,7782.042563,
1216,3,0.1,0.35,0.26,0.2,25662.44852,1111.048728,463.1467429,
1217,1.92,0.36,0.475,0.5,0.4,24705.59364,1813.633972,3394.104642,
1218,3,0.23,0.35,0.5,0.2,26804.18649,1406.898871,1572.503701,
1219,1.92,0.1,0.475,0.34,0.6,24875.81212,1238.641871,602.0938391,
1220,3,0.1,0.1,0.42,0.6,25359.63061,1114.55735,602.2866672,
1221,2.46,0.49,0.35,0.26,0.2,22656.1787,1819.598303,4452.96152,
1222,0.84,0.23,0.6,0.5,0.6,23578.3756,1693.285676,1882.871544,
1223,3,0.75,0.6,0.18,0.8,22497.78357,2916.24386,10693.99985,
1224,2.46,0.62,0.225,0.26,0.6,20860.83406,2407.832938,7773.491255,
1225,0.3,0.36,0.6,0.34,0.4,20376.72706,1943.040642,3230.784927,
1226,0.3,0.62,0.225,0.26,0.6,16148.4647,2656.550437,7784.394805,
1227,3,0.75,0.35,0.1,0.6,20565.55866,2693.793612,9730.634564,
1228,0.84,0.62,0.35,0.18,0.8,17344.8148,2763.607384,8563.008575,
1229,0.3,0.1,0.35,0.5,0.8,21582.07564,1331.58682,630.9014586,
1230,3,0.1,0.475,0.26,0.2,26348.25405,1153.683104,463.1467429,
1231,2.46,0.62,0.475,0.18,0.6,21628.21608,2474.214706,7773.491255,
1232,1.92,0.62,0.35,0.18,0.4,20121.45608,2307.520508,6997.460871,
1233,2.46,0.23,0.35,0.34,0.2,24576.81482,1356.706353,1572.880462,
1234,0.3,0.1,0.35,0.34,0.4,20374.12952,1203.05981,497.4760127,
1235,1.92,0.23,0.6,0.18,0.2,23499.74485,1399.371815,1573.189732,
1236,0.3,0.1,0.1,0.18,0.8,17208.42309,1113.26832,630.9014586,
1237,0.3,0.36,0.6,0.34,0.6,20214.25311,2070.962581,3619.542089,
1238,1.92,0.36,0.1,0.5,0.8,22151.98246,1892.994889,4193.175355,
1239,3,0.75,0.6,0.42,0.4,25002.41433,2618.099515,8767.269282,
1240,1.38,0.1,0.475,0.26,0.2,23158.50274,1158.987728,430.9297248,
1241,1.92,0.36,0.225,0.34,0.6,21769.52058,1800.542149,3793.639999,
1242,0.84,0.36,0.6,0.34,0.6,21581.40394,2007.492398,3618.244259,
1243,0.84,0.49,0.225,0.42,0.6,19456.11031,2261.454478,5857.000583,
1244,3,0.49,0.35,0.5,0.6,25131.66079,2159.044713,5604.977222,
1245,1.38,0.1,0.35,0.42,0.2,23805.64631,1172.206481,430.9297248,
1246,0.3,0.23,0.1,0.18,0.2,16687.38098,1265.301802,1463.335297,
1247,0.3,0.36,0.475,0.34,0.8,19384.38208,2146.007091,4008.299251,
1248,0.84,0.1,0.225,0.18,0.4,19620.25778,1075.165614,497.6532392,
1249,1.92,0.36,0.225,0.42,0.2,22808.32023,1582.929963,2994.569285,
1250,1.92,0.36,0.225,0.18,0.6,20342.82649,1757.400862,3793.639999,
1251,2.46,0.75,0.6,0.5,0.4,24713.89075,2656.959721,8769.494223,
1252,3,0.1,0.225,0.42,0.6,26131.44423,1161.821118,602.2866672,
1253,1.92,0.75,0.225,0.34,0.4,20269.90057,2577.92519,8771.522899,
1254,1.38,0.62,0.35,0.42,0.8,20670.39502,2709.696717,8559.563598,
1255,3,0.49,0.225,0.1,0.2,21395.65649,1701.287357,4451.968231,
1256,1.38,0.36,0.35,0.26,0.6,20729.71077,1851.59514,3616.778068,
1257,0.3,0.1,0.475,0.26,0.2,20446.71655,1184.453217,430.7632897,
1258,2.46,0.62,0.475,0.26,0.6,22342.76036,2484.464476,7773.491255,
1259,1.38,0.49,0.6,0.26,0.8,21300.43589,2422.404367,6450.88629,
1260,0.84,0.36,0.225,0.34,0.2,19779.6346,1612.882271,2841.595155,
1261,2.46,0.49,0.225,0.34,0.4,22361.47643,1951.007335,5030.459304,
1262,1.92,0.36,0.6,0.18,0.4,22676.55743,1765.446728,3394.104642,
1263,2.46,0.62,0.475,0.5,0.2,24812.70107,2176.875907,6217.260103,
1264,0.3,0.62,0.225,0.26,0.2,16618.34515,2284.367463,6220.89462,
1265,1.38,0.62,0.1,0.1,0.8,16175.61479,2619.905054,8559.563598,
1266,1.38,0.62,0.6,0.1,0.2,19907.02523,2238.509938,6219.249295,
1267,3,0.23,0.6,0.18,0.8,25172.25712,1580.425762,2225.099799,
1268,1.38,0.36,0.35,0.26,0.6,20729.71077,1851.59514,3616.778068,
1269,1.92,0.23,0.35,0.34,0.6,23262.78593,1515.870628,2009.625859,
1270,0.84,0.23,0.225,0.34,0.2,20392.91282,1343.206144,1463.171452,
1271,3,0.23,0.225,0.18,0.8,23060.04994,1448.264759,2225.099799,
1272,2.46,0.75,0.35,0.34,0.6,21780.06343,2752.836558,9733.971976,
1273,2.46,0.1,0.6,0.34,0.4,26632.34682,1252.090763,532.6765788,
1274,0.84,0.49,0.475,0.5,0.4,21791.13839,2204.456159,5260.216808,
1275,3,0.1,0.475,0.18,0.4,25599.18379,1148.991337,532.716705,
1276,1.92,0.62,0.225,0.1,0.2,18848.30118,2055.822641,6218.302699,
1277,1.92,0.23,0.6,0.1,0.2,22761.0862,1370.108294,1573.189732,
1278,3,0.36,0.6,0.18,0.4,24668.39524,1719.639129,3391.427274,
1279,0.84,0.1,0.475,0.34,0.4,22504.47742,1231.633681,497.6532392,
1280,3,0.62,0.475,0.1,0.8,21642.58876,2563.214233,8546.999977,
1281,3,0.62,0.35,0.5,0.4,24782.71958,2288.0071,6993.072253,
1282,1.38,0.1,0.475,0.42,0.2,24497.49378,1216.257659,430.9297248,
1283,0.3,0.23,0.225,0.34,0.8,18605.81304,1641.909795,2093.37697,
1284,0.84,0.49,0.1,0.34,0.4,18154.28762,2043.00619,5260.216808,
1285,1.92,0.75,0.35,0.5,0.2,22625.2233,2431.892973,7806.030808,
1286,0.84,0.75,0.35,0.5,0.4,20056.93573,2739.673784,8775.075107,
1287,0.3,0.75,0.35,0.42,0.2,18345.98596,2603.478295,7808.584331,
1288,1.92,0.1,0.6,0.18,0.8,24116.34285,1245.314344,671.5995253,
1289,0.3,0.75,0.475,0.34,0.2,18391.51106,2635.862185,7808.584331,
1290,0.84,0.23,0.475,0.1,0.2,19670.05476,1356.061185,1463.171452,
1291,1.38,0.23,0.1,0.26,0.2,20155.2748,1245.386358,1462.967073,
1292,2.46,0.1,0.1,0.26,0.6,23045.82872,1060.511803,602.2264778,
1293,1.92,0.49,0.1,0.42,0.6,20978.48838,2114.69761,5610.63178,
1294,1.38,0.23,0.1,0.5,0.8,21819.0295,1548.505169,2091.904074,
1295,1.38,0.62,0.35,0.34,0.6,20197.67872,2559.498289,7779.458831,
1296,1.38,0.75,0.1,0.1,0.4,16117.09143,2579.898076,8773.377263,
1297,3,0.1,0.475,0.34,0.6,26898.04229,1223.409516,602.2866672,
1298,2.46,0.62,0.6,0.18,0.8,22119.52879,2650.087207,8551.60683,
1299,1.38,0.75,0.35,0.42,0.8,20125.14658,3011.835287,10706.21581,
1300,0.84,0.62,0.225,0.42,0.8,18687.67692,2739.411234,8563.008575,
1301,1.38,0.62,0.6,0.1,0.2,19907.02523,2238.509938,6219.249295,
1302,2.46,0.36,0.475,0.18,0.8,22742.04799,1912.873203,4190.66943,
1303,0.84,0.62,0.6,0.26,0.4,19921.87112,2518.85704,7001.076551,
1304,0.84,0.1,0.6,0.5,0.6,24405.5468,1362.544919,564.4545755,
1305,0.3,0.75,0.225,0.18,0.8,14692.19801,3120.275525,10712.72117,
1306,1.92,0.1,0.6,0.42,0.6,26174.20986,1308.2579,602.0938391,
1307,3,0.36,0.35,0.18,0.4,23297.91738,1634.696977,3391.427274,
1308,1.38,0.36,0.6,0.42,0.6,23477.06617,1978.130573,3616.778068,
1309,0.3,0.1,0.225,0.1,0.4,17388.21453,1058.683603,497.4760127,
1310,3,0.23,0.1,0.18,0.8,22258.79508,1400.650016,2225.099799,
1311,2.46,0.1,0.1,0.42,0.2,24501.73694,1071.825628,463.1266797,
1312,1.92,0.36,0.35,0.18,0.6,21108.14577,1804.15767,3793.639999,
1313,1.92,0.49,0.475,0.5,0.8,23730.34422,2371.402458,6189.021128,
1314,1.38,0.1,0.475,0.5,0.4,25068.676,1275.646018,497.8088828,
1315,2.46,0.62,0.225,0.42,0.8,22030.3475,2568.750223,8551.60683,
1316,3,0.75,0.475,0.42,0.2,24624.05775,2385.446557,7803.904,
1317,0.3,0.36,0.1,0.34,0.4,17379.24002,1756.486604,3230.784927,
1318,1.38,0.62,0.225,0.26,0.2,19216.19721,2138.43114,6219.249295,
1319,1.38,0.75,0.1,0.42,0.4,19021.71447,2598.363619,8773.377263,
1320,0.3,0.49,0.475,0.26,0.4,18401.29541,2242.32795,5261.525804,
1321,0.3,0.23,0.1,0.26,0.2,17442.54178,1293.328787,1463.335297,
1322,1.38,0.23,0.35,0.42,0.4,22942.77435,1474.543299,1672.61274,
1323,0.3,0.75,0.225,0.42,0.6,17051.79369,2944.796062,9744.675557,
1324,0.84,0.75,0.475,0.26,0.8,18282.30344,3097.942664,10709.6115,
1325,1.38,0.49,0.1,0.26,0.2,18912.96276,1795.185835,4662.708516,
1326,1.92,0.62,0.35,0.42,0.8,21775.1427,2654.359445,8555.777214,
1327,0.84,0.23,0.225,0.1,0.4,18039.01018,1345.939999,1673.021498,
1328,1.38,0.62,0.475,0.42,0.8,21389.38629,2744.501409,8559.563598,
1329,1.92,0.1,0.475,0.42,0.4,25580.16516,1240.134914,532.588153,
1330,2.46,0.36,0.225,0.1,0.6,20638.39564,1704.265088,3791.760555,
1331,1.38,0.36,0.6,0.1,0.6,20647.96971,1897.022293,3616.778068,
1332,1.92,0.49,0.6,0.1,0.4,21320.43542,2065.454519,5032.242432,
1333,2.46,0.1,0.225,0.18,0.6,23126.04865,1080.916939,602.2264778,
1334,1.92,0.62,0.1,0.34,0.6,19717.39449,2425.039606,7776.619042,
1335,1.38,0.49,0.6,0.42,0.8,22658.28652,2444.553692,6450.88629,
1336,3,0.75,0.225,0.34,0.4,22217.22108,2488.274264,8767.269282,
1337,2.46,0.75,0.225,0.5,0.2,22880.86315,2345.262306,7805.01647,
1338,2.46,0.36,0.225,0.42,0.4,23653.47607,1677.670592,3392.851679,
1339,2.46,0.1,0.1,0.5,0.2,25130.58451,1098.911894,463.1266797,
1340,0.84,0.23,0.1,0.18,0.4,17987.37289,1321.317696,1673.021498,
1341,0.84,0.1,0.225,0.34,0.2,21118.98986,1102.445235,430.851903,
1342,1.92,0.62,0.475,0.42,0.4,22918.32213,2382.240524,6997.460871,
1343,2.46,0.62,0.1,0.18,0.8,19114.64498,2505.141832,8551.60683,
1344,1.38,0.49,0.6,0.1,0.2,20414.56294,1943.194143,4662.708516,
1345,2.46,0.23,0.35,0.26,0.6,23621.78776,1473.514602,2008.69805,
1346,3,0.1,0.225,0.5,0.2,26863.70974,1150.127475,463.1467429,
1347,1.38,0.23,0.475,0.34,0.4,22979.77552,1496.016673,1672.61274,
1348,1.92,0.75,0.6,0.34,0.4,22426.21254,2683.747406,8771.522899,
1349,0.3,0.49,0.1,0.26,0.6,15847.89719,2279.059309,5858.964078,
1350,2.46,0.23,0.35,0.5,0.2,25856.33166,1408.529471,1572.880462,
1351,0.3,0.36,0.6,0.34,0.2,20548.38619,1802.356557,2842.027765,
1352,2.46,0.36,0.1,0.34,0.4,22190.75584,1606.800534,3392.851679,
1353,2.46,0.62,0.35,0.34,0.4,22556.28879,2285.474692,6995.375679,
1354,2.46,0.62,0.6,0.42,0.6,24354.93925,2541.021702,7773.491255,
1355,0.3,0.36,0.35,0.42,0.2,19838.0241,1735.106695,2842.027765,
1356,0.3,0.1,0.225,0.18,0.2,18233.74438,1053.713399,430.7632897,
1357,0.84,0.49,0.225,0.5,0.6,20113.12854,2272.527444,5857.000583,
1358,1.92,0.1,0.225,0.18,0.6,22045.52785,1086.069001,602.0938391,
1359,0.84,0.49,0.1,0.26,0.2,17660.75829,1851.054512,4663.433033,
1360,1.92,0.62,0.475,0.34,0.4,22254.6361,2370.434588,6997.460871,
1361,0.84,0.23,0.6,0.1,0.4,20217.31899,1484.864946,1673.021498,
1362,1.38,0.23,0.475,0.26,0.2,22421.00677,1391.800181,1462.967073,
1363,0.3,0.75,0.225,0.5,0.6,17710.02647,2946.074619,9744.675557,
1364,0.84,0.1,0.35,0.18,0.2,20444.18477,1090.606715,430.851903,
1365,0.3,0.49,0.35,0.1,0.4,16149.98476,2182.366952,5261.525804,
1366,3,0.1,0.225,0.42,0.8,26112.41876,1178.615885,671.8566294,
1367,0.3,0.36,0.225,0.5,0.2,19737.9345,1708.790474,2842.027765,
1368,1.92,0.23,0.225,0.34,0.8,22427.05591,1533.13871,2227.843922,
1369,0.3,0.36,0.6,0.18,0.6,18773.55935,2038.579314,3619.542089,
1370,2.46,0.1,0.475,0.42,0.2,26685.20699,1209.145194,463.1266797,
1371,0.3,0.62,0.225,0.34,0.6,16863.25208,2660.228915,7784.394805,
1372,1.38,0.23,0.35,0.42,0.6,22812.47291,1553.651629,1882.258407,
1373,2.46,0.36,0.1,0.34,0.4,22190.75584,1606.800534,3392.851679,
1374,2.46,0.1,0.35,0.34,0.6,25243.08324,1184.352899,602.2264778,
1375,3,0.62,0.1,0.26,0.2,21510.11876,1958.539305,6216.10839,
1376,0.84,0.1,0.6,0.26,0.2,22539.78976,1214.156654,430.851903,
1377,0.3,0.1,0.6,0.42,0.6,22359.57965,1359.158167,564.1887356,
1378,1.92,0.23,0.475,0.26,0.4,23412.71275,1459.659673,1791.407795,
1379,3,0.1,0.35,0.26,0.4,25602.87463,1134.402138,532.716705,
1380,1.92,0.49,0.1,0.18,0.2,19314.34091,1735.369587,4453.853084,
1381,2.46,0.1,0.225,0.1,0.4,22445.40587,1028.701549,532.6765788,
1382,3,0.36,0.6,0.18,0.4,24668.39524,1719.639129,3391.427274,
1383,1.92,0.23,0.225,0.42,0.8,23093.88911,1557.702478,2227.843922,
1384,0.84,0.1,0.35,0.42,0.4,22471.12675,1212.45136,497.6532392,
1385,3,0.49,0.1,0.5,0.4,23813.60245,1921.19329,5028.472727,
1386,0.84,0.1,0.6,0.34,0.8,23055.35095,1337.405695,631.2559117,
1387,1.92,0.1,0.6,0.42,0.4,26228.16924,1284.953566,532.588153,
1388,0.3,0.49,0.475,0.1,0.4,16890.50129,2223.312096,5261.525804,
1389,1.92,0.36,0.6,0.34,0.2,24254.34236,1692.488235,2994.569285,
1390,0.3,0.23,0.6,0.26,0.2,20427.24145,1487.630372,1463.335297,
1391,3,0.75,0.475,0.5,0.8,24494.6577,2922.884444,10693.99985,
1392,2.46,0.36,0.6,0.5,0.2,26557.45248,1718.169227,2993.942804,
1393,2.46,0.75,0.35,0.18,0.2,20922.10063,2340.512885,7805.01647,
1394,0.84,0.23,0.35,0.18,0.4,19578.86019,1422.00278,1673.021498,
1395,1.92,0.49,0.6,0.1,0.4,21320.43542,2065.454519,5032.242432,
1396,1.92,0.1,0.6,0.18,0.2,24268.9873,1169.471719,463.0824668,
1397,3,0.49,0.35,0.5,0.6,25131.66079,2159.044713,5604.977222,
1398,1.38,0.75,0.225,0.42,0.8,19355.78501,2979.757943,10706.21581,
1399,1.38,0.1,0.475,0.42,0.8,24337.25038,1299.84835,631.567199,
1400,1.92,0.23,0.225,0.1,0.8,20249.80507,1456.710601,2227.843922,
1401,0.84,0.23,0.35,0.34,0.8,20781.95004,1635.665148,2092.72159,
1402,1.38,0.62,0.6,0.18,0.6,20183.93638,2614.334299,7779.458831,
1403,0.3,0.49,0.225,0.5,0.6,18760.60098,2346.311359,5858.964078,
1404,1.38,0.23,0.225,0.34,0.4,21525.42262,1401.6142,1672.61274,
1405,1.92,0.75,0.1,0.34,0.6,19182.25956,2728.685923,9737.01499,
1406,0.84,0.23,0.35,0.42,0.8,21458.33429,1658.962145,2092.72159,
1407,1.92,0.23,0.1,0.5,0.6,23032.77795,1468.591867,2009.625859,
1408,1.92,0.75,0.35,0.26,0.2,20622.71947,2401.532314,7806.030808,
1409,1.92,0.1,0.1,0.26,0.2,22089.30945,1015.406422,463.0824668,
1410,1.38,0.36,0.225,0.5,0.4,22172.43587,1743.726823,3228.942246,
1411,3,0.75,0.475,0.42,0.4,24338.30558,2582.669546,8767.269282,
1412,1.38,0.1,0.6,0.42,0.6,25034.59912,1317.624222,564.6880409,
1413,1.92,0.1,0.1,0.42,0.2,23440.03126,1073.513838,463.0824668,
1414,3,0.75,0.475,0.5,0.6,24706.19995,2776.05394,9730.634564,
1415,0.3,0.23,0.1,0.26,0.8,17055.9256,1568.95524,2093.37697,
1416,2.46,0.1,0.35,0.42,0.6,25889.71688,1211.659262,602.2264778,
1417,1.92,0.62,0.1,0.26,0.4,19255.83029,2234.148947,6997.460871,
1418,3,0.75,0.1,0.18,0.4,19984.72191,2427.367012,8767.269282,
1419,2.46,0.62,0.225,0.1,0.8,19188.28438,2535.763984,8551.60683,
1420,1.38,0.62,0.6,0.26,0.2,21380.28014,2263.95634,6219.249295,
1421,3,0.62,0.225,0.34,0.4,22738.59982,2209.588835,6993.072253,
1422,2.46,0.36,0.225,0.26,0.2,22492.92891,1512.741151,2993.942804,
1423,2.46,0.75,0.35,0.34,0.2,22329.76698,2363.179977,7805.01647,
1424,3,0.49,0.35,0.1,0.2,22155.6346,1748.022032,4451.968231,
1425,0.84,0.36,0.475,0.42,0.8,21438.26049,2089.698281,4006.568812,
1426,0.84,0.62,0.6,0.18,0.8,18771.56386,2828.249025,8563.008575,
1427,2.46,0.49,0.35,0.18,0.6,21492.18566,2114.277962,5607.957088,
1428,1.92,0.49,0.225,0.1,0.8,18759.51831,2229.966757,6189.021128,
1429,2.46,0.1,0.35,0.18,0.8,23838.7459,1146.117239,671.7763769,
1430,0.84,0.23,0.35,0.18,0.4,19578.86019,1422.00278,1673.021498,
1431,0.3,0.75,0.6,0.42,0.2,19748.91343,2674.73122,7808.584331,
1432,3,0.75,0.35,0.42,0.2,23921.66023,2346.003109,7803.904,
1433,3,0.49,0.225,0.18,0.2,22143.1333,1724.237863,4451.968231,
1434,1.92,0.1,0.225,0.5,0.2,24851.86224,1149.180241,463.0824668,
1435,0.3,0.62,0.35,0.26,0.4,17157.21981,2523.443871,7002.644712,
1436,1.92,0.75,0.6,0.18,0.4,21024.5895,2670.719931,8771.522899,
1437,3,0.36,0.475,0.34,0.2,25573.44213,1614.309049,2993.230601,
1438,1.38,0.23,0.6,0.5,0.6,24811.62002,1662.764522,1882.258407,
1439,2.46,0.36,0.225,0.26,0.8,21987.9595,1845.313773,4190.66943,
1440,0.84,0.23,0.35,0.5,0.6,22211.76245,1607.214505,1882.871544,
1441,3,0.1,0.225,0.5,0.4,26805.39506,1174.160573,532.716705,
1442,3,0.36,0.35,0.42,0.2,25530.76617,1600.006105,2993.230601,
1443,0.84,0.23,0.1,0.42,0.4,20133.50196,1401.668831,1673.021498,
1444,1.38,0.62,0.1,0.18,0.2,17649.30421,2079.127458,6219.249295,
1445,3,0.1,0.225,0.26,0.4,24872.09697,1087.827453,532.716705,
1446,0.84,0.49,0.35,0.1,0.8,17155.59665,2401.390661,6453.784358,
1447,0.84,0.75,0.35,0.26,0.8,17549.93129,3071.892956,10709.6115,
1448,1.92,0.62,0.475,0.18,0.6,20608.54189,2523.938717,7776.619042,
1449,1.92,0.75,0.1,0.34,0.4,19449.19954,2537.437356,8771.522899,
1450,2.46,0.49,0.1,0.18,0.6,19903.91992,2027.186145,5607.957088,
1451,1.92,0.75,0.475,0.18,0.8,19866.68143,2981.808856,10702.50708,
1452,0.3,0.75,0.1,0.5,0.8,16648.59769,3078.286753,10712.72117,
1453,0.3,0.75,0.6,0.5,0.2,20397.39019,2680.351568,7808.584331,
1454,3,0.23,0.35,0.1,0.2,23427.57834,1267.296372,1572.503701,
1455,2.46,0.36,0.6,0.34,0.2,25282.6427,1671.163283,2993.942804,
1456,3,0.23,0.35,0.26,0.6,24584.01621,1466.204464,2007.567767,
1457,3,0.49,0.1,0.34,0.4,22507.66663,1875.209593,5028.472727,
1458,2.46,0.1,0.6,0.34,0.6,26578.79343,1272.476254,602.2264778,
1459,0.3,0.23,0.225,0.26,0.8,17887.2142,1618.405718,2093.37697,
1460,2.46,0.1,0.6,0.1,0.4,24549.64488,1164.262231,532.6765788,
1461,3,0.36,0.6,0.26,0.8,25076.30831,1944.722948,4187.820619,
1462,2.46,0.36,0.35,0.18,0.2,22528.13484,1534.226967,2993.942804,
1463,1.38,0.49,0.35,0.42,0.4,21649.16929,2094.062665,5258.767774,
1464,1.38,0.36,0.225,0.1,0.8,18322.1184,1872.994637,4004.61389,
1465,1.38,0.62,0.6,0.26,0.8,20709.36745,2766.010116,8559.563598,
1466,2.46,0.75,0.475,0.5,0.8,23573.44375,2949.426728,10698.44973,
1467,0.84,0.23,0.475,0.5,0.2,23167.50973,1490.124887,1463.171452,
1468,1.38,0.23,0.475,0.42,0.2,23772.27517,1444.048969,1462.967073,
1469,1.92,0.36,0.475,0.34,0.6,23232.90973,1889.456434,3793.639999,
1470,3,0.49,0.1,0.18,0.4,21090.20624,1834.175837,5028.472727,
1471,2.46,0.75,0.225,0.18,0.8,19381.57832,2867.68174,10698.44973,
1472,2.46,0.36,0.1,0.5,0.6,23316.43599,1767.575987,3791.760555,
1473,2.46,0.1,0.6,0.18,0.2,25332.76094,1167.186129,463.1266797,
1474,0.84,0.75,0.475,0.34,0.2,19725.44491,2562.781049,7807.806912,
1475,3,0.75,0.1,0.34,0.4,21406.19549,2447.015261,8767.269282,
1476,2.46,0.36,0.475,0.42,0.4,25093.71845,1766.415304,3392.851679,
1477,0.84,0.36,0.225,0.5,0.2,21115.19665,1659.047102,2841.595155,
1478,1.92,0.23,0.35,0.5,0.4,24692.24363,1489.583933,1791.407795,
1479,1.38,0.36,0.35,0.18,0.2,20362.9013,1573.507041,2841.106425,
1480,2.46,0.62,0.35,0.5,0.2,24113.22917,2135.833953,6217.260103,
1481,2.46,0.49,0.35,0.1,0.8,20582.3084,2220.655113,6185.454872,
1482,0.84,0.36,0.225,0.1,0.4,17367.9696,1680.534533,3229.919707,
1483,0.84,0.49,0.35,0.34,0.2,19965.11305,1962.431678,4663.433033,
1484,2.46,0.62,0.225,0.26,0.6,20860.83406,2407.832938,7773.491255,
1485,3,0.23,0.225,0.42,0.8,25106.75708,1524.076554,2225.099799,
1486,1.38,0.36,0.475,0.26,0.6,21446.7513,1898.311413,3616.778068,
1487,1.92,0.36,0.6,0.26,0.4,23389.87291,1788.715946,3394.104642,
1488,1.38,0.36,0.35,0.34,0.6,21429.51086,1872.06928,3616.778068,
1489,0.3,0.62,0.225,0.26,0.2,16618.34515,2284.367463,6220.89462,
1490,3,0.23,0.225,0.26,0.8,23770.90947,1476.078458,2225.099799,
1491,1.92,0.36,0.1,0.1,0.4,18941.8295,1559.148305,3394.104642,
1492,0.3,0.23,0.6,0.42,0.2,21803.91717,1539.636115,1463.335297,
1493,1.92,0.1,0.1,0.34,0.4,22716.06421,1072.385241,532.588153,
1494,1.38,0.23,0.475,0.42,0.6,23514.74813,1598.617164,1882.258407,
1495,2.46,0.23,0.6,0.42,0.6,26306.09799,1610.923557,2008.69805,
1496,0.84,0.49,0.35,0.34,0.6,19544.234,2291.079412,5857.000583,
1497,0.84,0.75,0.225,0.1,0.6,15488.17947,2879.147222,9742.343302,
1498,0.84,0.36,0.1,0.18,0.8,16983.29448,1906.29492,4006.568812,
1499,1.38,0.23,0.1,0.1,0.2,18651.50295,1185.545619,1462.967073,
1500,0.3,0.36,0.35,0.1,0.6,16573.33524,1940.086222,3619.542089,
1501,1.38,0.75,0.6,0.26,0.6,20390.04859,2910.090986,9739.796535,
1502,1.38,0.62,0.225,0.1,0.8,17022.92864,2656.17275,8559.563598,
1503,1.38,0.49,0.225,0.42,0.4,20890.77019,2049.832102,5258.767774,
1504,0.3,0.49,0.35,0.1,0.4,16149.98476,2182.366952,5261.525804,
1505,2.46,0.62,0.6,0.5,0.8,24799.01285,2685.153254,8551.60683,
1506,2.46,0.49,0.1,0.1,0.4,19363.16649,1846.165615,5030.459304,
1507,1.92,0.36,0.1,0.26,0.8,20120.73273,1834.512503,4193.175355,
1508,0.3,0.62,0.35,0.34,0.4,17868.52974,2528.842339,7002.644712,
1509,2.46,0.1,0.6,0.18,0.6,25218.73786,1217.541779,602.2264778,
1510,3,0.1,0.475,0.26,0.2,26348.25405,1153.683104,463.1467429,
1511,1.38,0.23,0.6,0.18,0.4,22239.79232,1485.805029,1672.61274,
1512,1.92,0.36,0.225,0.26,0.2,21445.0521,1533.488408,2994.569285,
1513,1.92,0.23,0.6,0.18,0.8,23147.24995,1616.297727,2227.843922,
1514,3,0.75,0.1,0.34,0.6,21135.67333,2639.932074,9730.634564,
1515,1.38,0.23,0.35,0.34,0.2,22408.19908,1371.528985,1462.967073,
1516,2.46,0.23,0.225,0.18,0.6,22158.33237,1400.914025,2008.69805,
1517,2.46,0.23,0.35,0.34,0.8,24226.43325,1558.812131,2226.606843,
1518,1.38,0.62,0.35,0.42,0.2,21356.19748,2209.033163,6219.249295,
1519,1.38,0.36,0.1,0.26,0.2,19517.10383,1500.627143,2841.106425,
1520,0.3,0.36,0.6,0.18,0.4,18936.2383,1905.571797,3230.784927,
1521,2.46,0.62,0.35,0.26,0.6,21625.89328,2446.635372,7773.491255,
1522,1.38,0.49,0.35,0.5,0.4,22296.0042,2109.656181,5258.767774,
1523,2.46,0.1,0.1,0.5,0.6,25014.84726,1144.487014,602.2264778,
1524,3,0.36,0.1,0.42,0.2,24010.302,1498.366493,2993.230601,
1525,2.46,0.75,0.225,0.5,0.4,22591.57758,2547.500613,8769.494223,
1526,0.3,0.62,0.6,0.26,0.2,18813.96943,2404.404668,6220.89462,
1527,0.84,0.62,0.6,0.5,0.4,21934.31975,2542.095759,7001.076551,
1528,1.38,0.49,0.475,0.5,0.8,22628.70966,2418.907751,6450.88629,
1529,1.92,0.36,0.475,0.42,0.4,24070.56127,1792.147403,3394.104642,
1530,3,0.36,0.475,0.26,0.2,24899.08894,1589.262649,2993.230601,
1531,1.92,0.49,0.35,0.42,0.4,22756.74259,2054.340805,5032.242432,
1532,3,0.36,0.225,0.5,0.6,25051.64709,1798.781163,3789.623947,
1533,3,0.49,0.35,0.42,0.6,24499.44023,2141.218263,5604.977222,
1534,0.84,0.62,0.475,0.26,0.2,19482.07639,2292.146245,6220.110539,
1535,2.46,0.36,0.35,0.34,0.8,23432.94065,1910.062907,4190.66943,
1536,0.84,0.1,0.35,0.1,0.4,19619.30958,1092.289246,497.6532392,
1537,2.46,0.1,0.35,0.5,0.6,26511.52632,1238.11513,602.2264778,
1538,1.38,0.23,0.475,0.5,0.8,24061.26751,1687.521431,2091.904074,
1539,0.84,0.49,0.6,0.34,0.2,21356.34108,2051.180654,4663.433033,
1540,3,0.49,0.225,0.5,0.6,24388.44172,2117.128696,5604.977222,
1541,0.84,0.36,0.1,0.42,0.2,19651.34184,1586.245214,2841.595155,
1542,3,0.75,0.475,0.1,0.4,21551.92365,2535.337861,8767.269282,
1543,0.3,0.1,0.225,0.42,0.8,20176.15885,1255.583766,630.9014586,
1544,0.84,0.1,0.475,0.1,0.6,20273.59135,1173.134471,564.4545755,
1545,0.3,0.36,0.6,0.26,0.4,19671.56513,1924.035618,3230.784927,
1546,0.84,0.36,0.35,0.42,0.4,21037.75925,1813.119786,3229.919707,
1547,3,0.49,0.6,0.1,0.2,23537.8618,1833.47816,4451.968231,
1548,2.46,0.75,0.225,0.42,0.4,21949.87719,2538.809465,8769.494223,
1549,2.46,0.36,0.1,0.5,0.2,23694.04573,1536.421556,2993.942804,
1550,0.3,0.36,0.475,0.42,0.6,20215.22947,2046.934586,3619.542089,
1551,1.92,0.23,0.1,0.26,0.8,20924.96467,1457.849547,2227.843922,
1552,1.38,0.1,0.35,0.18,0.4,21678.45604,1114.202622,497.8088828,
1553,3,0.36,0.35,0.42,0.4,25340.69908,1710.804822,3391.427274,
1554,3,0.1,0.225,0.34,0.4,25542.67841,1116.32803,532.716705,
1555,3,0.36,0.6,0.26,0.2,25557.1951,1630.811269,2993.230601,
1556,1.92,0.49,0.1,0.34,0.6,20301.13585,2099.400454,5610.63178,
1557,1.92,0.62,0.1,0.18,0.2,18784.1751,2019.673026,6218.302699,
1558,1.38,0.49,0.1,0.42,0.4,20078.01497,1999.975531,5258.767774,
1559,0.3,0.49,0.475,0.42,0.4,19790.38073,2264.259621,5261.525804,
1560,2.46,0.62,0.475,0.34,0.2,23522.61823,2146.233086,6217.260103,
1561,2.46,0.49,0.6,0.26,0.8,23439.30822,2325.774786,6185.454872,
1562,3,0.62,0.475,0.26,0.6,23278.312,2445.401819,7770.036115,
1563,2.46,0.75,0.35,0.34,0.8,21563.69566,2907.759603,10698.44973,
1564,0.84,0.75,0.475,0.5,0.6,20522.19601,2950.091067,9742.343302,
1565,1.38,0.23,0.35,0.42,0.4,22942.77435,1474.543299,1672.61274,
1566,3,0.75,0.1,0.5,0.6,22446.31277,2665.909893,9730.634564,
1567,0.84,0.36,0.225,0.5,0.8,20615.89982,2023.064951,4006.568812,
1568,2.46,0.1,0.225,0.42,0.4,25217.14241,1144.620868,532.6765788,
1569,2.46,0.1,0.6,0.26,0.8,25885.66525,1264.531668,671.7763769,
1570,3,0.36,0.225,0.1,0.8,21489.0992,1773.476474,4187.820619,
1571,3,0.75,0.225,0.18,0.8,20326.01984,2822.694337,10693.99985,
1572,0.3,0.1,0.1,0.18,0.4,17341.3656,1038.788496,497.4760127,
1573,1.38,0.23,0.1,0.1,0.4,18508.63298,1267.253429,1672.61274,
1574,1.38,0.62,0.475,0.1,0.4,18973.66532,2397.927153,6999.354063,
1575,2.46,0.1,0.1,0.18,0.8,22303.20483,1050.219548,671.7763769,
1576,0.84,0.62,0.35,0.18,0.4,17776.08392,2438.373773,7001.076551,
1577,0.84,0.49,0.1,0.18,0.2,16911.25869,1833.26414,4663.433033,
1578,2.46,0.23,0.6,0.26,0.2,25250.49485,1418.239824,1572.880462,
1579,3,0.49,0.35,0.26,0.2,23608.33677,1793.887907,4451.968231,
1580,2.46,0.23,0.6,0.1,0.8,23467.87184,1568.974691,2226.606843,
1581,1.92,0.1,0.1,0.42,0.2,23440.03126,1073.513838,463.0824668,
1582,1.92,0.1,0.1,0.1,0.2,20618.39006,952.9670627,463.0824668,
1583,3,0.1,0.6,0.1,0.6,25477.85694,1179.836726,602.2866672,
1584,1.38,0.62,0.35,0.18,0.4,19003.26087,2367.940631,6999.354063,
1585,1.38,0.49,0.35,0.1,0.2,19006.47776,1852.870665,4662.708516,
1586,0.3,0.75,0.6,0.26,0.2,18373.93178,2664.243902,7808.584331,
1587,0.3,0.23,0.475,0.18,0.4,18883.85091,1507.007718,1673.349188,
1588,2.46,0.36,0.6,0.34,0.2,25282.6427,1671.163283,2993.942804,
1589,3,0.1,0.1,0.5,0.8,25964.50132,1160.884074,671.8566294,
1590,0.3,0.49,0.35,0.34,0.2,18597.21119,2036.012767,4664.087531,
1591,0.84,0.36,0.1,0.42,0.4,19466.24766,1717.774058,3229.919707,
1592,0.3,0.62,0.6,0.34,0.8,18856.04963,2908.01548,8566.144897,
1593,0.84,0.23,0.6,0.18,0.4,20974.13795,1511.815387,1673.021498,
1594,3,0.75,0.35,0.26,0.4,22288.67453,2517.266007,8767.269282,
1595,1.38,0.49,0.35,0.26,0.2,20497.85353,1891.224764,4662.708516,
1596,0.84,0.49,0.225,0.42,0.4,19662.98841,2106.826737,5260.216808,
1597,1.92,0.75,0.225,0.1,0.8,17600.57477,2919.177524,10702.50708,
1598,0.3,0.62,0.1,0.1,0.4,13986.34252,2436.532051,7002.644712,
1599,3,0.62,0.35,0.1,0.8,20918.43121,2527.068015,8546.999977,
1600,1.92,0.23,0.475,0.34,0.6,23964.46842,1559.519496,2009.625859,
1601,1.92,0.49,0.6,0.5,0.6,24555.96265,2293.690269,5610.63178,
1602,0.3,0.62,0.1,0.1,0.6,13762.32993,2618.569721,7784.394805,
1603,3,0.62,0.225,0.18,0.8,20895.82888,2498.425006,8546.999977,
1604,2.46,0.1,0.475,0.34,0.2,26043.51058,1182.50373,463.1266797,
1605,2.46,0.75,0.35,0.5,0.8,22863.10317,2916.803843,10698.44973,
1606,3,0.75,0.6,0.34,0.8,23880.74331,2927.979322,10693.99985,
1607,3,0.36,0.35,0.34,0.8,24388.32785,1881.646927,4187.820619,
1608,0.84,0.75,0.1,0.34,0.6,16866.68123,2844.277759,9742.343302,
1609,1.38,0.49,0.6,0.26,0.6,21468.89539,2293.622254,5854.827032,
1610,0.3,0.62,0.225,0.5,0.8,18001.11745,2815.814027,8566.144897,
1611,1.92,0.23,0.35,0.42,0.6,23924.5512,1538.408561,2009.625859,
1612,0.3,0.1,0.225,0.34,0.6,19553.92453,1188.817148,564.1887356,
1613,1.38,0.75,0.6,0.18,0.4,19924.08957,2726.290553,8773.377263,
1614,1.92,0.49,0.475,0.5,0.6,23892.01785,2255.468072,5610.63178,
1615,3,0.49,0.475,0.1,0.2,22867.90214,1792.054744,4451.968231,
1616,3,0.62,0.225,0.26,0.8,21615.1749,2507.856091,8546.999977,
1617,2.46,0.1,0.6,0.18,0.2,25332.76094,1167.186129,463.1266797,
1618,0.3,0.1,0.1,0.5,0.6,20094.58878,1195.024791,564.1887356,
1619,0.84,0.62,0.35,0.1,0.6,16779.40154,2610.14507,7782.042563,
1620,1.92,0.36,0.6,0.5,0.2,25540.78269,1738.691165,2994.569285,
1621,0.3,0.1,0.1,0.34,0.2,18877.93163,1064.292981,430.7632897,
1622,0.3,0.23,0.225,0.5,0.8,19957.98237,1686.333804,2093.37697,
1623,0.3,0.75,0.35,0.18,0.2,16216.24057,2589.922695,7808.584331,
1624,0.3,0.1,0.35,0.42,0.8,20929.08009,1305.107226,630.9014586,
1625,3,0.62,0.1,0.26,0.4,21236.6584,2150.65698,6993.072253,
1626,3,0.49,0.35,0.26,0.2,23608.33677,1793.887907,4451.968231,
1627,1.38,0.1,0.475,0.42,0.2,24497.49378,1216.257659,430.9297248,
1628,1.92,0.75,0.1,0.34,0.8,18959.30076,2889.033815,10702.50708,
1629,3,0.23,0.6,0.1,0.4,24650.61977,1427.180099,1790.035734,
1630,1.92,0.36,0.1,0.5,0.4,22469.45603,1676.167866,3394.104642,
1631,0.3,0.75,0.225,0.34,0.6,16368.82999,2944.866573,9744.675557,
1632,1.92,0.36,0.6,0.18,0.6,22499.99795,1891.183392,3793.639999,
1633,3,0.23,0.475,0.5,0.4,27352.45618,1519.236863,1790.035734,
1634,1.38,0.75,0.225,0.34,0.8,18680.80006,2979.181513,10706.21581,
1635,0.3,0.36,0.1,0.18,0.2,16079.5902,1568.419717,2842.027765,
1636,3,0.1,0.6,0.1,0.8,25458.61955,1198.652252,671.8566294,
1637,3,0.49,0.1,0.5,0.4,23813.60245,1921.19329,5028.472727,
1638,1.38,0.23,0.225,0.26,0.2,20961.90555,1296.830301,1462.967073,
1639,0.3,0.62,0.225,0.26,0.4,16374.01359,2484.083762,7002.644712,
1640,1.92,0.75,0.1,0.18,0.6,17743.82055,2720.246799,9737.01499,
1641,2.46,0.1,0.1,0.26,0.8,23016.39347,1080.484352,671.7763769,
1642,0.3,0.23,0.6,0.34,0.4,21002.9198,1602.030408,1673.349188,
1643,2.46,0.49,0.35,0.18,0.4,21707.90104,1962.476584,5030.459304,
1644,1.38,0.49,0.6,0.42,0.2,23243.32033,2016.253599,4662.708516,
1645,0.84,0.1,0.35,0.42,0.2,22534.00178,1180.428715,430.851903,
1646,1.38,0.62,0.35,0.1,0.4,18241.48224,2359.766939,6999.354063,
1647,1.92,0.75,0.225,0.34,0.4,20269.90057,2577.92519,8771.522899,
1648,3,0.75,0.1,0.18,0.4,19984.72191,2427.367012,8767.269282,
1649,0.3,0.23,0.1,0.42,0.8,18477.26483,1614.977439,2093.37697,
1650,0.3,0.1,0.35,0.42,0.8,20929.08009,1305.107226,630.9014586,
1651,0.3,0.1,0.1,0.34,0.6,18742.7788,1137.504456,564.1887356,
1652,0.84,0.1,0.6,0.34,0.4,23165.85279,1276.957622,497.6532392,
1653,0.3,0.62,0.35,0.42,0.4,18551.34465,2533.975454,7002.644712,
1654,0.3,0.36,0.6,0.18,0.8,18626.21128,2156.871753,4008.299251,
1655,1.38,0.62,0.1,0.18,0.6,17150.11373,2468.657354,7779.458831,
1656,1.92,0.49,0.35,0.34,0.8,21713.35224,2307.611946,6189.021128,
1657,3,0.62,0.6,0.5,0.6,25904.23722,2526.903182,7770.036115,
1658,1.38,0.23,0.1,0.34,0.8,20487.14041,1504.095111,2091.904074,
1659,3,0.36,0.35,0.42,0.8,25043.65725,1908.953801,4187.820619,
1660,1.92,0.23,0.6,0.1,0.2,22761.0862,1370.108294,1573.189732,
1661,0.3,0.36,0.6,0.42,0.2,21224.69232,1823.506351,2842.027765,
1662,1.38,0.75,0.6,0.26,0.2,20914.73507,2528.692104,7806.95799,
1663,1.38,0.62,0.475,0.1,0.2,19221.99322,2199.765421,6219.249295,
1664,3,0.1,0.475,0.5,0.4,28199.73996,1262.666199,532.716705,
1665,1.38,0.36,0.6,0.34,0.4,22984.26191,1833.504146,3228.942246,
1666,1.92,0.36,0.475,0.34,0.2,23592.23163,1650.93573,2994.569285,
1667,1.38,0.36,0.1,0.42,0.4,20717.66146,1673.524956,3228.942246,
1668,0.84,0.75,0.35,0.1,0.2,16798.9299,2508.676243,7807.806912,
1669,1.38,0.36,0.1,0.34,0.4,20036.44752,1650.977592,3228.942246,
1670,1.38,0.75,0.225,0.1,0.4,16963.08956,2617.824061,8773.377263,
1671,2.46,0.49,0.1,0.5,0.4,22870.97691,1941.542731,5030.459304,
1672,1.92,0.75,0.6,0.26,0.4,21739.83756,2677.629126,8771.522899,
1673,2.46,0.49,0.475,0.34,0.6,23609.61858,2187.643104,5607.957088,
1674,0.3,0.49,0.225,0.18,0.8,15759.37521,2459.739377,6456.402351,
1675,2.46,0.36,0.475,0.42,0.2,25278.04608,1653.828299,2993.942804,
1676,2.46,0.49,0.1,0.42,0.8,21843.00021,2194.450719,6185.454872,
1677,0.84,0.62,0.1,0.18,0.4,16150.54554,2355.441978,7001.076551,
1678,0.84,0.75,0.1,0.1,0.8,14412.20983,3019.006134,10709.6115,
1679,1.92,0.75,0.1,0.18,0.8,17522.66085,2886.479344,10702.50708,
1680,0.84,0.75,0.225,0.26,0.4,17247.76742,2692.033931,8775.075107,
1681,1.38,0.23,0.1,0.34,0.4,20722.04271,1351.972992,1672.61274,
1682,1.92,0.49,0.475,0.5,0.8,23730.34422,2371.402458,6189.021128,
1683,1.38,0.1,0.35,0.26,0.4,22396.01609,1144.026448,497.8088828,
1684,1.38,0.49,0.225,0.34,0.6,20002.82902,2187.768935,5854.827032,
1685,0.3,0.49,0.35,0.34,0.4,18384.29845,2213.039266,5261.525804,
1686,1.38,0.62,0.225,0.18,0.2,18481.395,2126.37864,6219.249295,
1687,1.92,0.36,0.6,0.1,0.4,21931.75341,1742.309073,3394.104642,
1688,0.84,0.36,0.225,0.26,0.6,18711.10263,1857.32233,3618.244259,
1689,2.46,0.36,0.1,0.1,0.4,20007.52966,1532.9604,3392.851679,
1690,1.92,0.1,0.475,0.5,0.4,26204.19216,1269.567779,532.588153,
1691,2.46,0.23,0.1,0.5,0.2,24348.24139,1314.185749,1572.880462,
1692,0.3,0.36,0.35,0.26,0.2,18440.55135,1691.126119,2842.027765,
1693,2.46,0.49,0.1,0.18,0.8,19739.54113,2152.01943,6185.454872,
1694,0.3,0.49,0.475,0.5,0.2,20654.7629,2108.28503,4664.087531,
1695,3,0.49,0.1,0.5,0.6,23593.50805,2068.610803,5604.977222,
1696,2.46,0.1,0.1,0.34,0.6,23728.98905,1089.48361,602.2264778,
1697,0.84,0.75,0.35,0.26,0.8,17549.93129,3071.892956,10709.6115,
1698,1.38,0.1,0.1,0.34,0.2,21613.02511,1046.202918,430.9297248,
1699,0.3,0.23,0.475,0.5,0.6,21538.62476,1694.079059,1883.363079,
1700,1.38,0.75,0.225,0.42,0.2,20123.70362,2432.435382,7806.95799,
1701,0.3,0.49,0.35,0.5,0.6,19528.41408,2386.734295,5858.964078,
1702,1.38,0.1,0.225,0.5,0.2,23707.32691,1151.290784,430.9297248,
1703,0.3,0.62,0.6,0.5,0.8,20178.98681,2913.403045,8566.144897,
1704,0.84,0.75,0.6,0.42,0.4,20806.16924,2803.059583,8775.075107,
1705,3,0.75,0.1,0.34,0.8,20917.69334,2796.520691,10693.99985,
1706,1.92,0.62,0.1,0.5,0.2,21552.18254,2081.081053,6218.302699,
1707,3,0.75,0.6,0.34,0.4,24351.40654,2599.269639,8767.269282,
1708,2.46,0.1,0.35,0.5,0.2,26623.28247,1192.448439,463.1266797,
1709,2.46,0.62,0.35,0.5,0.8,23425.78409,2615.640355,8551.60683,
1710,2.46,0.49,0.475,0.1,0.8,21306.47101,2259.161157,6185.454872,
1711,0.3,0.62,0.35,0.18,0.8,15989.74533,2843.304094,8566.144897,
1712,1.38,0.1,0.475,0.42,0.2,24497.49378,1216.257659,430.9297248,
1713,2.46,0.1,0.1,0.42,0.8,24356.10162,1135.8982,671.7763769,
1714,2.46,0.62,0.35,0.5,0.6,23616.02035,2478.26532,7773.491255,
1715,3,0.62,0.6,0.18,0.2,23740.07991,2119.046386,6216.10839,
1716,2.46,0.75,0.35,0.5,0.8,22863.10317,2916.803843,10698.44973,
1717,0.84,0.49,0.35,0.42,0.8,20045.03395,2434.186718,6453.784358,
1718,0.3,0.36,0.1,0.42,0.6,17903.60553,1908.450433,3619.542089,
1719,2.46,0.23,0.225,0.5,0.8,24778.42341,1559.861384,2226.606843,
1720,0.3,0.1,0.35,0.5,0.2,21768.75833,1221.7522,430.7632897,
1721,0.84,0.23,0.6,0.42,0.8,22835.18087,1743.62974,2092.72159,
1722,3,0.36,0.1,0.26,0.4,22460.32272,1565.175884,3391.427274,
1723,1.92,0.1,0.35,0.34,0.6,24183.33781,1191.571578,602.0938391,
1724,0.84,0.23,0.1,0.1,0.2,17348.06239,1205.267181,1463.171452,
1725,0.3,0.75,0.225,0.42,0.6,17051.79369,2944.796062,9744.675557,
1726,3,0.49,0.1,0.5,0.4,23813.60245,1921.19329,5028.472727,
1727,1.92,0.23,0.35,0.5,0.8,24475.08561,1625.954445,2227.843922,
1728,1.92,0.49,0.475,0.18,0.4,21390.69601,2043.092198,5032.242432,
1729,2.46,0.49,0.35,0.5,0.8,24041.47237,2291.161342,6185.454872,
1730,0.3,0.23,0.225,0.42,0.4,19537.33513,1489.237664,1673.349188,
1731,3,0.23,0.6,0.5,0.2,28127.9026,1494.435041,1572.503701,
1732,3,0.49,0.6,0.1,0.2,23537.8618,1833.47816,4451.968231,
1733,3,0.23,0.225,0.42,0.8,25106.75708,1524.076554,2225.099799,
1734,1.92,0.1,0.225,0.34,0.8,23408.45682,1166.642451,671.5995253,
1735,2.46,0.62,0.35,0.18,0.6,20906.97572,2436.845061,7773.491255,
1736,0.3,0.23,0.475,0.26,0.6,19497.46756,1624.650778,1883.363079,
1737,0.84,0.23,0.35,0.1,0.8,18573.62119,1563.711991,2092.72159,
1738,0.84,0.62,0.1,0.42,0.4,18303.45575,2378.328209,7001.076551,
1739,0.84,0.49,0.475,0.34,0.2,20681.94857,2009.858691,4663.433033,
1740,2.46,0.49,0.35,0.18,0.2,21939.46544,1797.591774,4452.96152,
1741,2.46,0.1,0.6,0.1,0.2,24609.69488,1137.261063,463.1266797,
1742,1.38,0.75,0.6,0.1,0.8,18703.32865,3059.930494,10706.21581,
1743,0.84,0.75,0.475,0.42,0.2,20397.92362,2570.334595,7807.806912,
1744,0.84,0.36,0.6,0.34,0.2,21923.16354,1748.992544,2841.595155,
1745,1.92,0.23,0.6,0.34,0.2,24886.0129,1452.708158,1573.189732,
1746,0.3,0.75,0.1,0.26,0.2,15331.74875,2513.975561,7808.584331,
1747,1.92,0.36,0.1,0.26,0.6,20256.50653,1730.784791,3793.639999,
1748,1.92,0.62,0.35,0.18,0.6,19883.13312,2487.256002,7776.619042,
1749,0.3,0.49,0.35,0.18,0.8,16549.44764,2496.732486,6456.402351,
1750,1.38,0.36,0.35,0.26,0.6,20729.71077,1851.59514,3616.778068,
1751,3,0.62,0.6,0.5,0.2,26394.82529,2194.730249,6216.10839,
1752,3,0.1,0.6,0.5,0.4,28836.73997,1307.049543,532.716705,
1753,1.38,0.49,0.35,0.34,0.4,20976.69777,2077.925325,5258.767774,
1754,2.46,0.1,0.35,0.18,0.2,23984.71122,1081.701922,463.1266797,
1755,2.46,0.49,0.225,0.1,0.6,19970.11944,2056.031678,5607.957088,
1756,1.38,0.62,0.1,0.42,0.6,19284.64836,2489.664531,7779.458831,
1757,0.84,0.23,0.6,0.18,0.6,20847.27288,1598.08712,1882.871544,
1758,0.3,0.36,0.225,0.18,0.8,16415.16646,2034.507181,4008.299251,
1759,1.38,0.75,0.6,0.34,0.4,21334.7798,2737.158197,8773.377263,
1760,1.92,0.49,0.475,0.26,0.8,21737.46675,2332.943205,6189.021128,
1761,0.84,0.36,0.225,0.1,0.4,17367.9696,1680.534533,3229.919707,
1762,1.38,0.36,0.6,0.26,0.2,22471.66561,1686.290808,2841.106425,
1763,2.46,0.62,0.6,0.18,0.6,22306.37653,2509.848616,7773.491255,
1764,1.92,0.23,0.35,0.1,0.4,21242.11917,1357.021161,1791.407795,
1765,2.46,0.36,0.475,0.18,0.8,22742.04799,1912.873203,4190.66943,
1766,3,0.49,0.6,0.42,0.2,26295.19652,1927.424962,4451.968231,
1767,2.46,0.36,0.6,0.1,0.8,22674.30244,1931.549243,4190.66943,
1768,2.46,0.36,0.475,0.5,0.2,25906.16217,1676.449985,2993.942804,
1769,0.84,0.75,0.35,0.42,0.8,18925.4922,3071.72171,10709.6115,
1770,0.84,0.49,0.225,0.1,0.4,16749.75073,2052.795529,5260.216808,
1771,1.92,0.62,0.225,0.34,0.2,21037.93646,2100.395174,6218.302699,
1772,1.38,0.75,0.6,0.18,0.2,20195.01407,2519.516302,7806.95799,
1773,1.38,0.75,0.6,0.42,0.4,21999.23104,2743.836376,8773.377263,
1774,3,0.23,0.6,0.1,0.2,24789.73341,1355.821098,1572.503701,
1775,0.84,0.23,0.1,0.1,0.4,17206.72347,1293.247706,1673.021498,
1776,3,0.23,0.6,0.42,0.2,27513.28656,1469.433788,1572.503701,
1777,0.84,0.62,0.35,0.26,0.4,18511.09692,2446.290335,7001.076551,
1778,1.38,0.62,0.1,0.42,0.8,19080.89069,2636.749791,8559.563598,
1779,0.84,0.36,0.225,0.42,0.2,20460.65758,1635.812213,2841.595155,
1780,0.84,0.49,0.35,0.18,0.4,18304.86583,2109.353927,5260.216808,
1781,3,0.36,0.1,0.42,0.6,23625.94439,1725.18161,3789.623947,
1782,1.92,0.49,0.35,0.5,0.8,23022.77224,2333.293373,6189.021128,
1783,3,0.62,0.475,0.34,0.4,24198.41921,2290.412037,6993.072253,
1784,2.46,0.75,0.475,0.5,0.6,23788.64956,2801.090819,9733.971976,
1785,2.46,0.49,0.225,0.1,0.2,20426.40372,1728.006296,4452.96152,
1786,1.92,0.1,0.225,0.1,0.6,21298.33853,1054.589688,602.0938391,
1787,3,0.36,0.475,0.42,0.2,26221.5278,1643.910394,2993.230601,
1788,3,0.75,0.475,0.42,0.4,24338.30558,2582.669546,8767.269282,
1789,1.38,0.23,0.475,0.26,0.2,22421.00677,1391.800181,1462.967073,
1790,0.3,0.36,0.6,0.18,0.4,18936.2383,1905.571797,3230.784927,
1791,1.92,0.75,0.475,0.26,0.6,20802.81765,2827.708881,9737.01499,
1792,0.3,0.49,0.35,0.34,0.2,18597.21119,2036.012767,4664.087531,
1793,0.3,0.36,0.35,0.34,0.6,18810.28885,1989.284055,3619.542089,
1794,1.38,0.36,0.1,0.18,0.6,18401.37422,1735.194585,3616.778068,
1795,0.3,0.75,0.225,0.26,0.8,15431.315,3115.771682,10712.72117,
1796,1.92,0.36,0.475,0.34,0.8,23104.37436,1989.464578,4193.175355,
1797,1.38,0.1,0.35,0.26,0.4,22396.01609,1144.026448,497.8088828,
1798,3,0.23,0.35,0.42,0.2,26182.55595,1380.970305,1572.503701,
1799,0.84,0.49,0.225,0.42,0.8,19276.42731,2395.80726,6453.784358,
1800,1.92,0.49,0.35,0.34,0.6,21877.67063,2185.901313,5610.63178,
1801,1.92,0.49,0.35,0.18,0.8,20293.94505,2282.121633,6189.021128,
1802,0.84,0.75,0.1,0.5,0.4,18470.21776,2666.390013,8775.075107,
1803,1.92,0.23,0.1,0.1,0.6,19522.21201,1337.886432,2009.625859,
1804,1.38,0.49,0.225,0.42,0.2,21114.10509,1883.0826,4662.708516,
1805,0.3,0.23,0.475,0.34,0.2,20457.94286,1469.560264,1463.335297,
1806,2.46,0.23,0.225,0.1,0.6,21409.59149,1373.14927,2008.69805,
1807,1.38,0.49,0.35,0.42,0.4,21649.16929,2094.062665,5258.767774,
1808,1.38,0.36,0.6,0.26,0.2,22471.66561,1686.290808,2841.106425,
1809,0.84,0.75,0.35,0.1,0.2,16798.9299,2508.676243,7807.806912,
1810,0.3,0.36,0.475,0.26,0.8,18675.22856,2131.415683,4008.299251,
1811,1.92,0.49,0.475,0.18,0.2,21615.12372,1875.827475,4453.853084,
1812,3,0.62,0.475,0.18,0.2,23070.79572,2078.710094,6216.10839,
1813,0.3,0.23,0.35,0.34,0.8,19373.9216,1689.451891,2093.37697,
1814,0.3,0.23,0.35,0.1,0.8,17138.52961,1619.711636,2093.37697,
1815,2.46,0.36,0.1,0.5,0.2,23694.04573,1536.421556,2993.942804,
1816,3,0.23,0.225,0.34,0.2,24802.73562,1306.013517,1572.503701,
1817,3,0.75,0.225,0.26,0.6,21259.80981,2670.874682,9730.634564,
1818,0.84,0.36,0.225,0.34,0.4,19596.99352,1745.704847,3229.919707,
1819,1.92,0.36,0.6,0.1,0.6,21753.93396,1869.558822,3793.639999,
1820,0.3,0.49,0.35,0.26,0.2,17884.00871,2021.8829,4664.087531,
1821,1.38,0.75,0.225,0.42,0.6,19580.65564,2819.873906,9739.796535,
1822,0.84,0.1,0.475,0.18,0.2,21154.23015,1136.871827,430.851903,
1823,1.38,0.1,0.1,0.42,0.4,22218.91029,1104.670834,497.8088828,
1824,1.92,0.62,0.35,0.1,0.8,18933.85187,2627.737019,8555.777214,
1825,1.92,0.1,0.225,0.18,0.6,22045.52785,1086.069001,602.0938391,
1826,2.46,0.62,0.225,0.34,0.4,21798.98236,2244.844533,6995.375679,
1827,1.38,0.49,0.6,0.34,0.6,22160.96676,2306.907724,5854.827032,
1828,0.84,0.1,0.225,0.26,0.8,20235.14098,1167.937848,631.2559117,
1829,1.38,0.49,0.225,0.1,0.8,17619.15542,2287.432611,6450.88629,
1830,1.92,0.49,0.475,0.1,0.8,20266.76987,2308.250006,6189.021128,
1831,1.38,0.75,0.1,0.34,0.6,18076.49748,2781.102108,9739.796535,
1832,0.84,0.62,0.475,0.42,0.4,20613.58127,2498.304774,7001.076551,
1833,1.38,0.1,0.6,0.18,0.2,23108.97736,1172.447727,430.9297248,
1834,1.92,0.75,0.1,0.26,0.8,18255.57049,2887.099057,10702.50708,
1835,1.92,0.62,0.475,0.18,0.8,20415.97061,2669.533904,8555.777214,
1836,0.3,0.75,0.1,0.26,0.2,15331.74875,2513.975561,7808.584331,
1837,3,0.49,0.225,0.18,0.6,21683.66602,2039.302568,5604.977222,
1838,1.92,0.36,0.35,0.34,0.8,22394.25644,1948.564275,4193.175355,
1839,2.46,0.23,0.6,0.5,0.2,27187.9005,1494.571094,1572.880462,
1840,3,0.23,0.475,0.5,0.8,27153.56305,1639.539016,2225.099799,
1841,2.46,0.36,0.475,0.1,0.6,22121.67625,1793.076932,3791.760555,
1842,1.38,0.75,0.475,0.34,0.2,20931.29082,2502.403553,7806.95799,
1843,1.92,0.62,0.225,0.1,0.8,18151.63156,2592.487383,8555.777214,
1844,1.92,0.23,0.35,0.34,0.2,23531.51921,1364.424297,1573.189732,
1845,1.92,0.36,0.35,0.18,0.8,20976.33093,1909.074223,4193.175355,
1846,1.38,0.23,0.475,0.1,0.4,20816.53014,1414.23306,1672.61274,
1847,1.38,0.75,0.225,0.42,0.6,19580.65564,2819.873906,9739.796535,
1848,0.84,0.23,0.35,0.1,0.6,18680.6351,1483.32444,1882.871544,
1849,1.92,0.62,0.6,0.26,0.4,22239.88743,2395.512633,6997.460871,
1850,0.3,0.1,0.475,0.42,0.6,21695.0575,1313.801976,564.1887356,
1851,0.84,0.1,0.225,0.18,0.6,19557.1436,1107.323825,564.4545755,
1852,3,0.36,0.35,0.18,0.4,23297.91738,1634.696977,3391.427274,
1853,1.92,0.1,0.35,0.42,0.8,24800.39635,1243.364345,671.5995253,
1854,3,0.23,0.6,0.34,0.2,26873.5864,1439.349236,1572.503701,
1855,3,0.23,0.6,0.18,0.2,25514.09067,1383.795452,1572.503701,
1856,1.38,0.49,0.35,0.26,0.8,19896.04753,2347.815808,6450.88629,
1857,1.92,0.1,0.475,0.18,0.2,23610.90657,1126.836753,463.0824668,
1858,1.38,0.1,0.6,0.26,0.8,23655.42044,1287.232873,631.567199,
1859,0.84,0.23,0.6,0.26,0.8,21470.27153,1698.186588,2092.72159,
1860,1.92,0.75,0.35,0.1,0.2,19144.34098,2380.477363,7806.030808,
1861,0.3,0.1,0.6,0.5,0.8,22946.58108,1420.03974,630.9014586,
1862,1.92,0.49,0.225,0.34,0.4,21332.27181,1988.299537,5032.242432,
1863,2.46,0.75,0.6,0.5,0.2,24992.43969,2463.869912,7805.01647,
1864,0.84,0.49,0.6,0.42,0.8,21442.71126,2508.031319,6453.784358,
1865,0.84,0.75,0.475,0.18,0.4,18028.3981,2758.893163,8775.075107,
1866,0.84,0.36,0.6,0.5,0.2,23234.40975,1793.424984,2841.595155,
1867,0.84,0.23,0.35,0.18,0.4,19578.86019,1422.00278,1673.021498,
1868,0.84,0.23,0.475,0.26,0.2,21157.59079,1412.006313,1463.171452,
1869,1.38,0.23,0.225,0.42,0.4,22197.2261,1428.268059,1672.61274,
1870,0.3,0.49,0.475,0.34,0.4,19109.74602,2253.154086,5261.525804,
1871,2.46,0.49,0.35,0.1,0.6,20741.81042,2098.249065,5607.957088,
1872,0.3,0.62,0.35,0.42,0.6,18325.81674,2699.141134,7784.394805,
1873,3,0.36,0.6,0.5,0.6,27134.14876,1924.897062,3789.623947,
1874,2.46,0.75,0.6,0.18,0.4,22035.25427,2622.021568,8769.494223,
1875,0.3,0.36,0.6,0.1,0.8,17858.2529,2144.634057,4008.299251,
1876,1.92,0.23,0.6,0.26,0.8,23858.6051,1640.781114,2227.843922,
1877,1.38,0.23,0.6,0.18,0.8,22016.17018,1635.430745,2091.904074,
1878,0.3,0.23,0.35,0.42,0.2,20426.02837,1449.421793,1463.335297,
1879,1.92,0.23,0.1,0.18,0.8,20193.28275,1432.848683,2227.843922,
1880,0.3,0.1,0.6,0.26,0.8,20929.2958,1339.302461,630.9014586,
1881,1.38,0.1,0.475,0.5,0.8,24969.759,1327.208596,631.567199,
1882,1.92,0.49,0.225,0.18,0.4,19903.68206,1952.739649,5032.242432,
1883,2.46,0.1,0.1,0.42,0.4,24440.94107,1097.025842,532.6765788,
1884,1.38,0.23,0.225,0.1,0.4,19332.12819,1320.070539,1672.61274,
1885,0.84,0.62,0.475,0.18,0.4,18508.07753,2476.258537,7001.076551,
1886,0.3,0.23,0.475,0.34,0.2,20457.94286,1469.560264,1463.335297,
1887,1.38,0.62,0.475,0.42,0.8,21389.38629,2744.501409,8559.563598,
1888,0.84,0.23,0.475,0.18,0.2,20430.08745,1384.312545,1463.171452,
1889,3,0.23,0.225,0.26,0.2,24125.13468,1278.233042,1572.503701,
1890,3,0.62,0.6,0.5,0.6,25904.23722,2526.903182,7770.036115,
1891,0.3,0.1,0.475,0.18,0.6,19584.27425,1226.244811,564.1887356,
1892,1.38,0.23,0.475,0.34,0.4,22979.77552,1496.016673,1672.61274,
1893,1.38,0.75,0.35,0.1,0.2,18025.10631,2438.979767,7806.95799,
1894,2.46,0.23,0.225,0.34,0.2,23839.17071,1310.410508,1572.880462,
1895,0.3,0.49,0.225,0.26,0.6,16690.70574,2323.158964,5858.964078,
1896,1.92,0.62,0.475,0.1,0.6,19858.01825,2515.140541,7776.619042,
1897,1.92,0.23,0.475,0.18,0.8,22477.52896,1573.883238,2227.843922,
1898,1.38,0.1,0.475,0.26,0.2,23158.50274,1158.987728,430.9297248,
1899,0.3,0.62,0.225,0.42,0.4,17778.17127,2495.495334,7002.644712,
1900,1.38,0.36,0.35,0.18,0.8,19863.2079,1940.079186,4004.61389,
1901,0.84,0.36,0.225,0.1,0.6,17191.83804,1818.795023,3618.244259,
1902,0.3,0.62,0.35,0.18,0.6,16193.93428,2688.355185,7784.394805,
1903,1.38,0.49,0.6,0.34,0.2,22579.29771,1998.244856,4662.708516,
1904,2.46,0.23,0.35,0.34,0.6,24304.28819,1498.962067,2008.69805,
1905,1.92,0.23,0.225,0.42,0.2,23452.47814,1345.010334,1573.189732,
1906,2.46,0.36,0.35,0.1,0.4,21589.07032,1629.092423,3392.851679,
1907,3,0.23,0.35,0.18,0.6,23878.6899,1438.086634,2007.567767,
1908,1.92,0.23,0.475,0.18,0.6,22564.89947,1509.017736,2009.625859,
1909,0.84,0.23,0.475,0.26,0.2,21157.59079,1412.006313,1463.171452,
1910,0.84,0.49,0.6,0.26,0.4,20446.95892,2203.047149,5260.216808,
1911,0.3,0.75,0.475,0.26,0.4,17423.58864,2831.801879,8776.629944,
1912,0.3,0.75,0.1,0.5,0.2,17409.4302,2527.143009,7808.584331,
1913,0.84,0.75,0.225,0.34,0.2,18232.04238,2485.418371,7807.806912,
1914,3,0.1,0.1,0.26,0.2,24153.25385,1016.189026,463.1467429,
1915,2.46,0.1,0.475,0.18,0.8,24535.30418,1190.954194,671.7763769,
1916,0.3,0.23,0.6,0.26,0.4,20299.3374,1577.88327,1673.349188,
1917,3,0.23,0.475,0.26,0.2,25555.22286,1370.027519,1572.503701,
1918,1.38,0.49,0.1,0.18,0.6,17726.39569,2116.940288,5854.827032,
1919,2.46,0.36,0.6,0.34,0.2,25282.6427,1671.163283,2993.942804,
1920,0.84,0.62,0.35,0.5,0.4,20546.64321,2469.059008,7001.076551,
1921,2.46,0.75,0.225,0.18,0.4,19864.79412,2513.512585,8769.494223,
1922,1.38,0.1,0.6,0.18,0.2,23108.97736,1172.447727,430.9297248,
1923,1.38,0.36,0.225,0.18,0.2,19598.35733,1525.345958,2841.106425,
1924,0.3,0.1,0.35,0.1,0.8,18031.21276,1185.599454,630.9014586,
1925,0.84,0.75,0.1,0.18,0.4,15664.83302,2652.504079,8775.075107,
1926,0.84,0.49,0.475,0.5,0.8,21414.07015,2481.673848,6453.784358,
1927,0.84,0.36,0.475,0.5,0.4,22396.33945,1877.99663,3229.919707,
1928,3,0.62,0.475,0.26,0.8,23093.31503,2581.83901,8546.999977,
1929,3,0.36,0.475,0.5,0.2,26844.6184,1668.471202,2993.230601,
1930,2.46,0.1,0.1,0.5,0.8,24986.84643,1162.649423,671.7763769,
1931,1.38,0.49,0.475,0.1,0.8,19136.93499,2364.68805,6450.88629,
1932,1.38,0.23,0.35,0.18,0.8,20625.28255,1549.1957,2091.904074,
1933,2.46,0.62,0.225,0.26,0.4,21104.32202,2231.026714,6995.375679,
1934,1.38,0.49,0.475,0.34,0.4,21691.78595,2119.005446,5258.767774,
1935,0.84,0.23,0.475,0.1,0.6,19406.85134,1529.383321,1882.871544,
1936,2.46,0.1,0.475,0.18,0.6,24563.55119,1172.06434,602.2264778,
1937,1.38,0.36,0.35,0.42,0.6,22101.23514,1892.372302,3616.778068,
1938,1.92,0.75,0.1,0.1,0.2,17530.97065,2294.866498,7806.030808,
1939,0.3,0.1,0.475,0.42,0.6,21695.0575,1313.801976,564.1887356,
1940,0.3,0.75,0.225,0.42,0.6,17051.79369,2944.796062,9744.675557,
1941,1.38,0.62,0.1,0.18,0.2,17649.30421,2079.127458,6219.249295,
1942,0.3,0.1,0.6,0.42,0.8,22300.93076,1392.718206,630.9014586,
1943,0.3,0.62,0.1,0.34,0.2,16502.44543,2248.406836,6220.89462,
1944,0.3,0.49,0.6,0.18,0.2,18559.74576,2094.564821,4664.087531,
1945,3,0.62,0.6,0.1,0.8,22323.18693,2597.385684,8546.999977,
1946,1.38,0.62,0.1,0.1,0.2,16873.72196,2067.08358,6219.249295,
1947,1.92,0.62,0.1,0.26,0.4,19255.83029,2234.148947,6997.460871,
1948,1.92,0.1,0.6,0.34,0.4,25582.47817,1258.064896,532.588153,
1949,1.38,0.23,0.1,0.5,0.6,21916.08771,1481.562439,1882.258407,
1950,0.84,0.62,0.35,0.34,0.4,19216.61052,2454.097725,7001.076551,
1951,3,0.36,0.6,0.1,0.4,23936.66626,1695.47259,3391.427274,
1952,1.92,0.23,0.475,0.42,0.8,24537.31259,1645.762327,2227.843922,
1953,2.46,0.49,0.35,0.18,0.8,21332.60293,2234.550729,6185.454872,
1954,1.38,0.1,0.225,0.1,0.4,20171.60715,1033.58575,497.8088828,
1955,0.84,0.49,0.6,0.5,0.4,22461.24384,2243.375937,5260.216808,
1956,1.92,0.1,0.1,0.5,0.2,24075.58735,1099.398509,463.0824668,
1957,2.46,0.62,0.225,0.26,0.8,20668.20445,2551.049917,8551.60683,
1958,2.46,0.49,0.225,0.26,0.2,21902.17996,1773.232596,4452.96152,
1959,1.38,0.23,0.35,0.1,0.8,19865.86508,1523.335758,2091.904074,
1960,3,0.23,0.35,0.26,0.6,24584.01621,1466.204464,2007.567767,
1961,2.46,0.75,0.35,0.18,0.4,20635.20974,2551.478045,8769.494223,
1962,0.3,0.62,0.225,0.1,0.4,14845.61847,2477.661664,7002.644712,
1963,1.38,0.62,0.225,0.5,0.8,20554.40415,2680.050403,8559.563598,
1964,2.46,0.49,0.475,0.34,0.2,24046.30479,1884.389204,4452.96152,
1965,2.46,0.23,0.35,0.34,0.2,24576.81482,1356.706353,1572.880462,
1966,1.92,0.62,0.6,0.26,0.4,22239.88743,2395.512633,6997.460871,
1967,2.46,0.49,0.6,0.1,0.8,21986.98683,2297.415811,6185.454872,
1968,1.38,0.49,0.475,0.34,0.4,21691.78595,2119.005446,5258.767774,
1969,1.92,0.36,0.475,0.42,0.2,24251.50534,1674.556946,2994.569285,
1970,0.84,0.23,0.1,0.26,0.6,18599.06727,1437.690147,1882.871544,
1971,1.38,0.49,0.225,0.5,0.6,21331.11933,2214.788096,5854.827032,
1972,1.92,0.49,0.35,0.1,0.2,20144.37846,1810.505088,4453.853084,
1973,3,0.75,0.1,0.34,0.2,21705.21979,2237.824301,7803.904,
1974,1.92,0.23,0.6,0.5,0.8,25825.63127,1708.75065,2227.843922,
1975,2.46,0.49,0.6,0.1,0.8,21986.98683,2297.415811,6185.454872,
1976,0.3,0.23,0.1,0.34,0.8,17781.2265,1592.297987,2093.37697,
1977,3,0.62,0.35,0.42,0.6,23908.93798,2439.675926,7770.036115,
1978,2.46,0.1,0.35,0.34,0.2,25357.43798,1138.884846,463.1266797,
1979,1.92,0.49,0.1,0.18,0.2,19314.34091,1735.369587,4453.853084,
1980,0.84,0.23,0.6,0.42,0.8,22835.18087,1743.62974,2092.72159,
1981,2.46,0.36,0.225,0.34,0.4,22990.15873,1654.860077,3392.851679,
1982,1.92,0.75,0.6,0.1,0.6,20022.84051,2851.315577,9737.01499,
1983,3,0.1,0.1,0.5,0.6,25983.69968,1144.38507,602.2866672,
1984,1.92,0.75,0.225,0.18,0.6,18579.13856,2755.625044,9737.01499,
1985,0.84,0.23,0.35,0.1,0.8,18573.62119,1563.711991,2092.72159,
1986,0.84,0.23,0.475,0.34,0.8,21495.37046,1680.264466,2092.72159,
1987,0.84,0.75,0.475,0.18,0.6,17779.08913,2940.140518,9742.343302,
1988,2.46,0.49,0.475,0.42,0.4,24478.37361,2059.407411,5030.459304,
1989,0.84,0.62,0.225,0.26,0.8,17297.23503,2732.570714,8563.008575,
1990,1.92,0.62,0.225,0.34,0.8,20340.73629,2610.239436,8555.777214,
1991,1.92,0.23,0.225,0.5,0.8,23734.93224,1578.215581,2227.843922,
1992,0.84,0.75,0.475,0.1,0.8,16799.23121,3102.578345,10709.6115,
1993,0.3,0.36,0.225,0.1,0.4,15951.55633,1748.294938,3230.784927,
1994,0.3,0.1,0.6,0.1,0.8,19438.2083,1279.213582,630.9014586,
1995,2.46,0.49,0.475,0.26,0.2,23363.3366,1863.183395,4452.96152,
1996,2.46,0.49,0.6,0.34,0.6,24276.83839,2225.651009,5607.957088,
1997,0.3,0.62,0.1,0.1,0.6,13762.32993,2618.569721,7784.394805,
1998,2.46,0.75,0.475,0.34,0.2,23039.52479,2402.796376,7805.01647,
1999,1.38,0.49,0.225,0.34,0.4,20213.72257,2033.586883,5258.767774,
2000,3,0.36,0.475,0.42,0.6,25855.79771,1864.187853,3789.623947,
2001,1.92,0.1,0.35,0.42,0.6,24836.73036,1218.610242,602.0938391,
2002,1.92,0.1,0.1,0.34,0.2,22778.76533,1045.181854,463.0824668,
2003,0.3,0.62,0.6,0.5,0.6,20384.20906,2772.029872,7784.394805,
2004,3,0.62,0.225,0.34,0.4,22738.59982,2209.588835,6993.072253,
2005,0.3,0.1,0.475,0.26,0.2,20446.71655,1184.453217,430.7632897,
2006,1.38,0.62,0.225,0.34,0.2,19921.00832,2151.818822,6219.249295,
2007,0.3,0.75,0.475,0.1,0.2,16185.2315,2624.440789,7808.584331,
2008,1.92,0.75,0.6,0.5,0.4,23720.68067,2699.881561,8771.522899,
2009,0.84,0.75,0.475,0.26,0.4,18756.55182,2761.860035,8775.075107,
2010,2.46,0.1,0.225,0.5,0.8,25760.1349,1210.904442,671.7763769,
2011,0.3,0.62,0.475,0.26,0.4,17889.73208,2559.260169,7002.644712,
2012,1.92,0.75,0.1,0.34,0.2,19739.0169,2324.209592,7806.030808,
2013,1.92,0.1,0.475,0.1,0.2,22875.58182,1096.103479,463.0824668,
2014,1.92,0.23,0.225,0.18,0.2,21376.78831,1261.574064,1573.189732,
2015,0.84,0.1,0.225,0.26,0.8,20235.14098,1167.937848,631.2559117,
2016,3,0.36,0.1,0.34,0.2,23349.33426,1473.659502,2993.230601,
2017,0.3,0.1,0.475,0.18,0.8,19522.6399,1262.518622,630.9014586,
2018,1.38,0.23,0.475,0.34,0.4,22979.77552,1496.016673,1672.61274,
2019,0.3,0.23,0.475,0.18,0.8,18645.87808,1687.587098,2093.37697,
2020,0.3,0.75,0.35,0.5,0.2,19001.42958,2609.26809,7808.584331,
2021,2.46,0.49,0.475,0.42,0.2,24702.45533,1905.004227,4452.96152,
2022,2.46,0.1,0.6,0.5,0.4,27885.79604,1305.883491,532.6765788,
2023,3,0.23,0.225,0.34,0.8,24452.59205,1499.747756,2225.099799,
2024,1.92,0.49,0.475,0.34,0.6,22590.71743,2225.579349,5610.63178,
2025,1.92,0.62,0.1,0.34,0.8,19518.01046,2572.401198,8555.777214,
2026,0.3,0.1,0.6,0.42,0.2,22484.10325,1286.97448,430.7632897,
2027,2.46,0.62,0.225,0.18,0.4,20380.10373,2217.958957,6995.375679,
2028,3,0.23,0.475,0.42,0.6,26598.70116,1563.260208,2007.567767,
2029,0.3,0.36,0.35,0.34,0.8,18658.96751,2105.255143,4008.299251,
2030,2.46,0.36,0.35,0.26,0.4,23051.46145,1677.074109,3392.851679,
2031,0.3,0.23,0.225,0.42,0.6,19410.60006,1578.921262,1883.363079,
2032,2.46,0.62,0.1,0.34,0.6,20740.27748,2377.08335,7773.491255,
2033,1.38,0.49,0.225,0.34,0.2,20437.83644,1863.934866,4662.708516,
2034,3,0.62,0.35,0.1,0.8,20918.43121,2527.068015,8546.999977,
2035,0.84,0.49,0.6,0.26,0.2,20658.48419,2035.334284,4663.433033,
2036,0.84,0.62,0.6,0.1,0.8,18014.71296,2826.15286,8563.008575,
2037,1.38,0.23,0.225,0.42,0.2,22330.68591,1350.669401,1462.967073,
2038,1.92,0.1,0.475,0.34,0.4,24931.06946,1212.749138,532.588153,
2039,1.92,0.23,0.35,0.5,0.8,24475.08561,1625.954445,2227.843922,
2040,0.84,0.49,0.225,0.18,0.2,17746.38391,1882.947077,4663.433033,
2041,0.3,0.23,0.6,0.42,0.6,21556.98401,1713.717403,1883.363079,
2042,3,0.75,0.6,0.26,0.4,23673.55926,2589.070367,8767.269282,
2043,3,0.49,0.475,0.42,0.2,25640.21385,1886.481149,4451.968231,
2044,0.84,0.62,0.475,0.18,0.6,18280.79267,2648.401388,7782.042563,
2045,2.46,0.49,0.475,0.1,0.4,21678.02022,1985.743828,5030.459304,
2046,2.46,0.62,0.6,0.42,0.8,24168.45819,2676.429449,8551.60683,
2047,1.92,0.1,0.35,0.42,0.2,24951.87299,1168.790839,463.0824668,
2048,0.84,0.62,0.1,0.34,0.4,17615.09297,2371.734717,7001.076551,
2049,2.46,0.75,0.475,0.42,0.2,23697.99304,2414.662154,7805.01647,
2050,1.38,0.1,0.475,0.5,0.4,25068.676,1275.646018,497.8088828,
2051,1.38,0.23,0.225,0.1,0.4,19332.12819,1320.070539,1672.61274,
2052,1.38,0.23,0.1,0.34,0.8,20487.14041,1504.095111,2091.904074,
2053,3,0.36,0.6,0.26,0.4,25369.54344,1743.24019,3391.427274,
2054,0.84,0.49,0.1,0.18,0.6,16477.23399,2184.155877,5857.000583,
2055,1.38,0.23,0.475,0.18,0.8,21341.90304,1593.581964,2091.904074,
2056,3,0.49,0.225,0.1,0.2,21395.65649,1701.287357,4451.968231,
2057,0.84,0.23,0.475,0.5,0.6,22915.56342,1651.657704,1882.871544,
2058,1.92,0.23,0.475,0.26,0.8,23192.72161,1598.918421,2227.843922,
2059,1.38,0.49,0.35,0.5,0.4,22296.0042,2109.656181,5258.767774,
2060,0.84,0.49,0.6,0.18,0.4,19718.95042,2189.820456,5260.216808,
2061,0.3,0.62,0.35,0.5,0.2,19451.26754,2355.025461,6220.89462,
2062,1.92,0.62,0.1,0.42,0.6,20394.63102,2433.79965,7776.619042,
2063,0.3,0.36,0.6,0.18,0.4,18936.2383,1905.571797,3230.784927,
2064,2.46,0.36,0.6,0.5,0.2,26557.45248,1718.169227,2993.942804,
2065,0.3,0.1,0.1,0.18,0.6,17273.40597,1076.681295,564.1887356,
2066,0.3,0.36,0.225,0.5,0.2,19737.9345,1708.790474,2842.027765,
2067,2.46,0.23,0.1,0.26,0.8,21994.23834,1439.103747,2226.606843,
2068,0.84,0.1,0.6,0.18,0.2,21822.46569,1184.258641,430.851903,
2069,1.92,0.75,0.6,0.5,0.6,23463.94129,2875.823659,9737.01499,
2070,3,0.23,0.35,0.1,0.2,23427.57834,1267.296372,1572.503701,
2071,3,0.49,0.225,0.42,0.2,24204.3573,1791.734432,4451.968231,
2072,0.3,0.23,0.225,0.42,0.6,19410.60006,1578.921262,1883.363079,
2073,1.38,0.62,0.475,0.34,0.2,21399.34179,2238.145013,6219.249295,
2074,1.92,0.62,0.225,0.34,0.8,20340.73629,2610.239436,8555.777214,
2075,2.46,0.23,0.225,0.42,0.2,24495.97936,1336.942777,1572.880462,
2076,0.3,0.75,0.35,0.18,0.8,15483.94288,3145.834004,10712.72117,
2077,1.92,0.49,0.475,0.18,0.2,21615.12372,1875.827475,4453.853084,
2078,1.38,0.23,0.35,0.42,0.2,23074.09047,1398.39346,1462.967073,
2079,1.38,0.36,0.6,0.5,0.6,24115.43177,1997.879944,3616.778068,
2080,3,0.62,0.225,0.26,0.2,22318.02165,2005.939094,6216.10839,
2081,1.38,0.1,0.475,0.1,0.6,21579.82182,1157.905349,564.6880409,
2082,3,0.75,0.1,0.1,0.2,19528.39057,2198.148062,7803.904,
2083,2.46,0.23,0.475,0.5,0.4,26410.66278,1522.989007,1790.789256,
2084,2.46,0.23,0.225,0.34,0.2,23839.17071,1310.410508,1572.880462,
2085,0.84,0.62,0.35,0.34,0.6,18985.66597,2623.37866,7782.042563,
2086,0.3,0.23,0.225,0.34,0.2,18982.3679,1374.736708,1463.335297,
2087,0.3,0.23,0.35,0.26,0.4,18901.0458,1487.114077,1673.349188,
2088,1.92,0.75,0.225,0.18,0.6,18579.13856,2755.625044,9737.01499,
2089,1.38,0.1,0.6,0.34,0.8,24336.97533,1316.471466,631.567199,
2090,0.84,0.23,0.35,0.34,0.8,20781.95004,1635.665148,2092.72159,
2091,3,0.23,0.475,0.18,0.6,24580.03538,1483.996494,2007.567767,
2092,2.46,0.36,0.225,0.42,0.4,23653.47607,1677.670592,3392.851679,
2093,1.92,0.49,0.1,0.26,0.4,19814.4944,1923.278866,5032.242432,
2094,0.3,0.75,0.35,0.1,0.8,14717.85544,3150.888984,10712.72117,
2095,3,0.62,0.6,0.34,0.4,24863.30597,2327.860113,6993.072253,
2096,1.92,0.62,0.1,0.42,0.8,20195.73008,2579.29073,8555.777214,
2097,2.46,0.36,0.475,0.34,0.2,24624.5482,1629.65459,2993.942804,
2098,0.3,0.62,0.475,0.42,0.4,19275.42641,2570.637556,7002.644712,
2099,2.46,0.23,0.225,0.34,0.2,23839.17071,1310.410508,1572.880462,
2100,1.92,0.36,0.225,0.42,0.8,22307.91628,1921.122657,4193.175355,
2101,1.38,0.75,0.1,0.5,0.8,19185.52169,2949.714404,10706.21581,
2102,3,0.23,0.35,0.34,0.4,25397.55123,1422.524363,1790.035734,
2103,1.38,0.49,0.1,0.18,0.2,18171.04796,1776.060545,4662.708516,
2104,0.3,0.36,0.1,0.42,0.4,18075.5789,1775.166579,3230.784927,
2105,3,0.49,0.1,0.34,0.6,22286.00016,2027.304025,5604.977222,
2106,0.84,0.1,0.475,0.18,0.8,20974.64006,1234.181908,631.2559117,
2107,0.84,0.62,0.35,0.42,0.6,19663.30187,2629.542322,7782.042563,
2108,3,0.49,0.35,0.34,0.4,24057.67059,1967.332771,5028.472727,
2109,0.3,0.49,0.225,0.1,0.4,15356.78938,2139.245415,5261.525804,
2110,0.3,0.23,0.6,0.18,0.8,19331.01574,1729.612357,2093.37697,
2111,2.46,0.62,0.225,0.1,0.4,19624.35389,2205.319585,6995.375679,
2112,2.46,0.36,0.35,0.34,0.4,23737.29234,1700.809232,3392.851679,
2113,1.38,0.49,0.225,0.42,0.4,20890.77019,2049.832102,5258.767774,
2114,0.3,0.49,0.475,0.18,0.6,17467.15038,2393.648274,5858.964078,
2115,2.46,0.49,0.225,0.26,0.2,21902.17996,1773.232596,4452.96152,
2116,1.92,0.62,0.225,0.42,0.4,21450.40173,2302.064789,6997.460871,
2117,1.38,0.23,0.35,0.34,0.2,22408.19908,1371.528985,1462.967073,
2118,1.38,0.75,0.1,0.5,0.8,19185.52169,2949.714404,10706.21581,
2119,0.84,0.49,0.225,0.18,0.6,17319.32157,2228.430882,5857.000583,
2120,2.46,0.1,0.35,0.26,0.8,24541.41716,1175.655222,671.7763769,
2121,1.38,0.23,0.225,0.1,0.2,19472.02644,1238.330125,1462.967073,
2122,1.38,0.62,0.6,0.34,0.2,22072.46169,2276.928404,6219.249295,
2123,1.92,0.49,0.35,0.5,0.8,23022.77224,2333.293373,6189.021128,
2124,1.38,0.23,0.475,0.18,0.2,21702.27525,1362.601502,1462.967073,
2125,1.38,0.75,0.1,0.5,0.2,19962.46984,2398.66229,7806.95799,
2126,0.3,0.1,0.35,0.34,0.2,20440.50884,1164.869131,430.7632897,
2127,2.46,0.36,0.6,0.1,0.2,23164.54048,1595.291922,2993.942804,
2128,0.84,0.49,0.35,0.1,0.2,17752.97535,1912.980392,4663.433033,
2129,2.46,0.23,0.225,0.42,0.8,24143.34785,1537.311868,2226.606843,
2130,3,0.49,0.225,0.34,0.6,23090.68462,2075.781768,5604.977222,
2131,3,0.62,0.1,0.1,0.4,19753.72452,2119.525545,6993.072253,
2132,2.46,0.36,0.1,0.18,0.2,20966.75622,1437.392556,2993.942804,
2133,1.92,0.36,0.6,0.42,0.6,24557.90632,1953.629572,3793.639999,
2134,1.92,0.36,0.475,0.42,0.8,23766.76152,2008.252962,4193.175355,
2135,3,0.49,0.35,0.5,0.2,25574.09139,1864.60331,4451.968231,
2136,3,0.62,0.35,0.5,0.4,24782.71958,2288.0071,6993.072253,
2137,0.84,0.1,0.225,0.1,0.2,18922.96754,1009.429955,430.851903,
2138,1.92,0.62,0.35,0.26,0.2,21101.62582,2129.586615,6218.302699,
2139,1.92,0.62,0.35,0.1,0.4,19365.4729,2295.694732,6997.460871,
2140,2.46,0.23,0.225,0.18,0.4,22299.06981,1326.631239,1790.789256,
2141,1.92,0.62,0.475,0.5,0.6,23321.07795,2559.988731,7776.619042,
2142,2.46,0.62,0.1,0.18,0.6,19309.41551,2356.350858,7773.491255,
2143,1.92,0.49,0.475,0.18,0.6,21180.39631,2196.029891,5610.63178,
2144,0.84,0.23,0.6,0.26,0.6,21572.93753,1623.076908,1882.871544,
2145,1.92,0.23,0.6,0.5,0.6,25908.48004,1649.527332,2009.625859,
2146,3,0.62,0.475,0.34,0.2,24458.79763,2113.118725,6216.10839,
2147,1.38,0.62,0.6,0.1,0.4,19661.47346,2434.015309,6999.354063,
2148,2.46,0.23,0.6,0.26,0.6,24983.38021,1561.654981,2008.69805,
2149,1.38,0.23,0.35,0.26,0.6,21447.89746,1504.394151,1882.258407,
2150,3,0.49,0.1,0.42,0.2,23412.92177,1743.695935,4451.968231,
2151,3,0.36,0.1,0.34,0.4,23150.79435,1588.08676,3391.427274,
2152,1.92,0.62,0.475,0.34,0.4,22254.6361,2370.434588,6997.460871,
2153,1.92,0.23,0.35,0.42,0.2,24190.6886,1391.293787,1573.189732,
2154,2.46,0.36,0.1,0.1,0.4,20007.52966,1532.9604,3392.851679,
2155,0.84,0.75,0.1,0.18,0.2,15942.08746,2429.858166,7807.806912,
2156,3,0.1,0.6,0.34,0.6,27541.88434,1268.512856,602.2866672,
2157,1.38,0.1,0.225,0.18,0.6,20866.51537,1093.518024,564.6880409,
2158,0.84,0.1,0.475,0.26,0.8,21698.44215,1264.197754,631.2559117,
2159,3,0.36,0.1,0.18,0.8,21425.59909,1748.439219,4187.820619,
2160,1.92,0.62,0.1,0.18,0.8,18077.80727,2559.87098,8555.777214,
2161,1.92,0.1,0.6,0.18,0.2,24268.9873,1169.471719,463.0824668,
2162,3,0.75,0.475,0.1,0.6,21290.67696,2728.207153,9730.634564,
2163,2.46,0.75,0.1,0.34,0.2,20761.85398,2276.381492,7805.01647,
2164,3,0.1,0.1,0.26,0.8,24013.85678,1073.915925,671.8566294,
2165,1.92,0.36,0.35,0.5,0.4,24007.48219,1770.755259,3394.104642,
2166,0.3,0.62,0.35,0.18,0.6,16193.93428,2688.355185,7784.394805,
2167,2.46,0.23,0.225,0.1,0.6,21409.59149,1373.14927,2008.69805,
2168,1.92,0.62,0.475,0.18,0.2,21097.27856,2157.872002,6218.302699,
2169,3,0.75,0.475,0.18,0.8,21819.0561,2888.598768,10693.99985,
2170,2.46,0.23,0.35,0.5,0.4,25723.10603,1478.90194,1790.789256,
2171,1.38,0.62,0.225,0.34,0.4,19666.18102,2346.384685,6999.354063,
2172,1.92,0.36,0.6,0.34,0.4,24074.0459,1811.245266,3394.104642,
2173,3,0.49,0.35,0.42,0.6,24499.44023,2141.218263,5604.977222,
2174,0.3,0.49,0.475,0.5,0.8,20066.87545,2558.378608,6456.402351,
2175,3,0.36,0.225,0.26,0.4,23259.89298,1613.193779,3391.427274,
2176,3,0.23,0.475,0.34,0.4,26088.47268,1465.582712,1790.035734,
2177,2.46,0.75,0.35,0.26,0.6,21090.63146,2747.264838,9733.971976,
2178,0.84,0.1,0.225,0.1,0.4,18855.2348,1042.569733,497.6532392,
2179,0.84,0.1,0.6,0.1,0.8,20893.91833,1249.42652,631.2559117,
2180,3,0.23,0.225,0.1,0.2,22680.12309,1219.024697,1572.503701,
2181,1.92,0.49,0.475,0.26,0.4,22110.35645,2060.40138,5032.242432,
2182,0.84,0.62,0.1,0.5,0.2,19219.18428,2193.712046,6220.110539,
2183,1.38,0.23,0.6,0.5,0.6,24811.62002,1662.764522,1882.258407,
2184,0.3,0.75,0.6,0.26,0.8,17646.35004,3188.289568,10712.72117,
2185,0.84,0.36,0.6,0.26,0.2,21226.93761,1725.694601,2841.595155,
2186,0.84,0.36,0.1,0.18,0.4,17311.21219,1651.782921,3229.919707,
2187,2.46,0.1,0.475,0.18,0.4,24619.16922,1151.178648,532.6765788,
2188,3,0.23,0.6,0.34,0.6,26605.78351,1577.159617,2007.567767,
2189,2.46,0.62,0.6,0.34,0.8,23512.47931,2667.210802,8551.60683,
2190,2.46,0.62,0.225,0.34,0.4,21798.98236,2244.844533,6995.375679,
2191,0.84,0.1,0.35,0.42,0.6,22411.55087,1246.029473,564.4545755,
2192,1.92,0.62,0.225,0.1,0.6,18347.54108,2440.398879,7776.619042,
2193,0.3,0.23,0.1,0.42,0.8,18477.26483,1614.977439,2093.37697,
2194,1.38,0.1,0.1,0.26,0.6,20789.60572,1073.441319,564.6880409,
2195,2.46,0.62,0.35,0.26,0.6,21625.89328,2446.635372,7773.491255,
2196,0.3,0.62,0.475,0.18,0.8,16730.25179,2874.331415,8566.144897,
2197,3,0.75,0.35,0.18,0.4,21574.10359,2507.665501,8767.269282,
2198,1.38,0.1,0.35,0.18,0.4,21678.45604,1114.202622,497.8088828,
2199,3,0.75,0.1,0.42,0.8,21585.10369,2801.807278,10693.99985,
2200,0.84,0.23,0.35,0.42,0.4,21690.17479,1500.481632,1673.021498,
2201,1.38,0.1,0.35,0.26,0.8,22291.76999,1199.199435,631.567199,
2202,3,0.75,0.475,0.42,0.8,23864.37158,2914.623649,10693.99985,
2203,1.92,0.23,0.35,0.5,0.4,24692.24363,1489.583933,1791.407795,
2204,1.92,0.23,0.225,0.42,0.4,23316.72457,1418.263115,1791.407795,
2205,1.92,0.23,0.35,0.34,0.2,23531.51921,1364.424297,1573.189732,
2206,3,0.75,0.225,0.42,0.4,22879.96919,2498.853977,8767.269282,
2207,2.46,0.23,0.1,0.1,0.6,20597.21132,1323.268546,2008.69805,
2208,3,0.36,0.1,0.34,0.4,23150.79435,1588.08676,3391.427274,
2209,0.84,0.62,0.475,0.5,0.6,21032.90881,2670.335961,7782.042563,
2210,0.3,0.62,0.475,0.5,0.8,19498.06631,2883.094182,8566.144897,
2211,3,0.62,0.35,0.5,0.2,25043.88084,2113.662072,6216.10839,
2212,3,0.62,0.35,0.42,0.6,23908.93798,2439.675926,7770.036115,
2213,0.84,0.49,0.6,0.34,0.2,21356.34108,2051.180654,4663.433033,
2214,0.84,0.23,0.35,0.18,0.4,19578.86019,1422.00278,1673.021498,
2215,2.46,0.62,0.35,0.1,0.8,19966.1221,2573.571923,8551.60683,
2216,0.3,0.23,0.475,0.42,0.8,20773.91878,1755.20926,2093.37697,
2217,1.38,0.75,0.475,0.26,0.4,19961.79157,2697.374145,8773.377263,
2218,3,0.75,0.475,0.42,0.2,24624.05775,2385.446557,7803.904,
2219,2.46,0.1,0.35,0.42,0.8,25862.29359,1229.756944,671.7763769,
2220,1.38,0.1,0.35,0.5,0.6,24323.21417,1257.98658,564.6880409,
2221,2.46,0.49,0.225,0.1,0.2,20426.40372,1728.006296,4452.96152,
2222,2.46,0.36,0.6,0.18,0.8,23414.08273,1952.806489,4190.66943,
2223,2.46,0.62,0.475,0.42,0.6,23687.7078,2505.040415,7773.491255,
2224,0.3,0.49,0.225,0.1,0.2,15571.73176,1946.170436,4664.087531,
2225,1.92,0.1,0.475,0.34,0.2,24990.44787,1184.903016,463.0824668,
2226,1.38,0.62,0.225,0.42,0.2,20597.81338,2165.406488,6219.249295,
2227,1.38,0.23,0.225,0.34,0.4,21525.42262,1401.6142,1672.61274,
2228,0.84,0.75,0.225,0.5,0.4,19291.41859,2704.690682,8775.075107,
2229,0.3,0.23,0.1,0.18,0.4,16549.13307,1358.697026,1673.349188,
2230,0.84,0.49,0.225,0.26,0.8,17881.99831,2378.550745,6453.784358,
2231,1.92,0.75,0.6,0.18,0.6,20768.17413,2855.516054,9737.01499,
2232,2.46,0.49,0.225,0.1,0.4,20189.44562,1894.000224,5030.459304,
2233,2.46,0.49,0.475,0.34,0.6,23609.61858,2187.643104,5607.957088,
2234,2.46,0.49,0.475,0.34,0.6,23609.61858,2187.643104,5607.957088,
2235,2.46,0.75,0.475,0.26,0.6,21810.35168,2781.536157,9733.971976,
2236,1.38,0.49,0.6,0.26,0.4,21672.83339,2143.425815,5258.767774,
2237,3,0.1,0.225,0.1,0.6,23384.89339,1045.564905,602.2866672,
2238,2.46,0.62,0.225,0.5,0.4,23106.85406,2272.249947,6995.375679,
2239,1.38,0.49,0.1,0.26,0.6,18469.02165,2130.280558,5854.827032,
2240,0.3,0.75,0.475,0.18,0.4,16690.67668,2830.163764,8776.629944,
2241,1.38,0.75,0.475,0.1,0.8,18010.61516,3035.397651,10706.21581,
2242,2.46,0.62,0.225,0.34,0.4,21798.98236,2244.844533,6995.375679,
2243,1.38,0.62,0.35,0.1,0.8,17810.0312,2691.482946,8559.563598,
2244,0.3,0.1,0.6,0.34,0.6,21688.40962,1330.219017,564.1887356,
2245,3,0.75,0.225,0.18,0.8,20326.01984,2822.694337,10693.99985,
2246,0.84,0.1,0.6,0.5,0.8,24354.67627,1391.661846,631.2559117,
2247,1.38,0.36,0.6,0.26,0.6,22121.18686,1938.224676,3616.778068,
2248,2.46,0.49,0.225,0.18,0.6,20726.35111,2072.748082,5607.957088,
2249,1.38,0.75,0.6,0.26,0.6,20390.04859,2910.090986,9739.796535,
2250,1.38,0.23,0.6,0.26,0.2,23086.19201,1434.90791,1462.967073,
2251,0.84,0.1,0.1,0.1,0.4,18034.43087,991.5875984,497.6532392,
2252,3,0.49,0.35,0.26,0.4,23374.27881,1947.611568,5028.472727,
2253,1.92,0.36,0.1,0.18,0.2,19905.19751,1457.769244,2994.569285,
2254,3,0.36,0.225,0.5,0.8,24934.74018,1886.225841,4187.820619,
2255,0.3,0.62,0.225,0.34,0.8,16655.33382,2812.082272,8566.144897,
2256,0.84,0.23,0.35,0.18,0.4,19578.86019,1422.00278,1673.021498,
2257,2.46,0.1,0.6,0.1,0.8,24465.76587,1206.334141,671.7763769,
2258,3,0.62,0.475,0.1,0.2,22331.34523,2061.587045,6216.10839,
2259,0.84,0.62,0.6,0.5,0.2,22175.13801,2362.373712,6220.110539,
2260,2.46,0.36,0.35,0.42,0.2,24583.33111,1608.248853,2993.942804,
2261,2.46,0.49,0.225,0.1,0.4,20189.44562,1894.000224,5030.459304,
2262,2.46,0.75,0.475,0.42,0.8,22939.25793,2943.850635,10698.44973,
2263,2.46,0.36,0.6,0.5,0.8,26084.99745,2032.075524,4190.66943,
2264,1.92,0.23,0.475,0.18,0.8,22477.52896,1573.883238,2227.843922,
2265,2.46,0.36,0.1,0.34,0.8,21875.31865,1818.806225,4190.66943,
2266,2.46,0.62,0.35,0.1,0.2,20658.80217,2055.371401,6217.260103,
2267,1.38,0.62,0.225,0.26,0.2,19216.19721,2138.43114,6219.249295,
2268,2.46,0.36,0.6,0.26,0.8,24123.04594,1973.485487,4190.66943,
2269,0.84,0.1,0.475,0.5,0.4,23808.31273,1287.825855,497.6532392,
2270,2.46,0.23,0.35,0.26,0.2,23897.09204,1330.807822,1572.880462,
2271,0.3,0.36,0.35,0.34,0.6,18810.28885,1989.284055,3619.542089,
2272,0.84,0.75,0.1,0.1,0.6,14634.86959,2846.223993,9742.343302,
2273,0.84,0.36,0.1,0.18,0.4,17311.21219,1651.782921,3229.919707,
2274,1.38,0.36,0.225,0.42,0.8,21207.70889,1949.296993,4004.61389,
2275,1.92,0.75,0.35,0.26,0.8,19860.14098,2953.538434,10702.50708,
2276,1.92,0.36,0.6,0.42,0.8,24431.57156,2047.18878,4193.175355,
2277,1.38,0.62,0.475,0.18,0.2,19979.02128,2212.418303,6219.249295,
2278,2.46,0.75,0.35,0.18,0.2,20922.10063,2340.512885,7805.01647,
2279,0.84,0.1,0.1,0.26,0.4,19545.58769,1055.734774,497.6532392,
2280,1.38,0.1,0.35,0.5,0.8,24279.13379,1283.012496,631.567199,
2281,0.84,0.1,0.475,0.1,0.8,20218.62341,1203.96309,631.2559117,
2282,1.92,0.1,0.35,0.18,0.8,22754.44222,1155.262979,671.5995253,
2283,3,0.1,0.1,0.5,0.8,25964.50132,1160.884074,671.8566294,
2284,0.84,0.62,0.225,0.26,0.2,17984.04523,2206.782888,6220.110539,
2285,0.84,0.62,0.225,0.26,0.4,17734.11008,2406.283234,7001.076551,
2286,2.46,0.62,0.475,0.1,0.6,20882.75971,2464.422406,7773.491255,
2287,1.38,0.36,0.6,0.18,0.2,21753.16108,1661.807124,2841.106425,
2288,1.38,0.1,0.6,0.26,0.4,23756.69043,1235.457975,497.8088828,
2289,1.92,0.23,0.225,0.34,0.2,22788.89544,1318.178696,1573.189732,
2290,1.92,0.1,0.475,0.18,0.8,23455.97202,1202.401326,671.5995253,
2291,2.46,0.62,0.225,0.34,0.8,21362.59828,2559.371777,8551.60683,
2292,1.38,0.36,0.35,0.34,0.2,21787.61297,1622.741741,2841.106425,
2293,3,0.75,0.1,0.42,0.2,22372.28867,2250.220403,7803.904,
2294,1.92,0.36,0.475,0.18,0.6,21825.4986,1847.005155,3793.639999,
2295,1.38,0.1,0.6,0.5,0.6,25663.12844,1344.841259,564.6880409,
2296,0.3,0.36,0.225,0.5,0.2,19737.9345,1708.790474,2842.027765,
2297,3,0.75,0.225,0.26,0.4,21527.22719,2478.065274,8767.269282,
2298,1.92,0.36,0.475,0.34,0.4,23409.50398,1769.884028,3394.104642,
2299,1.92,0.1,0.1,0.26,0.2,22089.30945,1015.406422,463.0824668,
2300,2.46,0.23,0.225,0.1,0.2,21695.86677,1222.895877,1572.880462,
2301,1.92,0.23,0.35,0.42,0.2,24190.6886,1391.293787,1573.189732,
2302,1.38,0.36,0.225,0.34,0.4,20848.04375,1700.074178,3228.942246,
2303,1.92,0.75,0.225,0.34,0.8,19784.47167,2922.870656,10702.50708,
2304,1.38,0.49,0.35,0.42,0.6,21441.24153,2242.310244,5854.827032,
2305,1.38,0.36,0.6,0.42,0.6,23477.06617,1978.130573,3616.778068,
2306,3,0.62,0.475,0.1,0.6,21827.81423,2423.15804,7770.036115,
2307,1.38,0.36,0.225,0.18,0.8,19090.39817,1893.071548,4004.61389,
2308,2.46,0.23,0.6,0.26,0.4,25116.67068,1489.994401,1790.789256,
2309,1.38,0.62,0.6,0.26,0.4,21134.79169,2452.029771,6999.354063,
2310,1.38,0.36,0.475,0.34,0.2,22495.06223,1668.524247,2841.106425,
2311,3,0.36,0.475,0.42,0.4,26034.47962,1753.546308,3391.427274,
2312,2.46,0.62,0.475,0.26,0.2,22837.77359,2130.390892,6217.260103,
2313,3,0.49,0.475,0.26,0.6,23867.75545,2139.885911,5604.977222,
2314,0.3,0.62,0.6,0.34,0.6,19059.98196,2763.088651,7784.394805,
2315,0.3,0.75,0.475,0.42,0.4,18803.66834,2837.816745,8776.629944,
2316,1.38,0.36,0.1,0.34,0.8,19713.42971,1884.047676,4004.61389,
2317,2.46,0.75,0.6,0.34,0.2,23707.41424,2439.371816,7805.01647,
2318,0.84,0.62,0.1,0.34,0.8,17172.29357,2700.149507,8563.008575,
2319,0.84,0.49,0.225,0.34,0.8,18593.46886,2387.007241,6453.784358,
2320,1.92,0.36,0.1,0.34,0.6,20960.55231,1752.68148,3793.639999,
2321,2.46,0.75,0.475,0.34,0.4,22756.46779,2603.719717,8769.494223,
2322,1.38,0.36,0.6,0.1,0.8,20513.99274,2001.400328,4004.61389,
2323,0.3,0.23,0.225,0.26,0.4,18131.7991,1438.666572,1673.349188,
2324,3,0.1,0.1,0.26,0.8,24013.85678,1073.915925,671.8566294,
2325,3,0.75,0.475,0.1,0.2,21840.77072,2325.988895,7803.904,
2326,0.3,0.62,0.475,0.26,0.6,17667.99828,2725.973335,7784.394805,
2327,1.38,0.75,0.35,0.42,0.4,20607.4118,2674.954433,8773.377263,
2328,0.3,0.62,0.475,0.5,0.4,19928.75784,2577.469736,7002.644712,
2329,0.3,0.75,0.1,0.5,0.4,17134.04725,2734.614469,8776.629944,
2330,3,0.62,0.35,0.34,0.4,23491.81328,2251.41826,6993.072253,
2331,3,0.36,0.225,0.42,0.8,24300.51202,1860.013982,4187.820619,
2332,2.46,0.75,0.225,0.34,0.6,21016.91899,2717.611187,9733.971976,
2333,0.3,0.1,0.225,0.18,0.4,18164.52539,1091.139979,497.4760127,
2334,3,0.62,0.225,0.42,0.4,23400.58099,2224.377091,6993.072253,
2335,1.92,0.1,0.35,0.18,0.6,22792.24642,1133.685412,602.0938391,
2336,1.92,0.49,0.475,0.5,0.6,23892.01785,2255.468072,5610.63178,
2337,2.46,0.23,0.225,0.18,0.4,22299.06981,1326.631239,1790.789256,
2338,0.3,0.75,0.6,0.1,0.8,16163.30191,3193.520546,10712.72117,
2339,0.3,0.1,0.1,0.1,0.6,16487.13438,1043.782979,564.1887356,
2340,0.3,0.23,0.225,0.5,0.4,20198.26903,1513.021618,1673.349188,
2341,1.92,0.49,0.6,0.5,0.2,24978.38684,1996.178931,4453.853084,
2342,0.84,0.1,0.35,0.26,0.2,21170.12919,1121.625108,430.851903,
2343,1.92,0.1,0.35,0.26,0.2,23620.16979,1112.234398,463.0824668,
2344,0.84,0.62,0.475,0.18,0.2,18751.03872,2280.115147,6220.110539,
2345,3,0.23,0.225,0.42,0.2,25453.61623,1332.396456,1572.503701,
2346,1.92,0.49,0.6,0.34,0.6,23261.68754,2264.09887,5610.63178,
2347,1.92,0.36,0.475,0.5,0.8,24403.75607,2026.600564,4193.175355,
2348,0.84,0.75,0.1,0.1,0.4,14886.63177,2652.831784,8775.075107,
2349,3,0.49,0.6,0.34,0.2,25647.61902,1900.303851,4451.968231,
2350,1.92,0.1,0.6,0.34,0.6,25527.94021,1280.948652,602.0938391,
2351,3,0.36,0.475,0.26,0.6,24527.19418,1815.289594,3789.623947,
2352,1.92,0.75,0.1,0.1,0.6,16977.67416,2717.772514,9737.01499,
2353,1.38,0.75,0.35,0.5,0.6,20994.61673,2859.390371,9739.796535,
2354,0.84,0.49,0.35,0.1,0.6,17332.28786,2260.374981,5857.000583,
2355,3,0.1,0.6,0.1,0.2,25592.57545,1137.081921,463.1467429,
2356,1.38,0.23,0.1,0.42,0.6,21264.30719,1457.431168,1882.258407,
2357,0.3,0.1,0.475,0.42,0.6,21695.0575,1313.801976,564.1887356,
2358,0.3,0.23,0.1,0.42,0.8,18477.26483,1614.977439,2093.37697,
2359,0.84,0.49,0.225,0.18,0.2,17746.38391,1882.947077,4663.433033,
2360,0.84,0.62,0.6,0.1,0.2,18677.37687,2309.055047,6220.110539,
2361,0.3,0.36,0.1,0.26,0.2,16837.36931,1591.934532,2842.027765,
2362,0.84,0.1,0.35,0.26,0.4,21105.50334,1154.847751,497.6532392,
2363,0.3,0.36,0.225,0.34,0.6,18037.5705,1940.740097,3619.542089,
2364,2.46,0.75,0.475,0.1,0.2,20895.44034,2369.103907,7805.01647,
2365,3,0.23,0.1,0.1,0.2,21879.69365,1166.160708,1572.503701,
2366,0.84,0.23,0.1,0.42,0.6,20001.00248,1486.955006,1882.871544,
2367,1.92,0.75,0.1,0.1,0.2,17530.97065,2294.866498,7806.030808,
2368,3,0.23,0.1,0.1,0.4,21730.66267,1239.876686,1790.035734,
2369,1.92,0.36,0.475,0.34,0.8,23104.37436,1989.464578,4193.175355,
2370,1.38,0.23,0.6,0.26,0.8,22734.37319,1659.685683,2091.904074,
2371,3,0.36,0.225,0.34,0.4,23944.9026,1636.506775,3391.427274,
2372,1.38,0.23,0.475,0.26,0.2,22421.00677,1391.800181,1462.967073,
2373,0.3,0.62,0.35,0.34,0.2,18110.04721,2336.483064,6220.89462,
2374,1.38,0.75,0.35,0.5,0.6,20994.61673,2859.390371,9739.796535,
2375,1.38,0.36,0.6,0.5,0.2,24459.20093,1755.803454,2841.106425,
2376,0.3,0.49,0.35,0.18,0.2,17139.9777,2008.626342,4664.087531,
2377,3,0.1,0.6,0.18,0.4,26249.69572,1191.338001,532.716705,
2378,0.84,0.62,0.6,0.5,0.2,22175.13801,2362.373712,6220.110539,
2379,0.3,0.75,0.6,0.42,0.8,19014.74892,3187.083271,10712.72117,
2380,3,0.49,0.1,0.26,0.6,21591.35841,2008.766749,5604.977222,
2381,2.46,0.1,0.6,0.42,0.6,27218.32299,1299.120159,602.2264778,
2382,1.92,0.23,0.35,0.26,0.6,22573.56168,1490.346398,2009.625859,
2383,2.46,0.62,0.35,0.1,0.4,20397.25252,2247.040646,6995.375679,
2384,0.84,0.49,0.225,0.18,0.4,17525.67265,2065.27243,5260.216808,
2385,0.3,0.36,0.475,0.1,0.6,17312.02915,1983.58452,3619.542089,
2386,1.92,0.36,0.1,0.18,0.2,19905.19751,1457.769244,2994.569285,
2387,1.92,0.62,0.6,0.1,0.2,21027.4719,2183.007514,6218.302699,
2388,3,0.75,0.1,0.1,0.2,19528.39057,2198.148062,7803.904,
2389,0.3,0.23,0.475,0.26,0.2,19751.40766,1442.759708,1463.335297,
2390,0.3,0.23,0.475,0.18,0.2,19014.77858,1415.722187,1463.335297,
2391,1.92,0.1,0.6,0.1,0.6,23420.14447,1193.30233,602.0938391,
2392,3,0.75,0.225,0.18,0.2,21104.05241,2255.284278,7803.904,
2393,1.92,0.49,0.475,0.5,0.8,23730.34422,2371.402458,6189.021128,
2394,0.3,0.36,0.6,0.18,0.2,19109.09531,1758.614606,2842.027765,
2395,2.46,0.49,0.1,0.34,0.8,21170.67205,2180.417632,6185.454872,
2396,3,0.1,0.1,0.26,0.4,24091.41093,1040.083146,532.716705,
2397,0.3,0.36,0.6,0.5,0.4,21704.48874,1978.855466,3230.784927,
2398,1.92,0.1,0.6,0.26,0.2,24969.34894,1198.912317,463.0824668,
2399,1.92,0.62,0.35,0.1,0.4,19365.4729,2295.694732,6997.460871,
2400,0.3,0.75,0.1,0.18,0.4,14310.26741,2730.181409,8776.629944,
2401,1.92,0.36,0.475,0.18,0.4,22004.37717,1724.421657,3394.104642,
2402,1.38,0.1,0.1,0.34,0.6,21488.84675,1103.2335,564.6880409,
2403,1.92,0.49,0.225,0.34,0.2,21560.8662,1827.163054,4453.853084,
2404,1.92,0.1,0.6,0.26,0.2,24969.34894,1198.912317,463.0824668,
2405,0.84,0.23,0.1,0.42,0.8,19892.84144,1562.980517,2092.72159,
2406,0.84,0.49,0.6,0.5,0.4,22461.24384,2243.375937,5260.216808,
2407,2.46,0.36,0.475,0.1,0.6,22121.67625,1793.076932,3791.760555,
2408,0.3,0.23,0.6,0.42,0.4,21678.04658,1625.854376,1673.349188,
2409,1.92,0.62,0.35,0.34,0.4,21540.42806,2330.892647,6997.460871,
2410,0.84,0.1,0.225,0.34,0.6,20992.84336,1167.382912,564.4545755,
2411,3,0.62,0.6,0.34,0.2,25120.65297,2152.59039,6216.10839,
2412,1.92,0.1,0.1,0.34,0.2,22778.76533,1045.181854,463.0824668,
2413,2.46,0.1,0.225,0.26,0.6,23833.10095,1109.91332,602.2264778,
2414,1.92,0.1,0.35,0.34,0.8,24146.50805,1215.97235,671.5995253,
2415,1.38,0.1,0.225,0.5,0.2,23707.32691,1151.290784,430.9297248,
2416,0.84,0.62,0.225,0.18,0.6,16761.55058,2577.413945,7782.042563,
2417,0.84,0.36,0.1,0.26,0.2,18247.99861,1538.020003,2841.595155,
2418,0.84,0.49,0.475,0.5,0.4,21791.13839,2204.456159,5260.216808,
2419,0.3,0.49,0.1,0.34,0.2,16996.06809,1938.147693,4664.087531,
2420,0.84,0.49,0.1,0.18,0.4,16686.44374,2015.427818,5260.216808,
2421,1.38,0.1,0.35,0.1,0.2,20993.2719,1051.856537,430.9297248,
2422,1.38,0.49,0.1,0.1,0.8,16774.52393,2245.81762,6450.88629,
2423,0.84,0.75,0.35,0.26,0.2,18298.86223,2519.44223,7807.806912,
2424,1.92,0.1,0.1,0.1,0.8,20452.33494,1026.518573,671.5995253,
2425,2.46,0.1,0.35,0.34,0.4,25298.1653,1163.726335,532.6765788,
2426,2.46,0.62,0.225,0.34,0.6,21555.46622,2418.417562,7773.491255,
2427,1.92,0.1,0.225,0.42,0.2,24220.82102,1121.810764,463.0824668,
2428,2.46,0.62,0.225,0.42,0.6,22222.90347,2428.957798,7773.491255,
2429,1.38,0.1,0.1,0.18,0.8,20011.83972,1069.07106,631.567199,
2430,1.92,0.75,0.35,0.34,0.6,20773.63718,2799.664333,9737.01499,
2431,2.46,0.1,0.1,0.5,0.4,25070.59393,1123.924164,532.6765788,
2432,3,0.75,0.35,0.26,0.6,22023.79157,2706.349272,9730.634564,
2433,0.3,0.36,0.35,0.42,0.2,19838.0241,1735.106695,2842.027765,
2434,1.92,0.62,0.475,0.1,0.4,20093.18888,2335.079827,6997.460871,
2435,3,0.75,0.475,0.18,0.2,22580.72255,2338.500482,7803.904,
2436,1.38,0.36,0.6,0.18,0.4,21573.65715,1788.764861,3228.942246,
2437,1.38,0.1,0.6,0.1,0.2,22369.31027,1141.474623,430.9297248,
2438,1.92,0.49,0.1,0.5,0.4,21847.10686,1976.673859,5032.242432,
2439,2.46,0.49,0.475,0.42,0.4,24478.37361,2059.407411,5030.459304,
2440,0.3,0.62,0.225,0.5,0.2,18685.95798,2312.297966,6220.89462,
2441,1.38,0.62,0.35,0.1,0.4,18241.48224,2359.766939,6999.354063,
2442,2.46,0.23,0.1,0.5,0.6,24072.23432,1455.923012,2008.69805,
2443,1.92,0.1,0.35,0.34,0.6,24183.33781,1191.571578,602.0938391,
2444,2.46,0.23,0.475,0.26,0.6,24322.9007,1520.247416,2008.69805,
2445,1.38,0.49,0.1,0.34,0.2,19623.48704,1814.940713,4662.708516,
2446,3,0.62,0.6,0.42,0.2,25770.12527,2177.357149,6216.10839,
2447,2.46,0.1,0.225,0.42,0.6,25161.81911,1166.205627,602.2264778,
2448,3,0.62,0.6,0.18,0.4,23480.7641,2298.370216,6993.072253,
2449,3,0.23,0.475,0.26,0.2,25555.22286,1370.027519,1572.503701,
2450,3,0.1,0.225,0.42,0.8,26112.41876,1178.615885,671.8566294,
2451,0.3,0.36,0.35,0.5,0.6,20154.41081,2021.006033,3619.542089,
2452,1.92,0.1,0.1,0.34,0.8,22619.73507,1117.40858,671.5995253,
2453,0.3,0.23,0.475,0.34,0.4,20329.19774,1559.065728,1673.349188,
2454,0.3,0.62,0.35,0.1,0.2,15880.03791,2312.168766,6220.89462,
2455,1.92,0.49,0.475,0.42,0.4,23463.35499,2094.932408,5032.242432,
2456,1.92,0.36,0.1,0.34,0.2,21338.92563,1509.541645,2994.569285,
2457,3,0.1,0.1,0.26,0.6,24034.09626,1057.930503,602.2866672,
2458,0.3,0.1,0.35,0.1,0.2,18229.85373,1072.041159,430.7632897,
2459,0.3,0.1,0.6,0.34,0.8,21629.04792,1367.039659,630.9014586,
2460,3,0.36,0.6,0.1,0.6,23755.22549,1810.51111,3789.623947,
2461,2.46,0.23,0.225,0.1,0.4,21552.07517,1297.510817,1790.789256,
2462,3,0.62,0.225,0.1,0.6,20334.3374,2345.565082,7770.036115,
2463,0.3,0.23,0.1,0.26,0.8,17055.9256,1568.95524,2093.37697,
2464,1.38,0.75,0.35,0.18,0.4,18509.13717,2658.175484,8773.377263,
2465,0.84,0.75,0.475,0.26,0.6,18506.34886,2941.449169,9742.343302,
2466,1.38,0.49,0.1,0.1,0.4,17164.91461,1935.123343,5258.767774,
2467,0.3,0.23,0.475,0.42,0.4,21008.04956,1583.311975,1673.349188,
2468,0.84,0.1,0.475,0.18,0.6,21028.79097,1203.670335,564.4545755,
2469,0.84,0.49,0.1,0.1,0.2,16127.21068,1816.34593,4663.433033,
2470,0.3,0.1,0.475,0.1,0.8,18756.53307,1233.172197,630.9014586,
2471,2.46,0.49,0.6,0.26,0.2,24028.88289,1904.596531,4452.96152,
2472,1.38,0.75,0.475,0.42,0.8,20846.25287,3041.529985,10706.21581,
2473,0.3,0.1,0.475,0.18,0.8,19522.6399,1262.518622,630.9014586,
2474,3,0.75,0.35,0.18,0.4,21574.10359,2507.665501,8767.269282,
2475,0.3,0.36,0.225,0.26,0.8,17165.22171,2048.55548,4008.299251,
2476,1.92,0.49,0.475,0.1,0.4,20639.90852,2025.379756,5032.242432,
2477,1.38,0.62,0.6,0.1,0.6,19431.83258,2610.053974,7779.458831,
2478,0.84,0.23,0.1,0.18,0.4,17987.37289,1321.317696,1673.021498,
2479,1.38,0.62,0.1,0.18,0.8,16948.45954,2623.584537,8559.563598,
2480,0.84,0.62,0.225,0.42,0.6,18893.36173,2592.8688,7782.042563,
2481,0.84,0.23,0.475,0.1,0.8,19301.4778,1609.356237,2092.72159,
2482,1.92,0.23,0.1,0.5,0.4,23168.8046,1395.001034,1791.407795,
2483,0.3,0.23,0.6,0.1,0.8,18563.44759,1707.541395,2093.37697,
2484,1.38,0.36,0.35,0.26,0.8,20593.08879,1958.650419,4004.61389,
2485,1.38,0.36,0.225,0.1,0.2,18832.55007,1499.208785,2841.106425,
2486,3,0.49,0.225,0.18,0.8,21526.51752,2155.923997,6181.481717,
2487,1.38,0.36,0.475,0.26,0.4,21621.14904,1769.346866,3228.942246,
2488,0.84,0.62,0.35,0.18,0.2,18022.15497,2239.206915,6220.110539,
2489,2.46,0.1,0.225,0.34,0.6,24510.99618,1138.356491,602.2264778,
2490,3,0.62,0.1,0.34,0.6,21683.91451,2338.68858,7770.036115,
2491,1.38,0.75,0.225,0.18,0.8,17247.99561,2977.564166,10706.21581,
2492,1.38,0.75,0.475,0.5,0.8,21488.21303,3044.931465,10706.21581,
2493,1.92,0.23,0.1,0.34,0.6,21716.2048,1419.122225,2009.625859,
2494,0.3,0.23,0.35,0.34,0.4,19613.08761,1513.213354,1673.349188,
2495,3,0.23,0.225,0.42,0.4,25314.42099,1400.664501,1790.035734,
2496,1.92,0.49,0.225,0.18,0.8,19521.34241,2241.962407,6189.021128,
2497,0.3,0.23,0.35,0.34,0.8,19373.9216,1689.451891,2093.37697,
2498,1.92,0.75,0.475,0.26,0.6,20802.81765,2827.708881,9737.01499,
2499,1.92,0.62,0.475,0.26,0.2,21816.65577,2171.713636,6218.302699,
2500,0.84,0.49,0.6,0.34,0.8,20771.93703,2498.945969,6453.784358,
2501,0.84,0.23,0.225,0.42,0.2,21071.09812,1370.312108,1463.171452,
2502,0.84,0.62,0.1,0.34,0.4,17615.09297,2371.734717,7001.076551,
2503,0.3,0.36,0.475,0.18,0.2,18424.86252,1715.488107,2842.027765,
2504,0.84,0.62,0.35,0.42,0.6,19663.30187,2629.542322,7782.042563,
2505,1.38,0.62,0.225,0.42,0.4,20343.55822,2356.53015,6999.354063,
2506,2.46,0.49,0.225,0.18,0.4,20944.93456,1913.652657,5030.459304,
2507,2.46,0.62,0.1,0.5,0.2,22571.36048,2041.458548,6217.260103,
2508,0.3,0.49,0.1,0.26,0.2,16270.77459,1923.425668,4664.087531,
2509,0.3,0.1,0.6,0.1,0.8,19438.2083,1279.213582,630.9014586,
2510,0.84,0.36,0.225,0.1,0.8,17045.42418,1939.833022,4006.568812,
2511,0.3,0.62,0.1,0.26,0.2,15778.38827,2239.281238,6220.89462,
2512,0.3,0.62,0.1,0.26,0.6,15303.25203,2619.229453,7784.394805,
2513,3,0.49,0.475,0.42,0.4,25412.7853,2037.979376,5028.472727,
2514,2.46,0.62,0.1,0.34,0.4,20987.07837,2200.839435,6995.375679,
2515,0.3,0.62,0.1,0.26,0.4,15530.85331,2442.599045,7002.644712,
2516,0.84,0.1,0.35,0.5,0.6,23054.98834,1273.759742,564.4545755,
2517,3,0.75,0.1,0.42,0.8,21585.10369,2801.807278,10693.99985,
2518,2.46,0.36,0.35,0.26,0.2,23241.48289,1559.849475,2993.942804,
2519,0.84,0.23,0.35,0.18,0.6,19448.20807,1509.925155,1882.871544,
2520,1.38,0.49,0.1,0.18,0.2,18171.04796,1776.060545,4662.708516,
2521,3,0.1,0.6,0.1,0.6,25477.85694,1179.836726,602.2866672,
2522,2.46,0.75,0.225,0.5,0.4,22591.57758,2547.500613,8769.494223,
2523,1.92,0.1,0.475,0.1,0.6,22756.13922,1147.269957,602.0938391,
2524,1.38,0.62,0.35,0.1,0.4,18241.48224,2359.766939,6999.354063,
2525,2.46,0.1,0.225,0.42,0.2,25276.80474,1119.627436,463.1266797,
2526,0.3,0.75,0.1,0.26,0.2,15331.74875,2513.975561,7808.584331,
2527,1.38,0.62,0.225,0.34,0.6,19428.5559,2521.910071,7779.458831,
2528,1.38,0.75,0.35,0.18,0.4,18509.13717,2658.175484,8773.377263,
2529,1.92,0.36,0.475,0.18,0.4,22004.37717,1724.421657,3394.104642,
2530,0.84,0.75,0.6,0.1,0.8,17495.52267,3124.897528,10709.6115,
2531,1.92,0.75,0.6,0.42,0.2,23361.21923,2495.820464,7806.030808,
2532,1.92,0.1,0.475,0.26,0.2,24315.04685,1156.533594,463.0824668,
2533,0.84,0.49,0.35,0.26,0.6,18837.6501,2280.511195,5857.000583,
2534,1.38,0.36,0.6,0.5,0.4,24284.72197,1874.333181,3228.942246,
2535,1.92,0.1,0.225,0.1,0.2,21421.87087,1002.465178,463.0824668,
2536,1.38,0.36,0.225,0.42,0.8,21207.70889,1949.296993,4004.61389,
2537,0.3,0.23,0.225,0.5,0.8,19957.98237,1686.333804,2093.37697,
2538,0.3,0.23,0.225,0.26,0.6,18003.36585,1531.332065,1883.363079,
2539,1.92,0.36,0.225,0.1,0.2,19961.15637,1481.755809,2994.569285,
2540,3,0.62,0.6,0.1,0.2,23004.81062,2102.539439,6216.10839,
2541,2.46,0.36,0.6,0.5,0.8,26084.99745,2032.075524,4190.66943,
2542,1.92,0.1,0.35,0.1,0.6,22050.56613,1102.044651,602.0938391,
2543,0.3,0.36,0.475,0.5,0.4,21033.60426,1933.73239,3230.784927,
2544,0.84,0.1,0.225,0.5,0.6,22314.4515,1223.80767,564.4545755,
2545,1.92,0.1,0.225,0.26,0.4,22818.09561,1092.366052,532.588153,
2546,2.46,0.23,0.35,0.1,0.6,22166.84833,1420.951672,2008.69805,
2547,1.92,0.23,0.35,0.1,0.2,21381.48121,1278.655581,1573.189732,
2548,0.3,0.49,0.35,0.18,0.8,16549.44764,2496.732486,6456.402351,
2549,1.92,0.75,0.6,0.42,0.6,22828.80701,2869.462374,9737.01499,
2550,2.46,0.62,0.35,0.34,0.6,22315.90298,2457.288972,7773.491255,
2551,0.84,0.62,0.6,0.34,0.4,20619.39798,2527.182623,7001.076551,
2552,0.3,0.49,0.1,0.18,0.8,14907.50155,2419.966185,6456.402351,
2553,0.84,0.36,0.475,0.42,0.4,21749.15035,1857.283738,3229.919707,
2554,0.3,0.62,0.225,0.34,0.6,16863.25208,2660.228915,7784.394805,
2555,2.46,0.49,0.225,0.18,0.6,20726.35111,2072.748082,5607.957088,
2556,1.38,0.49,0.6,0.18,0.8,20578.70197,2410.954056,6450.88629,
2557,0.3,0.75,0.6,0.18,0.6,17143.68969,3035.696913,9744.675557,
2558,3,0.62,0.35,0.1,0.2,21615.30902,2019.539088,6216.10839,
2559,3,0.1,0.475,0.18,0.6,25543.97622,1167.343833,602.2866672,
2560,1.92,0.23,0.225,0.34,0.4,22651.90765,1392.094106,1791.407795,
2561,0.3,0.36,0.225,0.42,0.6,18727.94944,1956.761854,3619.542089,
2562,3,0.75,0.1,0.26,0.6,20440.27077,2632.666444,9730.634564,
2563,1.38,0.23,0.225,0.42,0.6,22064.67409,1506.429106,1882.258407,
2564,2.46,0.62,0.35,0.18,0.2,21408.7914,2071.028655,6217.260103,
2565,0.84,0.23,0.35,0.42,0.8,21458.33429,1658.962145,2092.72159,
2566,1.92,0.36,0.6,0.26,0.2,23571.49407,1668.855388,2994.569285,
2567,0.84,0.23,0.1,0.1,0.6,17069.53776,1383.973588,1882.871544,
2568,0.3,0.49,0.475,0.42,0.4,19790.38073,2264.259621,5261.525804,
2569,2.46,0.75,0.225,0.1,0.6,18844.58602,2702.749595,9733.971976,
2570,1.38,0.49,0.225,0.1,0.6,17792.69759,2148.75077,5854.827032,
2571,1.92,0.23,0.35,0.26,0.8,22485.72672,1553.450321,2227.843922,
2572,1.38,0.49,0.6,0.18,0.4,20950.79675,2127.214305,5258.767774,
2573,1.92,0.49,0.475,0.26,0.8,21737.46675,2332.943205,6189.021128,
2574,2.46,0.75,0.225,0.26,0.4,20588.10112,2521.124787,8769.494223,
2575,3,0.75,0.35,0.1,0.2,21121.63376,2286.04785,7803.904,
2576,2.46,0.49,0.225,0.42,0.4,23027.18034,1970.159689,5030.459304,
2577,1.92,0.23,0.475,0.5,0.2,25514.05477,1461.312626,1573.189732,
2578,3,0.1,0.6,0.34,0.6,27541.88434,1268.512856,602.2866672,
2579,2.46,0.75,0.475,0.34,0.2,23039.52479,2402.796376,7805.01647,
2580,1.38,0.49,0.35,0.5,0.4,22296.0042,2109.656181,5258.767774,
2581,3,0.1,0.6,0.42,0.6,28175.53204,1298.208224,602.2866672,
2582,0.84,0.36,0.35,0.26,0.6,19482.25368,1902.565219,3618.244259,
2583,3,0.75,0.475,0.1,0.4,21551.92365,2535.337861,8767.269282,
2584,0.84,0.1,0.35,0.5,0.2,23176.19941,1207.939079,430.851903,
2585,0.84,0.36,0.35,0.1,0.2,18331.53827,1588.290957,2841.595155,
2586,3,0.49,0.225,0.18,0.4,21903.57142,1882.193395,5028.472727,
2587,3,0.49,0.1,0.26,0.6,21591.35841,2008.766749,5604.977222,
2588,3,0.62,0.6,0.1,0.2,23004.81062,2102.539439,6216.10839,
2589,0.84,0.49,0.475,0.42,0.8,20765.3236,2471.974517,6453.784358,
2590,1.38,0.1,0.475,0.18,0.2,22446.07092,1129.29018,430.9297248,
2591,2.46,0.1,0.6,0.1,0.2,24609.69488,1137.261063,463.1266797,
2592,0.3,0.23,0.35,0.26,0.6,18774.845,1579.026655,1883.363079,
2593,1.38,0.75,0.1,0.34,0.8,17850.90723,2946.280377,10706.21581,
2594,2.46,0.36,0.6,0.1,0.6,22796.45221,1833.602922,3791.760555,
2595,3,0.1,0.475,0.42,0.2,27645.33587,1212.182443,463.1467429,
2596,3,0.36,0.6,0.26,0.4,25369.54344,1743.24019,3391.427274,
2597,1.92,0.75,0.225,0.18,0.8,18359.11846,2919.611755,10702.50708,
2598,1.38,0.1,0.225,0.26,0.6,21589.89782,1123.690237,564.6880409,
2599,2.46,0.1,0.6,0.1,0.6,24494.21984,1184.717481,602.2264778,
2600,2.46,0.23,0.35,0.5,0.2,25856.33166,1408.529471,1572.880462,
2601,2.46,0.49,0.475,0.42,0.6,24267.76868,2203.729231,5607.957088,
2602,3,0.62,0.35,0.42,0.8,23722.38246,2572.641487,8546.999977,
2603,0.3,0.75,0.1,0.42,0.4,16469.7999,2732.099011,8776.629944,
2604,0.3,0.49,0.1,0.1,0.6,14298.23068,2265.916422,5858.964078,
2605,0.84,0.36,0.475,0.26,0.2,20552.31974,1683.478133,2841.595155,
2606,0.3,0.75,0.225,0.34,0.6,16368.82999,2944.866573,9744.675557,
2607,0.84,0.1,0.1,0.34,0.8,20135.05707,1146.96565,631.2559117,
2608,1.92,0.49,0.1,0.42,0.4,21196.77058,1959.103736,5032.242432,
2609,2.46,0.36,0.475,0.42,0.2,25278.04608,1653.828299,2993.942804,
2610,0.84,0.62,0.225,0.42,0.2,19377.69031,2228.212606,6220.110539,
2611,0.84,0.1,0.35,0.34,0.2,21866.07777,1151.606473,430.851903,
2612,1.92,0.36,0.35,0.5,0.6,23830.61756,1888.257162,3793.639999,
2613,2.46,0.49,0.475,0.1,0.2,21907.60216,1819.733133,4452.96152,
2614,1.38,0.23,0.225,0.26,0.8,20592.88971,1527.820273,2091.904074,
2615,2.46,0.62,0.6,0.5,0.2,25471.31359,2216.205709,6217.260103,
2616,1.38,0.62,0.225,0.1,0.4,17458.31337,2318.49607,6999.354063,
2617,0.3,0.36,0.1,0.34,0.8,17051.22577,2014.078522,4008.299251,
2618,1.92,0.23,0.35,0.1,0.8,21014.46262,1502.339729,2227.843922,
2619,0.3,0.23,0.6,0.34,0.4,21002.9198,1602.030408,1673.349188,
2620,0.84,0.23,0.35,0.34,0.2,21147.11189,1393.313184,1463.171452,
2621,3,0.49,0.6,0.26,0.2,24973.66505,1878.510192,4451.968231,
2622,1.38,0.36,0.35,0.42,0.6,22101.23514,1892.372302,3616.778068,
2623,3,0.23,0.6,0.18,0.6,25240.46571,1526.912015,2007.567767,
2624,2.46,0.1,0.225,0.26,0.6,23833.10095,1109.91332,602.2264778,
2625,1.38,0.62,0.6,0.26,0.4,21134.79169,2452.029771,6999.354063,
2626,1.92,0.36,0.6,0.18,0.2,22859.68226,1643.371967,2994.569285,
2627,1.38,0.1,0.475,0.42,0.2,24497.49378,1216.257659,430.9297248,
2628,3,0.36,0.6,0.42,0.8,26399.30792,1993.134536,4187.820619,
2629,0.84,0.62,0.475,0.1,0.6,17518.72018,2644.57283,7782.042563,
2630,1.38,0.1,0.225,0.42,0.4,23007.13103,1154.131822,497.8088828,
2631,1.38,0.75,0.1,0.1,0.4,16117.09143,2579.898076,8773.377263,
2632,2.46,0.62,0.1,0.26,0.8,19845.0786,2512.24475,8551.60683,
2633,1.92,0.49,0.35,0.1,0.6,19702.79117,2140.743496,5610.63178,
2634,2.46,0.1,0.35,0.5,0.4,26565.44198,1218.155076,532.6765788,
2635,0.3,0.36,0.1,0.42,0.2,18258.17422,1636.951913,2842.027765,
2636,0.84,0.23,0.1,0.1,0.4,17206.72347,1293.247706,1673.021498,
2637,0.84,0.1,0.1,0.1,0.2,18103.71261,957.8044363,430.851903,
2638,0.84,0.75,0.475,0.5,0.8,20296.00384,3101.567856,10709.6115,
2639,1.38,0.49,0.35,0.5,0.8,21916.71487,2380.985052,6450.88629,
2640,3,0.75,0.225,0.18,0.4,20807.73485,2468.92462,8767.269282,
2641,1.38,0.62,0.35,0.34,0.2,20684.30897,2196.065697,6219.249295,
2642,0.84,0.62,0.35,0.5,0.4,20546.64321,2469.059008,7001.076551,
2643,1.38,0.75,0.1,0.5,0.6,19412.65586,2789.034687,9739.796535,
2644,0.3,0.1,0.475,0.1,0.8,18756.53307,1233.172197,630.9014586,
2645,2.46,0.36,0.6,0.18,0.6,23535.52852,1855.599893,3791.760555,
2646,0.84,0.49,0.1,0.26,0.2,17660.75829,1851.054512,4663.433033,
2647,0.84,0.1,0.475,0.26,0.8,21698.44215,1264.197754,631.2559117,
2648,3,0.36,0.35,0.5,0.2,26157.53208,1622.627779,2993.230601,
2649,3,0.36,0.6,0.5,0.8,27022.63361,2009.188982,4187.820619,
2650,1.92,0.49,0.475,0.18,0.2,21615.12372,1875.827475,4453.853084,
2651,1.38,0.36,0.1,0.5,0.2,21558.34405,1572.824781,2841.106425,
2652,2.46,0.49,0.475,0.42,0.8,24111.24862,2315.680881,6185.454872,
2653,3,0.75,0.475,0.18,0.8,21819.0561,2888.598768,10693.99985,
2654,3,0.75,0.35,0.1,0.8,20351.85126,2853.028371,10693.99985,
2655,1.92,0.1,0.6,0.42,0.4,26228.16924,1284.953566,532.588153,
2656,2.46,0.75,0.1,0.34,0.6,20198.19434,2679.992981,9733.971976,
2657,1.38,0.62,0.35,0.18,0.4,19003.26087,2367.940631,6999.354063,
2658,1.38,0.1,0.1,0.1,0.6,19296.94557,1010.556267,564.6880409,
2659,0.84,0.75,0.1,0.1,0.2,15161.55861,2426.225375,7807.806912,
2660,1.92,0.49,0.1,0.42,0.4,21196.77058,1959.103736,5032.242432,
2661,2.46,0.23,0.6,0.34,0.8,25582.73081,1643.095965,2226.606843,
2662,0.3,0.62,0.35,0.34,0.4,17868.52974,2528.842339,7002.644712,
2663,1.92,0.75,0.1,0.42,0.6,19858.62238,2732.280678,9737.01499,
2664,1.38,0.36,0.475,0.18,0.6,20721.98687,1876.253412,3616.778068,
2665,1.92,0.75,0.1,0.42,0.2,20415.516,2334.915562,7806.030808,
2666,2.46,0.75,0.225,0.1,0.8,18627.59129,2866.169312,10698.44973,
2667,3,0.1,0.35,0.18,0.8,24832.63439,1139.462082,671.8566294,
2668,0.84,0.23,0.475,0.5,0.4,23040.20232,1570.505373,1673.021498,
2669,2.46,0.49,0.225,0.5,0.4,23667.03434,1988.411004,5030.459304,
2670,3,0.75,0.6,0.42,0.2,25285.44287,2422.544712,7803.904,
2671,0.3,0.1,0.35,0.42,0.4,21052.39074,1232.262496,497.4760127,
2672,0.84,0.62,0.475,0.5,0.6,21032.90881,2670.335961,7782.042563,
2673,2.46,0.36,0.225,0.42,0.2,23843.86105,1562.050857,2993.942804,
2674,1.92,0.62,0.1,0.26,0.2,19519.84827,2034.868742,6218.302699,
2675,1.92,0.23,0.6,0.34,0.6,24625.22284,1601.83688,2009.625859,
2676,0.84,0.36,0.6,0.26,0.8,20742.54304,2096.051973,4006.568812,
2677,0.84,0.23,0.35,0.5,0.2,22467.72872,1443.090688,1463.171452,
2678,3,0.23,0.6,0.5,0.6,27865.84529,1628.248843,2007.567767,
2679,1.38,0.62,0.6,0.5,0.4,23131.87356,2482.628592,6999.354063,
2680,1.92,0.62,0.225,0.26,0.2,20338.71032,2084.662062,6218.302699,
2681,1.38,0.36,0.1,0.18,0.8,18259.75445,1845.429139,4004.61389,
2682,1.92,0.75,0.225,0.26,0.2,19856.5969,2358.710019,7806.030808,
2683,2.46,0.49,0.475,0.5,0.4,25110.6786,2077.383301,5030.459304,
2684,0.84,0.75,0.1,0.42,0.6,17551.45504,2845.827135,9742.343302,
2685,0.3,0.75,0.225,0.1,0.8,13920.58719,3126.202603,10712.72117,
2686,1.38,0.62,0.35,0.1,0.4,18241.48224,2359.766939,6999.354063,
2687,1.92,0.23,0.6,0.26,0.8,23858.6051,1640.781114,2227.843922,
2688,0.3,0.1,0.225,0.18,0.2,18233.74438,1053.713399,430.7632897,
2689,1.92,0.1,0.35,0.26,0.4,23559.02207,1139.464575,532.588153,
2690,3,0.36,0.1,0.34,0.6,22961.71291,1703.275776,3789.623947,
2691,3,0.36,0.35,0.5,0.6,25788.79946,1843.732474,3789.623947,
2692,3,0.75,0.1,0.5,0.6,22446.31277,2665.909893,9730.634564,
2693,2.46,0.62,0.225,0.5,0.4,23106.85406,2272.249947,6995.375679,
2694,1.92,0.23,0.1,0.1,0.8,19428.88034,1405.126941,2227.843922,
2695,1.92,0.1,0.1,0.1,0.2,20618.39006,952.9670627,463.0824668,
2696,2.46,0.36,0.6,0.26,0.4,24421.22656,1762.967331,3392.851679,
2697,1.92,0.75,0.475,0.42,0.6,22155.77439,2836.890027,9737.01499,
2698,0.3,0.1,0.225,0.5,0.4,20957.66425,1209.574122,497.4760127,
2699,2.46,0.23,0.35,0.42,0.4,25094.53903,1454.162654,1790.789256,
2700,1.38,0.49,0.35,0.42,0.6,21441.24153,2242.310244,5854.827032,
2701,0.84,0.49,0.6,0.34,0.4,21145.20743,2216.476648,5260.216808,
2702,3,0.75,0.225,0.1,0.6,19791.19189,2657.549622,9730.634564,
2703,0.84,0.1,0.475,0.42,0.4,23169.34398,1259.953681,497.6532392,
2704,1.92,0.62,0.1,0.34,0.6,19717.39449,2425.039606,7776.619042,
2705,1.92,0.1,0.1,0.26,0.2,22089.30945,1015.406422,463.0824668,
2706,0.84,0.23,0.475,0.26,0.6,20899.17573,1581.32085,1882.871544,
2707,2.46,0.23,0.225,0.1,0.4,21552.07517,1297.510817,1790.789256,
2708,3,0.75,0.1,0.34,0.2,21705.21979,2237.824301,7803.904,
2709,0.84,0.23,0.225,0.1,0.4,18039.01018,1345.939999,1673.021498,
2710,0.84,0.75,0.1,0.42,0.8,17322.0629,3008.125049,10709.6115,
2711,2.46,0.1,0.35,0.34,0.6,25243.08324,1184.352899,602.2264778,
2712,0.84,0.23,0.1,0.1,0.2,17348.06239,1205.267181,1463.171452,
2713,2.46,0.75,0.1,0.42,0.6,20870.17806,2686.295466,9733.971976,
2714,1.92,0.75,0.1,0.5,0.6,20509.26498,2737.261108,9737.01499,
2715,0.3,0.49,0.475,0.26,0.8,18025.35629,2538.837116,6456.402351,
2716,0.3,0.62,0.225,0.18,0.8,15197.65384,2810.697846,8566.144897,
2717,3,0.23,0.225,0.26,0.2,24125.13468,1278.233042,1572.503701,
2718,2.46,0.62,0.225,0.1,0.4,19624.35389,2205.319585,6995.375679,
2719,1.38,0.1,0.225,0.26,0.8,21543.40965,1149.030349,631.567199,
2720,0.84,0.62,0.475,0.1,0.2,17987.93211,2270.319016,6220.110539,
2721,0.3,0.23,0.1,0.5,0.4,19390.45447,1461.095454,1673.349188,
2722,0.3,0.23,0.475,0.18,0.8,18645.87808,1687.587098,2093.37697,
2723,0.84,0.62,0.35,0.34,0.2,19463.33418,2261.529793,6220.110539,
2724,2.46,0.75,0.475,0.5,0.6,23788.64956,2801.090819,9733.971976,
2725,0.3,0.62,0.35,0.34,0.2,18110.04721,2336.483064,6220.89462,
2726,2.46,0.62,0.225,0.34,0.8,21362.59828,2559.371777,8551.60683,
2727,2.46,0.1,0.225,0.42,0.8,25133.92608,1184.251496,671.7763769,
2728,3,0.75,0.6,0.5,0.4,25628.72945,2629.936643,8767.269282,
2729,3,0.23,0.6,0.5,0.2,28127.9026,1494.435041,1572.503701,
2730,1.38,0.36,0.1,0.5,0.4,21371.86439,1695.067915,3228.942246,
2731,1.92,0.23,0.475,0.34,0.6,23964.46842,1559.519496,2009.625859,
2732,0.84,0.1,0.225,0.34,0.6,20992.84336,1167.382912,564.4545755,
2733,0.84,0.75,0.225,0.34,0.8,17473.47749,3040.488885,10709.6115,
2734,1.92,0.36,0.35,0.34,0.6,22524.55129,1846.040777,3793.639999,
2735,1.92,0.62,0.1,0.1,0.2,18015.44103,2005.546186,6218.302699,
2736,0.84,0.75,0.1,0.5,0.2,18750.70328,2457.423902,7807.806912,
2737,0.3,0.1,0.35,0.34,0.6,20310.53359,1241.157251,564.1887356,
2738,0.3,0.49,0.475,0.42,0.2,20000.33289,2094.267079,4664.087531,
2739,3,0.36,0.1,0.26,0.8,22148.28361,1770.234922,4187.820619,
2740,0.3,0.36,0.475,0.34,0.4,19698.45683,1897.241594,3230.784927,
2741,3,0.75,0.475,0.26,0.4,23002.23668,2554.010814,8767.269282,
2742,0.84,0.1,0.6,0.18,0.6,21698.86412,1249.934905,564.4545755,
2743,1.38,0.75,0.35,0.5,0.6,20994.61673,2859.390371,9739.796535,
2744,1.38,0.62,0.475,0.18,0.4,19730.44251,2406.113292,6999.354063,
2745,0.3,0.1,0.1,0.26,0.6,18023.89373,1107.876419,564.1887356,
2746,3,0.75,0.35,0.1,0.8,20351.85126,2853.028371,10693.99985,
2747,3,0.49,0.6,0.1,0.4,23307.05299,1993.041197,5028.472727,
2748,0.84,0.75,0.6,0.26,0.2,19708.33265,2590.400619,7807.806912,
2749,0.84,0.75,0.6,0.5,0.4,21449.70022,2807.897544,8775.075107,
2750,1.38,0.1,0.1,0.1,0.2,19426.46392,952.962506,430.9297248,
2751,0.3,0.1,0.35,0.42,0.8,20929.08009,1305.107226,630.9014586,
2752,0.3,0.1,0.1,0.26,0.4,18091.04519,1070.070057,497.4760127,
2753,1.92,0.62,0.35,0.18,0.4,20121.45608,2307.520508,6997.460871,
2754,0.3,0.36,0.225,0.5,0.6,19391.17863,1972.931221,3619.542089,
2755,1.92,0.62,0.475,0.34,0.2,22506.84649,2186.440899,6218.302699,
2756,1.92,0.23,0.6,0.42,0.4,25408.24079,1553.456461,1791.407795,
2757,3,0.49,0.225,0.26,0.4,22620.9426,1902.348485,5028.472727,
2758,0.84,0.49,0.6,0.42,0.2,22026.71965,2066.691846,4663.433033,
2759,2.46,0.23,0.1,0.18,0.4,21496.24501,1276.912494,1790.789256,
2760,0.3,0.75,0.35,0.18,0.6,15708.33797,2978.944948,9744.675557,
2761,1.92,0.23,0.6,0.42,0.2,25537.74438,1479.689616,1573.189732,
2762,0.84,0.49,0.475,0.34,0.4,20468.03649,2177.609189,5260.216808,
2763,2.46,0.36,0.6,0.18,0.6,23535.52852,1855.599893,3791.760555,
2764,0.3,0.1,0.35,0.34,0.4,20374.12952,1203.05981,497.4760127,
2765,1.92,0.1,0.225,0.34,0.2,23564.48076,1093.530601,463.0824668,
2766,0.3,0.62,0.475,0.5,0.8,19498.06631,2883.094182,8566.144897,
2767,3,0.1,0.35,0.42,0.4,26908.87778,1189.93344,532.716705,
2768,1.92,0.49,0.6,0.34,0.6,23261.68754,2264.09887,5610.63178,
2769,1.38,0.23,0.6,0.42,0.6,24176.26753,1640.405804,1882.258407,
2770,0.84,0.49,0.225,0.18,0.4,17525.67265,2065.27243,5260.216808,
2771,2.46,0.62,0.225,0.5,0.4,23106.85406,2272.249947,6995.375679,
2772,0.84,0.62,0.6,0.5,0.4,21934.31975,2542.095759,7001.076551,
2773,1.92,0.49,0.1,0.5,0.8,21461.02097,2251.522197,6189.021128,
2774,2.46,0.49,0.1,0.18,0.6,19903.91992,2027.186145,5607.957088,
2775,0.84,0.36,0.225,0.18,0.2,18328.96085,1564.336005,2841.595155,
2776,1.92,0.75,0.6,0.42,0.8,22611.91608,3017.057824,10702.50708,
2777,0.84,0.36,0.35,0.34,0.8,20044.36508,2033.353684,4006.568812,
2778,3,0.49,0.6,0.1,0.8,22942.38232,2258.506357,6181.481717,
2779,3,0.75,0.475,0.18,0.4,22292.27876,2544.090283,8767.269282,
2780,2.46,0.75,0.35,0.1,0.2,20172.55982,2330.045268,7805.01647,
2781,1.38,0.1,0.1,0.42,0.2,22282.11009,1075.333721,430.9297248,
2782,1.38,0.23,0.475,0.1,0.6,20683.55769,1496.689537,1882.258407,
2783,3,0.36,0.225,0.26,0.6,23073.06036,1727.408896,3789.623947,
2784,3,0.1,0.225,0.42,0.6,26131.44423,1161.821118,602.2866672,
2785,3,0.49,0.475,0.5,0.4,26040.05855,2056.911158,5028.472727,
2786,1.38,0.49,0.1,0.26,0.2,18912.96276,1795.185835,4662.708516,
2787,1.38,0.23,0.475,0.42,0.8,23422.0302,1665.431063,2091.904074,
2788,1.38,0.62,0.475,0.1,0.8,18545.9624,2725.4519,8559.563598,
2789,0.84,0.23,0.35,0.1,0.6,18680.6351,1483.32444,1882.871544,
2790,1.38,0.23,0.1,0.26,0.4,20015.89483,1325.141011,1672.61274,
2791,3,0.62,0.35,0.1,0.4,21348.23206,2206.913498,6993.072253,
2792,0.84,0.49,0.6,0.34,0.8,20771.93703,2498.945969,6453.784358,
2793,1.38,0.75,0.225,0.18,0.4,17729.36274,2622.330875,8773.377263,
2794,1.92,0.1,0.6,0.26,0.8,24818.57324,1274.489273,671.5995253,
2795,0.84,0.1,0.1,0.1,0.8,17910.93356,1054.925235,631.2559117,
2796,1.92,0.36,0.225,0.18,0.8,20208.92004,1861.63203,4193.175355,
2797,0.3,0.49,0.225,0.18,0.8,15759.37521,2459.739377,6456.402351,
2798,0.84,0.62,0.6,0.5,0.8,21506.65822,2843.969021,8563.008575,
2799,1.92,0.23,0.1,0.34,0.8,21625.67202,1482.92697,2227.843922,
2800,1.92,0.36,0.35,0.5,0.6,23830.61756,1888.257162,3793.639999,
2801,2.46,0.75,0.6,0.1,0.8,20823.4797,2957.373094,10698.44973,
2802,0.84,0.62,0.225,0.42,0.4,19127.2529,2420.483063,7001.076551,
2803,1.92,0.1,0.35,0.34,0.2,24299.74562,1140.850337,463.0824668,
2804,0.3,0.49,0.6,0.34,0.6,19597.52992,2445.173369,5858.964078,
2805,3,0.62,0.225,0.34,0.6,22494.13633,2380.029905,7770.036115,
2806,0.84,0.36,0.6,0.42,0.4,22418.52134,1898.778549,3229.919707,
2807,2.46,0.36,0.1,0.34,0.2,22386.37749,1487.938696,2993.942804,
2808,0.84,0.62,0.475,0.26,0.6,19010.44013,2653.680348,7782.042563,
2809,3,0.49,0.475,0.5,0.2,26265.99772,1907.772024,4451.968231,
2810,2.46,0.1,0.35,0.34,0.4,25298.1653,1163.726335,532.6765788,
2811,1.38,0.75,0.6,0.34,0.4,21334.7798,2737.158197,8773.377263,
2812,3,0.62,0.225,0.42,0.4,23400.58099,2224.377091,6993.072253,
2813,0.3,0.75,0.6,0.5,0.2,20397.39019,2680.351568,7808.584331,
2814,1.92,0.1,0.225,0.26,0.2,22880.37075,1064.1476,463.0824668,
2815,0.84,0.1,0.225,0.42,0.4,21727.45351,1164.503411,497.6532392,
2816,0.3,0.1,0.225,0.26,0.4,18907.06663,1122.479074,497.4760127,
2817,1.92,0.36,0.35,0.34,0.2,22889.38207,1605.475353,2994.569285,
2818,1.92,0.23,0.35,0.18,0.4,21991.37548,1384.828971,1791.407795,
2819,1.92,0.62,0.35,0.34,0.2,21796.17942,2144.631139,6218.302699,
2820,3,0.1,0.475,0.34,0.4,26951.81606,1205.647009,532.716705,
2821,0.84,0.62,0.225,0.26,0.4,17734.11008,2406.283234,7001.076551,
2822,3,0.1,0.35,0.5,0.4,27524.04016,1220.115343,532.716705,
2823,1.38,0.49,0.6,0.1,0.4,20197.78883,2112.345475,5258.767774,
2824,0.84,0.36,0.475,0.18,0.4,19643.022,1794.784194,3229.919707,
2825,2.46,0.36,0.1,0.5,0.6,23316.43599,1767.575987,3791.760555,
2826,2.46,0.62,0.1,0.34,0.2,21255.06018,2008.885834,6217.260103,
2827,0.84,0.23,0.1,0.34,0.8,19205.73747,1539.891915,2092.72159,
2828,1.38,0.23,0.1,0.42,0.6,21264.30719,1457.431168,1882.258407,
2829,2.46,0.75,0.6,0.5,0.8,24241.73592,2978.531918,10698.44973,
2830,3,0.1,0.225,0.26,0.2,24932.60301,1064.413572,463.1467429,
2831,2.46,0.49,0.6,0.34,0.4,24485.90516,2081.437584,5030.459304,
2832,1.92,0.1,0.475,0.26,0.6,24198.87178,1209.796709,602.0938391,
2833,1.92,0.62,0.475,0.42,0.8,22489.8351,2689.91914,8555.777214,
2834,0.3,0.1,0.35,0.18,0.4,18930.70967,1142.007096,497.4760127,
2835,1.38,0.75,0.1,0.18,0.4,16890.38034,2583.552548,8773.377263,
2836,3,0.75,0.35,0.1,0.6,20565.55866,2693.793612,9730.634564,
2837,3,0.23,0.1,0.18,0.6,22332.23901,1343.1082,2007.567767,
2838,0.3,0.49,0.475,0.1,0.6,16695.75143,2388.124818,5858.964078,
2839,3,0.49,0.35,0.18,0.6,22445.15215,2082.28784,5604.977222,
2840,1.38,0.1,0.1,0.18,0.8,20011.83972,1069.07106,631.567199,
2841,0.3,0.75,0.225,0.42,0.4,17302.61063,2769.370513,8776.629944,
2842,2.46,0.62,0.6,0.34,0.6,23699.41948,2530.518458,7773.491255,
2843,0.84,0.62,0.1,0.1,0.4,15368.08576,2349.28158,7001.076551,
2844,2.46,0.62,0.6,0.1,0.2,22056.31864,2137.337502,6217.260103,
2845,0.3,0.62,0.35,0.18,0.2,16656.30799,2317.876289,6220.89462,
2846,3,0.1,0.6,0.42,0.8,28157.56138,1314.391797,671.8566294,
2847,0.84,0.75,0.35,0.1,0.4,16529.31024,2724.367259,8775.075107,
2848,0.3,0.1,0.1,0.18,0.8,17208.42309,1113.26832,630.9014586,
2849,0.3,0.49,0.475,0.42,0.2,20000.33289,2094.267079,4664.087531,
2850,2.46,0.23,0.35,0.42,0.6,24959.74869,1525.652987,2008.69805,
2851,1.92,0.36,0.1,0.42,0.6,21636.38738,1774.250886,3793.639999,
2852,2.46,0.62,0.1,0.34,0.6,20740.27748,2377.08335,7773.491255,
2853,0.84,0.75,0.475,0.42,0.2,20397.92362,2570.334595,7807.806912,
2854,1.92,0.75,0.475,0.18,0.4,20342.80554,2636.795849,8771.522899,
2855,3,0.36,0.6,0.42,0.6,26511.5662,1903.934682,3789.623947,
2856,3,0.49,0.6,0.18,0.4,24041.94313,2012.340774,5028.472727,
2857,3,0.75,0.35,0.18,0.2,21866.22692,2298.628603,7803.904,
2858,0.3,0.23,0.475,0.5,0.2,21787.14535,1519.879434,1463.335297,
2859,1.38,0.62,0.1,0.18,0.6,17150.11373,2468.657354,7779.458831,
2860,3,0.75,0.6,0.18,0.2,23252.81363,2375.598881,7803.904,
2861,2.46,0.36,0.475,0.26,0.2,23944.05186,1604.963936,2993.942804,
2862,2.46,0.62,0.225,0.18,0.8,19944.18198,2543.418725,8551.60683,
2863,1.92,0.62,0.475,0.42,0.4,22918.32213,2382.240524,6997.460871,
2864,0.84,0.75,0.1,0.34,0.2,17403.48435,2442.34001,7807.806912,
2865,2.46,0.49,0.35,0.1,0.4,20958.25798,1943.341585,5030.459304,
2866,0.3,0.49,0.6,0.1,0.8,17215.78292,2563.164904,6456.402351,
2867,1.38,0.75,0.1,0.1,0.2,16399.94902,2353.356118,7806.95799,
2868,2.46,0.62,0.225,0.26,0.2,21368.68678,2042.974609,6217.260103,
2869,1.92,0.62,0.1,0.42,0.6,20394.63102,2433.79965,7776.619042,
2870,0.84,0.75,0.475,0.42,0.4,20127.89964,2769.103807,8775.075107,
2871,1.92,0.75,0.6,0.42,0.2,23361.21923,2495.820464,7806.030808,
2872,0.3,0.1,0.475,0.26,0.4,20380.6957,1219.934025,497.4760127,
2873,1.38,0.62,0.475,0.18,0.4,19730.44251,2406.113292,6999.354063,
2874,3,0.23,0.35,0.18,0.8,23808.34445,1495.188905,2225.099799,
2875,3,0.36,0.225,0.18,0.4,22545.61729,1588.887236,3391.427274,
2876,0.3,0.36,0.1,0.18,0.4,15895.28207,1716.948693,3230.784927,
2877,2.46,0.23,0.475,0.42,0.6,25653.03335,1569.286623,2008.69805,
2878,3,0.1,0.35,0.18,0.4,24908.34384,1105.349346,532.716705,
2879,3,0.23,0.6,0.42,0.2,27513.28656,1469.433788,1572.503701,
2880,0.3,0.23,0.6,0.34,0.8,20770.44868,1774.478414,2093.37697,
2881,3,0.36,0.1,0.26,0.6,22269.88704,1680.655549,3789.623947,
2882,0.84,0.1,0.225,0.5,0.6,22314.4515,1223.80767,564.4545755,
2883,1.92,0.75,0.1,0.42,0.2,20415.516,2334.915562,7806.030808,
2884,3,0.62,0.1,0.26,0.8,20796.8827,2469.11928,8546.999977,
2885,1.92,0.1,0.6,0.18,0.2,24268.9873,1169.471719,463.0824668,
2886,1.92,0.1,0.1,0.34,0.8,22619.73507,1117.40858,671.5995253,
2887,1.92,0.1,0.35,0.34,0.6,24183.33781,1191.571578,602.0938391,
2888,0.84,0.75,0.1,0.42,0.4,17810.52646,2661.745832,8775.075107,
2889,1.38,0.36,0.35,0.5,0.6,22746.96643,1911.192819,3616.778068,
2890,3,0.62,0.475,0.42,0.6,24614.38602,2477.60691,7770.036115,
2891,1.38,0.36,0.35,0.5,0.6,22746.96643,1911.192819,3616.778068,
2892,0.3,0.36,0.6,0.5,0.6,21542.72811,2102.304936,3619.542089,
2893,1.38,0.36,0.35,0.18,0.8,19863.2079,1940.079186,4004.61389,
2894,2.46,0.23,0.225,0.26,0.4,23014.40428,1354.381087,1790.789256,
2895,0.3,0.23,0.225,0.34,0.4,18849.1188,1464.684553,1673.349188,
2896,0.3,0.62,0.35,0.18,0.8,15989.74533,2843.304094,8566.144897,
2897,0.84,0.62,0.35,0.1,0.2,17253.63957,2229.326628,6220.110539,
2898,2.46,0.1,0.1,0.1,0.6,21587.93709,1000.104145,602.2264778,
2899,1.38,0.1,0.35,0.5,0.4,24379.5348,1228.852927,497.8088828,
2900,2.46,0.75,0.475,0.18,0.6,21096.16914,2775.445404,9733.971976,
2901,3,0.62,0.225,0.34,0.2,23006.32951,2023.594135,6216.10839,
2902,1.38,0.49,0.6,0.5,0.8,23298.37378,2455.948964,6450.88629,
2903,0.3,0.1,0.225,0.5,0.8,20833.62288,1282.855695,630.9014586,
2904,2.46,0.49,0.475,0.26,0.6,22924.36339,2170.956523,5607.957088,
2905,1.38,0.36,0.475,0.42,0.6,22809.98971,1934.721406,3616.778068,
2906,1.38,0.1,0.475,0.26,0.4,23096.86591,1189.43248,497.8088828,
2907,0.84,0.49,0.35,0.18,0.4,18304.86583,2109.353927,5260.216808,
2908,0.3,0.49,0.475,0.42,0.8,19412.91243,2550.796289,6456.402351,
2909,1.38,0.49,0.6,0.42,0.2,23243.32033,2016.253599,4662.708516,
2910,1.38,0.23,0.225,0.5,0.2,22974.98201,1377.29374,1462.967073,
2911,0.84,0.36,0.6,0.1,0.8,19254.23586,2063.886314,4006.568812,
2912,1.92,0.1,0.6,0.5,0.8,26760.76521,1356.234521,671.5995253,
2913,1.92,0.36,0.6,0.26,0.8,23086.9394,2009.115356,4193.175355,
2914,0.84,0.23,0.475,0.26,0.2,21157.59079,1412.006313,1463.171452,
2915,1.92,0.36,0.6,0.34,0.6,23899.64565,1933.642629,3793.639999,
2916,1.92,0.62,0.35,0.1,0.8,18933.85187,2627.737019,8555.777214,
2917,3,0.75,0.35,0.18,0.4,21574.10359,2507.665501,8767.269282,
2918,3,0.1,0.35,0.1,0.2,24244.49771,1050.412817,463.1467429,
2919,3,0.49,0.1,0.5,0.8,23435.72499,2183.574225,6181.481717,
2920,2.46,0.75,0.475,0.42,0.6,23154.38341,2793.800988,9733.971976,
2921,2.46,0.62,0.225,0.18,0.8,19944.18198,2543.418725,8551.60683,
2922,1.38,0.62,0.35,0.18,0.8,18570.33102,2696.352369,8559.563598,
2923,2.46,0.62,0.35,0.1,0.8,19966.1221,2573.571923,8551.60683,
2924,1.38,0.36,0.225,0.34,0.4,20848.04375,1700.074178,3228.942246,
2925,0.3,0.23,0.6,0.42,0.4,21678.04658,1625.854376,1673.349188,
2926,0.84,0.36,0.35,0.18,0.2,19099.90355,1612.509997,2841.595155,
2927,3,0.49,0.1,0.34,0.4,22507.66663,1875.209593,5028.472727,
2928,1.92,0.23,0.35,0.5,0.2,24824.14731,1416.711487,1573.189732,
2929,0.84,0.49,0.225,0.26,0.2,18488.79053,1900.432039,4663.433033,
2930,1.38,0.1,0.35,0.34,0.6,23026.45346,1200.076485,564.6880409,
2931,0.84,0.75,0.475,0.18,0.8,17556.23268,3099.502488,10709.6115,
2932,2.46,0.23,0.1,0.5,0.6,24072.23432,1455.923012,2008.69805,
2933,1.92,0.75,0.6,0.34,0.4,22426.21254,2683.747406,8771.522899,
2934,2.46,0.36,0.225,0.34,0.4,22990.15873,1654.860077,3392.851679,
2935,0.84,0.62,0.35,0.1,0.2,17253.63957,2229.326628,6220.110539,
2936,0.3,0.75,0.475,0.1,0.2,16185.2315,2624.440789,7808.584331,
2937,1.38,0.49,0.35,0.26,0.2,20497.85353,1891.224764,4662.708516,
2938,2.46,0.62,0.225,0.1,0.4,19624.35389,2205.319585,6995.375679,
2939,0.84,0.62,0.475,0.42,0.2,20857.21045,2312.779914,6220.110539,
2940,0.84,0.49,0.35,0.34,0.4,19748.31727,2136.586748,5260.216808,
2941,0.3,0.36,0.35,0.34,0.6,18810.28885,1989.284055,3619.542089,
2942,1.92,0.36,0.6,0.18,0.2,22859.68226,1643.371967,2994.569285,
2943,2.46,0.36,0.6,0.26,0.2,24605.90784,1646.482246,2993.942804,
2944,0.3,0.75,0.1,0.34,0.8,15300.10889,3083.692958,10712.72117,
2945,1.92,0.62,0.475,0.1,0.6,19858.01825,2515.140541,7776.619042,
2946,3,0.23,0.6,0.42,0.4,27380.4788,1536.301852,1790.035734,
2947,2.46,0.1,0.1,0.1,0.6,21587.93709,1000.104145,602.2264778,
2948,1.92,0.1,0.225,0.26,0.2,22880.37075,1064.1476,463.0824668,
2949,1.92,0.62,0.225,0.18,0.8,18912.37375,2597.452327,8555.777214,
2950,2.46,0.62,0.225,0.26,0.6,20860.83406,2407.832938,7773.491255,
2951,3,0.36,0.1,0.18,0.2,21942.51269,1421.284856,2993.230601,
2952,2.46,0.75,0.35,0.5,0.8,22863.10317,2916.803843,10698.44973,
2953,0.3,0.75,0.475,0.42,0.4,18803.66834,2837.816745,8776.629944,
2954,3,0.75,0.6,0.1,0.6,21971.89642,2761.307946,9730.634564,
2955,1.92,0.23,0.225,0.34,0.2,22788.89544,1318.178696,1573.189732,
2956,1.92,0.75,0.35,0.5,0.4,22343.44627,2629.916975,8771.522899,
2957,1.38,0.23,0.6,0.42,0.6,24176.26753,1640.405804,1882.258407,
2958,2.46,0.49,0.35,0.34,0.4,23114.54791,1995.948472,5030.459304,
2959,0.84,0.75,0.1,0.42,0.2,18090.3941,2450.036337,7807.806912,
2960,3,0.49,0.35,0.34,0.8,23688.75895,2228.095433,6181.481717,
2961,3,0.49,0.225,0.18,0.8,21526.51752,2155.923997,6181.481717,
2962,1.92,0.75,0.6,0.42,0.8,22611.91608,3017.057824,10702.50708,
2963,3,0.75,0.475,0.5,0.6,24706.19995,2776.05394,9730.634564,
2964,1.92,0.49,0.475,0.18,0.8,21017.63724,2320.658442,6189.021128,
2965,1.92,0.1,0.225,0.34,0.6,23445.91868,1145.118159,602.0938391,
2966,2.46,0.1,0.225,0.5,0.2,25901.15471,1146.672148,463.1266797,
2967,1.92,0.23,0.475,0.42,0.2,24884.26951,1435.898293,1573.189732,
2968,0.3,0.23,0.225,0.42,0.8,19295.53338,1664.274205,2093.37697,
2969,1.38,0.1,0.475,0.42,0.8,24337.25038,1299.84835,631.567199,
2970,1.38,0.23,0.225,0.1,0.4,19332.12819,1320.070539,1672.61274,
2971,1.92,0.36,0.6,0.5,0.6,25190.99407,1969.416635,3793.639999,
2972,0.3,0.49,0.475,0.1,0.4,16890.50129,2223.312096,5261.525804,
2973,0.3,0.1,0.1,0.42,0.6,19432.38615,1167.052823,564.1887356,
2974,0.3,0.23,0.6,0.5,0.8,22097.19946,1818.215447,2093.37697,
2975,0.3,0.75,0.475,0.5,0.6,19207.61994,3010.245702,9744.675557,
2976,3,0.1,0.1,0.26,0.6,24034.09626,1057.930503,602.2866672,
2977,3,0.62,0.35,0.5,0.4,24782.71958,2288.0071,6993.072253,
2978,3,0.75,0.6,0.1,0.4,22231.28616,2570.430142,8767.269282,
2979,0.3,0.1,0.225,0.42,0.6,20237.65567,1220.200799,564.1887356,
2980,3,0.36,0.225,0.1,0.4,21799.76887,1563.15589,3391.427274,
2981,2.46,0.62,0.475,0.5,0.4,24558.51398,2352.420257,6995.375679,
2982,3,0.36,0.1,0.42,0.4,23813.47959,1611.89475,3391.427274,
2983,1.92,0.36,0.475,0.1,0.6,21075.15588,1825.257057,3793.639999,
2984,1.92,0.75,0.225,0.5,0.2,21872.4729,2390.022157,7806.030808,
2985,3,0.62,0.225,0.34,0.8,22305.46015,2517.588521,8546.999977,
2986,1.92,0.75,0.1,0.5,0.6,20509.26498,2737.261108,9737.01499,
2987,2.46,0.23,0.475,0.34,0.6,25001.26967,1545.228084,2008.69805,
2988,3,0.23,0.35,0.18,0.4,24019.15966,1366.38084,1790.035734,
2989,1.92,0.49,0.1,0.1,0.4,18309.95854,1887.173603,5032.242432,
2990,2.46,0.49,0.475,0.18,0.4,22422.90532,2004.007611,5030.459304,
2991,3,0.1,0.225,0.1,0.4,23442.6741,1029.243239,532.716705,
2992,0.3,0.1,0.1,0.42,0.2,19565.79722,1093.710465,430.7632897,
2993,0.84,0.23,0.1,0.5,0.2,20925.42198,1345.916963,1463.171452,
2994,1.92,0.75,0.35,0.18,0.4,19617.35522,2601.339378,8771.522899,
2995,0.3,0.62,0.35,0.34,0.4,17868.52974,2528.842339,7002.644712,
2996,0.3,0.49,0.475,0.26,0.6,18205.48232,2400.134316,5858.964078,
2997,0.3,0.36,0.225,0.1,0.8,15629.80015,2022.370597,4008.299251,
2998,2.46,0.49,0.1,0.5,0.6,22652.01448,2093.614215,5607.957088,
2999,1.38,0.75,0.1,0.5,0.8,19185.52169,2949.714404,10706.21581,
3000,0.3,0.36,0.225,0.18,0.8,16415.16646,2034.507181,4008.299251,
3001,1.38,0.75,0.1,0.18,0.2,17174.47114,2362.126239,7806.95799,
3002,1.92,0.23,0.475,0.42,0.4,24752.91591,1509.243879,1791.407795,
3003,2.46,0.75,0.6,0.42,0.4,24083.22768,2647.623102,8769.494223,
3004,0.84,0.62,0.6,0.26,0.8,19496.36556,2830.789556,8563.008575,
3005,0.3,0.75,0.475,0.42,0.8,18329.29331,3164.133203,10712.72117,
3006,0.84,0.1,0.35,0.42,0.6,22411.55087,1246.029473,564.4545755,
3007,3,0.75,0.35,0.34,0.4,22974.01311,2527.540636,8767.269282,
3008,0.84,0.1,0.1,0.18,0.8,18685.14701,1086.986349,631.2559117,
3009,1.92,0.75,0.35,0.26,0.8,19860.14098,2953.538434,10702.50708,
3010,0.3,0.49,0.475,0.26,0.6,18205.48232,2400.134316,5858.964078,
3011,2.46,0.49,0.35,0.34,0.8,22741.67941,2263.313202,6185.454872,
3012,1.38,0.75,0.1,0.18,0.8,16406.56597,2945.571069,10706.21581,
3013,1.92,0.1,0.225,0.42,0.2,24220.82102,1121.810764,463.0824668,
3014,0.84,0.62,0.6,0.26,0.6,19696.13394,2687.128147,7782.042563,
3015,2.46,0.23,0.475,0.26,0.8,24245.76827,1578.1414,2226.606843,
3016,0.84,0.36,0.6,0.18,0.2,20500.82456,1702.666111,2841.595155,
3017,1.92,0.36,0.475,0.42,0.2,24251.50534,1674.556946,2994.569285,
3018,0.84,0.23,0.475,0.18,0.6,20169.29505,1555.650019,1882.871544,
3019,2.46,0.23,0.6,0.1,0.6,23545.69983,1509.169726,2008.69805,
3020,1.92,0.36,0.35,0.42,0.8,23060.42616,1967.303396,4193.175355,
3021,2.46,0.75,0.6,0.5,0.8,24241.73592,2978.531918,10698.44973,
3022,2.46,0.49,0.6,0.34,0.6,24276.83839,2225.651009,5607.957088,
3023,0.84,0.1,0.6,0.34,0.6,23107.42465,1306.6539,564.4545755,
3024,0.84,0.1,0.475,0.5,0.6,23750.38627,1317.968453,564.4545755,
3025,1.38,0.23,0.35,0.42,0.8,22718.25123,1621.686234,2091.904074,
3026,1.38,0.49,0.6,0.34,0.8,21993.08299,2433.270782,6450.88629,
3027,0.84,0.75,0.475,0.26,0.8,18282.30344,3097.942664,10709.6115,
3028,1.92,0.23,0.1,0.1,0.2,19810.29106,1177.302997,1573.189732,
3029,3,0.49,0.475,0.42,0.2,25640.21385,1886.481149,4451.968231,
3030,1.92,0.36,0.1,0.1,0.2,19139.80606,1430.917622,2994.569285,
3031,1.92,0.1,0.225,0.26,0.6,22760.45428,1116.205024,602.0938391,
3032,0.84,0.75,0.225,0.34,0.6,17700.48961,2877.550287,9742.343302,
3033,3,0.75,0.225,0.18,0.8,20326.01984,2822.694337,10693.99985,
3034,2.46,0.75,0.225,0.34,0.6,21016.91899,2717.611187,9733.971976,
3035,0.3,0.23,0.6,0.18,0.8,19331.01574,1729.612357,2093.37697,
3036,0.3,0.75,0.475,0.42,0.4,18803.66834,2837.816745,8776.629944,
3037,1.38,0.23,0.225,0.34,0.8,21294.94766,1551.612415,2091.904074,
3038,3,0.1,0.225,0.26,0.8,24796.03391,1121.724027,671.8566294,
3039,1.38,0.36,0.6,0.26,0.4,22293.44024,1811.261338,3228.942246,
3040,0.3,0.23,0.35,0.26,0.4,18901.0458,1487.114077,1673.349188,
3041,2.46,0.1,0.225,0.18,0.2,23245.32714,1034.188983,463.1266797,
3042,3,0.23,0.6,0.5,0.2,28127.9026,1494.435041,1572.503701,
3043,0.3,0.75,0.475,0.18,0.4,16690.67668,2830.163764,8776.629944,
3044,0.84,0.23,0.475,0.5,0.6,22915.56342,1651.657704,1882.871544,
3045,0.3,0.1,0.35,0.5,0.4,21704.0744,1260.015252,497.4760127,
3046,1.92,0.62,0.6,0.5,0.6,23988.55106,2595.404306,7776.619042,
3047,2.46,0.75,0.35,0.42,0.6,22442.58256,2759.276112,9733.971976,
3048,2.46,0.75,0.35,0.18,0.6,20372.44453,2741.747814,9733.971976,
3049,0.3,0.1,0.475,0.26,0.2,20446.71655,1184.453217,430.7632897,
3050,1.38,0.1,0.6,0.5,0.4,25717.92108,1318.317258,497.8088828,
3051,1.92,0.1,0.6,0.34,0.2,25641.00757,1226.832954,463.0824668,
3052,2.46,0.49,0.225,0.1,0.6,19970.11944,2056.031678,5607.957088,
3053,0.84,0.62,0.225,0.18,0.4,16993.4319,2398.156697,7001.076551,
3054,0.84,0.36,0.6,0.26,0.6,20883.57032,1988.825803,3618.244259,
3055,1.38,0.49,0.6,0.18,0.2,21166.99714,1961.417719,4662.708516,
3056,2.46,0.23,0.225,0.5,0.2,25126.97725,1363.314333,1572.880462,
3057,3,0.23,0.35,0.18,0.6,23878.6899,1438.086634,2007.567767,
3058,1.92,0.36,0.475,0.5,0.4,24705.59364,1813.633972,3394.104642,
3059,2.46,0.62,0.1,0.26,0.2,20555.59745,1991.947161,6217.260103,
3060,1.38,0.62,0.225,0.42,0.8,19903.41766,2673.521339,8559.563598,
3061,0.3,0.62,0.225,0.34,0.2,17335.53814,2293.202425,6220.89462,
3062,0.3,0.49,0.35,0.26,0.8,17291.49365,2501.841929,6456.402351,
3063,0.84,0.62,0.225,0.5,0.8,19342.88505,2742.738684,8563.008575,
3064,3,0.23,0.1,0.34,0.2,24019.56939,1256.609029,1572.503701,
3065,0.84,0.49,0.475,0.18,0.8,18657.60641,2446.864805,6453.784358,
3066,1.38,0.36,0.35,0.1,0.6,19238.39614,1809.183957,3616.778068,
3067,2.46,0.49,0.1,0.1,0.8,18976.66289,2137.079477,6185.454872,
3068,2.46,0.49,0.1,0.42,0.2,22461.82699,1767.536127,4452.96152,
3069,1.92,0.75,0.1,0.26,0.2,19033.96536,2315.011087,7806.030808,
3070,2.46,0.1,0.1,0.26,0.2,23165.85715,1014.437156,463.1266797,
3071,0.84,0.49,0.6,0.18,0.6,19520.03222,2345.922043,5857.000583,
3072,1.38,0.36,0.6,0.26,0.4,22293.44024,1811.261338,3228.942246,
3073,1.92,0.23,0.475,0.34,0.2,24229.01792,1409.302439,1573.189732,
3074,1.92,0.36,0.225,0.42,0.4,22620.9275,1702.362943,3394.104642,
3075,0.3,0.1,0.6,0.1,0.6,19499.59002,1242.953255,564.1887356,
3076,1.38,0.75,0.35,0.5,0.2,21531.23053,2483.624075,7806.95799,
3077,0.84,0.49,0.225,0.42,0.6,19456.11031,2261.454478,5857.000583,
3078,0.84,0.75,0.35,0.26,0.2,18298.86223,2519.44223,7807.806912,
3079,3,0.62,0.1,0.34,0.8,21492.64317,2478.470286,8546.999977,
3080,1.92,0.23,0.225,0.5,0.8,23734.93224,1578.215581,2227.843922,
3081,1.38,0.49,0.225,0.1,0.2,18230.69991,1806.423231,4662.708516,
3082,2.46,0.49,0.225,0.34,0.8,21983.3924,2223.071213,6185.454872,
3083,2.46,0.75,0.475,0.5,0.6,23788.64956,2801.090819,9733.971976,
3084,1.92,0.75,0.1,0.34,0.6,19182.25956,2728.685923,9737.01499,
3085,2.46,0.36,0.1,0.5,0.4,23501.81103,1651.758385,3392.851679,
3086,3,0.75,0.475,0.18,0.4,22292.27876,2544.090283,8767.269282,
3087,2.46,0.75,0.6,0.18,0.4,22035.25427,2622.021568,8769.494223,
3088,1.92,0.62,0.35,0.26,0.8,20412.76467,2640.318177,8555.777214,
3089,2.46,0.36,0.6,0.26,0.2,24605.90784,1646.482246,2993.942804,
3090,0.84,0.49,0.475,0.1,0.4,18269.75242,2137.772292,5260.216808,
3091,0.84,0.75,0.6,0.1,0.6,17716.22776,2969.949337,9742.343302,
3092,0.84,0.1,0.1,0.5,0.8,21468.47178,1203.771987,631.2559117,
3093,2.46,0.62,0.475,0.18,0.4,21866.21855,2299.064875,6995.375679,
3094,2.46,0.49,0.225,0.1,0.6,19970.11944,2056.031678,5607.957088,
3095,0.84,0.75,0.6,0.1,0.6,17716.22776,2969.949337,9742.343302,
3096,1.92,0.36,0.475,0.18,0.4,22004.37717,1724.421657,3394.104642,
3097,0.84,0.62,0.475,0.42,0.4,20613.58127,2498.304774,7001.076551,
3098,0.3,0.49,0.1,0.42,0.6,17267.84542,2294.421531,5858.964078,
3099,3,0.23,0.1,0.42,0.4,24533.3641,1352.458842,1790.035734,
3100,0.84,0.36,0.225,0.18,0.2,18328.96085,1564.336005,2841.595155,
3101,2.46,0.1,0.225,0.42,0.6,25161.81911,1166.205627,602.2264778,
3102,0.84,0.36,0.475,0.26,0.4,20374.53915,1816.172479,3229.919707,
3103,1.38,0.75,0.1,0.18,0.6,16629.45723,2777.017019,9739.796535,
3104,1.92,0.36,0.225,0.42,0.8,22307.91628,1921.122657,4193.175355,
3105,1.92,0.1,0.225,0.26,0.4,22818.09561,1092.366052,532.588153,
3106,0.3,0.75,0.1,0.42,0.6,16217.43157,2912.258434,9744.675557,
3107,3,0.62,0.6,0.18,0.2,23740.07991,2119.046386,6216.10839,
3108,1.38,0.36,0.475,0.34,0.8,22007.71977,2018.234015,4004.61389,
3109,3,0.75,0.225,0.18,0.8,20326.01984,2822.694337,10693.99985,
3110,2.46,0.49,0.6,0.42,0.8,24776.72778,2353.430021,6185.454872,
3111,1.38,0.75,0.475,0.5,0.4,21967.56626,2716.670421,8773.377263,
3112,1.92,0.1,0.1,0.18,0.6,21246.03182,1035.679507,602.0938391,
3113,0.84,0.75,0.6,0.1,0.8,17495.52267,3124.897528,10709.6115,
3114,1.92,0.23,0.225,0.5,0.2,24089.97228,1370.663726,1573.189732,
3115,1.38,0.62,0.475,0.1,0.8,18545.9624,2725.4519,8559.563598,
3116,1.92,0.49,0.6,0.42,0.8,23761.11765,2396.235291,6189.021128,
3117,0.3,0.1,0.1,0.34,0.4,18809.01756,1100.719187,497.4760127,
3118,1.92,0.49,0.35,0.1,0.2,20144.37846,1810.505088,4453.853084,
3119,1.38,0.36,0.6,0.1,0.6,20647.96971,1897.022293,3616.778068,
3120,0.84,0.36,0.475,0.18,0.2,19821.97194,1659.150166,2841.595155,
3121,0.3,0.75,0.225,0.18,0.2,15428.66404,2552.061491,7808.584331,
3122,1.92,0.49,0.1,0.18,0.8,18690.75434,2199.62649,6189.021128,
3123,0.3,0.1,0.475,0.26,0.4,20380.6957,1219.934025,497.4760127,
3124,2.46,0.1,0.1,0.26,0.8,23016.39347,1080.484352,671.7763769,
3125,0.84,0.23,0.225,0.26,0.6,19418.87906,1487.918053,1882.871544,
3126,2.46,0.62,0.35,0.18,0.4,21147.54089,2259.117216,6995.375679,
3127,0.84,0.75,0.35,0.18,0.2,17565.33564,2513.41384,7807.806912,
3128,2.46,0.62,0.1,0.26,0.6,20039.94061,2366.689382,7773.491255,
3129,3,0.49,0.6,0.1,0.4,23307.05299,1993.041197,5028.472727,
3130,0.3,0.75,0.225,0.1,0.2,14649.47731,2551.414049,7808.584331,
3131,2.46,0.1,0.225,0.1,0.8,22357.51388,1068.91478,671.7763769,
3132,3,0.1,0.35,0.5,0.8,27452.44082,1253.393329,671.8566294,
3133,2.46,0.36,0.6,0.1,0.6,22796.45221,1833.602922,3791.760555,
3134,0.84,0.36,0.225,0.1,0.4,17367.9696,1680.534533,3229.919707,
3135,3,0.1,0.6,0.26,0.4,26936.38105,1219.950834,532.716705,
3136,0.3,0.23,0.1,0.34,0.6,17899.21471,1505.943809,1883.363079,
3137,0.84,0.36,0.35,0.1,0.4,18148.70569,1728.138015,3229.919707,
3138,0.3,0.1,0.35,0.42,0.4,21052.39074,1232.262496,497.4760127,
3139,3,0.75,0.6,0.26,0.2,23958.13757,2388.167296,7803.904,
3140,3,0.75,0.6,0.1,0.2,22516.98254,2362.965125,7803.904,
3141,1.38,0.75,0.475,0.34,0.8,20179.09144,3039.443545,10706.21581,
3142,1.38,0.23,0.475,0.1,0.4,20816.53014,1414.23306,1672.61274,
3143,0.84,0.23,0.1,0.34,0.2,19584.92179,1292.54281,1463.171452,
3144,1.38,0.49,0.475,0.5,0.8,22628.70966,2418.907751,6450.88629,
3145,2.46,0.1,0.475,0.5,0.2,27302.06935,1235.947051,463.1266797,
3146,1.38,0.75,0.35,0.34,0.2,20213.36832,2464.360582,7806.95799,
3147,0.3,0.1,0.1,0.18,0.2,17412.17481,1001.647601,430.7632897,
3148,1.92,0.49,0.35,0.34,0.2,22315.06632,1873.475373,4453.853084,
3149,1.38,0.23,0.225,0.26,0.2,20961.90555,1296.830301,1462.967073,
3150,2.46,0.49,0.225,0.1,0.6,19970.11944,2056.031678,5607.957088,
3151,0.84,0.62,0.6,0.1,0.6,18212.73138,2678.979145,7782.042563,
3152,1.92,0.62,0.225,0.5,0.6,21855.54544,2484.237502,7776.619042,
3153,3,0.23,0.225,0.42,0.4,25314.42099,1400.664501,1790.035734,
3154,1.92,0.23,0.35,0.5,0.6,24560.58761,1562.369385,2009.625859,
3155,0.84,0.1,0.35,0.1,0.8,19500.72679,1157.391846,631.2559117,
3156,0.3,0.36,0.475,0.42,0.8,20065.47666,2159.851899,4008.299251,
3157,0.3,0.62,0.475,0.5,0.8,19498.06631,2883.094182,8566.144897,
3158,1.38,0.36,0.1,0.5,0.8,21051.98596,1921.396435,4004.61389,
3159,0.3,0.75,0.225,0.26,0.8,15431.315,3115.771682,10712.72117,
3160,0.3,0.49,0.225,0.5,0.6,18760.60098,2346.311359,5858.964078,
3161,0.3,0.36,0.1,0.5,0.2,18926.00671,1658.834999,2842.027765,
3162,0.84,0.62,0.35,0.5,0.6,20315.19005,2634.922549,7782.042563,
3163,0.84,0.23,0.475,0.42,0.2,22524.04874,1464.306717,1463.171452,
3164,0.84,0.49,0.1,0.5,0.8,19113.45543,2364.380491,6453.784358,
3165,3,0.62,0.1,0.1,0.6,19505.47903,2303.791354,7770.036115,
3166,0.3,0.49,0.6,0.34,0.2,19999.03596,2121.589034,4664.087531,
3167,0.84,0.62,0.1,0.26,0.8,16457.51623,2697.141944,8563.008575,
3168,1.92,0.36,0.6,0.26,0.2,23571.49407,1668.855388,2994.569285,
3169,3,0.36,0.475,0.18,0.4,24003.87646,1678.279809,3391.427274,
3170,1.38,0.23,0.35,0.5,0.2,23714.22939,1424.148707,1462.967073,
3171,0.84,0.75,0.35,0.1,0.6,16280.43922,2911.056863,9742.343302,
3172,0.84,0.36,0.35,0.5,0.4,21688.87637,1834.518192,3229.919707,
3173,2.46,0.75,0.6,0.18,0.8,21563.52769,2959.12134,10698.44973,
3174,0.3,0.1,0.6,0.26,0.4,21051.87287,1265.455517,497.4760127,
3175,2.46,0.62,0.6,0.42,0.4,24590.08872,2376.383048,6995.375679,
3176,0.3,0.1,0.35,0.34,0.8,20249.40178,1275.792277,630.9014586,
3177,1.38,0.75,0.6,0.5,0.2,22909.54012,2557.109678,7806.95799,
3178,0.84,0.75,0.1,0.34,0.8,16638.76351,3008.55776,10709.6115,
3179,1.92,0.1,0.35,0.26,0.6,23502.34668,1163.014324,602.0938391,
3180,1.92,0.75,0.6,0.26,0.2,22015.34901,2475.963812,7806.030808,
3181,0.84,0.62,0.225,0.5,0.6,19549.53764,2597.59716,7782.042563,
3182,1.92,0.1,0.225,0.5,0.2,24851.86224,1149.180241,463.0824668,
3183,1.92,0.62,0.225,0.18,0.2,19609.73245,2070.482464,6218.302699,
3184,2.46,0.62,0.225,0.1,0.2,19889.70545,2010.204312,6217.260103,
3185,3,0.49,0.225,0.34,0.6,23090.68462,2075.781768,5604.977222,
3186,0.84,0.23,0.1,0.34,0.2,19584.92179,1292.54281,1463.171452,
3187,1.92,0.75,0.35,0.42,0.4,21701.79143,2621.909048,8771.522899,
3188,1.38,0.23,0.35,0.26,0.6,21447.89746,1504.394151,1882.258407,
3189,3,0.49,0.6,0.1,0.4,23307.05299,1993.041197,5028.472727,
3190,3,0.36,0.225,0.42,0.2,24795.64515,1545.73544,2993.230601,
3191,0.3,0.23,0.225,0.42,0.4,19537.33513,1489.237664,1673.349188,
3192,0.3,0.49,0.35,0.18,0.6,16730.19227,2355.175429,5858.964078,
3193,0.84,0.75,0.1,0.18,0.4,15664.83302,2652.504079,8775.075107,
3194,2.46,0.75,0.35,0.34,0.6,21780.06343,2752.836558,9733.971976,
3195,2.46,0.62,0.1,0.5,0.6,22059.44514,2398.752001,7773.491255,
3196,0.3,0.23,0.475,0.1,0.4,18112.8585,1480.318259,1673.349188,
3197,0.84,0.62,0.1,0.5,0.6,18728.17487,2559.356812,7782.042563,
3198,0.84,0.1,0.225,0.34,0.6,20992.84336,1167.382912,564.4545755,
3199,2.46,0.36,0.6,0.5,0.2,26557.45248,1718.169227,2993.942804,
3200,2.46,0.62,0.225,0.34,0.8,21362.59828,2559.371777,8551.60683,
3201,1.38,0.1,0.6,0.1,0.4,22306.8281,1175.816028,497.8088828,
3202,1.92,0.62,0.6,0.42,0.8,23162.32025,2723.57618,8555.777214,
3203,0.3,0.36,0.1,0.26,0.2,16837.36931,1591.934532,2842.027765,
3204,1.92,0.36,0.35,0.26,0.2,22198.84404,1580.865417,2994.569285,
3205,2.46,0.62,0.225,0.5,0.6,22864.30608,2439.404518,7773.491255,
3206,0.3,0.23,0.6,0.34,0.4,21002.9198,1602.030408,1673.349188,
3207,2.46,0.49,0.6,0.26,0.4,23805.04238,2063.008648,5030.459304,
3208,1.92,0.75,0.35,0.26,0.4,20340.60028,2608.123959,8771.522899,
3209,3,0.36,0.475,0.1,0.6,23084.29521,1770.282202,3789.623947,
3210,0.3,0.49,0.35,0.42,0.6,18870.33664,2377.946989,5858.964078,
3211,1.92,0.62,0.1,0.42,0.8,20195.73008,2579.29073,8555.777214,
3212,3,0.49,0.475,0.26,0.6,23867.75545,2139.885911,5604.977222,
3213,3,0.75,0.475,0.1,0.2,21840.77072,2325.988895,7803.904,
3214,3,0.36,0.35,0.5,0.6,25788.79946,1843.732474,3789.623947,
3215,0.84,0.23,0.6,0.26,0.2,21827.72048,1455.859436,1463.171452,
3216,1.38,0.23,0.475,0.18,0.4,21568.61594,1442.239804,1672.61274,
3217,0.84,0.75,0.225,0.1,0.8,15265.27367,3049.639599,10709.6115,
3218,1.92,0.36,0.1,0.5,0.2,22658.99078,1556.485344,2994.569285,
3219,1.92,0.1,0.1,0.42,0.6,23320.80367,1124.525622,602.0938391,
3220,1.92,0.23,0.35,0.1,0.6,21104.09528,1436.361178,2009.625859,
3221,0.3,0.23,0.1,0.18,0.6,16417.13047,1454.83264,1883.363079,
3222,0.84,0.75,0.1,0.42,0.6,17551.45504,2845.827135,9742.343302,
3223,1.38,0.23,0.1,0.34,0.4,20722.04271,1351.972992,1672.61274,
3224,1.38,0.23,0.475,0.42,0.4,23643.01665,1522.0148,1672.61274,
3225,2.46,0.49,0.1,0.1,0.4,19363.16649,1846.165615,5030.459304,
3226,0.3,0.75,0.35,0.34,0.6,17150.27123,2976.696427,9744.675557,
3227,1.92,0.49,0.6,0.42,0.4,24128.34981,2134.504527,5032.242432,
3228,0.3,0.62,0.475,0.26,0.6,17667.99828,2725.973335,7784.394805,
3229,3,0.49,0.35,0.1,0.2,22155.6346,1748.022032,4451.968231,
3230,1.92,0.49,0.475,0.18,0.2,21615.12372,1875.827475,4453.853084,
3231,0.3,0.75,0.35,0.42,0.6,17829.21976,2976.532056,9744.675557,
3232,2.46,0.1,0.225,0.18,0.2,23245.32714,1034.188983,463.1266797,
3233,2.46,0.49,0.6,0.42,0.2,25360.99004,1945.786761,4452.96152,
3234,0.84,0.23,0.475,0.42,0.4,22395.70886,1547.043373,1673.021498,
3235,0.84,0.1,0.225,0.42,0.4,21727.45351,1164.503411,497.6532392,
3236,0.84,0.23,0.35,0.26,0.6,20182.96282,1535.503335,1882.871544,
3237,0.84,0.75,0.6,0.5,0.2,21717.66283,2612.981141,7807.806912,
3238,0.84,0.36,0.35,0.34,0.4,20360.39139,1792.704624,3229.919707,
3239,3,0.62,0.475,0.42,0.2,25111.80062,2137.748917,6216.10839,
3240,0.84,0.62,0.1,0.5,0.4,18965.32434,2386.566086,7001.076551,
3241,0.3,0.23,0.225,0.26,0.4,18131.7991,1438.666572,1673.349188,
3242,0.84,0.23,0.35,0.42,0.6,21562.47115,1583.978717,1882.871544,
3243,0.3,0.23,0.6,0.18,0.4,19565.92265,1551.814614,1673.349188,
3244,0.3,0.62,0.35,0.1,0.6,15420.39911,2688.59123,7784.394805,
3245,1.92,0.49,0.35,0.42,0.8,22380.78996,2320.264268,6189.021128,
3246,1.38,0.36,0.1,0.26,0.6,19143.38381,1756.373929,3616.778068,
3247,0.84,0.36,0.225,0.5,0.4,20934.92725,1787.207992,3229.919707,
3248,1.92,0.23,0.1,0.26,0.8,20924.96467,1457.849547,2227.843922,
3249,2.46,0.49,0.1,0.26,0.4,20855.72966,1884.434002,5030.459304,
3250,2.46,0.1,0.475,0.26,0.4,25316.47656,1179.40497,532.6765788,
3251,0.84,0.62,0.6,0.34,0.4,20619.39798,2527.182623,7001.076551,
3252,1.92,0.62,0.225,0.5,0.8,21658.98299,2625.274898,8555.777214,
3253,0.3,0.1,0.1,0.1,0.8,16421.21204,1081.822629,630.9014586,
3254,1.92,0.49,0.6,0.5,0.6,24555.96265,2293.690269,5610.63178,
3255,3,0.75,0.475,0.34,0.6,23421.71925,2749.115486,9730.634564,
3256,1.92,0.36,0.1,0.42,0.6,21636.38738,1774.250886,3793.639999,
3257,0.84,0.75,0.475,0.26,0.8,18282.30344,3097.942664,10709.6115,
3258,3,0.75,0.225,0.1,0.4,20057.53372,2460.284409,8767.269282,
3259,3,0.36,0.35,0.18,0.4,23297.91738,1634.696977,3391.427274,
3260,1.38,0.75,0.6,0.42,0.6,21744.70131,2918.921001,9739.796535,
3261,0.3,0.75,0.35,0.42,0.2,18345.98596,2603.478295,7808.584331,
3262,2.46,0.62,0.475,0.5,0.8,24133.3481,2651.337376,8551.60683,
3263,0.3,0.23,0.35,0.26,0.8,18660.63346,1666.486982,2093.37697,
3264,2.46,0.1,0.1,0.42,0.2,24501.73694,1071.825628,463.1266797,
3265,1.92,0.1,0.1,0.18,0.8,21206.77338,1058.39118,671.5995253,
3266,1.38,0.36,0.6,0.34,0.8,22679.99345,2057.564163,4004.61389,
3267,0.3,0.1,0.6,0.42,0.8,22300.93076,1392.718206,630.9014586,
3268,1.92,0.36,0.475,0.42,0.8,23766.76152,2008.252962,4193.175355,
3269,1.92,0.36,0.1,0.34,0.4,21146.19166,1630.911495,3394.104642,
3270,3,0.75,0.225,0.1,0.4,20057.53372,2460.284409,8767.269282,
3271,0.84,0.62,0.35,0.42,0.8,19459.54603,2774.77764,8563.008575,
3272,0.84,0.62,0.475,0.5,0.2,21505.05292,2324.323587,6220.110539,
3273,0.3,0.1,0.475,0.26,0.4,20380.6957,1219.934025,497.4760127,
3274,1.92,0.75,0.6,0.42,0.4,23085.884,2691.594693,8771.522899,
3275,0.84,0.49,0.225,0.34,0.6,18772.96574,2250.295395,5857.000583,
3276,0.3,0.62,0.6,0.1,0.2,17315.13921,2389.149276,6220.89462,
3277,0.84,0.36,0.225,0.34,0.8,19276.17989,1990.181147,4006.568812,
3278,1.92,0.75,0.35,0.42,0.6,21440.19,2803.328278,9737.01499,
3279,3,0.75,0.225,0.42,0.4,22879.96919,2498.853977,8767.269282,
3280,0.84,0.1,0.225,0.42,0.8,21612.86936,1228.045007,631.2559117,
3281,1.38,0.49,0.225,0.26,0.2,19733.54281,1844.872658,4662.708516,
3282,2.46,0.75,0.1,0.34,0.4,20466.80608,2488.469295,8769.494223,
3283,1.92,0.23,0.35,0.5,0.6,24560.58761,1562.369385,2009.625859,
3284,1.38,0.36,0.475,0.1,0.4,20141.13042,1724.174592,3228.942246,
3285,0.84,0.62,0.475,0.34,0.2,20183.39445,2302.911617,6220.110539,
3286,0.84,0.1,0.1,0.1,0.4,18034.43087,991.5875984,497.6532392,
3287,3,0.1,0.35,0.1,0.2,24244.49771,1050.412817,463.1467429,
3288,0.3,0.62,0.475,0.5,0.6,19704.6758,2738.225446,7784.394805,
3289,0.84,0.62,0.35,0.26,0.2,18757.68026,2250.426903,6220.110539,
3290,2.46,0.1,0.225,0.1,0.8,22357.51388,1068.91478,671.7763769,
3291,2.46,0.49,0.475,0.5,0.6,24900.80489,2219.713455,5607.957088,
3292,0.3,0.62,0.225,0.42,0.8,17341.26299,2814.255436,8566.144897,
3293,3,0.49,0.475,0.26,0.4,24081.0275,1993.083353,5028.472727,
3294,2.46,0.23,0.6,0.42,0.8,26231.58366,1666.564068,2226.606843,
3295,0.3,0.49,0.225,0.18,0.8,15759.37521,2459.739377,6456.402351,
3296,3,0.49,0.225,0.42,0.8,23596.57913,2203.153741,6181.481717,
3297,0.84,0.62,0.225,0.18,0.8,16558.60082,2729.607983,8563.008575,
3298,0.3,0.62,0.35,0.34,0.4,17868.52974,2528.842339,7002.644712,
3299,0.84,0.75,0.6,0.1,0.2,18226.67294,2580.822605,7807.806912,
3300,2.46,0.75,0.35,0.34,0.6,21780.06343,2752.836558,9733.971976,
3301,1.38,0.23,0.475,0.26,0.6,22158.40779,1549.542394,1882.258407,
3302,0.84,0.49,0.1,0.18,0.2,16911.25869,1833.26414,4663.433033,
3303,0.3,0.75,0.6,0.34,0.8,18343.72854,3188.100622,10712.72117,
3304,1.92,0.75,0.225,0.1,0.8,17600.57477,2919.177524,10702.50708,
3305,1.92,0.1,0.225,0.26,0.8,22722.52729,1137.978327,671.5995253,
3306,2.46,0.62,0.35,0.26,0.2,22127.07225,2087.565374,6217.260103,
3307,3,0.75,0.1,0.26,0.8,20222.41888,2791.286132,10693.99985,
3308,1.92,0.1,0.1,0.34,0.6,22657.83864,1096.293188,602.0938391,
3309,2.46,0.1,0.1,0.5,0.6,25014.84726,1144.487014,602.2264778,
3310,1.38,0.36,0.6,0.1,0.4,20821.95421,1766.084347,3228.942246,
3311,2.46,0.23,0.35,0.18,0.8,22830.52356,1508.447144,2226.606843,
3312,1.38,0.75,0.6,0.5,0.4,22638.54556,2751.197289,8773.377263,
3313,2.46,0.75,0.1,0.26,0.6,19498.26914,2674.561844,9733.971976,
3314,3,0.49,0.225,0.1,0.6,20933.62561,2021.951202,5604.977222,
3315,0.84,0.75,0.35,0.34,0.8,18251.23129,3070.98483,10709.6115,
3316,1.92,0.75,0.35,0.18,0.4,19617.35522,2601.339378,8771.522899,
3317,2.46,0.36,0.225,0.34,0.6,22806.23439,1771.624537,3791.760555,
3318,1.92,0.1,0.475,0.34,0.2,24990.44787,1184.903016,463.0824668,
3319,1.38,0.36,0.225,0.34,0.2,21033.54727,1575.721723,2841.106425,
3320,1.38,0.62,0.35,0.18,0.2,19255.03112,2170.569321,6219.249295,
3321,1.38,0.23,0.6,0.26,0.6,22827.31639,1591.603883,1882.258407,
3322,2.46,0.1,0.225,0.5,0.8,25760.1349,1210.904442,671.7763769,
3323,3,0.36,0.475,0.1,0.4,23268.03369,1653.693566,3391.427274,
3324,1.38,0.62,0.1,0.34,0.2,19102.15307,2104.791562,6219.249295,
3325,1.38,0.1,0.6,0.1,0.8,22203.12656,1228.493149,631.567199,
3326,1.92,0.1,0.225,0.1,0.4,21357.69476,1030.38161,532.588153,
3327,1.92,0.49,0.225,0.26,0.8,20250.59741,2254.46594,6189.021128,
3328,1.38,0.49,0.475,0.34,0.2,21909.45417,1953.20576,4662.708516,
3329,1.92,0.23,0.1,0.18,0.4,20427.38356,1288.200049,1791.407795,
3330,2.46,0.49,0.225,0.26,0.2,21902.17996,1773.232596,4452.96152,
3331,1.92,0.1,0.225,0.1,0.6,21298.33853,1054.589688,602.0938391,
3332,1.92,0.49,0.35,0.5,0.4,23397.63175,2071.138094,5032.242432,
3333,2.46,0.62,0.225,0.26,0.2,21368.68678,2042.974609,6217.260103,
3334,0.3,0.75,0.1,0.18,0.2,14579.77001,2509.67938,7808.584331,
3335,0.84,0.49,0.6,0.34,0.4,21145.20743,2216.476648,5260.216808,
3336,0.84,0.62,0.6,0.26,0.2,20162.90404,2329.848363,6220.110539,
3337,2.46,0.62,0.225,0.5,0.8,22671.86317,2577.99336,8551.60683,
3338,2.46,0.62,0.225,0.1,0.6,19380.62916,2387.763801,7773.491255,
3339,1.92,0.62,0.475,0.26,0.6,21328.28271,2532.206203,7776.619042,
3340,1.92,0.23,0.35,0.1,0.6,21104.09528,1436.361178,2009.625859,
3341,2.46,0.49,0.6,0.34,0.2,24708.05576,1925.476147,4452.96152,
3342,1.38,0.36,0.35,0.5,0.6,22746.96643,1911.192819,3616.778068,
3343,1.92,0.49,0.35,0.34,0.8,21713.35224,2307.611946,6189.021128,
3344,2.46,0.75,0.6,0.34,0.6,23168.90498,2820.202434,9733.971976,
3345,2.46,0.49,0.6,0.42,0.8,24776.72778,2353.430021,6185.454872,
3346,0.3,0.23,0.475,0.18,0.8,18645.87808,1687.587098,2093.37697,
3347,2.46,0.23,0.225,0.34,0.2,23839.17071,1310.410508,1572.880462,
3348,2.46,0.75,0.1,0.5,0.2,22079.65497,2301.454325,7805.01647,
3349,1.92,0.1,0.6,0.42,0.6,26174.20986,1308.2579,602.0938391,
3350,1.38,0.1,0.1,0.34,0.6,21488.84675,1103.2335,564.6880409,
3351,0.3,0.36,0.475,0.34,0.6,19533.88602,2031.084441,3619.542089,
3352,1.38,0.62,0.1,0.18,0.8,16948.45954,2623.584537,8559.563598,
3353,0.84,0.1,0.35,0.34,0.6,21742.08388,1217.650981,564.4545755,
3354,1.38,0.75,0.225,0.1,0.6,16705.95316,2810.250865,9739.796535,
3355,3,0.49,0.1,0.18,0.4,21090.20624,1834.175837,5028.472727,
3356,3,0.36,0.6,0.18,0.4,24668.39524,1719.639129,3391.427274,
3357,0.84,0.49,0.475,0.5,0.2,22003.70334,2042.251333,4663.433033,
3358,0.3,0.1,0.225,0.42,0.2,20368.3088,1145.016938,430.7632897,
3359,2.46,0.75,0.6,0.1,0.8,20823.4797,2957.373094,10698.44973,
3360,0.3,0.1,0.6,0.5,0.4,23064.93391,1349.015919,497.4760127,
3361,0.84,0.23,0.6,0.1,0.2,20348.80687,1400.953806,1463.171452,
3362,0.3,0.49,0.475,0.1,0.6,16695.75143,2388.124818,5858.964078,
3363,1.38,0.23,0.225,0.5,0.4,22842.65973,1453.308309,1672.61274,
3364,1.38,0.75,0.1,0.34,0.2,18624.9063,2379.095632,7806.95799,
3365,0.84,0.23,0.475,0.26,0.6,20899.17573,1581.32085,1882.871544,
3366,0.84,0.36,0.475,0.42,0.2,21924.83311,1729.135501,2841.595155,
3367,0.3,0.23,0.1,0.1,0.8,15503.42984,1521.176043,2093.37697,
3368,0.3,0.36,0.475,0.18,0.8,17935.9439,2117.602428,4008.299251,
3369,0.3,0.1,0.1,0.26,0.2,18160.89476,1033.362739,430.7632897,
3370,1.38,0.49,0.6,0.5,0.8,23298.37378,2455.948964,6450.88629,
3371,0.3,0.75,0.1,0.42,0.4,16469.7999,2732.099011,8776.629944,
3372,2.46,0.62,0.1,0.18,0.2,19825.6273,1975.569158,6217.260103,
3373,2.46,0.62,0.35,0.26,0.4,21866.47163,2272.331134,6995.375679,
3374,0.84,0.49,0.225,0.42,0.8,19276.42731,2395.80726,6453.784358,
3375,2.46,0.62,0.6,0.26,0.6,23017.01736,2520.141094,7773.491255,
3376,1.92,0.49,0.225,0.5,0.4,22648.59622,2022.77955,5032.242432,
3377,0.84,0.36,0.35,0.18,0.4,18918.24226,1749.589864,3229.919707,
3378,1.92,0.49,0.225,0.18,0.2,20134.94095,1785.535967,4453.853084,
3379,1.92,0.75,0.225,0.34,0.4,20269.90057,2577.92519,8771.522899,
3380,1.92,0.36,0.225,0.1,0.2,19961.15637,1481.755809,2994.569285,
3381,2.46,0.23,0.225,0.34,0.4,23700.11387,1381.983848,1790.789256,
3382,0.3,0.75,0.6,0.26,0.8,17646.35004,3188.289568,10712.72117,
3383,1.38,0.23,0.225,0.18,0.4,20095.23674,1348.053515,1672.61274,
3384,0.84,0.75,0.475,0.34,0.8,18979.61067,3097.615182,10709.6115,
3385,1.38,0.49,0.6,0.18,0.8,20578.70197,2410.954056,6450.88629,
3386,3,0.36,0.6,0.42,0.2,26872.5814,1684.658597,2993.230601,
3387,1.92,0.75,0.6,0.42,0.2,23361.21923,2495.820464,7806.030808,
3388,3,0.1,0.1,0.5,0.4,26038.86729,1127.062683,532.716705,
3389,1.38,0.36,0.6,0.34,0.8,22679.99345,2057.564163,4004.61389,
3390,1.92,0.1,0.225,0.42,0.4,24160.16506,1150.10278,532.588153,
3391,1.38,0.49,0.1,0.42,0.2,20305.55262,1833.746421,4662.708516,
3392,3,0.49,0.475,0.18,0.8,23005.71334,2235.513248,6181.481717,
3393,1.92,0.49,0.35,0.18,0.6,20458.54909,2156.099424,5610.63178,
3394,1.38,0.75,0.35,0.1,0.2,18025.10631,2438.979767,7806.95799,
3395,0.3,0.23,0.225,0.34,0.2,18982.3679,1374.736708,1463.335297,
3396,2.46,0.36,0.6,0.26,0.6,24244.00188,1877.226394,3791.760555,
3397,3,0.23,0.225,0.42,0.8,25106.75708,1524.076554,2225.099799,
3398,1.92,0.23,0.1,0.5,0.6,23032.77795,1468.591867,2009.625859,
3399,3,0.1,0.1,0.42,0.6,25359.63061,1114.55735,602.2866672,
3400,1.38,0.75,0.1,0.5,0.8,19185.52169,2949.714404,10706.21581,
3401,0.3,0.49,0.6,0.34,0.6,19597.52992,2445.173369,5858.964078,
3402,1.38,0.62,0.225,0.18,0.4,18226.12682,2326.796693,6999.354063,
3403,1.92,0.49,0.6,0.42,0.8,23761.11765,2396.235291,6189.021128,
3404,2.46,0.75,0.6,0.42,0.2,24362.42217,2451.261192,7805.01647,
3405,3,0.23,0.225,0.1,0.4,22534.20357,1291.614346,1790.035734,
3406,1.92,0.1,0.225,0.1,0.2,21421.87087,1002.465178,463.0824668,
3407,3,0.23,0.225,0.26,0.8,23770.90947,1476.078458,2225.099799,
3408,1.38,0.23,0.35,0.42,0.6,22812.47291,1553.651629,1882.258407,
3409,0.84,0.75,0.475,0.26,0.8,18282.30344,3097.942664,10709.6115,
3410,2.46,0.1,0.225,0.26,0.4,23889.88071,1088.803105,532.6765788,
3411,1.92,0.36,0.475,0.1,0.8,20944.54171,1929.731934,4193.175355,
3412,0.3,0.1,0.35,0.5,0.6,21641.80855,1295.386996,564.1887356,
3413,0.3,0.75,0.6,0.26,0.8,17646.35004,3188.289568,10712.72117,
3414,0.84,0.23,0.225,0.34,0.4,20259.03221,1427.391158,1673.021498,
3415,1.92,0.36,0.475,0.5,0.2,24885.51637,1697.506636,2994.569285,
3416,1.38,0.1,0.6,0.42,0.8,24991.2675,1342.527188,631.567199,
3417,1.38,0.62,0.35,0.1,0.2,18492.96869,2157.755675,6219.249295,
3418,1.38,0.62,0.1,0.34,0.4,18842.91102,2302.857899,6999.354063,
3419,1.38,0.49,0.475,0.42,0.4,22360.53497,2134.942373,5258.767774,
3420,1.38,0.62,0.35,0.5,0.4,21752.28859,2407.567225,6999.354063,
3421,0.3,0.75,0.1,0.26,0.4,15060.31881,2729.385966,8776.629944,
3422,1.92,0.62,0.475,0.26,0.8,21135.61172,2675.633892,8555.777214,
3423,0.84,0.36,0.225,0.1,0.6,17191.83804,1818.795023,3618.244259,
3424,2.46,0.1,0.225,0.5,0.6,25787.52104,1192.729969,602.2264778,
3425,2.46,0.49,0.35,0.34,0.6,22900.43699,2147.88929,5607.957088,
3426,1.38,0.1,0.475,0.18,0.4,22383.64557,1159.387493,497.8088828,
3427,2.46,0.23,0.1,0.26,0.2,22361.08453,1232.334096,1572.880462,
3428,1.92,0.23,0.1,0.1,0.2,19810.29106,1177.302997,1573.189732,
3429,0.3,0.36,0.475,0.42,0.6,20215.22947,2046.934586,3619.542089,
3430,2.46,0.1,0.6,0.18,0.4,25273.78117,1194.049955,532.6765788,
3431,2.46,0.1,0.225,0.18,0.4,23183.49338,1060.584765,532.6765788,
3432,0.3,0.75,0.35,0.5,0.6,18483.13446,2978.792621,9744.675557,
3433,1.92,0.75,0.475,0.1,0.4,19592.61303,2629.773275,8771.522899,
3434,2.46,0.75,0.225,0.18,0.4,19864.79412,2513.512585,8769.494223,
3435,0.84,0.75,0.1,0.26,0.8,15927.09868,3010.66529,10709.6115,
3436,0.84,0.36,0.225,0.42,0.6,20105.32994,1894.537003,3618.244259,
3437,2.46,0.1,0.225,0.5,0.6,25787.52104,1192.729969,602.2264778,
3438,3,0.62,0.225,0.42,0.6,23156.78834,2391.711584,7770.036115,
3439,0.3,0.36,0.1,0.1,0.4,15099.72332,1697.003592,3230.784927,
3440,1.92,0.36,0.475,0.42,0.6,23894.75953,1910.130534,3793.639999,
3441,3,0.23,0.225,0.18,0.4,23274.25212,1319.851331,1790.035734,
3442,3,0.62,0.225,0.42,0.4,23400.58099,2224.377091,6993.072253,
3443,3,0.36,0.6,0.1,0.6,23755.22549,1810.51111,3789.623947,
3444,3,0.36,0.6,0.1,0.8,23639.49327,1902.827723,4187.820619,
3445,1.38,0.75,0.1,0.42,0.2,19306.90095,2388.608524,7806.95799,
3446,0.84,0.1,0.35,0.26,0.6,21044.48902,1188.525751,564.4545755,
3447,2.46,0.62,0.475,0.26,0.8,22153.89289,2624.277029,8551.60683,
3448,1.38,0.62,0.1,0.5,0.8,19736.71471,2643.063141,8559.563598,
3449,2.46,0.75,0.1,0.5,0.4,21786.05189,2506.814349,8769.494223,
3450,1.92,0.1,0.1,0.18,0.8,21206.77338,1058.39118,671.5995253,
3451,1.92,0.1,0.225,0.34,0.8,23408.45682,1166.642451,671.5995253,
3452,3,0.23,0.6,0.1,0.6,24512.90565,1498.646345,2007.567767,
3453,1.38,0.23,0.475,0.5,0.8,24061.26751,1687.521431,2091.904074,
3454,1.38,0.75,0.225,0.42,0.4,19842.50834,2638.375407,8773.377263,
3455,1.38,0.23,0.6,0.26,0.2,23086.19201,1434.90791,1462.967073,
3456,1.38,0.49,0.35,0.18,0.4,19546.33948,2046.684649,5258.767774,
3457,1.92,0.62,0.225,0.5,0.8,21658.98299,2625.274898,8555.777214,
3458,2.46,0.62,0.1,0.42,0.8,21218.05248,2529.953832,8551.60683,
3459,2.46,0.23,0.6,0.42,0.4,26437.05818,1541.640546,1790.789256,
3460,2.46,0.49,0.1,0.42,0.4,22226.10029,1923.048042,5030.459304,
3461,3,0.75,0.35,0.1,0.4,20829.30224,2498.77071,8767.269282,
3462,0.3,0.75,0.475,0.42,0.6,18557.02845,3008.601456,9744.675557,
3463,3,0.1,0.225,0.5,0.2,26863.70974,1150.127475,463.1467429,
3464,0.3,0.62,0.1,0.1,0.6,13762.32993,2618.569721,7784.394805,
3465,1.38,0.49,0.475,0.42,0.6,22154.85961,2281.636421,5854.827032,
3466,0.3,0.23,0.35,0.42,0.6,20171.59109,1626.153395,1883.363079,
3467,3,0.49,0.6,0.42,0.8,25711.7644,2326.442257,6181.481717,
3468,2.46,0.49,0.475,0.18,0.6,22209.75623,2154.682501,5607.957088,
3469,3,0.23,0.475,0.26,0.8,25212.64701,1564.790303,2225.099799,
3470,2.46,0.36,0.1,0.1,0.8,19685.93992,1754.660647,4190.66943,
3471,2.46,0.75,0.475,0.1,0.2,20895.44034,2369.103907,7805.01647,
3472,3,0.23,0.225,0.34,0.8,24452.59205,1499.747756,2225.099799,
3473,0.3,0.23,0.6,0.5,0.8,22097.19946,1818.215447,2093.37697,
3474,3,0.36,0.35,0.1,0.4,22557.58953,1609.221066,3391.427274,
3475,0.3,0.75,0.225,0.1,0.8,13920.58719,3126.202603,10712.72117,
3476,3,0.1,0.225,0.5,0.8,26732.52639,1208.541759,671.8566294,
3477,2.46,0.36,0.225,0.5,0.8,23985.25816,1906.013054,4190.66943,
3478,1.38,0.62,0.6,0.5,0.4,23131.87356,2482.628592,6999.354063,
3479,0.3,0.36,0.225,0.18,0.6,16568.13037,1906.921161,3619.542089,
3480,3,0.1,0.475,0.42,0.2,27645.33587,1212.182443,463.1467429,
3481,2.46,0.49,0.1,0.26,0.2,21094.43049,1724.453032,4452.96152,
3482,3,0.75,0.475,0.42,0.6,24076.45557,2765.673808,9730.634564,
3483,1.92,0.36,0.1,0.18,0.4,19709.23591,1583.705155,3394.104642,
3484,0.84,0.1,0.6,0.5,0.4,24462.73429,1330.646539,497.6532392,
3485,2.46,0.49,0.225,0.1,0.8,19808.54145,2180.153379,6185.454872,
3486,1.38,0.49,0.475,0.34,0.4,21691.78595,2119.005446,5258.767774,
3487,0.84,0.36,0.475,0.1,0.2,19058.84174,1635.251728,2841.595155,
3488,0.3,0.75,0.475,0.34,0.4,18126.89673,2834.492288,8776.629944,
3489,2.46,0.36,0.225,0.5,0.2,24479.71339,1586.328436,2993.942804,
3490,1.38,0.75,0.475,0.34,0.4,20656.68244,2703.115322,8773.377263,
3491,1.92,0.1,0.225,0.34,0.6,23445.91868,1145.118159,602.0938391,
3492,0.3,0.62,0.475,0.34,0.2,18835.25147,2375.942497,6220.89462,
3493,0.3,0.1,0.6,0.5,0.8,22946.58108,1420.03974,630.9014586,
3494,0.3,0.62,0.6,0.18,0.4,17845.76653,2588.228903,7002.644712,
3495,0.3,0.36,0.35,0.18,0.2,17696.49823,1668.538233,2842.027765,
3496,0.3,0.49,0.35,0.1,0.8,15773.53074,2493.174552,6456.402351,
3497,1.92,0.62,0.6,0.18,0.4,21523.93021,2383.817396,6997.460871,
3498,1.38,0.75,0.225,0.26,0.2,18742.96165,2413.53445,7806.95799,
3499,3,0.75,0.6,0.34,0.4,24351.40654,2599.269639,8767.269282,
3500,0.3,0.62,0.6,0.5,0.6,20384.20906,2772.029872,7784.394805,
3501,1.38,0.1,0.475,0.18,0.8,22279.58354,1214.573556,631.567199,
3502,0.3,0.49,0.475,0.1,0.8,16517.60901,2528.877499,6456.402351,
3503,0.3,0.23,0.1,0.18,0.2,16687.38098,1265.301802,1463.335297,
3504,1.92,0.1,0.35,0.1,0.4,22108.88317,1078.775171,532.588153,
3505,3,0.1,0.475,0.26,0.6,26235.12019,1195.877355,602.2866672,
3506,2.46,0.23,0.225,0.26,0.4,23014.40428,1354.381087,1790.789256,
3507,1.92,0.36,0.6,0.42,0.8,24431.57156,2047.18878,4193.175355,
3508,2.46,0.36,0.6,0.18,0.2,23900.61688,1621.475788,2993.942804,
3509,1.38,0.23,0.475,0.18,0.4,21568.61594,1442.239804,1672.61274,
3510,2.46,0.23,0.225,0.42,0.6,24221.70132,1479.318604,2008.69805,
3511,0.84,0.1,0.35,0.1,0.2,19685.87348,1058.33018,430.851903,
3512,1.38,0.36,0.1,0.18,0.8,18259.75445,1845.429139,4004.61389,
3513,2.46,0.62,0.35,0.1,0.6,20156.50505,2426.930582,7773.491255,
3514,0.3,0.75,0.475,0.5,0.4,19454.90646,2840.131264,8776.629944,
3515,0.84,0.75,0.6,0.26,0.6,19193.77775,2969.08392,9742.343302,
3516,2.46,0.23,0.475,0.34,0.4,25135.25913,1473.205793,1790.789256,
3517,2.46,0.62,0.35,0.5,0.6,23616.02035,2478.26532,7773.491255,
3518,0.3,0.62,0.225,0.5,0.2,18685.95798,2312.297966,6220.89462,
3519,3,0.49,0.1,0.34,0.6,22286.00016,2027.304025,5604.977222,
3520,1.92,0.23,0.1,0.42,0.4,22524.78619,1369.590138,1791.407795,
3521,2.46,0.23,0.6,0.34,0.6,25657.95752,1586.870254,2008.69805,
3522,0.3,0.23,0.6,0.18,0.8,19331.01574,1729.612357,2093.37697,
3523,0.3,0.1,0.475,0.42,0.2,21821.40839,1241.726242,430.7632897,
3524,1.38,0.23,0.475,0.18,0.4,21568.61594,1442.239804,1672.61274,
3525,2.46,0.49,0.225,0.18,0.2,21180.46109,1750.7942,4452.96152,
3526,1.92,0.75,0.1,0.5,0.6,20509.26498,2737.261108,9737.01499,
3527,0.84,0.75,0.225,0.26,0.2,17522.82754,2478.575436,7807.806912,
3528,2.46,0.62,0.6,0.42,0.6,24354.93925,2541.021702,7773.491255,
3529,0.84,0.75,0.35,0.34,0.2,19003.40476,2525.99121,7807.806912,
3530,1.38,0.62,0.35,0.18,0.4,19003.26087,2367.940631,6999.354063,
3531,2.46,0.23,0.35,0.26,0.8,23543.21975,1534.658432,2226.606843,
3532,2.46,0.36,0.6,0.1,0.6,22796.45221,1833.602922,3791.760555,
3533,1.38,0.49,0.225,0.26,0.4,19508.84985,2017.863774,5258.767774,
3534,1.38,0.75,0.1,0.42,0.8,18530.84659,2946.793922,10706.21581,
3535,3,0.1,0.6,0.26,0.6,26882.5202,1240.842038,602.2866672,
3536,1.92,0.62,0.6,0.18,0.8,21099.32568,2702.745249,8555.777214,
3537,1.92,0.23,0.225,0.26,0.8,21732.20684,1507.958118,2227.843922,
3538,0.3,0.75,0.35,0.1,0.2,15443.61559,2588.662645,7808.584331,
3539,3,0.23,0.6,0.18,0.6,25240.46571,1526.912015,2007.567767,
3540,0.84,0.49,0.6,0.1,0.4,18959.22534,2177.581236,5260.216808,
3541,0.84,0.49,0.1,0.1,0.4,15902.37945,2002.221347,5260.216808,
3542,0.84,0.36,0.35,0.18,0.8,18600.72448,2000.031961,4006.568812,
3543,3,0.75,0.1,0.34,0.2,21705.21979,2237.824301,7803.904,
3544,1.92,0.62,0.225,0.1,0.2,18848.30118,2055.822641,6218.302699,
3545,3,0.1,0.35,0.26,0.2,25662.44852,1111.048728,463.1467429,
3546,2.46,0.1,0.475,0.26,0.6,25261.49541,1201.125689,602.2264778,
3547,0.84,0.23,0.6,0.26,0.4,21698.8296,1538.095422,1673.021498,
3548,0.3,0.36,0.475,0.42,0.6,20215.22947,2046.934586,3619.542089,
3549,3,0.1,0.475,0.42,0.2,27645.33587,1212.182443,463.1467429,
3550,0.3,0.62,0.6,0.1,0.2,17315.13921,2389.149276,6220.89462,
3551,3,0.62,0.1,0.5,0.8,22803.17232,2508.486895,8546.999977,
3552,3,0.23,0.35,0.26,0.8,24514.4551,1519.193558,2225.099799,
3553,2.46,0.1,0.1,0.26,0.4,23103.57552,1039.942395,532.6765788,
3554,0.3,0.49,0.35,0.18,0.8,16549.44764,2496.732486,6456.402351,
3555,0.84,0.1,0.6,0.42,0.4,23827.17881,1304.835555,497.6532392,
3556,0.3,0.36,0.475,0.34,0.8,19384.38208,2146.007091,4008.299251,
3557,0.84,0.23,0.6,0.18,0.4,20974.13795,1511.815387,1673.021498,
3558,0.84,0.36,0.35,0.26,0.8,19337.84672,2017.108842,4006.568812,
3559,1.38,0.62,0.35,0.18,0.4,19003.26087,2367.940631,6999.354063,
3560,1.92,0.49,0.6,0.18,0.8,21697.93685,2358.34406,6189.021128,
3561,0.84,0.1,0.6,0.26,0.8,22365.21584,1309.114628,631.2559117,
3562,0.3,0.49,0.6,0.1,0.8,17215.78292,2563.164904,6456.402351,
3563,3,0.62,0.6,0.34,0.8,24444.03986,2626.10116,8546.999977,
3564,1.38,0.49,0.475,0.18,0.2,20489.24349,1919.862149,4662.708516,
3565,1.92,0.36,0.475,0.1,0.2,21442.57539,1575.140307,2994.569285,
3566,0.84,0.36,0.35,0.34,0.2,20539.80303,1660.696319,2841.595155,
3567,1.38,0.1,0.225,0.18,0.6,20866.51537,1093.518024,564.6880409,
3568,1.92,0.75,0.1,0.18,0.8,17522.66085,2886.479344,10702.50708,
3569,2.46,0.75,0.1,0.42,0.2,21433.6973,2289.146785,7805.01647,
3570,1.38,0.23,0.35,0.42,0.6,22812.47291,1553.651629,1882.258407,
3571,0.3,0.23,0.475,0.1,0.2,18244.95232,1388.102586,1463.335297,
3572,1.92,0.1,0.6,0.18,0.8,24116.34285,1245.314344,671.5995253,
3573,0.3,0.49,0.35,0.18,0.4,16927.85759,2191.776011,5261.525804,
3574,1.92,0.23,0.1,0.34,0.6,21716.2048,1419.122225,2009.625859,
3575,1.38,0.75,0.35,0.5,0.6,20994.61673,2859.390371,9739.796535,
3576,2.46,0.36,0.6,0.34,0.6,24923.31654,1898.867823,3791.760555,
3577,0.84,0.1,0.35,0.26,0.2,21170.12919,1121.625108,430.851903,
3578,3,0.36,0.475,0.5,0.8,26368.39883,1970.572054,4187.820619,
3579,1.38,0.36,0.225,0.26,0.4,20144.24365,1677.61103,3228.942246,
3580,3,0.49,0.225,0.1,0.6,20933.62561,2021.951202,5604.977222,
3581,3,0.36,0.1,0.18,0.8,21425.59909,1748.439219,4187.820619,
3582,0.84,0.49,0.6,0.18,0.4,19718.95042,2189.820456,5260.216808,
3583,3,0.75,0.475,0.5,0.6,24706.19995,2776.05394,9730.634564,
3584,1.38,0.36,0.225,0.26,0.6,19964.56685,1804.952433,3616.778068,
3585,2.46,0.62,0.475,0.1,0.8,20694.03123,2609.241511,8551.60683,
3586,1.38,0.75,0.35,0.1,0.4,17748.5372,2654.130242,8773.377263,
3587,2.46,0.49,0.475,0.26,0.4,23136.51528,2022.920658,5030.459304,
3588,1.38,0.36,0.225,0.1,0.8,18322.1184,1872.994637,4004.61389,
3589,2.46,0.75,0.6,0.1,0.2,21575.1988,2405.801877,7805.01647,
3590,1.92,0.49,0.475,0.34,0.8,22428.27478,2345.898787,6189.021128,
3591,1.92,0.1,0.1,0.18,0.6,21246.03182,1035.679507,602.0938391,
3592,0.84,0.1,0.1,0.5,0.6,21522.80937,1174.012111,564.4545755,
3593,1.38,0.75,0.35,0.34,0.6,19677.07237,2850.361094,9739.796535,
3594,2.46,0.62,0.35,0.1,0.8,19966.1221,2573.571923,8551.60683,
3595,0.3,0.62,0.1,0.1,0.2,14230.74048,2223.260257,6220.89462,
3596,3,0.1,0.1,0.42,0.2,25475.76249,1073.203561,463.1467429,
3597,0.3,0.1,0.1,0.34,0.2,18877.93163,1064.292981,430.7632897,
3598,1.92,0.49,0.475,0.1,0.6,20429.51921,2180.929565,5610.63178,
3599,1.92,0.1,0.225,0.42,0.2,24220.82102,1121.810764,463.0824668,
3600,2.46,0.49,0.6,0.26,0.6,23595.26503,2209.348326,5607.957088,
3601,1.38,0.23,0.1,0.26,0.2,20155.2748,1245.386358,1462.967073,
3602,1.38,0.49,0.475,0.42,0.4,22360.53497,2134.942373,5258.767774,
3603,2.46,0.75,0.35,0.42,0.4,22706.27097,2576.975029,8769.494223,
3604,2.46,0.62,0.225,0.42,0.4,22465.70605,2258.822745,6995.375679,
3605,0.3,0.49,0.1,0.18,0.8,14907.50155,2419.966185,6456.402351,
3606,0.3,0.62,0.6,0.5,0.2,20843.40547,2432.74793,6220.89462,
3607,2.46,0.36,0.35,0.18,0.2,22528.13484,1534.226967,2993.942804,
3608,0.84,0.36,0.225,0.34,0.8,19276.17989,1990.181147,4006.568812,
3609,2.46,0.36,0.475,0.42,0.2,25278.04608,1653.828299,2993.942804,
3610,2.46,0.1,0.35,0.1,0.8,23104.7818,1115.802557,671.7763769,
3611,1.92,0.23,0.6,0.18,0.8,23147.24995,1616.297727,2227.843922,
3612,0.84,0.75,0.35,0.26,0.8,17549.93129,3071.892956,10709.6115,
3613,0.3,0.23,0.225,0.26,0.2,18266.09348,1347.989349,1463.335297,
3614,2.46,0.75,0.6,0.34,0.2,23707.41424,2439.371816,7805.01647,
3615,0.3,0.62,0.6,0.18,0.2,18080.74857,2395.543272,6220.89462,
3616,3,0.49,0.475,0.26,0.8,23715.14612,2251.52016,6181.481717,
3617,1.92,0.36,0.35,0.42,0.4,23368.56362,1748.425171,3394.104642,
3618,2.46,0.23,0.1,0.18,0.2,21641.22421,1202.501348,1572.880462,
3619,0.3,0.36,0.35,0.26,0.2,18440.55135,1691.126119,2842.027765,
3620,0.84,0.36,0.6,0.42,0.6,22251.95256,2025.081429,3618.244259,
3621,0.84,0.1,0.225,0.26,0.4,20352.49155,1106.390179,497.6532392,
3622,3,0.62,0.6,0.26,0.4,24186.39615,2313.393014,6993.072253,
3623,0.3,0.49,0.475,0.26,0.8,18025.35629,2538.837116,6456.402351,
3624,3,0.36,0.35,0.26,0.2,24200.53917,1543.94441,2993.230601,
3625,0.3,0.62,0.35,0.1,0.4,15641.17802,2515.690732,7002.644712,
3626,0.84,0.23,0.1,0.18,0.8,17740.90735,1491.591783,2092.72159,
3627,1.92,0.1,0.1,0.18,0.6,21246.03182,1035.679507,602.0938391,
3628,2.46,0.23,0.475,0.1,0.8,22798.15213,1527.469584,2226.606843,
3629,1.92,0.49,0.225,0.1,0.6,18926.17281,2099.708525,5610.63178,
3630,0.84,0.49,0.475,0.1,0.6,18068.91317,2299.860736,5857.000583,
3631,2.46,0.36,0.475,0.26,0.4,23756.93877,1721.131963,3392.851679,
3632,0.3,0.1,0.6,0.1,0.6,19499.59002,1242.953255,564.1887356,
3633,1.92,0.1,0.35,0.18,0.6,22792.24642,1133.685412,602.0938391,
3634,1.92,0.1,0.475,0.42,0.8,25489.60624,1287.392244,671.5995253,
3635,1.38,0.36,0.6,0.26,0.4,22293.44024,1811.261338,3228.942246,
3636,2.46,0.36,0.475,0.34,0.6,24260.2939,1858.835928,3791.760555,
3637,1.38,0.23,0.6,0.26,0.2,23086.19201,1434.90791,1462.967073,
3638,1.38,0.75,0.1,0.42,0.8,18530.84659,2946.793922,10706.21581,
3639,1.92,0.1,0.6,0.18,0.2,24268.9873,1169.471719,463.0824668,
3640,0.3,0.49,0.6,0.5,0.6,20925.20305,2462.310176,5858.964078,
3641,0.84,0.1,0.6,0.18,0.8,21645.50372,1278.402904,631.2559117,
3642,1.92,0.23,0.6,0.34,0.6,24625.22284,1601.83688,2009.625859,
3643,1.92,0.36,0.1,0.34,0.6,20960.55231,1752.68148,3793.639999,
3644,0.84,0.62,0.475,0.18,0.4,18508.07753,2476.258537,7001.076551,
3645,2.46,0.49,0.475,0.42,0.6,24267.76868,2203.729231,5607.957088,
3646,0.84,0.49,0.225,0.1,0.2,16970.63026,1866.498973,4663.433033,
3647,0.3,0.23,0.225,0.42,0.2,19669.32883,1398.948328,1463.335297,
3648,3,0.49,0.6,0.26,0.2,24973.66505,1878.510192,4451.968231,
3649,1.38,0.36,0.6,0.26,0.4,22293.44024,1811.261338,3228.942246,
3650,0.3,0.62,0.225,0.34,0.8,16655.33382,2812.082272,8566.144897,
3651,0.3,0.1,0.1,0.18,0.8,17208.42309,1113.26832,630.9014586,
3652,0.3,0.62,0.475,0.5,0.2,20168.62536,2395.504067,6220.89462,
3653,0.3,0.75,0.1,0.34,0.6,15528.7649,2912.515701,9744.675557,
3654,1.92,0.1,0.35,0.34,0.8,24146.50805,1215.97235,671.5995253,
3655,0.84,0.49,0.475,0.18,0.4,19033.97855,2150.461681,5260.216808,
3656,0.84,0.1,0.35,0.26,0.4,21105.50334,1154.847751,497.6532392,
3657,1.92,0.75,0.1,0.34,0.6,19182.25956,2728.685923,9737.01499,
3658,0.3,0.49,0.1,0.5,0.4,18140.62867,2146.439966,5261.525804,
3659,0.3,0.49,0.1,0.42,0.4,17472.12743,2134.493079,5261.525804,
3660,1.38,0.49,0.225,0.34,0.2,20437.83644,1863.934866,4662.708516,
3661,0.84,0.36,0.475,0.42,0.6,21580.37407,1985.604328,3618.244259,
3662,1.92,0.36,0.35,0.34,0.4,22703.82641,1725.57104,3394.104642,
3663,2.46,0.75,0.1,0.34,0.8,19977.59147,2839.780678,10698.44973,
3664,2.46,0.62,0.475,0.42,0.8,23499.41714,2642.354095,8551.60683,
3665,0.84,0.75,0.1,0.26,0.6,16153.89135,2843.299574,9742.343302,
3666,2.46,0.49,0.225,0.26,0.4,21668.07486,1932.791295,5030.459304,
3667,0.84,0.1,0.225,0.42,0.4,21727.45351,1164.503411,497.6532392,
3668,0.3,0.23,0.475,0.18,0.6,18759.04173,1600.234163,1883.363079,
3669,0.3,0.36,0.225,0.42,0.8,18574.41934,2076.74538,4008.299251,
3670,0.3,0.23,0.225,0.26,0.2,18266.09348,1347.989349,1463.335297,
3671,3,0.1,0.475,0.5,0.6,28147.05963,1280.66124,602.2866672,
3672,2.46,0.75,0.6,0.42,0.6,23824.34214,2826.905219,9733.971976,
3673,0.84,0.23,0.225,0.18,0.2,18948.42261,1287.687906,1463.171452,
3674,2.46,0.1,0.6,0.42,0.2,27328.19621,1251.265062,463.1266797,
3675,2.46,0.1,0.475,0.5,0.6,27192.14105,1284.344601,602.2264778,
3676,1.92,0.36,0.225,0.42,0.2,22808.32023,1582.929963,2994.569285,
3677,2.46,0.36,0.35,0.42,0.6,24215.99763,1838.917304,3791.760555,
3678,3,0.62,0.225,0.34,0.6,22494.13633,2380.029905,7770.036115,
3679,1.92,0.36,0.35,0.42,0.6,23190.31335,1866.869043,3793.639999,
3680,1.38,0.49,0.225,0.26,0.8,19123.23433,2308.272277,6450.88629,
3681,3,0.1,0.475,0.26,0.2,26348.25405,1153.683104,463.1467429,
3682,3,0.62,0.225,0.1,0.4,20579.7127,2165.030179,6993.072253,
3683,0.84,0.49,0.225,0.42,0.4,19662.98841,2106.826737,5260.216808,
3684,2.46,0.62,0.225,0.5,0.2,23368.41772,2088.303626,6217.260103,
3685,2.46,0.1,0.35,0.18,0.6,23867.49026,1127.548628,602.2264778,
3686,1.92,0.36,0.1,0.18,0.8,19384.83866,1813.732142,4193.175355,
3687,1.92,0.75,0.6,0.34,0.6,22169.37264,2864.829532,9737.01499,
3688,0.3,0.23,0.1,0.5,0.2,19524.1688,1374.646428,1463.335297,
3689,2.46,0.49,0.475,0.26,0.8,22766.73663,2287.657023,6185.454872,
3690,0.3,0.62,0.225,0.34,0.4,17090.57561,2489.591093,7002.644712,
3691,2.46,0.23,0.6,0.5,0.2,27187.9005,1494.571094,1572.880462,
3692,0.84,0.23,0.35,0.5,0.2,22467.72872,1443.090688,1463.171452,
3693,0.3,0.36,0.6,0.34,0.6,20214.25311,2070.962581,3619.542089,
3694,1.38,0.1,0.6,0.34,0.8,24336.97533,1316.471466,631.567199,
3695,0.84,0.1,0.1,0.42,0.8,20815.2425,1175.653844,631.2559117,
3696,1.38,0.1,0.225,0.1,0.8,20062.73919,1088.004701,631.567199,
3697,1.38,0.23,0.35,0.18,0.2,20991.41984,1316.35972,1462.967073,
3698,0.3,0.75,0.225,0.5,0.4,17961.33541,2772.425261,8776.629944,
3699,0.84,0.1,0.1,0.34,0.8,20135.05707,1146.96565,631.2559117,
3700,3,0.49,0.35,0.42,0.8,24346.18574,2249.906589,6181.481717,
3701,1.92,0.49,0.6,0.34,0.2,23688.07055,1957.355316,4453.853084,
3702,1.92,0.36,0.225,0.5,0.2,23450.04238,1605.984874,2994.569285,
3703,0.3,0.36,0.6,0.26,0.4,19671.56513,1924.035618,3230.784927,
3704,0.3,0.23,0.225,0.42,0.2,19669.32883,1398.948328,1463.335297,
3705,1.38,0.62,0.35,0.18,0.2,19255.03112,2170.569321,6219.249295,
3706,1.92,0.36,0.475,0.26,0.8,22414.74942,1969.70447,4193.175355,
3707,1.38,0.75,0.475,0.26,0.4,19961.79157,2697.374145,8773.377263,
3708,1.38,0.62,0.6,0.26,0.8,20709.36745,2766.010116,8559.563598,
3709,3,0.23,0.225,0.34,0.6,24522.619,1446.612027,2007.567767,
3710,3,0.75,0.1,0.18,0.2,20285.70437,2210.623726,7803.904,
3711,1.92,0.23,0.475,0.5,0.6,25254.56186,1608.844615,2009.625859,
3712,3,0.36,0.35,0.18,0.6,23112.84548,1751.350424,3789.623947,
3713,3,0.36,0.475,0.26,0.4,24708.72034,1702.471118,3391.427274,
3714,0.84,0.49,0.475,0.1,0.2,18484.21697,1961.089818,4663.433033,
3715,1.38,0.75,0.35,0.1,0.8,17273.3943,3008.09495,10706.21581,
3716,3,0.49,0.1,0.26,0.2,22056.72097,1698.624526,4451.968231,
3717,3,0.75,0.475,0.5,0.4,24967.72721,2594.658086,8767.269282,
3718,3,0.23,0.35,0.42,0.2,26182.55595,1380.970305,1572.503701,
3719,2.46,0.23,0.35,0.34,0.8,24226.43325,1558.812131,2226.606843,
3720,3,0.49,0.1,0.18,0.4,21090.20624,1834.175837,5028.472727,
3721,0.84,0.62,0.1,0.18,0.4,16150.54554,2355.441978,7001.076551,
3722,0.84,0.1,0.6,0.34,0.4,23165.85279,1276.957622,497.6532392,
3723,3,0.36,0.6,0.42,0.8,26399.30792,1993.134536,4187.820619,
3724,0.84,0.36,0.6,0.34,0.2,21923.16354,1748.992544,2841.595155,
3725,0.3,0.1,0.6,0.34,0.2,21814.46173,1256.665153,430.7632897,
3726,0.3,0.23,0.225,0.1,0.2,16736.16681,1292.040549,1463.335297,
3727,0.3,0.1,0.6,0.18,0.8,20199.87344,1308.767439,630.9014586,
3728,3,0.49,0.225,0.5,0.6,24388.44172,2117.128696,5604.977222,
3729,0.3,0.62,0.35,0.34,0.6,17643.42703,2695.819584,7784.394805,
3730,1.92,0.36,0.475,0.1,0.4,21255.2239,1700.661834,3394.104642,
3731,0.3,0.23,0.1,0.18,0.6,16417.13047,1454.83264,1883.363079,
3732,3,0.1,0.6,0.42,0.4,28228.10422,1280.344424,532.716705,
3733,1.38,0.23,0.1,0.1,0.4,18508.63298,1267.253429,1672.61274,
3734,1.38,0.1,0.35,0.26,0.2,22458.599,1114.796355,430.9297248,
3735,1.92,0.23,0.35,0.18,0.6,21854.77559,1463.34231,2009.625859,
3736,1.38,0.62,0.6,0.5,0.2,23375.97662,2302.483544,6219.249295,
3737,0.84,0.75,0.225,0.1,0.2,16011.23521,2469.63606,7807.806912,
3738,1.38,0.36,0.35,0.1,0.4,19416.74414,1678.882943,3228.942246,
3739,1.38,0.75,0.6,0.18,0.6,19671.44078,2907.732687,9739.796535,
3740,2.46,0.23,0.475,0.34,0.2,25269.73106,1400.882445,1572.880462,
3741,1.38,0.62,0.475,0.18,0.8,19301.53807,2729.720205,8559.563598,
3742,0.3,0.75,0.225,0.26,0.6,15657.83675,2946.404158,9744.675557,
3743,3,0.75,0.35,0.42,0.6,23368.15152,2730.493176,9730.634564,
3744,3,0.49,0.35,0.34,0.8,23688.75895,2228.095433,6181.481717,
3745,1.92,0.62,0.475,0.26,0.4,21564.33913,2358.543283,6997.460871,
3746,2.46,0.1,0.35,0.26,0.4,24625.50826,1135.475376,532.6765788,
3747,0.3,0.36,0.6,0.18,0.2,19109.09531,1758.614606,2842.027765,
3748,0.84,0.75,0.35,0.18,0.2,17565.33564,2513.41384,7807.806912,
3749,2.46,0.36,0.1,0.34,0.8,21875.31865,1818.806225,4190.66943,
3750,1.92,0.1,0.1,0.34,0.8,22619.73507,1117.40858,671.5995253,
3751,1.38,0.75,0.1,0.34,0.2,18624.9063,2379.095632,7806.95799,
3752,1.92,0.23,0.35,0.18,0.4,21991.37548,1384.828971,1791.407795,
3753,1.38,0.62,0.1,0.18,0.2,17649.30421,2079.127458,6219.249295,
3754,2.46,0.75,0.35,0.18,0.2,20922.10063,2340.512885,7805.01647,
3755,0.84,0.36,0.225,0.5,0.8,20615.89982,2023.064951,4006.568812,
3756,1.38,0.49,0.1,0.34,0.8,19004.785,2277.626028,6450.88629,
3757,3,0.1,0.225,0.18,0.8,24095.79417,1092.197526,671.8566294,
3758,1.38,0.23,0.6,0.5,0.2,25063.10648,1511.150195,1462.967073,
3759,0.3,0.23,0.6,0.42,0.6,21556.98401,1713.717403,1883.363079,
3760,0.3,0.62,0.6,0.1,0.8,16663.05315,2906.033468,8566.144897,
3761,0.3,0.75,0.475,0.1,0.4,15925.07682,2831.424231,8776.629944,
3762,1.92,0.49,0.1,0.5,0.6,21629.35585,2130.061426,5610.63178,
3763,1.38,0.75,0.6,0.42,0.4,21999.23104,2743.836376,8773.377263,
3764,1.92,0.49,0.225,0.26,0.6,20417.02905,2129.575369,5610.63178,
3765,3,0.36,0.35,0.26,0.4,24007.00676,1658.738443,3391.427274,
3766,1.38,0.1,0.35,0.18,0.2,21741.78321,1084.512021,430.9297248,
3767,1.92,0.49,0.1,0.26,0.4,19814.4944,1923.278866,5032.242432,
3768,1.38,0.49,0.225,0.42,0.2,21114.10509,1883.0826,4662.708516,
3769,0.84,0.49,0.1,0.26,0.4,17436.06004,2029.294809,5260.216808,
3770,1.92,0.75,0.475,0.5,0.8,22575.44964,2994.255813,10702.50708,
3771,0.84,0.62,0.35,0.42,0.2,20141.55561,2271.901682,6220.110539,
3772,3,0.1,0.6,0.34,0.4,27595.15785,1247.623463,532.716705,
3773,1.92,0.62,0.1,0.5,0.4,21289.9642,2270.283312,6997.460871,
3774,0.3,0.23,0.6,0.34,0.2,21129.69711,1514.005462,1463.335297,
3775,3,0.1,0.225,0.5,0.4,26805.39506,1174.160573,532.716705,
3776,2.46,0.36,0.6,0.42,0.8,25456.69133,2013.856072,4190.66943,
3777,0.3,0.1,0.6,0.42,0.8,22300.93076,1392.718206,630.9014586,
3778,3,0.49,0.6,0.5,0.4,26694.88541,2096.181515,5028.472727,
3779,1.92,0.1,0.475,0.34,0.8,24839.4745,1260.09292,671.5995253,
3780,0.84,0.62,0.475,0.26,0.4,19238.20559,2483.943368,7001.076551,
3781,1.92,0.49,0.6,0.34,0.2,23688.07055,1957.355316,4453.853084,
3782,3,0.62,0.35,0.34,0.8,23063.73231,2555.31078,8546.999977,
3783,0.84,0.1,0.35,0.18,0.6,20316.60351,1158.082545,564.4545755,
3784,1.38,0.75,0.475,0.5,0.8,21488.21303,3044.931465,10706.21581,
3785,0.84,0.1,0.6,0.26,0.2,22539.78976,1214.156654,430.851903,
3786,3,0.1,0.475,0.26,0.6,26235.12019,1195.877355,602.2866672,
3787,0.84,0.23,0.1,0.42,0.4,20133.50196,1401.668831,1673.021498,
3788,0.3,0.23,0.1,0.26,0.6,17174.43506,1480.591986,1883.363079,
3789,1.38,0.36,0.35,0.1,0.2,19603.04695,1546.938005,2841.106425,
3790,2.46,0.49,0.225,0.18,0.8,20564.43828,2194.725958,6185.454872,
3791,1.92,0.36,0.6,0.1,0.4,21931.75341,1742.309073,3394.104642,
3792,0.3,0.23,0.475,0.34,0.8,20093.60575,1733.373156,2093.37697,
3793,1.38,0.36,0.475,0.34,0.6,22142.32201,1918.397337,3616.778068,
3794,0.84,0.62,0.475,0.1,0.6,17518.72018,2644.57283,7782.042563,
3795,2.46,0.49,0.475,0.42,0.4,24478.37361,2059.407411,5030.459304,
3796,2.46,0.62,0.475,0.26,0.8,22153.89289,2624.277029,8551.60683,
3797,1.38,0.75,0.35,0.42,0.4,20607.4118,2674.954433,8773.377263,
3798,3,0.1,0.475,0.18,0.2,25658.65806,1124.829513,463.1467429,
3799,3,0.23,0.225,0.18,0.4,23274.25212,1319.851331,1790.035734,
3800,1.92,0.23,0.6,0.42,0.6,25279.53242,1625.809592,2009.625859,
3801,3,0.75,0.6,0.1,0.6,21971.89642,2761.307946,9730.634564,
3802,2.46,0.49,0.6,0.18,0.4,23095.42776,2044.317954,5030.459304,
3803,0.3,0.23,0.475,0.18,0.2,19014.77858,1415.722187,1463.335297,
3804,3,0.1,0.6,0.34,0.2,27652.23519,1224.585152,463.1467429,
3805,1.92,0.1,0.475,0.42,0.6,25525.40173,1265.924224,602.0938391,
3806,0.3,0.36,0.6,0.5,0.6,21542.72811,2102.304936,3619.542089,
3807,1.92,0.1,0.6,0.18,0.8,24116.34285,1245.314344,671.5995253,
3808,3,0.49,0.35,0.42,0.4,24713.94911,1992.780326,5028.472727,
3809,1.38,0.62,0.475,0.5,0.8,22032.18111,2750.48303,8559.563598,
3810,3,0.49,0.35,0.5,0.8,24978.99375,2266.319316,6181.481717,
3811,2.46,0.75,0.6,0.26,0.4,22745.60591,2629.873152,8769.494223,
3812,3,0.1,0.6,0.34,0.4,27595.15785,1247.623463,532.716705,
3813,1.38,0.36,0.475,0.5,0.2,23800.13722,1714.306062,2841.106425,
3814,3,0.1,0.475,0.42,0.6,27534.84661,1253.614091,602.2866672,
3815,0.3,0.75,0.6,0.18,0.4,17384.50487,2861.073967,8776.629944,
3816,2.46,0.49,0.225,0.42,0.6,22810.78246,2122.2149,5607.957088,
3817,1.92,0.49,0.475,0.1,0.6,20429.51921,2180.929565,5610.63178,
3818,2.46,0.1,0.1,0.34,0.4,23786.00617,1068.699224,532.6765788,
3819,3,0.23,0.35,0.18,0.6,23878.6899,1438.086634,2007.567767,
3820,3,0.1,0.225,0.1,0.6,23384.89339,1045.564905,602.2866672,
3821,1.92,0.49,0.225,0.18,0.4,19903.68206,1952.739649,5032.242432,
3822,3,0.36,0.6,0.5,0.4,27309.48901,1816.148579,3391.427274,
3823,0.84,0.62,0.6,0.18,0.6,18970.41485,2682.63851,7782.042563,
3824,3,0.36,0.1,0.1,0.2,21191.90166,1393.274462,2993.230601,
3825,1.92,0.36,0.225,0.42,0.6,22439.78514,1821.835909,3793.639999,
3826,1.92,0.1,0.225,0.42,0.8,24066.83887,1193.654298,671.5995253,
3827,0.84,0.1,0.1,0.26,0.6,19482.07236,1087.505004,564.4545755,
3828,1.92,0.36,0.6,0.42,0.2,24910.14889,1715.965579,2994.569285,
3829,1.92,0.62,0.6,0.42,0.2,23835.19525,2240.715022,6218.302699,
3830,0.3,0.36,0.475,0.34,0.8,19384.38208,2146.007091,4008.299251,
3831,2.46,0.36,0.225,0.26,0.6,22114.07039,1749.335156,3791.760555,
3832,0.84,0.23,0.6,0.34,0.6,22268.55346,1647.038961,1882.871544,
3833,0.84,0.75,0.6,0.42,0.2,21073.56414,2604.890782,7807.806912,
3834,0.3,0.1,0.1,0.42,0.8,19369.6617,1202.511215,630.9014586,
3835,1.38,0.1,0.475,0.26,0.8,22994.07628,1244.178744,631.567199,
3836,2.46,0.1,0.6,0.26,0.4,25967.25842,1225.596975,532.6765788,
3837,0.84,0.75,0.6,0.42,0.2,21073.56414,2604.890782,7807.806912,
3838,0.3,0.75,0.475,0.42,0.4,18803.66834,2837.816745,8776.629944,
3839,2.46,0.49,0.6,0.34,0.8,24121.53121,2339.592614,6185.454872,
3840,0.3,0.36,0.475,0.34,0.6,19533.88602,2031.084441,3619.542089,
3841,1.38,0.1,0.475,0.18,0.4,22383.64557,1159.387493,497.8088828,
3842,2.46,0.1,0.1,0.42,0.6,24384.60499,1117.654729,602.2264778,
3843,2.46,0.1,0.1,0.26,0.8,23016.39347,1080.484352,671.7763769,
3844,0.84,0.36,0.475,0.5,0.2,22570.89549,1751.714936,2841.595155,
3845,2.46,0.1,0.1,0.1,0.4,21647.18155,979.6230313,532.6765788,
3846,0.3,0.75,0.225,0.26,0.8,15431.315,3115.771682,10712.72117,
3847,0.84,0.62,0.1,0.5,0.2,19219.18428,2193.712046,6220.110539,
3848,1.92,0.36,0.475,0.26,0.8,22414.74942,1969.70447,4193.175355,
3849,1.92,0.49,0.6,0.42,0.2,24345.81713,1976.651331,4453.853084,
3850,0.3,0.1,0.35,0.42,0.8,20929.08009,1305.107226,630.9014586,
3851,0.3,0.75,0.35,0.5,0.6,18483.13446,2978.792621,9744.675557,
3852,0.84,0.23,0.475,0.18,0.8,20064.61554,1633.280585,2092.72159,
3853,1.38,0.75,0.225,0.5,0.4,20492.92203,2645.031734,8773.377263,
3854,3,0.49,0.225,0.42,0.2,24204.3573,1791.734432,4451.968231,
3855,3,0.1,0.1,0.18,0.8,23308.13893,1044.000901,671.8566294,
3856,1.92,0.49,0.225,0.18,0.8,19521.34241,2241.962407,6189.021128,
3857,1.92,0.23,0.225,0.1,0.6,20341.2384,1388.820257,2009.625859,
3858,1.92,0.49,0.475,0.26,0.4,22110.35645,2060.40138,5032.242432,
3859,1.92,0.75,0.475,0.1,0.2,19871.37881,2419.270024,7806.030808,
3860,2.46,0.23,0.1,0.1,0.6,20597.21132,1323.268546,2008.69805,
3861,0.84,0.1,0.6,0.18,0.2,21822.46569,1184.258641,430.851903,
3862,1.92,0.23,0.475,0.5,0.2,25514.05477,1461.312626,1573.189732,
3863,1.38,0.62,0.225,0.26,0.6,18723.68779,2514.116694,7779.458831,
3864,1.38,0.49,0.6,0.1,0.2,20414.56294,1943.194143,4662.708516,
3865,2.46,0.62,0.35,0.26,0.2,22127.07225,2087.565374,6217.260103,
3866,1.38,0.1,0.475,0.34,0.4,23780.84619,1217.607805,497.8088828,
3867,1.38,0.49,0.35,0.34,0.4,20976.69777,2077.925325,5258.767774,
3868,0.84,0.36,0.35,0.26,0.4,19654.49263,1771.520018,3229.919707,
3869,1.38,0.1,0.1,0.34,0.8,21442.08959,1128.074629,631.567199,
3870,0.84,0.23,0.35,0.34,0.2,21147.11189,1393.313184,1463.171452,
3871,0.84,0.1,0.35,0.26,0.6,21044.48902,1188.525751,564.4545755,
3872,0.84,0.1,0.225,0.26,0.8,20235.14098,1167.937848,631.2559117,
3873,3,0.62,0.1,0.18,0.4,20511.35913,2134.840776,6993.072253,
3874,3,0.62,0.6,0.42,0.2,25770.12527,2177.357149,6216.10839,
3875,0.84,0.36,0.35,0.18,0.8,18600.72448,2000.031961,4006.568812,
3876,2.46,0.62,0.225,0.5,0.8,22671.86317,2577.99336,8551.60683,
3877,1.92,0.75,0.475,0.34,0.4,21751.86417,2649.595719,8771.522899,
3878,0.84,0.23,0.225,0.18,0.2,18948.42261,1287.687906,1463.171452,
3879,2.46,0.36,0.225,0.42,0.2,23843.86105,1562.050857,2993.942804,
3880,1.38,0.1,0.35,0.42,0.8,23643.0101,1255.896886,631.567199,
3881,3,0.23,0.225,0.5,0.4,25941.67638,1430.221855,1790.035734,
3882,0.84,0.49,0.225,0.5,0.8,19933.12098,2404.900233,6453.784358,
3883,0.3,0.23,0.225,0.42,0.8,19295.53338,1664.274205,2093.37697,
3884,1.92,0.62,0.225,0.1,0.4,18587.92579,2255.472236,6997.460871,
3885,2.46,0.36,0.1,0.1,0.6,19816.05129,1656.375402,3791.760555,
3886,2.46,0.1,0.225,0.5,0.4,25842.38947,1172.504189,532.6765788,
3887,0.84,0.62,0.1,0.42,0.6,18066.94823,2554.538646,7782.042563,
3888,2.46,0.36,0.475,0.42,0.4,25093.71845,1766.415304,3392.851679,
3889,1.92,0.1,0.1,0.18,0.4,21305.74561,1012.220624,532.588153,
3890,3,0.75,0.6,0.26,0.4,23673.55926,2589.070367,8767.269282,
3891,0.84,0.75,0.6,0.1,0.4,17961.96247,2791.520622,8775.075107,
3892,1.38,0.75,0.6,0.26,0.6,20390.04859,2910.090986,9739.796535,
3893,2.46,0.23,0.35,0.1,0.8,22086.49443,1482.680304,2226.606843,
3894,2.46,0.23,0.1,0.34,0.4,22909.02466,1333.1418,1790.789256,
3895,0.84,0.75,0.6,0.26,0.6,19193.77775,2969.08392,9742.343302,
3896,1.92,0.75,0.1,0.34,0.4,19449.19954,2537.437356,8771.522899,
3897,0.3,0.75,0.1,0.18,0.2,14579.77001,2509.67938,7808.584331,
3898,2.46,0.1,0.6,0.1,0.6,24494.21984,1184.717481,602.2264778,
3899,0.84,0.23,0.1,0.34,0.4,19448.24222,1375.787417,1673.021498,
3900,1.38,0.36,0.35,0.42,0.8,21965.43398,1995.90574,4004.61389,
3901,0.3,0.1,0.1,0.34,0.4,18809.01756,1100.719187,497.4760127,
3902,3,0.75,0.6,0.34,0.8,23880.74331,2927.979322,10693.99985,
3903,2.46,0.62,0.1,0.34,0.2,21255.06018,2008.885834,6217.260103,
3904,0.84,0.1,0.475,0.5,0.4,23808.31273,1287.825855,497.6532392,
3905,0.3,0.75,0.1,0.18,0.4,14310.26741,2730.181409,8776.629944,
3906,0.3,0.75,0.1,0.42,0.8,15986.95295,3080.375726,10712.72117,
3907,3,0.62,0.6,0.5,0.6,25904.23722,2526.903182,7770.036115,
3908,3,0.23,0.35,0.1,0.8,23071.12809,1468.974253,2225.099799,
3909,1.92,0.23,0.6,0.34,0.4,24755.02431,1528.596505,1791.407795,
3910,1.38,0.36,0.6,0.18,0.8,21266.76409,2020.003761,4004.61389,
3911,3,0.62,0.475,0.18,0.8,22383.29908,2572.469028,8546.999977,
3912,2.46,0.23,0.1,0.34,0.6,22768.51706,1405.814392,2008.69805,
3913,0.3,0.75,0.475,0.26,0.2,17686.82565,2629.913911,7808.584331,
3914,1.92,0.75,0.1,0.5,0.2,21066.21844,2346.204597,7806.030808,
3915,1.38,0.1,0.6,0.18,0.6,22989.88229,1234.429478,564.6880409,
3916,1.38,0.1,0.225,0.42,0.8,22903.76873,1206.00328,631.567199,
3917,3,0.62,0.225,0.42,0.2,23667.49092,2040.867932,6216.10839,
3918,3,0.62,0.1,0.34,0.2,22203.89108,1976.347406,6216.10839,
3919,3,0.62,0.475,0.1,0.2,22331.34523,2061.587045,6216.10839,
3920,3,0.49,0.225,0.26,0.6,22401.87951,2058.063369,5604.977222,
3921,2.46,0.36,0.1,0.1,0.8,19685.93992,1754.660647,4190.66943,
3922,2.46,0.1,0.1,0.34,0.8,23700.14364,1107.867256,671.7763769,
3923,3,0.36,0.225,0.18,0.8,22237.34934,1795.466602,4187.820619,
3924,3,0.1,0.6,0.34,0.4,27595.15785,1247.623463,532.716705,
3925,1.38,0.75,0.35,0.1,0.8,17273.3943,3008.09495,10706.21581,
3926,0.84,0.1,0.6,0.1,0.8,20893.91833,1249.42652,631.2559117,
3927,1.92,0.75,0.225,0.42,0.4,20941.20458,2584.313127,8771.522899,
3928,1.38,0.1,0.35,0.1,0.4,20928.8696,1082.584026,497.8088828,
3929,0.84,0.75,0.1,0.42,0.2,18090.3941,2450.036337,7807.806912,
3930,1.38,0.75,0.35,0.5,0.6,20994.61673,2859.390371,9739.796535,
3931,0.3,0.23,0.475,0.1,0.4,18112.8585,1480.318259,1673.349188,
3932,3,0.36,0.35,0.18,0.8,22994.60212,1838.981355,4187.820619,
3933,0.3,0.49,0.35,0.42,0.6,18870.33664,2377.946989,5858.964078,
3934,0.3,0.75,0.1,0.18,0.2,14579.77001,2509.67938,7808.584331,
3935,1.92,0.23,0.225,0.5,0.4,23955.78142,1443.436394,1791.407795,
3936,2.46,0.49,0.225,0.5,0.8,23291.71624,2251.030155,6185.454872,
3937,2.46,0.1,0.35,0.42,0.8,25862.29359,1229.756944,671.7763769,
3938,1.38,0.49,0.225,0.5,0.6,21331.11933,2214.788096,5854.827032,
3939,1.38,0.62,0.1,0.1,0.8,16175.61479,2619.905054,8559.563598,
3940,0.84,0.49,0.6,0.1,0.6,18760.63754,2337.596082,5857.000583,
3941,2.46,0.49,0.6,0.18,0.8,22728.62238,2311.683449,6185.454872,
3942,0.84,0.75,0.225,0.1,0.6,15488.17947,2879.147222,9742.343302,
3943,1.92,0.23,0.225,0.1,0.6,20341.2384,1388.820257,2009.625859,
3944,1.92,0.49,0.6,0.1,0.4,21320.43542,2065.454519,5032.242432,
3945,3,0.1,0.475,0.1,0.8,24802.92152,1153.324638,671.8566294,
3946,3,0.36,0.475,0.34,0.2,25573.44213,1614.309049,2993.230601,
3947,2.46,0.23,0.225,0.42,0.6,24221.70132,1479.318604,2008.69805,
3948,0.3,0.1,0.35,0.5,0.8,21582.07564,1331.58682,630.9014586,
3949,3,0.49,0.475,0.5,0.4,26040.05855,2056.911158,5028.472727,
3950,2.46,0.23,0.6,0.34,0.8,25582.73081,1643.095965,2226.606843,
3951,1.92,0.23,0.35,0.42,0.6,23924.5512,1538.408561,2009.625859,
3952,3,0.1,0.475,0.26,0.2,26348.25405,1153.683104,463.1467429,
3953,0.3,0.23,0.475,0.26,0.6,19497.46756,1624.650778,1883.363079,
3954,0.3,0.23,0.475,0.42,0.6,20885.35018,1671.71684,1883.363079,
3955,1.92,0.49,0.35,0.34,0.2,22315.06632,1873.475373,4453.853084,
3956,1.38,0.1,0.6,0.34,0.2,24496.85307,1232.97451,430.9297248,
3957,0.84,0.36,0.6,0.18,0.8,20014.4739,2080.246716,4006.568812,
3958,1.92,0.62,0.6,0.18,0.6,21290.4133,2558.957367,7776.619042,
3959,0.3,0.75,0.475,0.26,0.8,16954.30248,3166.719816,10712.72117,
3960,1.92,0.36,0.35,0.34,0.8,22394.25644,1948.564275,4193.175355,
3961,1.92,0.1,0.475,0.34,0.2,24990.44787,1184.903016,463.0824668,
3962,0.84,0.49,0.225,0.42,0.6,19456.11031,2261.454478,5857.000583,
3963,0.84,0.62,0.6,0.5,0.2,22175.13801,2362.373712,6220.110539,
3964,3,0.62,0.6,0.34,0.4,24863.30597,2327.860113,6993.072253,
3965,2.46,0.49,0.35,0.18,0.4,21707.90104,1962.476584,5030.459304,
3966,3,0.62,0.6,0.26,0.4,24186.39615,2313.393014,6993.072253,
3967,3,0.1,0.225,0.5,0.8,26732.52639,1208.541759,671.8566294,
3968,1.92,0.49,0.225,0.1,0.8,18759.51831,2229.966757,6189.021128,
3969,0.84,0.49,0.1,0.26,0.4,17436.06004,2029.294809,5260.216808,
3970,0.3,0.36,0.475,0.26,0.6,18824.5384,2014.632476,3619.542089,
3971,1.38,0.49,0.1,0.42,0.2,20305.55262,1833.746421,4662.708516,
3972,1.92,0.62,0.1,0.34,0.6,19717.39449,2425.039606,7776.619042,
3973,2.46,0.36,0.6,0.5,0.2,26557.45248,1718.169227,2993.942804,
3974,0.84,0.1,0.475,0.5,0.2,23869.80207,1255.081055,430.851903,
3975,3,0.75,0.35,0.18,0.2,21866.22692,2298.628603,7803.904,
3976,1.92,0.49,0.225,0.5,0.6,22434.36291,2174.600443,5610.63178,
3977,1.92,0.75,0.35,0.42,0.2,21983.52382,2420.801631,7806.030808,
3978,1.38,0.23,0.225,0.18,0.6,19959.03613,1431.09561,1882.258407,
3979,0.3,0.62,0.475,0.42,0.4,19275.42641,2570.637556,7002.644712,
3980,3,0.23,0.1,0.34,0.2,24019.56939,1256.609029,1572.503701,
3981,3,0.75,0.475,0.18,0.6,22030.22038,2734.307739,9730.634564,
3982,0.3,0.62,0.475,0.5,0.2,20168.62536,2395.504067,6220.89462,
3983,0.3,0.1,0.1,0.34,0.4,18809.01756,1100.719187,497.4760127,
3984,2.46,0.23,0.35,0.26,0.8,23543.21975,1534.658432,2226.606843,
3985,0.84,0.23,0.6,0.18,0.8,20744.00183,1674.899921,2092.72159,
3986,0.84,0.23,0.225,0.42,0.4,20938.38929,1451.584184,1673.021498,
3987,3,0.62,0.35,0.42,0.4,24149.65569,2272.863376,6993.072253,
3988,2.46,0.49,0.225,0.5,0.2,23897.09945,1836.864819,4452.96152,
3989,3,0.36,0.475,0.5,0.2,26844.6184,1668.471202,2993.230601,
3990,3,0.23,0.35,0.26,0.2,24862.55594,1324.433481,1572.503701,
3991,2.46,0.62,0.225,0.26,0.8,20668.20445,2551.049917,8551.60683,
3992,3,0.36,0.475,0.1,0.2,23461.93597,1537.663635,2993.230601,
3993,0.3,0.75,0.475,0.1,0.2,16185.2315,2624.440789,7808.584331,
3994,2.46,0.49,0.6,0.5,0.2,25988.63996,1965.759886,4452.96152,
3995,0.84,0.49,0.475,0.18,0.6,18832.78938,2308.54341,5857.000583,
3996,1.92,0.1,0.35,0.5,0.6,25465.08758,1246.015814,602.0938391,
3997,1.92,0.1,0.475,0.26,0.2,24315.04685,1156.533594,463.0824668,
3998,3,0.75,0.35,0.26,0.8,21809.89929,2860.578782,10693.99985,
3999,1.92,0.62,0.6,0.42,0.6,23353.37995,2585.713428,7776.619042,
4000,3,0.49,0.35,0.1,0.8,21545.09928,2181.143227,6181.481717,
4001,3,0.75,0.475,0.18,0.4,22292.27876,2544.090283,8767.269282,
4002,0.3,0.1,0.475,0.42,0.4,21756.9652,1279.279695,497.4760127,
4003,0.84,0.1,0.6,0.1,0.4,21008.91244,1185.717552,497.6532392,
4004,3,0.49,0.475,0.34,0.6,24547.51972,2157.413686,5604.977222,
4005,3,0.62,0.1,0.1,0.8,19314.19342,2450.110348,8546.999977,
4006,1.92,0.75,0.1,0.42,0.8,19635.18995,2892.60459,10702.50708,
4007,0.3,0.75,0.475,0.1,0.2,16185.2315,2624.440789,7808.584331,
4008,1.38,0.49,0.1,0.18,0.8,17550.39609,2256.405232,6450.88629,
4009,0.3,0.62,0.6,0.5,0.8,20178.98681,2913.403045,8566.144897,
4010,0.84,0.75,0.475,0.1,0.2,17535.076,2545.545502,7807.806912,
4011,1.38,0.23,0.1,0.18,0.8,19039.81662,1452.858575,2091.904074,
4012,1.92,0.75,0.475,0.34,0.4,21751.86417,2649.595719,8771.522899,
4013,1.38,0.36,0.225,0.42,0.8,21207.70889,1949.296993,4004.61389,
4014,0.84,0.62,0.1,0.1,0.6,15135.4881,2536.131144,7782.042563,
4015,1.38,0.23,0.475,0.1,0.4,20816.53014,1414.23306,1672.61274,
4016,0.84,0.62,0.6,0.42,0.6,21063.24523,2698.679129,7782.042563,
4017,0.84,0.75,0.225,0.34,0.8,17473.47749,3040.488885,10709.6115,
4018,0.84,0.23,0.1,0.42,0.4,20133.50196,1401.668831,1673.021498,
4019,3,0.49,0.1,0.42,0.2,23412.92177,1743.695935,4451.968231,
4020,2.46,0.75,0.1,0.1,0.8,17789.17829,2832.454943,10698.44973,
4021,0.3,0.49,0.225,0.5,0.6,18760.60098,2346.311359,5858.964078,
4022,0.84,0.49,0.6,0.18,0.2,19930.80106,2019.391448,4663.433033,
4023,1.92,0.36,0.225,0.26,0.2,21445.0521,1533.488408,2994.569285,
4024,1.38,0.62,0.35,0.34,0.4,20432.93256,2387.288892,6999.354063,
4025,1.92,0.23,0.35,0.42,0.8,23838.13534,1603.409991,2227.843922,
4026,2.46,0.75,0.6,0.1,0.2,21575.1988,2405.801877,7805.01647,
4027,1.38,0.23,0.1,0.5,0.4,22049.80498,1404.149669,1672.61274,
4028,1.92,0.23,0.475,0.34,0.2,24229.01792,1409.302439,1573.189732,
4029,1.92,0.36,0.1,0.26,0.2,20637.59035,1483.741908,2994.569285,
4030,0.84,0.23,0.475,0.5,0.6,22915.56342,1651.657704,1882.871544,
4031,2.46,0.23,0.1,0.26,0.2,22361.08453,1232.334096,1572.880462,
4032,2.46,0.23,0.1,0.1,0.2,20889.33528,1169.819674,1572.880462,
4033,1.38,0.62,0.6,0.34,0.2,22072.46169,2276.928404,6219.249295,
4034,0.3,0.23,0.6,0.1,0.6,18675.64402,1619.366259,1883.363079,
4035,1.92,0.36,0.1,0.34,0.8,20825.85626,1854.565741,4193.175355,
4036,0.84,0.49,0.6,0.26,0.2,20658.48419,2035.334284,4663.433033,
4037,0.3,0.23,0.1,0.5,0.4,19390.45447,1461.095454,1673.349188,
4038,0.84,0.1,0.225,0.34,0.4,21054.11049,1136.192052,497.6532392,
4039,2.46,0.1,0.6,0.34,0.2,26689.87335,1224.426763,463.1266797,
4040,0.3,0.1,0.475,0.18,0.8,19522.6399,1262.518622,630.9014586,
4041,1.38,0.49,0.35,0.18,0.8,19165.87422,2336.884924,6450.88629,
4042,3,0.36,0.225,0.18,0.6,22357.7975,1705.102528,3789.623947,
4043,1.92,0.75,0.475,0.1,0.6,19334.80672,2819.913647,9737.01499,
4044,1.92,0.49,0.6,0.18,0.8,21697.93685,2358.34406,6189.021128,
4045,1.38,0.36,0.225,0.5,0.2,22355.40919,1622.610757,2841.106425,
4046,2.46,0.75,0.475,0.34,0.2,23039.52479,2402.796376,7805.01647,
4047,3,0.1,0.225,0.18,0.4,24172.78221,1058.377561,532.716705,
4048,3,0.1,0.35,0.1,0.8,24106.36626,1109.07497,671.8566294,
4049,1.92,0.49,0.35,0.18,0.8,20293.94505,2282.121633,6189.021128,
4050,0.3,0.49,0.225,0.42,0.6,18097.80649,2337.711524,5858.964078,
4051,0.84,0.1,0.6,0.1,0.6,20948.1015,1218.157256,564.4545755,
4052,0.84,0.49,0.35,0.26,0.2,19259.10263,1946.218693,4663.433033,
4053,0.3,0.23,0.475,0.34,0.8,20093.60575,1733.373156,2093.37697,
4054,0.3,0.1,0.225,0.18,0.8,18034.49532,1168.641328,630.9014586,
4055,3,0.1,0.475,0.42,0.6,27534.84661,1253.614091,602.2866672,
4056,0.3,0.1,0.35,0.42,0.2,21117.86175,1193.641745,430.7632897,
4057,0.3,0.49,0.6,0.34,0.4,19791.56079,2292.00479,5261.525804,
4058,1.38,0.23,0.35,0.42,0.2,23074.09047,1398.39346,1462.967073,
4059,2.46,0.49,0.475,0.1,0.4,21678.02022,1985.743828,5030.459304,
4060,1.92,0.49,0.1,0.34,0.6,20301.13585,2099.400454,5610.63178,
4061,1.92,0.1,0.475,0.5,0.2,26262.30017,1238.289973,463.0824668,
4062,0.3,0.1,0.6,0.5,0.2,23127.73091,1313.999806,430.7632897,
4063,1.92,0.36,0.6,0.42,0.8,24431.57156,2047.18878,4193.175355,
4064,3,0.36,0.1,0.18,0.2,21942.51269,1421.284856,2993.230601,
4065,1.38,0.1,0.225,0.34,0.6,22283.5254,1152.596419,564.6880409,
4066,0.84,0.23,0.225,0.5,0.8,21356.75531,1634.596724,2092.72159,
4067,1.38,0.36,0.1,0.34,0.2,20225.77942,1525.282873,2841.106425,
4068,1.92,0.23,0.475,0.26,0.6,23279.35222,1534.772311,2009.625859,
4069,1.38,0.23,0.35,0.26,0.8,21352.137,1573.885012,2091.904074,
4070,0.84,0.36,0.6,0.1,0.6,19395.44351,1951.936036,3618.244259,
4071,1.92,0.62,0.225,0.5,0.4,22096.75744,2313.962206,6997.460871,
4072,2.46,0.23,0.475,0.42,0.6,25653.03335,1569.286623,2008.69805,
4073,0.3,0.1,0.475,0.5,0.6,22343.46674,1342.159125,564.1887356,
4074,0.3,0.36,0.6,0.42,0.2,21224.69232,1823.506351,2842.027765,
4075,0.3,0.75,0.225,0.26,0.8,15431.315,3115.771682,10712.72117,
4076,1.38,0.75,0.6,0.1,0.4,19172.93974,2723.069476,8773.377263,
4077,1.92,0.62,0.1,0.5,0.6,21045.70717,2443.679495,7776.619042,
4078,0.84,0.1,0.225,0.5,0.2,22437.74475,1159.265222,430.851903,
4079,2.46,0.36,0.6,0.34,0.2,25282.6427,1671.163283,2993.942804,
4080,3,0.62,0.475,0.18,0.2,23070.79572,2078.710094,6216.10839,
4081,0.84,0.23,0.1,0.42,0.6,20001.00248,1486.955006,1882.871544,
4082,2.46,0.49,0.225,0.42,0.2,23258.46059,1816.567989,4452.96152,
4083,1.38,0.75,0.475,0.34,0.4,20656.68244,2703.115322,8773.377263,
4084,0.84,0.1,0.225,0.1,0.8,18734.51047,1106.579663,631.2559117,
4085,0.84,0.49,0.6,0.1,0.4,18959.22534,2177.581236,5260.216808,
4086,1.38,0.75,0.6,0.1,0.8,18703.32865,3059.930494,10706.21581,
4087,3,0.62,0.6,0.1,0.2,23004.81062,2102.539439,6216.10839,
4088,2.46,0.1,0.35,0.18,0.2,23984.71122,1081.701922,463.1266797,
4089,0.84,0.36,0.35,0.26,0.8,19337.84672,2017.108842,4006.568812,
4090,0.3,0.49,0.6,0.34,0.8,19418.54536,2578.929297,6456.402351,
4091,0.3,0.1,0.475,0.26,0.8,20256.34364,1292.498722,630.9014586,
4092,1.92,0.23,0.475,0.1,0.2,22092.17609,1325.80092,1573.189732,
4093,3,0.75,0.1,0.1,0.6,18959.00183,2620.351751,9730.634564,
4094,0.84,0.49,0.6,0.26,0.6,20247.65536,2356.285976,5857.000583,
4095,1.38,0.36,0.225,0.26,0.2,20330.91206,1550.857956,2841.106425,
4096,3,0.62,0.225,0.42,0.8,22968.24063,2527.300958,8546.999977,
4097,1.92,0.1,0.1,0.26,0.6,21966.94702,1066.931144,602.0938391,
4098,0.3,0.49,0.475,0.1,0.2,17099.52533,2039.901031,4664.087531,
4099,3,0.62,0.475,0.18,0.2,23070.79572,2078.710094,6216.10839,
4100,1.38,0.23,0.225,0.5,0.6,22711.33722,1529.421346,1882.258407,
4101,1.92,0.36,0.35,0.1,0.2,20726.01245,1528.608243,2994.569285,
4102,0.84,0.75,0.1,0.1,0.8,14412.20983,3019.006134,10709.6115,
4103,0.84,0.1,0.225,0.34,0.6,20992.84336,1167.382912,564.4545755,
4104,2.46,0.1,0.225,0.5,0.6,25787.52104,1192.729969,602.2264778,
4105,3,0.75,0.6,0.5,0.6,25369.82978,2809.876645,9730.634564,
4106,1.92,0.1,0.6,0.1,0.2,23537.8952,1138.807148,463.0824668,
4107,3,0.23,0.1,0.5,0.8,24955.75611,1503.964389,2225.099799,
4108,3,0.36,0.1,0.42,0.6,23625.94439,1725.18161,3789.623947,
4109,1.38,0.75,0.225,0.26,0.4,18462.50635,2626.602744,8773.377263,
4110,3,0.62,0.475,0.1,0.2,22331.34523,2061.587045,6216.10839,
4111,1.38,0.62,0.6,0.5,0.8,22704.818,2783.712716,8559.563598,
4112,2.46,0.23,0.1,0.34,0.4,22909.02466,1333.1418,1790.789256,
4113,3,0.62,0.35,0.26,0.8,22378.05445,2545.457285,8546.999977,
4114,1.38,0.62,0.225,0.18,0.8,17788.98708,2661.061778,8559.563598,
4115,0.84,0.49,0.6,0.18,0.6,19520.03222,2345.922043,5857.000583,
4116,3,0.62,0.475,0.5,0.8,25060.06754,2622.450576,8546.999977,
4117,0.84,0.62,0.6,0.18,0.6,18970.41485,2682.63851,7782.042563,
4118,1.92,0.62,0.6,0.34,0.8,22502.23364,2716.375714,8555.777214,
4119,3,0.49,0.225,0.34,0.6,23090.68462,2075.781768,5604.977222,
4120,0.84,0.62,0.475,0.34,0.4,19939.58089,2491.462446,7001.076551,
4121,0.3,0.62,0.35,0.18,0.8,15989.74533,2843.304094,8566.144897,
4122,1.38,0.62,0.6,0.5,0.8,22704.818,2783.712716,8559.563598,
4123,0.3,0.62,0.35,0.18,0.6,16193.93428,2688.355185,7784.394805,
4124,2.46,0.23,0.35,0.34,0.2,24576.81482,1356.706353,1572.880462,
4125,3,0.36,0.475,0.42,0.8,25741.8226,1949.606764,4187.820619,
4126,0.84,0.49,0.6,0.18,0.8,19346.47895,2482.647118,6453.784358,
4127,3,0.23,0.225,0.42,0.6,25176.26657,1470.14746,2007.567767,
4128,0.3,0.49,0.6,0.34,0.4,19791.56079,2292.00479,5261.525804,
4129,0.84,0.62,0.6,0.34,0.2,20860.50807,2341.005657,6220.110539,
4130,0.3,0.62,0.6,0.18,0.2,18080.74857,2395.543272,6220.89462,
4131,1.38,0.49,0.475,0.34,0.4,21691.78595,2119.005446,5258.767774,
4132,1.92,0.62,0.35,0.42,0.6,21969.85829,2513.334058,7776.619042,
4133,2.46,0.62,0.35,0.1,0.8,19966.1221,2573.571923,8551.60683,
4134,0.3,0.1,0.225,0.18,0.4,18164.52539,1091.139979,497.4760127,
4135,2.46,0.49,0.1,0.18,0.6,19903.91992,2027.186145,5607.957088,
4136,1.38,0.36,0.1,0.26,0.4,19326.49201,1628.032216,3228.942246,
4137,1.92,0.1,0.6,0.34,0.8,25492.16601,1301.935539,671.5995253,
4138,0.84,0.75,0.1,0.18,0.4,15664.83302,2652.504079,8775.075107,
4139,1.92,0.49,0.6,0.18,0.8,21697.93685,2358.34406,6189.021128,
4140,1.38,0.23,0.6,0.5,0.6,24811.62002,1662.764522,1882.258407,
4141,0.84,0.75,0.1,0.34,0.4,17123.87113,2658.008297,8775.075107,
4142,2.46,0.1,0.35,0.1,0.4,23191.08019,1076.51462,532.6765788,
4143,1.38,0.49,0.1,0.18,0.8,17550.39609,2256.405232,6450.88629,
4144,0.3,0.1,0.35,0.42,0.2,21117.86175,1193.641745,430.7632897,
4145,0.84,0.75,0.35,0.42,0.2,19679.83834,2533.509003,7807.806912,
4146,1.38,0.23,0.225,0.5,0.8,22615.99853,1598.470274,2091.904074,
4147,0.84,0.62,0.35,0.42,0.6,19663.30187,2629.542322,7782.042563,
4148,0.84,0.36,0.1,0.5,0.2,20311.29831,1609.38487,2841.595155,
4149,2.46,0.23,0.225,0.5,0.8,24778.42341,1559.861384,2226.606843,
4150,0.84,0.49,0.6,0.18,0.6,19520.03222,2345.922043,5857.000583,
4151,2.46,0.1,0.475,0.42,0.6,26573.82461,1257.650092,602.2264778,
4152,2.46,0.36,0.475,0.1,0.4,22303.9882,1674.073626,3392.851679,
4153,0.84,0.23,0.1,0.34,0.2,19584.92179,1292.54281,1463.171452,
4154,3,0.36,0.35,0.26,0.2,24200.53917,1543.94441,2993.230601,
4155,0.84,0.1,0.475,0.18,0.6,21028.79097,1203.670335,564.4545755,
4156,0.3,0.49,0.35,0.26,0.4,17671.41893,2201.816268,5261.525804,
4157,2.46,0.23,0.475,0.34,0.2,25269.73106,1400.882445,1572.880462,
4158,0.3,0.1,0.225,0.18,0.2,18233.74438,1053.713399,430.7632897,
4159,0.84,0.23,0.475,0.42,0.8,22167.55775,1703.231909,2092.72159,
4160,0.3,0.23,0.1,0.5,0.4,19390.45447,1461.095454,1673.349188,
4161,0.3,0.36,0.475,0.26,0.6,18824.5384,2014.632476,3619.542089,
4162,0.3,0.36,0.225,0.34,0.8,17884.14474,2062.762918,4008.299251,
4163,2.46,0.23,0.1,0.5,0.4,24210.05786,1384.699022,1790.789256,
4164,3,0.23,0.1,0.5,0.4,25165.29102,1382.397622,1790.035734,
4165,2.46,0.1,0.475,0.42,0.4,26627.64125,1234.703167,532.6765788,
4166,0.84,0.49,0.1,0.26,0.4,17436.06004,2029.294809,5260.216808,
4167,2.46,0.36,0.225,0.26,0.6,22114.07039,1749.335156,3791.760555,
4168,1.38,0.23,0.6,0.26,0.2,23086.19201,1434.90791,1462.967073,
4169,3,0.23,0.1,0.34,0.8,23662.87256,1452.788515,2225.099799,
4170,3,0.1,0.6,0.5,0.4,28836.73997,1307.049543,532.716705,
4171,1.92,0.62,0.475,0.34,0.8,21826.31498,2682.658523,8555.777214,
4172,1.38,0.36,0.35,0.5,0.2,23100.62591,1668.828091,2841.106425,
4173,0.3,0.49,0.475,0.1,0.2,17099.52533,2039.901031,4664.087531,
4174,2.46,0.49,0.475,0.26,0.8,22766.73663,2287.657023,6185.454872,
4175,0.3,0.23,0.6,0.34,0.8,20770.44868,1774.478414,2093.37697,
4176,1.92,0.49,0.225,0.18,0.6,19687.82381,2114.330309,5610.63178,
4177,0.3,0.62,0.35,0.5,0.4,19208.47969,2540.443239,7002.644712,
4178,0.84,0.62,0.225,0.1,0.6,15988.25497,2574.284151,7782.042563,
4179,3,0.75,0.6,0.18,0.2,23252.81363,2375.598881,7803.904,
4180,0.3,0.36,0.35,0.42,0.2,19838.0241,1735.106695,2842.027765,
4181,0.84,0.36,0.6,0.18,0.8,20014.4739,2080.246716,4006.568812,
4182,0.84,0.1,0.35,0.18,0.2,20444.18477,1090.606715,430.851903,
4183,3,0.23,0.475,0.26,0.2,25555.22286,1370.027519,1572.503701,
4184,2.46,0.49,0.475,0.34,0.6,23609.61858,2187.643104,5607.957088,
4185,1.92,0.36,0.1,0.5,0.6,22285.84204,1795.124232,3793.639999,
4186,0.3,0.49,0.475,0.26,0.8,18025.35629,2538.837116,6456.402351,
4187,1.38,0.23,0.35,0.26,0.2,21714.63328,1344.28854,1462.967073,
4188,2.46,0.49,0.475,0.34,0.2,24046.30479,1884.389204,4452.96152,
4189,2.46,0.23,0.6,0.26,0.4,25116.67068,1489.994401,1790.789256,
4190,3,0.75,0.475,0.18,0.6,22030.22038,2734.307739,9730.634564,
4191,3,0.49,0.35,0.42,0.4,24713.94911,1992.780326,5028.472727,
4192,0.3,0.23,0.225,0.42,0.6,19410.60006,1578.921262,1883.363079,
4193,0.3,0.49,0.6,0.26,0.8,18714.81717,2573.416457,6456.402351,
4194,0.84,0.49,0.1,0.42,0.4,18843.48008,2057.337443,5260.216808,
4195,2.46,0.1,0.35,0.1,0.2,23252.95479,1050.246873,463.1266797,
4196,2.46,0.1,0.35,0.5,0.4,26565.44198,1218.155076,532.6765788,
4197,3,0.36,0.225,0.26,0.6,23073.06036,1727.408896,3789.623947,
4198,1.92,0.62,0.1,0.18,0.4,18519.60161,2222.411415,6997.460871,
4199,1.38,0.23,0.6,0.26,0.8,22734.37319,1659.685683,2091.904074,
4200,2.46,0.1,0.225,0.1,0.8,22357.51388,1068.91478,671.7763769,
4201,0.84,0.1,0.225,0.34,0.6,20992.84336,1167.382912,564.4545755,
4202,2.46,0.49,0.225,0.42,0.2,23258.46059,1816.567989,4452.96152,
4203,2.46,0.23,0.1,0.5,0.4,24210.05786,1384.699022,1790.789256,
4204,1.92,0.49,0.1,0.26,0.4,19814.4944,1923.278866,5032.242432,
4205,3,0.23,0.35,0.34,0.6,25260.17016,1490.658079,2007.567767,
4206,0.84,0.1,0.1,0.42,0.6,20870.28988,1145.543358,564.4545755,
4207,3,0.49,0.475,0.5,0.6,25829.80689,2198.778794,5604.977222,
4208,1.38,0.62,0.225,0.26,0.2,19216.19721,2138.43114,6219.249295,
4209,0.84,0.75,0.35,0.34,0.4,18730.39415,2730.887502,8775.075107,
4210,3,0.23,0.1,0.42,0.8,24321.96158,1476.823406,2225.099799,
4211,1.92,0.75,0.225,0.34,0.4,20269.90057,2577.92519,8771.522899,
4212,2.46,0.36,0.1,0.5,0.4,23501.81103,1651.758385,3392.851679,
4213,1.92,0.49,0.6,0.1,0.6,21112.30829,2219.742808,5610.63178,
4214,0.3,0.49,0.1,0.26,0.2,16270.77459,1923.425668,4664.087531,
4215,0.84,0.36,0.475,0.26,0.4,20374.53915,1816.172479,3229.919707,
4216,0.84,0.23,0.6,0.34,0.8,22166.67566,1721.469346,2092.72159,
4217,3,0.49,0.225,0.18,0.6,21683.66602,2039.302568,5604.977222,
4218,1.38,0.23,0.225,0.26,0.2,20961.90555,1296.830301,1462.967073,
4219,0.84,0.1,0.1,0.1,0.2,18103.71261,957.8044363,430.851903,
4220,2.46,0.75,0.225,0.5,0.4,22591.57758,2547.500613,8769.494223,
4221,0.84,0.23,0.475,0.1,0.4,19536.60738,1440.956118,1673.021498,
4222,0.3,0.75,0.35,0.26,0.2,16955.33958,2593.629947,7808.584331,
4223,2.46,0.49,0.475,0.5,0.4,25110.6786,2077.383301,5030.459304,
4224,0.3,0.49,0.475,0.42,0.2,20000.33289,2094.267079,4664.087531,
4225,0.3,0.62,0.1,0.1,0.6,13762.32993,2618.569721,7784.394805,
4226,1.92,0.49,0.1,0.34,0.6,20301.13585,2099.400454,5610.63178,
4227,0.84,0.23,0.35,0.26,0.2,20445.5073,1365.665794,1463.171452,
4228,2.46,0.36,0.35,0.5,0.6,24850.59477,1859.610235,3791.760555,
4229,3,0.23,0.1,0.1,0.4,21730.66267,1239.876686,1790.035734,
4230,2.46,0.62,0.35,0.1,0.4,20397.25252,2247.040646,6995.375679,
4231,1.38,0.75,0.475,0.18,0.4,19238.70125,2692.860985,8773.377263,
4232,1.38,0.1,0.35,0.5,0.6,24323.21417,1257.98658,564.6880409,
4233,0.84,0.23,0.475,0.26,0.2,21157.59079,1412.006313,1463.171452,
4234,0.3,0.62,0.225,0.1,0.2,15087.1639,2268.487538,6220.89462,
4235,3,0.49,0.35,0.34,0.8,23688.75895,2228.095433,6181.481717,
4236,1.38,0.62,0.6,0.42,0.6,22261.69162,2637.611164,7779.458831,
4237,2.46,0.75,0.225,0.34,0.6,21016.91899,2717.611187,9733.971976,
4238,2.46,0.23,0.475,0.5,0.2,26541.84186,1452.201898,1572.880462,
4239,0.84,0.49,0.475,0.18,0.6,18832.78938,2308.54341,5857.000583,
4240,3,0.23,0.1,0.34,0.8,23662.87256,1452.788515,2225.099799,
4241,3,0.49,0.225,0.42,0.2,24204.3573,1791.734432,4451.968231,
4242,0.84,0.36,0.6,0.42,0.4,22418.52134,1898.778549,3229.919707,
4243,0.3,0.1,0.475,0.18,0.4,19648.52861,1189.950913,497.4760127,
4244,2.46,0.49,0.475,0.26,0.2,23363.3366,1863.183395,4452.96152,
4245,3,0.62,0.475,0.26,0.8,23093.31503,2581.83901,8546.999977,
4246,1.92,0.62,0.6,0.34,0.2,23176.02565,2225.516844,6218.302699,
4247,2.46,0.1,0.475,0.1,0.2,23951.80849,1095.556865,463.1266797,
4248,2.46,0.49,0.225,0.34,0.2,22594.09489,1794.761517,4452.96152,
4249,1.38,0.75,0.6,0.5,0.8,22163.27281,3070.863392,10706.21581,
4250,1.38,0.23,0.35,0.42,0.4,22942.77435,1474.543299,1672.61274,
4251,1.92,0.36,0.225,0.26,0.2,21445.0521,1533.488408,2994.569285,
4252,1.92,0.49,0.475,0.5,0.6,23892.01785,2255.468072,5610.63178,
4253,3,0.75,0.225,0.1,0.4,20057.53372,2460.284409,8767.269282,
4254,1.92,0.62,0.6,0.5,0.6,23988.55106,2595.404306,7776.619042,
4255,2.46,0.75,0.225,0.42,0.8,21464.70785,2878.26697,10698.44973,
4256,1.38,0.23,0.6,0.18,0.6,22109.96689,1565.703537,1882.258407,
4257,0.84,0.75,0.35,0.34,0.2,19003.40476,2525.99121,7807.806912,
4258,1.38,0.36,0.225,0.5,0.4,22172.43587,1743.726823,3228.942246,
4259,0.84,0.36,0.6,0.18,0.2,20500.82456,1702.666111,2841.595155,
4260,0.84,0.1,0.475,0.1,0.4,20335.3056,1140.009463,497.6532392,
4261,1.92,0.36,0.1,0.18,0.4,19709.23591,1583.705155,3394.104642,
4262,1.38,0.49,0.475,0.42,0.6,22154.85961,2281.636421,5854.827032,
4263,0.84,0.75,0.225,0.5,0.4,19291.41859,2704.690682,8775.075107,
4264,0.3,0.75,0.6,0.5,0.2,20397.39019,2680.351568,7808.584331,
4265,2.46,0.36,0.1,0.42,0.2,23053.32558,1511.74698,2993.942804,
4266,0.3,0.23,0.225,0.1,0.2,16736.16681,1292.040549,1463.335297,
4267,3,0.62,0.225,0.42,0.2,23667.49092,2040.867932,6216.10839,
4268,1.92,0.1,0.1,0.1,0.6,20492.28839,1004.094815,602.0938391,
4269,0.3,0.36,0.1,0.42,0.8,17747.63257,2027.966491,4008.299251,
4270,2.46,0.75,0.1,0.1,0.6,18007.66034,2666.894187,9733.971976,
4271,1.38,0.75,0.35,0.34,0.8,19454.4685,3010.512422,10706.21581,
4272,1.38,0.62,0.35,0.1,0.4,18241.48224,2359.766939,6999.354063,
4273,3,0.49,0.1,0.42,0.4,23173.59603,1894.759863,5028.472727,
4274,1.38,0.62,0.475,0.5,0.2,22709.97854,2263.951833,6219.249295,
4275,0.84,0.23,0.35,0.26,0.4,20312.51384,1449.408214,1673.021498,
4276,3,0.23,0.35,0.1,0.6,23142.34911,1410.027319,2007.567767,
4277,0.3,0.1,0.6,0.1,0.2,19630.69904,1165.762877,430.7632897,
4278,3,0.49,0.1,0.18,0.2,21334.55079,1675.766538,4451.968231,
4279,3,0.75,0.225,0.34,0.4,22217.22108,2488.274264,8767.269282,
4280,1.38,0.23,0.6,0.5,0.6,24811.62002,1662.764522,1882.258407,
4281,0.84,0.1,0.225,0.5,0.8,22261.12232,1255.359261,631.2559117,
4282,0.3,0.36,0.225,0.34,0.2,18386.55964,1665.613066,2842.027765,
4283,1.38,0.49,0.6,0.18,0.8,20578.70197,2410.954056,6450.88629,
4284,0.3,0.75,0.6,0.26,0.2,18373.93178,2664.243902,7808.584331,
4285,2.46,0.49,0.475,0.5,0.6,24900.80489,2219.713455,5607.957088,
4286,1.38,0.1,0.6,0.1,0.4,22306.8281,1175.816028,497.8088828,
4287,3,0.1,0.225,0.26,0.2,24932.60301,1064.413572,463.1467429,
4288,1.92,0.49,0.1,0.42,0.2,21428.76497,1798.69014,4453.853084,
4289,2.46,0.23,0.475,0.1,0.4,23015.11327,1391.847673,1790.789256,
4290,2.46,0.23,0.475,0.34,0.2,25269.73106,1400.882445,1572.880462,
4291,2.46,0.36,0.35,0.26,0.2,23241.48289,1559.849475,2993.942804,
4292,3,0.36,0.35,0.18,0.8,22994.60212,1838.981355,4187.820619,
4293,1.92,0.1,0.475,0.42,0.4,25580.16516,1240.134914,532.588153,
4294,1.38,0.75,0.6,0.5,0.6,22384.03519,2924.231891,9739.796535,
4295,1.38,0.62,0.6,0.34,0.2,22072.46169,2276.928404,6219.249295,
4296,1.92,0.36,0.475,0.18,0.4,22004.37717,1724.421657,3394.104642,
4297,0.3,0.75,0.475,0.18,0.2,16952.53897,2626.299761,7808.584331,
4298,2.46,0.23,0.225,0.42,0.4,24358.82247,1407.714355,1790.789256,
4299,0.3,0.1,0.1,0.18,0.2,17412.17481,1001.647601,430.7632897,
4300,0.84,0.62,0.35,0.5,0.4,20546.64321,2469.059008,7001.076551,
4301,1.38,0.49,0.6,0.34,0.4,22364.62821,2158.394662,5258.767774,
4302,2.46,0.62,0.1,0.1,0.6,18546.49655,2346.774587,7773.491255,
4303,1.92,0.1,0.225,0.1,0.4,21357.69476,1030.38161,532.588153,
4304,1.38,0.62,0.225,0.5,0.2,21248.20841,2178.877144,6219.249295,
4305,2.46,0.75,0.6,0.34,0.4,23427.33312,2638.548675,8769.494223,
4306,0.84,0.36,0.35,0.26,0.4,19654.49263,1771.520018,3229.919707,
4307,0.3,0.23,0.6,0.26,0.8,20065.60661,1752.490333,2093.37697,
4308,3,0.1,0.225,0.18,0.2,24234.26016,1034.646,463.1467429,
4309,1.38,0.1,0.1,0.1,0.4,19359.47663,983.1140663,497.8088828,
4310,1.92,0.49,0.35,0.18,0.8,20293.94505,2282.121633,6189.021128,
4311,0.3,0.23,0.1,0.26,0.2,17442.54178,1293.328787,1463.335297,
4312,2.46,0.49,0.1,0.34,0.8,21170.67205,2180.417632,6185.454872,
4313,0.3,0.75,0.475,0.1,0.8,15463.13707,3173.060767,10712.72117,
4314,0.84,0.36,0.225,0.5,0.8,20615.89982,2023.064951,4006.568812,
4315,0.84,0.36,0.225,0.34,0.4,19596.99352,1745.704847,3229.919707,
4316,0.3,0.36,0.6,0.34,0.6,20214.25311,2070.962581,3619.542089,
4317,1.38,0.1,0.1,0.26,0.8,20742.19637,1099.373869,631.567199,
4318,1.38,0.75,0.6,0.5,0.8,22163.27281,3070.863392,10706.21581,
4319,0.3,0.62,0.225,0.34,0.8,16655.33382,2812.082272,8566.144897,
4320,3,0.62,0.1,0.1,0.8,19314.19342,2450.110348,8546.999977,
