Version,window_u,shgc,roof_u,extWall_u,transmittance,total_idealHeating,total_idealCooling,total_solarRad
baseline,2.42,0.27,0.31,0.33,,85938.697968,20173.346493,30969.921732
v1,0.78,0.7,0.2,0.7,0.4,78185.30093,23485.27799,76018.68246
v2,2.22,0.22,0.4,0.46,0.8,106103.3015,18277.50776,21394.96737
v3,0.3,0.34,0.1,0.46,0.2,79751.382,20142.25212,23717.88606
v4,1.26,0.22,0.4,0.1,0.6,91826.19093,18743.3235,17686.57546
v5,0.78,0.7,0.5,0.58,0.2,82543.11301,22782.46462,64667.69467
v6,1.74,0.34,0.2,0.58,0.2,98658.74215,18668.06616,25168.39412
v7,2.7,0.1,0.1,0.22,0.4,109021.6606,13918.18657,5208.978514
v8,1.26,0.7,0.4,0.22,0.8,76666.4576,24123.1861,98668.95962
v9,0.3,0.7,0.1,0.34,0.4,66216.90339,24112.6111,76042.53168
v10,1.26,0.58,0.1,0.46,0.2,83557.14505,21743.55781,51663.95991
v11,2.7,0.7,0.1,0.46,0.6,90414.29294,22863.10417,87193.64966
v12,2.7,0.58,0.6,0.46,0.6,100794.4327,21856.14428,69972.57456
v13,0.3,0.58,0.1,0.58,0.2,74379.04418,22624.58027,51687.45538
v14,2.22,0.1,0.2,0.46,0.4,109610.4236,14482.12343,5207.994614
v15,1.74,0.7,0.5,0.1,0.8,80791.46864,23848.89345,98612.92166
v16,1.26,0.58,0.3,0.34,0.8,80628.38849,23417.88432,79323.96246
v17,2.7,0.34,0.6,0.58,0.6,110382.8615,19435.20641,34798.20303
v18,2.7,0.22,0.2,0.34,0.4,107242.315,16836.3713,16017.59584
v19,2.7,0.7,0.6,0.1,0.6,91820.19692,22871.68747,87193.64966
v20,1.26,0.22,0.5,0.34,0.6,96866.20364,18724.00576,17686.57546
v21,1.74,0.7,0.3,0.1,0.4,80836.83397,23087.25949,75964.81427
v22,1.26,0.58,0.1,0.1,0.4,76437.4215,22751.96827,60883.96076
v23,2.22,0.46,0.4,0.34,0.8,95265.17561,21667.64148,57973.01691
v24,2.7,0.1,0.6,0.34,0.8,116881.3857,14938.54255,7085.282183
v25,0.3,0.46,0.4,0.22,0.2,76906.39238,21730.34093,38903.6233
v26,2.7,0.1,0.2,0.1,0.4,108570.1771,13929.48456,5208.978514
v27,2.22,0.58,0.1,0.34,0.4,89510.11717,21797.13689,60828.18092
v28,2.7,0.46,0.6,0.7,0.2,110466.1303,19389.08408,37200.85791
v29,2.7,0.58,0.2,0.22,0.2,95041.0508,20679.23378,51620.16423
v30,0.3,0.34,0.2,0.58,0.4,81756.14264,20932.90825,28435.29299
v31,2.7,0.58,0.2,0.22,0.4,93375.39373,21486.33874,60796.36939
v32,1.74,0.58,0.3,0.46,0.6,88275.89252,22606.46122,70063.94343
v33,0.3,0.34,0.2,0.34,0.8,76380.94571,22201.1839,37870.10687
v34,1.26,0.1,0.6,0.34,0.6,103233.6559,15785.95421,5813.199007
v35,2.22,0.34,0.5,0.7,0.8,105751.8128,20120.2051,39658.84068
v36,0.3,0.46,0.6,0.7,0.6,83632.61878,22660.72207,53151.53992
v37,2.7,0.58,0.4,0.34,0.8,95459.6737,22381.96595,79148.77973
v38,2.7,0.22,0.2,0.58,0.8,109286.2082,17850.35462,21375.87888
v39,1.74,0.22,0.2,0.34,0.4,98402.95039,17556.8789,16035.05358
v40,0.3,0.58,0.3,0.34,0.8,69942.51294,24181.31393,79417.94435
v41,2.7,0.22,0.5,0.1,0.8,106276.8508,17975.58804,21375.87888
v42,0.78,0.22,0.3,0.34,0.6,88865.65908,19192.88308,17694.54463
v43,1.26,0.22,0.3,0.22,0.2,94059.20559,17182.44486,12475.25884
v44,0.3,0.7,0.3,0.46,0.2,72677.82048,23338.0634,64679.61928
v45,0.3,0.34,0.6,0.1,0.8,78122.44769,22238.39506,37870.10687
v46,1.74,0.1,0.3,0.34,0.6,104314.2273,15159.97036,6143.311322
v47,0.78,0.58,0.5,0.34,0.8,78211.18357,23699.36653,79372.95191
v48,0.3,0.34,0.2,0.46,0.8,78128.20133,22125.45252,37870.10687
v49,0.78,0.1,0.2,0.7,0.2,98234.32,15220.13966,3993.71646
v50,2.7,0.7,0.3,0.46,0.8,92097.04487,23146.09223,98485.96391
v51,0.78,0.22,0.6,0.58,0.8,95526.29158,19615.97255,20302.85932
v52,2.7,0.58,0.6,0.34,0.4,100505.4413,21334.13001,60796.36939
v53,2.7,0.22,0.5,0.34,0.6,110401.6014,17601.25758,18696.73736
v54,2.7,0.46,0.1,0.7,0.4,102334.3475,20142.84734,44107.23154
v55,1.74,0.7,0.6,0.58,0.4,91855.21817,22677.83326,75964.81427
v56,1.74,0.22,0.3,0.58,0.4,103139.4816,17625.48315,16035.05358
v57,0.3,0.58,0.3,0.34,0.8,69942.51294,24181.31393,79417.94435
v58,1.26,0.1,0.2,0.1,0.4,94601.68874,14850.17389,4904.055434
v59,0.78,0.22,0.5,0.7,0.8,95814.87721,19575.40244,20302.85932
v60,1.26,0.58,0.4,0.58,0.8,85360.26464,23231.24977,79323.96246
v61,1.74,0.46,0.4,0.58,0.8,94087.90808,21916.79829,58021.13167
v62,0.78,0.1,0.3,0.58,0.6,97284.69983,16161.79158,5809.612806
v63,2.7,0.22,0.2,0.7,0.4,112069.0515,16894.9107,16017.59584
v64,1.26,0.34,0.1,0.7,0.8,90966.963,20918.19402,37820.67863
v65,1.26,0.1,0.4,0.46,0.8,102124.3458,16010.26222,6722.342581
v66,2.7,0.1,0.2,0.34,0.8,111741.6741,14623.30424,7085.282183
v67,0.3,0.58,0.3,0.1,0.2,70271.62791,22836.09266,51687.45538
v68,0.78,0.1,0.2,0.46,0.8,93899.24116,16388.6986,6717.56098
v69,1.74,0.46,0.3,0.34,0.4,91614.53071,21009.36825,44157.80798
v70,1.26,0.58,0.1,0.1,0.6,75031.34072,23302.78275,70103.96161
v71,2.7,0.1,0.4,0.34,0.2,115282.1517,13984.84695,4270.826679
v72,2.7,0.7,0.4,0.7,0.8,96612.26811,22977.45466,98485.96391
v73,0.78,0.22,0.2,0.7,0.4,93165.3561,18454.61124,15086.22993
v74,0.78,0.34,0.2,0.1,0.2,81541.60797,19676.21792,23712.05912
v75,2.7,0.58,0.3,0.7,0.4,101470.9715,21223.46827,60796.36939
v76,2.22,0.7,0.2,0.58,0.6,89375.49055,23036.14098,87243.25331
v77,0.3,0.7,0.6,0.46,0.4,75017.41007,23792.23429,76042.53168
v78,2.7,0.34,0.5,0.1,0.4,103252.8288,18908.26993,29974.56331
v79,2.7,0.46,0.1,0.58,0.2,102250.4812,19355.39865,37200.85791
v80,2.7,0.22,0.2,0.34,0.2,108107.5594,16099.25657,13338.45433
v81,0.3,0.58,0.2,0.22,0.8,66658.26016,24309.36897,79417.94435
v82,2.7,0.34,0.3,0.1,0.6,99508.92139,19559.6879,34798.20303
v83,1.74,0.34,0.5,0.58,0.8,99672.60917,20544.97087,39691.72485
v84,2.22,0.58,0.2,0.7,0.6,94491.89102,22172.23745,70020.29186
v85,0.3,0.46,0.5,0.34,0.2,80076.80527,21641.79202,38903.6233
v86,2.7,0.46,0.5,0.22,0.6,99899.469,20934.03949,51013.60517
v87,0.78,0.34,0.5,0.1,0.6,83462.58575,21216.66561,33135.21911
v88,2.7,0.7,0.1,0.7,0.4,95118.69609,22183.93083,75901.3354
v89,1.74,0.34,0.1,0.46,0.8,92480.29345,20633.55798,39691.72485
v90,1.74,0.46,0.2,0.22,0.4,88362.84469,21085.95582,44157.80798
v91,1.26,0.58,0.6,0.22,0.4,85363.84872,22468.75256,60883.96076
v92,2.7,0.1,0.5,0.7,0.2,121277.0214,14321.15171,4270.826679
v93,0.78,0.7,0.1,0.58,0.8,72409.43722,24369.28652,98720.65804
v94,2.7,0.22,0.2,0.46,0.4,108938.6988,16857.48508,16017.59584
v95,0.3,0.22,0.2,0.46,0.6,83347.96772,19730.76786,17700.96718
v96,2.7,0.22,0.4,0.46,0.2,112489.0714,16269.84122,13338.45433
v97,1.74,0.34,0.5,0.7,0.8,101214.4606,20500.32736,39691.72485
v98,2.7,0.46,0.6,0.1,0.2,101991.3271,19554.4256,37200.85791
v99,0.3,0.1,0.1,0.7,0.4,90460.40959,16097.43393,4898.997613
v100,0.3,0.22,0.4,0.34,0.4,85268.8319,19165.12416,15090.51163
v101,1.74,0.34,0.2,0.22,0.4,92310.63787,19602.29121,30009.50436
v102,1.74,0.34,0.3,0.1,0.6,90714.39747,20325.69581,34850.61461
v103,0.3,0.34,0.4,0.1,0.2,78637.65878,20336.15846,23717.88606
v104,1.26,0.7,0.5,0.34,0.2,84308.70564,22528.26568,64654.77007
v105,0.78,0.58,0.5,0.58,0.4,84105.25204,22695.62557,60908.45549
v106,2.7,0.58,0.4,0.58,0.4,101279.4247,21255.33143,60796.36939
v107,2.7,0.22,0.4,0.34,0.8,108683.3877,17927.8921,21375.87888
v108,0.78,0.22,0.3,0.46,0.6,90593.14203,19164.66032,17694.54463
v109,0.3,0.7,0.4,0.1,0.6,65516.91558,24528.95327,87405.44408
v110,0.78,0.46,0.6,0.34,0.8,83280.15282,22810.98963,60239.18702
v111,1.74,0.34,0.6,0.34,0.6,98379.78422,20216.69076,34850.61461
v112,0.3,0.1,0.5,0.22,0.2,89796.16632,15646.27917,3992.38295
v113,2.7,0.7,0.6,0.46,0.2,100544.6542,21429.91241,64609.02114
v114,2.22,0.22,0.4,0.46,0.8,106103.3015,18277.50776,21394.96737
v115,0.3,0.7,0.4,0.58,0.2,75708.64305,23228.71033,64679.61928
v116,2.22,0.34,0.2,0.22,0.8,95010.42241,20309.68352,39658.84068
v117,2.7,0.22,0.4,0.34,0.8,108683.3877,17927.8921,21375.87888
v118,2.7,0.1,0.2,0.34,0.6,111884.4002,14419.87967,6147.130349
v119,0.78,0.1,0.4,0.7,0.8,99849.93397,16625.7346,6717.56098
v120,0.78,0.22,0.4,0.34,0.8,89589.67649,19669.50006,20302.85932
v121,2.7,0.1,0.5,0.58,0.2,119778.8098,14242.91328,4270.826679
v122,0.78,0.1,0.4,0.34,0.6,95301.59332,16136.24066,5809.612806
v123,0.78,0.22,0.1,0.58,0.6,89299.92485,19084.67442,17694.54463
v124,2.7,0.22,0.6,0.34,0.6,111622.1106,17632.35749,18696.73736
v125,2.7,0.58,0.4,0.46,0.4,99663.28332,21311.42984,60796.36939
v126,2.22,0.1,0.3,0.7,0.8,113567.4786,15236.7316,7083.314384
v127,0.3,0.58,0.3,0.34,0.2,74029.49228,22680.10719,51687.45538
v128,2.7,0.1,0.2,0.22,0.2,110840.4169,13672.92328,4270.826679
v129,0.78,0.22,0.2,0.46,0.6,89156.95873,19139.8183,17694.54463
v130,2.7,0.1,0.6,0.34,0.4,117359.7961,14480.68224,5208.978514
v131,1.26,0.34,0.3,0.34,0.8,88959.53996,21058.39727,37820.67863
v132,0.3,0.34,0.1,0.7,0.2,82973.09544,20065.66567,23717.88606
v133,0.78,0.1,0.1,0.1,0.4,87660.58438,15162.85785,4901.664633
v134,2.22,0.22,0.3,0.22,0.8,101254.661,18278.61446,21394.96737
v135,2.22,0.1,0.2,0.46,0.6,109257.8292,14791.90209,6145.654499
v136,2.7,0.7,0.2,0.46,0.8,90682.75132,23190.78404,98485.96391
v137,0.78,0.58,0.1,0.1,0.4,71242.56257,23183.13903,60908.45549
v138,0.78,0.1,0.6,0.22,0.4,96458.07697,15768.67173,4901.664633
v139,1.26,0.1,0.2,0.46,0.8,99374.39348,15843.21788,6722.342581
v140,2.7,0.58,0.4,0.58,0.6,99871.93545,21848.7187,69972.57456
v141,2.22,0.34,0.2,0.22,0.4,96867.79131,19186.14393,29993.06228
v142,1.26,0.22,0.3,0.34,0.2,95867.94055,17204.1557,12475.25884
v143,2.22,0.7,0.6,0.22,0.2,92931.34523,21863.10126,64625.55569
v144,0.78,0.34,0.5,0.58,0.8,89709.55896,21415.06853,37846.79911
v145,0.3,0.7,0.6,0.22,0.6,70074.55365,24360.42082,87405.44408
v146,0.3,0.7,0.3,0.1,0.8,62926.5057,24888.31893,98768.35648
v147,2.22,0.58,0.2,0.1,0.4,87261.65537,21913.01132,60828.18092
v148,1.26,0.1,0.5,0.46,0.2,104471.026,14965.72495,3994.91186
v149,2.22,0.34,0.3,0.34,0.8,98241.83981,20253.88663,39658.84068
v150,0.3,0.1,0.1,0.22,0.6,83237.09376,16385.39125,5805.612276
v151,1.74,0.34,0.1,0.46,0.4,94363.91375,19512.02054,30009.50436
v152,1.26,0.7,0.5,0.46,0.6,82745.57382,23582.99617,87330.89644
v153,2.7,0.34,0.6,0.7,0.4,112976.974,18799.05639,29974.56331
v154,0.78,0.58,0.1,0.7,0.6,78585.9969,23313.03238,70140.7037
v155,2.22,0.1,0.4,0.46,0.4,112298.4444,14670.48678,5207.994614
v156,1.26,0.7,0.2,0.1,0.8,71913.95884,24295.64474,98668.95962
v157,2.7,0.34,0.1,0.1,0.6,96621.43396,19539.42711,34798.20303
v158,2.7,0.1,0.3,0.34,0.8,113108.881,14715.77394,7085.282183
v159,2.22,0.34,0.3,0.58,0.4,103413.372,19116.44143,29993.06228
v160,2.22,0.46,0.5,0.58,0.6,100837.7244,21100.89659,51053.38375
v161,2.7,0.58,0.6,0.58,0.8,101325.788,22185.92379,79148.77973
v162,2.22,0.34,0.6,0.1,0.6,99184.23627,19926.63223,34825.95148
v163,0.78,0.7,0.1,0.22,0.8,67257.1909,24583.16802,98720.65804
v164,0.3,0.7,0.5,0.1,0.2,70008.33079,23466.47907,64679.61928
v165,2.7,0.1,0.6,0.7,0.8,121630.9222,15122.9502,7085.282183
v166,2.22,0.46,0.6,0.1,0.6,95055.16147,21332.26636,51053.38375
v167,0.3,0.34,0.5,0.7,0.8,85528.89321,21899.72903,37870.10687
v168,0.78,0.1,0.5,0.7,0.2,102279.561,15497.02055,3993.71646
v169,0.3,0.58,0.1,0.46,0.8,68664.07024,24208.07834,79417.94435
v170,1.26,0.46,0.3,0.22,0.4,84964.6739,21507.70105,45989.50283
v171,0.3,0.46,0.3,0.46,0.6,76413.9447,22914.26125,53151.53992
v172,0.3,0.22,0.3,0.58,0.4,87255.69447,19089.97008,15090.51163
v173,2.7,0.1,0.3,0.34,0.4,113593.9316,14239.30027,5208.978514
v174,1.74,0.58,0.4,0.1,0.8,83064.63463,23181.07024,79270.60488
v175,2.7,0.58,0.5,0.22,0.2,99116.915,20655.76286,51620.16423
v176,0.78,0.58,0.1,0.46,0.2,78358.539,22206.02536,51676.20727
v177,1.26,0.22,0.5,0.1,0.8,92543.28898,19209.18057,20292.23376
v178,0.3,0.34,0.4,0.34,0.2,82406.44409,20232.49087,23717.88606
v179,2.7,0.1,0.6,0.22,0.2,115981.0159,14049.38564,4270.826679
v180,1.74,0.1,0.1,0.22,0.2,100434.6499,14030.2624,4269.55367
v181,1.26,0.22,0.5,0.34,0.8,96273.95819,19145.99702,20292.23376
v182,2.7,0.1,0.2,0.46,0.2,114292.9516,13882.20297,4270.826679
v183,1.74,0.34,0.6,0.7,0.4,104308.2295,19508.12903,30009.50436
v184,2.7,0.1,0.4,0.34,0.6,114559.2925,14602.87014,6147.130349
v185,2.7,0.58,0.6,0.22,0.8,96211.24575,22384.98421,79148.77973
v186,0.78,0.58,0.1,0.34,0.6,73642.74016,23525.59984,70140.7037
v187,1.74,0.58,0.5,0.1,0.4,86939.54082,22193.39856,60857.28197
v188,2.7,0.46,0.6,0.22,0.6,101145.579,20920.79871,51013.60517
v189,1.74,0.46,0.2,0.7,0.6,93827.9188,21480.0969,51089.46982
v190,1.74,0.46,0.5,0.22,0.2,93937.15009,20262.3194,37226.14613
v191,2.7,0.7,0.5,0.7,0.8,97905.24779,22938.06983,98485.96391
v192,2.7,0.46,0.3,0.7,0.2,106633.0171,19359.47313,37200.85791
v193,1.74,0.7,0.6,0.58,0.4,91855.21817,22677.83326,75964.81427
v194,1.74,0.34,0.6,0.46,0.2,102341.8738,18788.52175,25168.39412
v195,0.3,0.34,0.1,0.7,0.2,82973.09544,20065.66567,23717.88606
v196,0.78,0.1,0.2,0.58,0.8,95533.9241,16435.36968,6717.56098
v197,2.7,0.7,0.5,0.58,0.8,96369.16287,22998.48536,98485.96391
v198,0.78,0.7,0.1,0.22,0.4,69912.73371,23820.14629,76018.68246
v199,2.7,0.46,0.3,0.46,0.2,103493.7061,19417.30916,37200.85791
v200,2.22,0.58,0.6,0.7,0.2,102821.9481,20778.92675,51636.06999
v201,1.74,0.22,0.1,0.46,0.8,97275.44309,18604.74497,21410.79434
v202,2.7,0.34,0.5,0.34,0.2,108133.7537,18045.69112,25150.9236
v203,2.7,0.46,0.6,0.7,0.4,109033.1946,20132.32288,44107.23154
v204,0.3,0.46,0.2,0.58,0.6,76594.25562,22886.87513,53151.53992
v205,1.26,0.58,0.6,0.7,0.8,89486.589,23085.70548,79323.96246
v206,0.3,0.46,0.2,0.58,0.6,76594.25562,22886.87513,53151.53992
v207,2.7,0.58,0.6,0.7,0.8,102858.1175,22128.1596,79148.77973
v208,0.78,0.22,0.2,0.7,0.4,93165.3561,18454.61124,15086.22993
v209,0.78,0.7,0.6,0.22,0.2,78711.27293,22950.66057,64667.69467
v210,2.22,0.22,0.5,0.7,0.4,111809.4169,17348.92856,16027.14009
v211,0.3,0.58,0.1,0.7,0.6,73011.85852,23716.15954,70174.44803
v212,2.7,0.46,0.5,0.58,0.2,107719.2939,19408.53327,37200.85791
v213,0.78,0.46,0.4,0.34,0.6,81710.9486,22474.1459,53124.30651
v214,2.7,0.34,0.2,0.7,0.2,108968.4217,17930.41377,25150.9236
v215,2.7,0.46,0.4,0.1,0.6,96690.36621,21012.15707,51013.60517
v216,2.22,0.58,0.2,0.58,0.2,95982.80628,20868.48819,51636.06999
v217,1.74,0.7,0.3,0.34,0.8,81805.64199,23782.45343,98612.92166
v218,0.78,0.7,0.5,0.34,0.2,79221.50059,22916.25031,64667.69467
v219,1.74,0.58,0.3,0.22,0.2,87786.22801,21405.21333,51650.62052
v220,2.7,0.46,0.2,0.58,0.2,103709.8021,19371.90056,37200.85791
v221,2.7,0.34,0.4,0.7,0.6,109410.8699,19393.14553,34798.20303
v222,1.26,0.22,0.6,0.58,0.8,100859.806,19105.75427,20292.23376
v223,2.22,0.46,0.3,0.7,0.8,98796.65877,21509.35317,57973.01691
v224,1.26,0.46,0.1,0.58,0.4,87209.35676,21355.24547,45989.50283
v225,0.3,0.46,0.4,0.1,0.8,71260.6212,23520.16627,60275.49823
v226,1.74,0.58,0.5,0.34,0.8,88117.86129,22983.46043,79270.60488
v227,0.3,0.22,0.1,0.7,0.2,86721.7122,18178.0274,12480.05608
v228,0.78,0.22,0.4,0.46,0.2,93627.95834,17768.5517,12477.91523
v229,0.78,0.34,0.4,0.22,0.2,86324.72233,19680.21561,23712.05912
v230,0.78,0.22,0.1,0.1,0.8,81454.70355,19708.99227,20302.85932
v231,0.78,0.22,0.2,0.34,0.8,86767.0184,19642.60528,20302.85932
v232,0.3,0.34,0.5,0.7,0.4,87491.11144,20858.91819,28435.29299
v233,1.74,0.1,0.3,0.46,0.6,106012.4016,15230.51442,6143.311322
v234,1.74,0.34,0.6,0.1,0.6,94665.86971,20320.30713,34850.61461
v235,0.78,0.7,0.6,0.58,0.2,83822.69665,22746.15598,64667.69467
v236,1.26,0.22,0.1,0.46,0.2,94684.17687,17085.35091,12475.25884
v237,2.7,0.22,0.4,0.7,0.2,115594.4813,16333.02891,13338.45433
v238,2.7,0.7,0.2,0.1,0.8,85232.01692,23409.61857,98485.96391
v239,0.78,0.34,0.5,0.34,0.4,88292.34732,20460.53489,28423.63911
v240,2.7,0.22,0.1,0.1,0.4,102091.0878,16716.93323,16017.59584
v241,0.3,0.7,0.5,0.58,0.8,72660.98647,24514.30571,98768.35648
v242,1.74,0.7,0.1,0.34,0.2,83392.26419,22300.58413,64640.76058
v243,2.22,0.1,0.4,0.58,0.8,113361.5293,15254.44866,7083.314384
v244,1.26,0.58,0.1,0.7,0.6,83746.6502,22928.68305,70103.96161
v245,2.22,0.46,0.5,0.46,0.2,101927.8927,19786.70681,37214.11744
v246,0.3,0.58,0.5,0.22,0.8,70888.42046,24166.34112,79417.94435
v247,2.22,0.22,0.1,0.58,0.6,104032.9561,17775.68515,18711.05373
v248,0.78,0.46,0.2,0.22,0.2,79704.36097,21212.37359,38894.5455
v249,0.78,0.1,0.6,0.34,0.2,98679.96505,15344.43633,3993.71646
v250,0.3,0.58,0.6,0.22,0.8,72183.13847,24122.95515,79417.94435
v251,0.3,0.58,0.5,0.34,0.6,73852.64072,23729.53345,70174.44803
v252,0.78,0.22,0.6,0.46,0.4,95350.9327,18611.39287,15086.22993
v253,0.3,0.1,0.4,0.22,0.8,87203.9543,17137.08385,6712.226939
v254,1.26,0.58,0.3,0.34,0.6,81775.42112,23040.12795,70103.96161
v255,1.74,0.7,0.5,0.22,0.2,87243.75021,22229.92838,64640.76058
v256,2.7,0.7,0.1,0.22,0.6,86874.09679,23010.47266,87193.64966
v257,2.7,0.58,0.3,0.7,0.4,101470.9715,21223.46827,60796.36939
v258,2.22,0.1,0.2,0.1,0.8,103686.3768,14782.98305,7083.314384
v259,1.74,0.34,0.5,0.58,0.6,100457.439,20130.24035,34850.61461
v260,1.26,0.1,0.3,0.46,0.8,100779.3971,15931.04673,6722.342581
v261,2.7,0.34,0.4,0.1,0.2,103177.3829,18026.88055,25150.9236
v262,2.22,0.58,0.4,0.46,0.8,92987.22405,22624.10344,79212.40279
v263,2.7,0.58,0.6,0.7,0.8,102858.1175,22128.1596,79148.77973
v264,1.74,0.34,0.4,0.58,0.2,101415.9435,18727.41845,25168.39412
v265,1.74,0.1,0.1,0.22,0.8,99415.33,15154.07053,7080.190147
v266,2.7,0.7,0.6,0.7,0.4,101887.108,22019.75597,75901.3354
v267,1.74,0.7,0.3,0.7,0.6,87929.12086,23227.42986,87288.86797
v268,2.22,0.1,0.4,0.46,0.8,111764.5673,15192.21085,7083.314384
v269,1.26,0.58,0.6,0.1,0.2,85069.18937,21826.5276,51663.95991
v270,0.3,0.7,0.2,0.7,0.4,72675.18425,23858.11067,76042.53168
v271,1.26,0.22,0.5,0.46,0.6,98576.33831,18702.54975,17686.57546
v272,0.3,0.22,0.5,0.7,0.6,90715.57732,19701.55602,17700.96718
v273,1.74,0.46,0.6,0.46,0.4,97261.17615,20915.05512,44157.80798
v274,1.26,0.58,0.2,0.1,0.8,75424.32161,23627.15452,79323.96246
v275,1.74,0.34,0.6,0.1,0.8,93872.51813,20758.66009,39691.72485
v276,1.26,0.58,0.3,0.46,0.6,83498.986,22968.10619,70103.96161
v277,2.7,0.34,0.5,0.58,0.8,108450.9378,19815.15575,39621.84275
v278,2.22,0.1,0.2,0.1,0.8,103686.3768,14782.98305,7083.314384
v279,2.7,0.58,0.5,0.34,0.8,96760.59408,22346.14115,79148.77973
v280,2.7,0.34,0.6,0.7,0.8,111206.151,19780.92384,39621.84275
v281,1.74,0.34,0.4,0.58,0.6,99159.41103,20131.73938,34850.61461
v282,1.26,0.7,0.2,0.7,0.8,80532.39819,23935.69289,98668.95962
v283,2.22,0.22,0.2,0.1,0.6,98436.51808,17831.21728,18711.05373
v284,1.74,0.58,0.6,0.34,0.2,93547.25312,21290.8697,51650.62052
v285,0.78,0.7,0.1,0.34,0.2,73474.49869,23092.9879,64667.69467
v286,0.78,0.1,0.1,0.1,0.8,86904.04279,16113.80651,6717.56098
v287,2.7,0.46,0.6,0.46,0.6,104639.5438,20809.31003,51013.60517
v288,1.26,0.7,0.5,0.22,0.8,77996.88429,24078.43926,98668.95962
v289,0.78,0.1,0.2,0.7,0.8,97085.48746,16476.48501,6717.56098
v290,2.22,0.1,0.5,0.7,0.2,117035.3532,14552.15743,4270.33473
v291,1.74,0.7,0.5,0.58,0.4,90593.22336,22713.62311,75964.81427
v292,0.78,0.1,0.2,0.22,0.2,91527.05364,14846.43646,3993.71646
v293,0.78,0.34,0.2,0.58,0.2,88677.56636,19535.2607,23712.05912
v294,0.3,0.34,0.1,0.22,0.8,72984.72787,22316.30809,37870.10687
v295,0.78,0.46,0.3,0.34,0.6,80316.33801,22511.57327,53124.30651
v296,2.7,0.7,0.4,0.46,0.6,94668.83037,22729.19433,87193.64966
v297,1.74,0.22,0.5,0.1,0.4,98753.4228,17687.39829,16035.05358
v298,0.3,0.7,0.3,0.46,0.6,69527.39915,24350.79818,87405.44408
v299,0.3,0.1,0.3,0.58,0.8,91024.11764,17153.31742,6712.226939
v300,0.78,0.22,0.4,0.22,0.4,89239.42054,18577.77791,15086.22993
v301,0.3,0.7,0.4,0.34,0.8,68021.13083,24693.56014,98768.35648
v302,2.7,0.22,0.4,0.22,0.8,106892.2572,17936.06292,21375.87888
v303,0.3,0.1,0.2,0.46,0.8,87942.03289,17044.49922,6712.226939
v304,2.22,0.34,0.4,0.34,0.2,102630.5615,18363.2353,25160.17308
v305,2.7,0.7,0.4,0.58,0.8,95072.89859,23038.41202,98485.96391
v306,1.74,0.58,0.5,0.46,0.2,93987.66517,21248.3531,51650.62052
v307,1.74,0.7,0.4,0.1,0.8,79464.35497,23892.59168,98612.92166
v308,1.26,0.7,0.5,0.58,0.8,83118.44552,23861.74898,98668.95962
v309,2.22,0.46,0.6,0.22,0.8,96018.54338,21687.20707,57973.01691
v310,2.7,0.7,0.1,0.7,0.8,92385.09123,23110.86146,98485.96391
v311,1.26,0.7,0.2,0.58,0.8,78986.20961,23999.78388,98668.95962
v312,2.7,0.46,0.6,0.22,0.8,100229.309,21338.11501,57919.9788
v313,2.22,0.58,0.4,0.58,0.8,94613.23906,22558.97326,79212.40279
v314,2.7,0.58,0.5,0.7,0.8,101618.8368,22158.19346,79148.77973
v315,1.74,0.46,0.2,0.22,0.8,86109.41212,22192.66593,58021.13167
v316,2.7,0.34,0.1,0.22,0.6,98544.0677,19499.19946,34798.20303
v317,2.7,0.34,0.3,0.22,0.6,101419.8213,19518.65033,34798.20303
v318,1.26,0.7,0.5,0.7,0.2,89162.6575,22339.26205,64654.77007
v319,1.26,0.46,0.3,0.1,0.6,81763.44735,22212.60807,53094.42174
v320,0.78,0.1,0.2,0.58,0.8,95533.9241,16435.36968,6717.56098
v321,1.26,0.1,0.1,0.34,0.2,97270.63795,14440.55955,3994.91186
v322,2.7,0.34,0.6,0.58,0.6,110382.8615,19435.20641,34798.20303
v323,0.3,0.1,0.3,0.1,0.2,85149.55595,15332.36929,3992.38295
v324,0.78,0.7,0.4,0.7,0.2,82749.69427,22760.4463,64667.69467
v325,2.7,0.1,0.4,0.1,0.4,111261.7427,14137.48279,5208.978514
v326,2.22,0.34,0.5,0.58,0.6,104959.2068,19759.99615,34825.95148
v327,1.26,0.22,0.2,0.1,0.8,88409.81894,19146.91973,20292.23376
v328,2.22,0.22,0.2,0.22,0.8,99849.22739,18244.19215,21394.96737
v329,2.7,0.46,0.4,0.7,0.8,104354.6069,21147.6034,57919.9788
v330,0.78,0.46,0.5,0.22,0.4,82478.21045,21936.42465,46009.42601
v331,1.26,0.58,0.1,0.34,0.6,78807.74537,23139.17352,70103.96161
v332,1.26,0.46,0.6,0.58,0.6,92842.39274,21836.06248,53094.42174
v333,0.3,0.1,0.3,0.46,0.2,90637.93801,15625.58549,3992.38295
v334,0.78,0.1,0.6,0.1,0.4,94550.24493,15691.85674,4901.664633
v335,0.3,0.58,0.6,0.1,0.4,72775.42824,23382.05782,60930.95171
v336,1.74,0.46,0.6,0.1,0.2,93295.86203,20316.10994,37226.14613
v337,2.7,0.58,0.2,0.1,0.2,93129.51499,20737.68731,51620.16423
v338,2.22,0.58,0.3,0.7,0.8,94803.02293,22535.19701,79212.40279
v339,2.22,0.7,0.2,0.1,0.4,83823.8401,22802.75131,75934.4045
v340,0.3,0.58,0.3,0.7,0.4,77365.95083,23145.95185,60930.95171
v341,2.22,0.7,0.5,0.7,0.2,98302.46295,21652.71298,64625.55569
v342,2.22,0.7,0.3,0.7,0.4,93867.74156,22412.68047,75934.4045
v343,2.7,0.22,0.5,0.34,0.8,109957.3272,17956.35099,21375.87888
v344,1.74,0.22,0.6,0.34,0.6,102878.4065,18353.29642,18722.92396
v345,0.78,0.22,0.4,0.7,0.8,94505.45577,19564.29629,20302.85932
v346,0.78,0.7,0.4,0.1,0.4,72414.86934,23744.10608,76018.68246
v347,0.78,0.46,0.3,0.58,0.4,84933.41878,21777.97693,46009.42601
v348,2.7,0.58,0.1,0.22,0.8,89384.36227,22576.48733,79148.77973
v349,1.74,0.1,0.4,0.1,0.4,102328.1891,14715.18872,5206.432496
v350,2.22,0.34,0.3,0.58,0.4,103413.372,19116.44143,29993.06228
v351,2.7,0.58,0.4,0.58,0.4,101279.4247,21255.33143,60796.36939
v352,2.22,0.58,0.2,0.22,0.2,90839.4988,21034.784,51636.06999
v353,0.78,0.7,0.2,0.22,0.6,69983.16099,24202.58068,87369.67025
v354,1.26,0.58,0.4,0.34,0.6,83162.25014,22996.30591,70103.96161
v355,2.7,0.58,0.3,0.7,0.2,103105.94,20477.16713,51620.16423
v356,2.22,0.7,0.2,0.46,0.2,91065.70565,21841.8171,64625.55569
v357,2.7,0.46,0.4,0.34,0.8,99487.77661,21315.52757,57919.9788
v358,1.26,0.46,0.5,0.1,0.6,84490.39785,22147.85158,53094.42174
v359,0.78,0.46,0.6,0.34,0.2,86992.49538,21105.65307,38894.5455
v360,2.22,0.7,0.1,0.34,0.4,86062.41575,22695.62615,75934.4045
v361,1.26,0.1,0.4,0.58,0.8,103739.7794,16060.61064,6722.342581
v362,1.74,0.1,0.3,0.7,0.4,109505.3997,15034.88127,5206.432496
v363,1.26,0.7,0.2,0.34,0.8,75641.10672,24140.72243,98668.95962
v364,1.26,0.7,0.2,0.58,0.4,81735.11191,23184.87588,75992.83325
v365,1.74,0.46,0.4,0.1,0.2,90711.89159,20313.45037,37226.14613
v366,2.7,0.58,0.4,0.22,0.8,93653.55895,22455.22827,79148.77973
v367,0.78,0.22,0.1,0.34,0.8,85255.42058,19624.54374,20302.85932
v368,1.74,0.7,0.2,0.34,0.2,84901.25371,22260.57161,64640.76058
v369,0.3,0.34,0.5,0.34,0.4,82573.36307,21027.335,28435.29299
v370,0.78,0.58,0.4,0.58,0.8,80219.93129,23599.54782,79372.95191
v371,1.26,0.22,0.6,0.1,0.4,95224.49081,18124.74752,15080.91715
v372,0.3,0.46,0.4,0.34,0.8,75019.41063,23349.03982,60275.49823
v373,2.7,0.22,0.5,0.1,0.2,108422.9531,16216.13455,13338.45433
v374,1.74,0.1,0.2,0.58,0.6,106236.6813,15206.82659,6143.311322
v375,0.3,0.34,0.2,0.7,0.8,81354.64464,21986.64639,37870.10687
v376,2.7,0.34,0.4,0.1,0.2,103177.3829,18026.88055,25150.9236
v377,0.78,0.34,0.2,0.58,0.8,85566.18907,21479.48884,37846.79911
v378,2.7,0.1,0.4,0.46,0.2,116952.2317,14077.19602,4270.826679
v379,2.7,0.22,0.3,0.34,0.2,109486.8504,16171.56995,13338.45433
v380,2.22,0.1,0.3,0.22,0.2,107905.4967,14010.10778,4270.33473
v381,2.22,0.7,0.4,0.22,0.4,88556.70874,22637.79135,75934.4045
v382,2.22,0.22,0.1,0.46,0.4,103233.0216,17123.06808,16027.14009
v383,0.78,0.7,0.2,0.7,0.4,78185.30093,23485.27799,76018.68246
v384,2.7,0.58,0.1,0.1,0.8,87452.05334,22656.1532,79148.77973
v385,1.74,0.7,0.6,0.1,0.8,82065.72374,23807.80943,98612.92166
v386,0.78,0.1,0.6,0.1,0.8,93809.80969,16546.83765,6717.56098
v387,2.7,0.46,0.5,0.58,0.2,107719.2939,19408.53327,37200.85791
v388,2.7,0.58,0.2,0.46,0.8,94405.44672,22389.58681,79148.77973
v389,2.7,0.34,0.5,0.7,0.8,109981.9352,19780.85518,39621.84275
v390,2.22,0.1,0.6,0.58,0.6,116011.7591,15173.21192,6145.654499
v391,0.78,0.34,0.5,0.22,0.8,84523.73592,21619.64463,37846.79911
v392,0.3,0.1,0.5,0.58,0.4,94512.90811,16406.14538,4898.997613
v393,1.74,0.34,0.6,0.58,0.6,101703.1677,20129.14835,34850.61461
v394,0.78,0.58,0.6,0.34,0.8,79493.07638,23656.53305,79372.95191
v395,0.78,0.7,0.4,0.7,0.8,78283.92719,24164.49033,98720.65804
v396,0.78,0.7,0.3,0.7,0.4,79636.75678,23434.92218,76018.68246
v397,0.3,0.22,0.5,0.22,0.6,83963.31326,19863.08813,17700.96718
v398,2.22,0.58,0.3,0.22,0.6,89201.06875,22408.36791,70020.29186
v399,2.7,0.34,0.4,0.34,0.4,105654.7605,18832.88282,29974.56331
v400,2.7,0.46,0.6,0.1,0.8,98326.18,21407.61507,57919.9788
v401,0.3,0.46,0.2,0.34,0.2,75850.50911,21699.78423,38903.6233
v402,1.26,0.58,0.5,0.1,0.6,80758.54554,23113.27433,70103.96161
v403,0.78,0.7,0.5,0.1,0.8,71069.78143,24474.07393,98720.65804
v404,0.78,0.34,0.5,0.1,0.2,85731.87487,19740.86747,23712.05912
v405,0.78,0.46,0.3,0.34,0.8,79270.39428,22930.23704,60239.18702
v406,1.26,0.46,0.3,0.34,0.8,84509.93476,22491.87455,60199.34066
v407,0.78,0.22,0.3,0.58,0.2,93887.90418,17726.74638,12477.91523
v408,0.78,0.7,0.5,0.1,0.4,73767.02465,23697.22234,76018.68246
v409,1.74,0.22,0.5,0.34,0.8,101091.4187,18729.99799,21410.79434
v410,2.22,0.58,0.3,0.7,0.6,95905.94161,22134.70201,70020.29186
v411,1.26,0.22,0.1,0.7,0.4,97013.56442,17898.54856,15080.91715
v412,1.26,0.58,0.2,0.34,0.6,80326.10976,23088.26195,70103.96161
v413,0.78,0.7,0.1,0.58,0.6,73626.29111,24041.62659,87369.67025
v414,0.78,0.46,0.5,0.22,0.2,83900.92394,21178.41919,38894.5455
v415,1.74,0.7,0.4,0.1,0.8,79464.35497,23892.59168,98612.92166
v416,2.22,0.1,0.3,0.58,0.8,112047.5782,15176.57941,7083.314384
v417,2.22,0.58,0.4,0.34,0.2,95434.56096,20949.61193,51636.06999
v418,2.7,0.34,0.2,0.34,0.8,101106.9323,19894.29623,39621.84275
v419,0.78,0.7,0.5,0.46,0.4,79197.20746,23474.12099,76018.68246
v420,2.7,0.58,0.2,0.46,0.8,94405.44672,22389.58681,79148.77973
v421,1.74,0.58,0.5,0.58,0.2,95602.83534,21193.72716,51650.62052
v422,1.26,0.58,0.6,0.22,0.4,85363.84872,22468.75256,60883.96076
v423,2.7,0.58,0.6,0.58,0.4,103812.5003,21219.98259,60796.36939
v424,2.7,0.7,0.6,0.1,0.4,93359.60483,22340.54113,75901.3354
v425,0.3,0.58,0.3,0.46,0.8,71660.45504,24107.91388,79417.94435
v426,1.74,0.34,0.5,0.1,0.8,92608.73565,20767.60544,39691.72485
v427,1.74,0.34,0.2,0.34,0.8,92241.18462,20676.23454,39691.72485
v428,2.22,0.46,0.3,0.58,0.4,99456.13643,20518.32183,44133.7506
v429,2.7,0.7,0.6,0.1,0.8,90600.50572,23238.94806,98485.96391
v430,1.74,0.1,0.4,0.22,0.2,104622.7551,14385.2448,4269.55367
v431,2.22,0.7,0.6,0.22,0.8,88370.74633,23436.81875,98552.10212
v432,2.7,0.7,0.4,0.1,0.2,92604.18483,21658.2135,64609.02114
v433,2.22,0.1,0.5,0.58,0.8,114621.726,15323.77876,7083.314384
v434,2.7,0.22,0.3,0.1,0.2,105816.7856,16086.53307,13338.45433
v435,0.78,0.22,0.2,0.58,0.8,90148.97516,19570.1512,20302.85932
v436,1.74,0.22,0.5,0.7,0.6,106485.8258,18291.72946,18722.92396
v437,0.3,0.46,0.6,0.22,0.6,76908.92026,22946.18965,53151.53992
v438,2.7,0.1,0.5,0.46,0.8,117347.3721,14941.98275,7085.282183
v439,2.7,0.34,0.4,0.58,0.6,107879.8839,19422.63965,34798.20303
v440,1.74,0.58,0.4,0.1,0.8,83064.63463,23181.07024,79270.60488
v441,0.3,0.34,0.1,0.34,0.4,76823.06692,21060.17623,28435.29299
v442,2.7,0.7,0.5,0.7,0.4,100644.5665,22047.21282,75901.3354
v443,2.7,0.1,0.1,0.34,0.6,110456.1511,14306.45138,6147.130349
v444,2.7,0.1,0.5,0.22,0.4,114393.0974,14321.95,5208.978514
v445,2.22,0.46,0.1,0.1,0.6,88184.15402,21438.57026,51053.38375
v446,2.7,0.22,0.1,0.58,0.2,109967.3303,16101.08531,13338.45433
v447,2.7,0.1,0.1,0.58,0.6,113742.285,14473.98666,6147.130349
v448,2.7,0.34,0.2,0.46,0.4,104626.0285,18766.28887,29974.56331
v449,2.7,0.46,0.6,0.34,0.4,104206.8879,20256.74033,44107.23154
v450,0.3,0.7,0.5,0.7,0.8,74186.54841,24451.12956,98768.35648
v451,2.7,0.46,0.2,0.58,0.8,100071.4282,21240.89479,57919.9788
v452,0.3,0.34,0.3,0.58,0.6,82156.57607,21540.58259,33152.69993
v453,1.74,0.22,0.3,0.58,0.4,103139.4816,17625.48315,16035.05358
v454,0.78,0.58,0.3,0.58,0.2,82971.21255,22071.14446,51676.20727
v455,2.7,0.1,0.2,0.34,0.2,112614.3996,13782.1907,4270.826679
v456,0.3,0.58,0.2,0.34,0.8,68474.87769,24230.86362,79417.94435
v457,1.74,0.46,0.2,0.22,0.8,86109.41212,22192.66593,58021.13167
v458,0.78,0.34,0.5,0.7,0.8,91262.72878,21356.52882,37846.79911
v459,1.74,0.1,0.4,0.58,0.8,108714.6793,15634.31614,7080.190147
v460,2.7,0.22,0.2,0.58,0.6,109728.6427,17491.30653,18696.73736
v461,1.26,0.7,0.5,0.1,0.6,77321.51567,23815.27245,87330.89644
v462,2.7,0.46,0.1,0.34,0.2,98921.36034,19413.84628,37200.85791
v463,0.3,0.46,0.6,0.58,0.6,82082.2261,22724.67429,53151.53992
v464,2.7,0.7,0.4,0.34,0.8,91743.70744,23170.68822,98485.96391
v465,2.22,0.7,0.4,0.1,0.8,83881.17739,23599.13599,98552.10212
v466,2.22,0.7,0.2,0.1,0.6,82286.67893,23330.23867,87243.25331
v467,1.26,0.34,0.5,0.34,0.4,93556.74843,19960.93266,28410.57888
v468,1.26,0.58,0.3,0.1,0.2,81056.91398,21899.5142,51663.95991
v469,1.74,0.34,0.2,0.46,0.8,93966.43423,20621.57398,39691.72485
v470,2.7,0.46,0.4,0.46,0.8,101195.3366,21254.42408,57919.9788
v471,1.26,0.7,0.4,0.34,0.4,81225.08168,23229.79251,75992.83325
v472,1.26,0.34,0.2,0.7,0.4,94347.34757,19822.50364,28410.57888
v473,2.22,0.1,0.5,0.7,0.2,117035.3532,14552.15743,4270.33473
v474,1.74,0.34,0.5,0.58,0.4,101534.1788,19528.71839,30009.50436
v475,2.7,0.34,0.1,0.22,0.6,98544.0677,19499.19946,34798.20303
v476,0.3,0.22,0.6,0.7,0.8,91282.518,20159.28455,20311.42272
v477,2.7,0.7,0.4,0.22,0.2,94506.53706,21590.09991,64609.02114
v478,2.22,0.22,0.3,0.34,0.8,103058.9993,18262.93843,21394.96737
v479,0.78,0.46,0.6,0.7,0.8,88177.80885,22607.73325,60239.18702
v480,1.74,0.22,0.4,0.1,0.2,98318.2801,16846.14148,13347.1832
v481,2.22,0.46,0.5,0.58,0.8,99899.65836,21516.83775,57973.01691
v482,2.22,0.34,0.1,0.34,0.8,95349.84809,20265.42212,39658.84068
v483,2.22,0.34,0.3,0.1,0.8,94507.86135,20358.92035,39658.84068
v484,2.22,0.46,0.2,0.1,0.8,88733.96894,21874.92676,57973.01691
v485,1.26,0.46,0.3,0.22,0.4,84964.6739,21507.70105,45989.50283
v486,1.74,0.22,0.3,0.22,0.2,98870.26227,16813.82281,13347.1832
v487,2.22,0.34,0.4,0.1,0.4,97729.02343,19258.49453,29993.06228
v488,2.7,0.22,0.3,0.22,0.8,105558.7981,17904.17317,21375.87888
v489,1.26,0.58,0.2,0.7,0.2,88248.70517,21598.46584,51663.95991
v490,2.7,0.34,0.2,0.58,0.2,107439.0558,17932.77329,25150.9236
v491,2.7,0.7,0.2,0.34,0.8,88965.54063,23258.92261,98485.96391
v492,1.74,0.1,0.6,0.1,0.8,104247.454,15528.01266,7080.190147
v493,2.7,0.46,0.6,0.58,0.6,106251.0529,20759.91694,51013.60517
v494,0.78,0.58,0.3,0.1,0.6,72881.3101,23586.94227,70140.7037
v495,2.7,0.46,0.5,0.46,0.8,102486.472,21232.87484,57919.9788
v496,1.26,0.7,0.2,0.46,0.6,78589.78795,23726.21293,87330.89644
v497,2.7,0.46,0.2,0.7,0.4,103792.9624,20141.00253,44107.23154
v498,2.7,0.58,0.6,0.7,0.8,102858.1175,22128.1596,79148.77973
v499,2.22,0.1,0.5,0.22,0.2,110495.2148,14202.09595,4270.33473
v500,2.7,0.7,0.2,0.58,0.6,93522.33647,22750.03827,87193.64966
v501,2.7,0.22,0.2,0.22,0.8,104165.9671,17866.32217,21375.87888
v502,2.7,0.34,0.5,0.34,0.8,105137.4533,19893.81236,39621.84275
v503,2.7,0.34,0.3,0.46,0.8,104216.5875,19852.88706,39621.84275
v504,1.74,0.58,0.1,0.1,0.8,78717.4979,23319.13556,79270.60488
v505,2.7,0.7,0.4,0.22,0.8,89938.29783,23243.29252,98485.96391
v506,1.26,0.58,0.3,0.46,0.6,83498.986,22968.10619,70103.96161
v507,1.74,0.58,0.5,0.58,0.6,92584.06702,22463.16311,70063.94343
v508,2.7,0.34,0.4,0.34,0.4,105654.7605,18832.88282,29974.56331
v509,2.7,0.58,0.1,0.1,0.4,89963.17364,21584.9719,60796.36939
v510,2.7,0.7,0.5,0.58,0.4,99112.59111,22104.46577,75901.3354
v511,2.7,0.58,0.5,0.58,0.2,104205.9968,20506.45536,51620.16423
v512,2.7,0.34,0.4,0.1,0.2,103177.3829,18026.88055,25150.9236
v513,0.3,0.34,0.5,0.22,0.2,81923.93266,20291.26721,23717.88606
v514,2.22,0.1,0.1,0.1,0.6,102425.8432,14404.85859,6145.654499
v515,1.26,0.58,0.6,0.46,0.6,87476.23931,22846.39729,70103.96161
v516,2.7,0.34,0.2,0.1,0.8,97375.09134,19985.1041,39621.84275
v517,0.78,0.22,0.2,0.1,0.8,82981.08041,19727.72442,20302.85932
v518,0.3,0.34,0.2,0.46,0.2,81281.58996,20160.83738,23717.88606
v519,0.78,0.7,0.2,0.58,0.6,75147.35981,23990.57102,87369.67025
v520,0.3,0.1,0.3,0.58,0.2,92271.16362,15705.19837,3992.38295
v521,1.26,0.1,0.1,0.7,0.4,101739.7828,15164.32005,4904.055434
v522,1.74,0.34,0.4,0.34,0.6,95820.34797,20220.48241,34850.61461
v523,0.3,0.7,0.6,0.34,0.4,73312.18453,23861.41625,76042.53168
v524,2.7,0.1,0.3,0.34,0.8,113108.881,14715.77394,7085.282183
v525,2.7,0.1,0.5,0.58,0.8,118931.8259,15005.01694,7085.282183
v526,0.78,0.7,0.2,0.1,0.2,71268.08761,23198.56522,64667.69467
v527,2.7,0.1,0.4,0.34,0.4,114901.294,14328.81563,5208.978514
v528,0.78,0.34,0.3,0.22,0.2,84935.54493,19659.01446,23712.05912
v529,1.74,0.1,0.5,0.22,0.4,105505.5376,14897.83004,5206.432496
v530,2.22,0.34,0.6,0.34,0.2,105156.2959,18417.66031,25160.17308
v531,2.7,0.1,0.2,0.1,0.8,108073.6971,14447.59066,7085.282183
v532,2.7,0.58,0.6,0.7,0.8,102858.1175,22128.1596,79148.77973
v533,2.22,0.58,0.1,0.58,0.2,94503.05582,20880.35303,51636.06999
v534,1.26,0.7,0.1,0.7,0.6,80267.71217,23644.12456,87330.89644
v535,1.74,0.7,0.3,0.46,0.6,84755.87237,23358.13719,87288.86797
v536,2.7,0.46,0.4,0.7,0.2,107964.4039,19371.08612,37200.85791
v537,2.7,0.58,0.6,0.1,0.6,95393.1091,22063.7924,69972.57456
v538,0.3,0.22,0.4,0.7,0.4,90194.79724,19096.9249,15090.51163
v539,2.7,0.34,0.5,0.22,0.2,106352.3272,18053.78899,25150.9236
v540,2.7,0.7,0.2,0.58,0.8,92310.1255,23126.07879,98485.96391
v541,2.7,0.7,0.5,0.22,0.4,94001.97812,22299.50833,75901.3354
v542,1.26,0.34,0.1,0.1,0.6,83059.50618,20727.45213,33115.62875
v543,0.3,0.1,0.1,0.34,0.8,84686.86319,16913.89915,6712.226939
v544,0.78,0.22,0.4,0.22,0.6,88420.75167,19246.69735,17694.54463
v545,2.22,0.46,0.6,0.46,0.4,101731.0476,20545.54589,44133.7506
v546,2.22,0.1,0.2,0.34,0.8,107376.5683,14950.11502,7083.314384
v547,1.26,0.22,0.1,0.22,0.8,88846.28063,19086.78466,20292.23376
v548,0.3,0.46,0.6,0.22,0.8,75843.04381,23344.47966,60275.49823
v549,2.7,0.46,0.6,0.58,0.4,107507.2936,20171.21087,44107.23154
v550,0.78,0.34,0.5,0.7,0.8,91262.72878,21356.52882,37846.79911
v551,2.7,0.22,0.6,0.34,0.4,112436.8755,17030.51724,16017.59584
v552,2.7,0.7,0.3,0.22,0.8,88574.73837,23286.57965,98485.96391
v553,2.7,0.7,0.6,0.58,0.6,98830.64294,22592.69776,87193.64966
v554,2.7,0.46,0.1,0.22,0.6,94351.5227,20994.98376,51013.60517
v555,2.22,0.58,0.4,0.34,0.4,93793.9868,21709.46111,60828.18092
v556,1.26,0.1,0.6,0.46,0.8,104650.2934,16137.3048,6722.342581
v557,2.22,0.58,0.3,0.58,0.6,94359.45035,22196.91009,70020.29186
v558,1.74,0.34,0.1,0.1,0.2,90094.49353,18695.29751,25168.39412
v559,1.74,0.7,0.6,0.46,0.4,90241.36408,22741.2932,75964.81427
v560,2.7,0.34,0.3,0.1,0.8,98787.51855,19983.88662,39621.84275
v561,0.78,0.58,0.6,0.22,0.8,77687.72148,23735.74622,79372.95191
v562,1.74,0.58,0.6,0.22,0.8,87577.31324,23018.72739,79270.60488
v563,0.3,0.1,0.4,0.7,0.4,94748.91401,16383.96981,4898.997613
v564,1.26,0.7,0.2,0.22,0.8,73831.35358,24215.89128,98668.95962
v565,2.7,0.22,0.4,0.22,0.2,109031.0017,16197.62962,13338.45433
v566,2.7,0.7,0.3,0.22,0.6,89792.09419,22915.59138,87193.64966
v567,0.3,0.7,0.2,0.22,0.2,67656.46279,23533.39576,64679.61928
v568,2.7,0.34,0.5,0.46,0.2,109820.3143,18040.09911,25150.9236
v569,1.74,0.46,0.3,0.58,0.8,92725.60335,21947.6283,58021.13167
v570,1.74,0.58,0.5,0.58,0.6,92584.06702,22463.16311,70063.94343
v571,0.78,0.22,0.3,0.1,0.2,86791.13914,17677.51232,12477.91523
v572,0.78,0.58,0.3,0.22,0.2,77804.72183,22276.99255,51676.20727
v573,1.26,0.22,0.2,0.46,0.4,95311.00924,17948.15927,15080.91715
v574,0.78,0.7,0.5,0.58,0.4,80816.45885,23406.74807,76018.68246
v575,2.22,0.1,0.1,0.34,0.8,105933.0587,14840.6539,7083.314384
v576,2.22,0.7,0.2,0.34,0.8,84804.86443,23534.99174,98552.10212
v577,0.78,0.58,0.2,0.58,0.8,77385.67818,23693.72305,79372.95191
v578,1.26,0.1,0.1,0.34,0.2,97270.63795,14440.55955,3994.91186
v579,2.22,0.1,0.4,0.22,0.2,109227.3398,14111.39573,4270.33473
v580,2.22,0.58,0.5,0.1,0.2,93043.13967,21058.13857,51636.06999
v581,1.26,0.22,0.4,0.22,0.8,93150.26049,19158.00092,20292.23376
v582,0.3,0.46,0.2,0.1,0.8,68359.27474,23616.97028,60275.49823
v583,2.7,0.7,0.6,0.1,0.2,95173.77241,21615.7272,64609.02114
v584,1.74,0.58,0.6,0.1,0.6,86798.25454,22717.38789,70063.94343
v585,1.26,0.1,0.2,0.34,0.8,97659.5728,15784.23365,6722.342581
v586,2.7,0.58,0.1,0.46,0.6,94011.09209,22011.5534,69972.57456
v587,2.22,0.58,0.3,0.46,0.2,95779.263,20906.60711,51636.06999
v588,2.7,0.34,0.5,0.58,0.8,108450.9378,19815.15575,39621.84275
v589,1.74,0.58,0.5,0.7,0.2,97135.75232,21142.17248,51650.62052
v590,0.78,0.46,0.5,0.7,0.2,90598.03175,20955.32487,38894.5455
v591,0.78,0.1,0.3,0.22,0.8,91780.82481,16379.25237,6717.56098
v592,2.22,0.7,0.2,0.7,0.2,94229.63135,21726.53069,64625.55569
v593,2.7,0.22,0.1,0.46,0.6,106673.0609,17436.94155,18696.73736
v594,2.7,0.7,0.5,0.58,0.6,97584.67612,22627.22095,87193.64966
v595,0.3,0.34,0.3,0.58,0.2,84382.62232,20135.02764,23717.88606
v596,0.78,0.58,0.2,0.22,0.8,72201.66303,23919.94011,79372.95191
v597,1.26,0.46,0.2,0.22,0.4,83515.43769,21529.97079,45989.50283
v598,0.78,0.34,0.4,0.58,0.8,88387.53841,21434.71269,37846.79911
v599,0.3,0.58,0.3,0.7,0.8,74834.31876,23973.1369,79417.94435
v600,0.3,0.22,0.4,0.34,0.6,84456.80198,19804.1242,17700.96718
v601,2.7,0.46,0.4,0.46,0.8,101195.3366,21254.42408,57919.9788
v602,2.22,0.46,0.5,0.7,0.2,105062.7098,19719.81273,37214.11744
v603,2.7,0.46,0.1,0.7,0.8,100155.9751,21210.07649,57919.9788
v604,2.7,0.46,0.3,0.7,0.8,103015.3274,21167.4192,57919.9788
v605,1.26,0.7,0.4,0.46,0.2,84686.24326,22495.33544,64654.77007
v606,0.3,0.7,0.4,0.22,0.6,67424.83232,24451.03982,87405.44408
v607,1.26,0.1,0.3,0.7,0.6,104216.2401,15740.40921,5813.199007
v608,1.74,0.46,0.6,0.58,0.8,96648.80163,21862.3248,58021.13167
v609,2.22,0.58,0.6,0.22,0.4,94560.42067,21729.68387,60828.18092
v610,2.22,0.1,0.1,0.1,0.8,102231.3316,14663.22623,7083.314384
v611,2.7,0.22,0.1,0.46,0.8,106224.6847,17812.82159,21375.87888
v612,2.7,0.7,0.3,0.46,0.4,94841.86219,22231.02419,75901.3354
v613,0.3,0.58,0.6,0.7,0.6,80023.64739,23474.6003,70174.44803
v614,2.22,0.7,0.5,0.34,0.8,88910.23499,23402.62351,98552.10212
v615,2.22,0.46,0.2,0.1,0.4,90966.03921,20737.90494,44133.7506
v616,0.78,0.1,0.5,0.7,0.4,101864.6586,15950.101,4901.664633
v617,2.22,0.22,0.3,0.34,0.2,105238.1901,16482.3276,13343.22645
v618,2.22,0.1,0.6,0.7,0.6,117518.6253,15233.33117,6145.654499
v619,2.22,0.22,0.5,0.22,0.8,103888.9277,18332.43361,21394.96737
v620,1.74,0.7,0.1,0.34,0.8,78866.93184,23880.96746,98612.92166
v621,0.3,0.58,0.6,0.7,0.8,78842.85404,23839.0236,79417.94435
v622,2.22,0.46,0.5,0.34,0.2,100231.7492,19824.51872,37214.11744
v623,2.7,0.34,0.2,0.7,0.4,107778.3669,18725.98573,29974.56331
v624,2.7,0.46,0.5,0.46,0.2,106116.9118,19439.55967,37200.85791
v625,2.7,0.34,0.3,0.7,0.6,108082.9917,19385.42352,34798.20303
v626,2.22,0.7,0.2,0.22,0.8,82989.78996,23610.5529,98552.10212
v627,2.7,0.22,0.3,0.58,0.8,110664.9672,17885.14771,21375.87888
v628,2.22,0.22,0.5,0.22,0.8,103888.9277,18332.43361,21394.96737
v629,1.74,0.1,0.3,0.7,0.4,109505.3997,15034.88127,5206.432496
v630,0.78,0.1,0.4,0.7,0.2,100988.1414,15417.14647,3993.71646
v631,1.74,0.58,0.6,0.46,0.6,92223.03701,22495.17868,70063.94343
v632,1.74,0.7,0.6,0.7,0.4,93389.20358,22618.87605,75964.81427
v633,1.26,0.1,0.5,0.34,0.4,102370.3727,15328.50722,4904.055434
v634,1.26,0.58,0.5,0.22,0.4,84085.50058,22501.91189,60883.96076
v635,2.7,0.34,0.4,0.58,0.2,110148.162,18003.54133,25150.9236
v636,1.74,0.7,0.1,0.46,0.8,80590.08364,23808.80463,98612.92166
v637,1.26,0.58,0.2,0.46,0.8,80908.08036,23391.26615,79323.96246
v638,2.22,0.22,0.4,0.7,0.6,109734.0505,17892.0827,18711.05373
v639,2.22,0.22,0.3,0.46,0.8,104767.4327,18249.93587,21394.96737
v640,2.7,0.1,0.6,0.22,0.2,115981.0159,14049.38564,4270.826679
v641,0.3,0.58,0.2,0.7,0.8,73379.38704,24022.01363,79417.94435
v642,2.7,0.34,0.2,0.1,0.8,97375.09134,19985.1041,39621.84275
v643,2.7,0.7,0.2,0.46,0.8,90682.75132,23190.78404,98485.96391
v644,1.26,0.1,0.5,0.22,0.6,100198.1718,15654.03978,5813.199007
v645,0.3,0.7,0.5,0.1,0.2,70008.33079,23466.47907,64679.61928
v646,2.7,0.58,0.4,0.34,0.8,95459.6737,22381.96595,79148.77973
v647,2.22,0.34,0.6,0.7,0.2,109965.1115,18384.57416,25160.17308
v648,2.22,0.7,0.3,0.46,0.6,89171.10926,23057.04381,87243.25331
v649,2.7,0.46,0.3,0.58,0.8,101472.9704,21219.04739,57919.9788
v650,2.22,0.58,0.4,0.7,0.8,96156.51076,22496.72783,79212.40279
v651,2.22,0.7,0.3,0.46,0.8,87944.62983,23419.45712,98552.10212
v652,0.78,0.22,0.6,0.22,0.4,91832.08369,18643.69316,15086.22993
v653,2.7,0.58,0.1,0.46,0.2,97078.60116,20581.56996,51620.16423
v654,0.78,0.7,0.4,0.46,0.2,79589.13286,22887.04316,64667.69467
v655,1.26,0.22,0.3,0.1,0.8,89848.67349,19170.47462,20292.23376
v656,2.7,0.46,0.4,0.7,0.8,104354.6069,21147.6034,57919.9788
v657,0.78,0.7,0.4,0.58,0.2,81209.54414,22821.14969,64667.69467
v658,1.74,0.58,0.3,0.22,0.2,87786.22801,21405.21333,51650.62052
v659,1.26,0.58,0.5,0.22,0.4,84085.50058,22501.91189,60883.96076
v660,2.22,0.7,0.1,0.46,0.8,85033.31281,23513.31169,98552.10212
v661,2.7,0.58,0.1,0.46,0.6,94011.09209,22011.5534,69972.57456
v662,0.78,0.34,0.2,0.1,0.4,80349.14222,20577.48216,28423.63911
v663,2.22,0.58,0.4,0.46,0.6,94093.02655,22227.35278,70020.29186
v664,1.26,0.34,0.2,0.34,0.2,90620.57797,19069.88292,23705.529
v665,2.7,0.22,0.3,0.58,0.2,112769.9799,16243.68448,13338.45433
v666,1.74,0.58,0.5,0.7,0.6,94126.28237,22402.06926,70063.94343
v667,2.7,0.34,0.5,0.58,0.2,111418.1611,18035.01891,25150.9236
v668,2.7,0.1,0.5,0.58,0.4,119404.928,14565.20657,5208.978514
v669,1.74,0.7,0.1,0.58,0.4,84974.81323,22888.03712,75964.81427
v670,1.26,0.34,0.4,0.7,0.2,98291.2059,19060.06815,23705.529
v671,2.22,0.46,0.5,0.22,0.8,94762.40245,21711.29142,57973.01691
v672,0.78,0.7,0.6,0.1,0.8,72357.48164,24432.20792,98720.65804
v673,1.74,0.58,0.1,0.34,0.2,86658.35425,21380.93117,51650.62052
v674,2.22,0.1,0.5,0.7,0.4,116657.6452,14891.25828,5207.994614
v675,2.7,0.34,0.5,0.1,0.6,102153.5783,19575.24056,34798.20303
v676,1.26,0.46,0.4,0.22,0.8,84070.00543,22532.70408,60199.34066
v677,2.7,0.58,0.2,0.1,0.6,90033.56335,22195.1328,69972.57456
v678,2.7,0.22,0.2,0.34,0.2,108107.5594,16099.25657,13338.45433
v679,0.3,0.34,0.5,0.34,0.6,81513.94117,21632.4479,33152.69993
v680,2.7,0.7,0.4,0.46,0.8,93452.22704,23102.42082,98485.96391
v681,2.7,0.34,0.4,0.22,0.8,102049.5642,19937.06418,39621.84275
v682,0.3,0.58,0.5,0.1,0.4,71469.64941,23425.63316,60930.95171
v683,0.3,0.46,0.3,0.34,0.2,77323.22678,21679.40734,38903.6233
v684,1.74,0.1,0.1,0.7,0.2,107081.3553,14434.74187,4269.55367
v685,1.26,0.1,0.2,0.1,0.4,94601.68874,14850.17389,4904.055434
v686,1.26,0.34,0.1,0.34,0.8,86016.62726,21092.84924,37820.67863
v687,1.74,0.22,0.4,0.22,0.8,97986.47873,18732.33746,21410.79434
v688,1.74,0.46,0.2,0.58,0.6,92273.98596,21538.49583,51089.46982
v689,2.7,0.58,0.2,0.46,0.4,96900.93364,21356.79367,60796.36939
v690,0.3,0.7,0.5,0.46,0.8,71054.17965,24580.48341,98768.35648
v691,2.7,0.1,0.2,0.34,0.4,112229.4466,14137.44649,5208.978514
v692,2.7,0.7,0.1,0.7,0.4,95118.69609,22183.93083,75901.3354
v693,1.26,0.34,0.2,0.1,0.6,84577.29712,20718.95558,33115.62875
v694,0.78,0.1,0.5,0.22,0.4,95201.34965,15694.0485,4901.664633
v695,1.74,0.58,0.6,0.22,0.8,87577.31324,23018.72739,79270.60488
v696,2.7,0.34,0.3,0.1,0.8,98787.51855,19983.88662,39621.84275
v697,2.7,0.34,0.6,0.22,0.4,106382.8922,18894.55192,29974.56331
v698,0.3,0.58,0.3,0.34,0.8,69942.51294,24181.31393,79417.94435
v699,1.74,0.1,0.5,0.1,0.6,103248.7083,15173.79589,6143.311322
v700,1.26,0.34,0.5,0.1,0.8,87908.92517,21166.28287,37820.67863
v701,2.22,0.46,0.3,0.22,0.2,95775.99124,19849.58465,37214.11744
v702,1.26,0.7,0.5,0.7,0.2,89162.6575,22339.26205,64654.77007
v703,1.26,0.1,0.4,0.1,0.8,96704.75119,15833.6209,6722.342581
v704,0.3,0.1,0.5,0.46,0.2,93326.02744,15812.24688,3992.38295
v705,1.26,0.34,0.2,0.1,0.4,85675.33837,20032.59962,28410.57888
v706,2.22,0.1,0.3,0.1,0.2,106020.351,13893.41106,4270.33473
v707,1.74,0.7,0.3,0.34,0.2,86342.45047,22224.75961,64640.76058
v708,2.7,0.34,0.5,0.46,0.4,108629.0668,18826.90535,29974.56331
v709,2.7,0.7,0.2,0.1,0.8,85232.01692,23409.61857,98485.96391
v710,0.3,0.58,0.3,0.1,0.6,67337.86913,23987.50135,70174.44803
v711,2.7,0.7,0.2,0.22,0.8,87150.67982,23331.76045,98485.96391
v712,1.26,0.1,0.4,0.7,0.8,105274.0109,16106.38973,6722.342581
v713,2.7,0.1,0.1,0.7,0.4,115601.4282,14281.24195,5208.978514
v714,0.3,0.34,0.6,0.22,0.8,80060.54873,22154.98145,37870.10687
v715,0.3,0.58,0.2,0.58,0.2,75918.73708,22582.0833,51687.45538
v716,2.7,0.58,0.4,0.34,0.8,95459.6737,22381.96595,79148.77973
v717,2.7,0.58,0.6,0.1,0.8,94304.41821,22461.79224,79148.77973
v718,1.26,0.34,0.5,0.46,0.8,93373.00583,20969.65612,37820.67863
v719,2.22,0.46,0.1,0.46,0.6,93666.00344,21233.12847,51053.38375
v720,2.7,0.46,0.5,0.58,0.6,105015.9755,20771.24026,51013.60517
v721,0.3,0.7,0.4,0.7,0.8,72855.80248,24494.86625,98768.35648
v722,2.7,0.22,0.5,0.34,0.2,112074.0928,16289.3443,13338.45433
v723,1.26,0.34,0.5,0.46,0.8,93373.00583,20969.65612,37820.67863
v724,0.3,0.7,0.2,0.46,0.8,66867.35513,24719.64261,98768.35648
v725,1.74,0.22,0.2,0.22,0.4,96591.44447,17548.07207,16035.05358
v726,1.26,0.46,0.6,0.46,0.8,90203.18105,22317.90285,60199.34066
v727,1.26,0.46,0.6,0.1,0.6,85770.08857,22119.33764,53094.42174
v728,0.3,0.58,0.3,0.7,0.8,74834.31876,23973.1369,79417.94435
v729,2.7,0.1,0.5,0.1,0.4,112524.4754,14223.85459,5208.978514
v730,1.26,0.7,0.6,0.7,0.8,85919.71659,23757.83657,98668.95962
v731,2.22,0.58,0.6,0.7,0.4,101207.6777,21485.43039,60828.18092
v732,1.26,0.58,0.3,0.46,0.2,86511.14652,21689.84809,51663.95991
v733,1.74,0.7,0.3,0.34,0.6,83038.98578,23430.01361,87288.86797
v734,0.3,0.46,0.6,0.46,0.4,81683.03952,22266.04494,46027.58161
v735,2.7,0.1,0.1,0.46,0.8,112001.7893,14594.69172,7085.282183
v736,1.26,0.34,0.6,0.34,0.8,92918.47918,21017.26949,37820.67863
v737,1.74,0.46,0.4,0.1,0.4,89253.71998,21125.00978,44157.80798
v738,2.7,0.46,0.2,0.46,0.2,102094.7667,19401.73698,37200.85791
v739,1.74,0.58,0.2,0.34,0.2,88161.2733,21360.46711,51650.62052
v740,2.22,0.7,0.4,0.22,0.4,88556.70874,22637.79135,75934.4045
v741,1.26,0.7,0.4,0.1,0.6,75982.35115,23860.70548,87330.89644
v742,2.7,0.46,0.6,0.58,0.6,106251.0529,20759.91694,51013.60517
v743,0.78,0.34,0.2,0.1,0.6,79259.48728,21260.82709,33135.21911
v744,1.74,0.7,0.6,0.22,0.6,85206.37918,23372.42607,87288.86797
v745,2.7,0.7,0.4,0.1,0.8,88028.85773,23321.02056,98485.96391
v746,1.26,0.22,0.3,0.46,0.4,96729.35404,17995.85715,15080.91715
v747,0.3,0.22,0.5,0.46,0.2,89185.22443,18378.0254,12480.05608
v748,2.7,0.46,0.3,0.7,0.8,103015.3274,21167.4192,57919.9788
v749,2.7,0.22,0.4,0.1,0.8,104993.9736,17945.34427,21375.87888
v750,1.26,0.46,0.3,0.34,0.6,85523.80237,22055.39676,53094.42174
v751,2.7,0.22,0.5,0.7,0.8,114771.7903,17935.00557,21375.87888
v752,2.7,0.22,0.5,0.7,0.8,114771.7903,17935.00557,21375.87888
v753,1.74,0.1,0.6,0.7,0.8,112724.9373,15808.84339,7080.190147
v754,2.7,0.22,0.2,0.46,0.8,107671.4886,17854.51654,21375.87888
v755,2.7,0.1,0.3,0.34,0.8,113108.881,14715.77394,7085.282183
v756,1.74,0.22,0.4,0.7,0.8,104667.1052,18649.12091,21410.79434
v757,2.22,0.46,0.6,0.22,0.4,98235.41775,20647.57826,44133.7506
v758,0.78,0.46,0.6,0.22,0.4,83763.16273,21911.8292,46009.42601
v759,0.78,0.34,0.6,0.22,0.8,85804.44139,21598.97843,37846.79911
v760,2.7,0.1,0.3,0.22,0.6,111476.3484,14430.99457,6147.130349
v761,2.22,0.7,0.2,0.1,0.2,85628.78025,22047.66272,64625.55569
v762,0.78,0.1,0.4,0.1,0.4,91972.82478,15521.22174,4901.664633
v763,0.3,0.34,0.3,0.7,0.8,82807.99826,21956.40434,37870.10687
v764,0.3,0.34,0.3,0.1,0.8,74053.11364,22333.29043,37870.10687
v765,0.78,0.58,0.5,0.46,0.8,79923.66991,23625.17146,79372.95191
v766,2.7,0.22,0.2,0.1,0.4,103549.1265,16788.84521,16017.59584
v767,1.26,0.34,0.4,0.46,0.4,93957.6283,19914.03931,28410.57888
v768,1.74,0.7,0.6,0.34,0.8,85766.31773,23653.32624,98612.92166
v769,1.74,0.22,0.6,0.58,0.6,106188.6934,18327.34546,18722.92396
v770,2.7,0.7,0.4,0.58,0.8,95072.89859,23038.41202,98485.96391
v771,1.74,0.22,0.5,0.34,0.8,101091.4187,18729.99799,21410.79434
v772,0.78,0.22,0.5,0.34,0.8,90911.81577,19681.08823,20302.85932
v773,2.7,0.46,0.2,0.1,0.4,95195.60167,20367.96502,44107.23154
v774,1.74,0.58,0.2,0.1,0.8,80233.0497,23271.33053,79270.60488
v775,0.78,0.1,0.2,0.22,0.6,90688.13718,15886.76943,5809.612806
v776,2.7,0.1,0.6,0.34,0.4,117359.7961,14480.68224,5208.978514
v777,2.7,0.34,0.3,0.34,0.4,104317.5187,18812.04888,29974.56331
v778,0.78,0.7,0.2,0.1,0.2,71268.08761,23198.56522,64667.69467
v779,2.7,0.22,0.3,0.1,0.4,104942.6914,16852.15425,16017.59584
v780,2.22,0.1,0.1,0.46,0.8,107632.5498,14916.02559,7083.314384
v781,2.22,0.46,0.4,0.46,0.8,96978.83318,21601.70213,57973.01691
v782,2.7,0.58,0.1,0.58,0.8,94561.7182,22364.89143,79148.77973
v783,1.74,0.7,0.1,0.1,0.8,75120.96463,24037.8753,98612.92166
v784,1.26,0.34,0.2,0.34,0.4,89435.11041,19938.05699,28410.57888
v785,0.3,0.7,0.1,0.58,0.8,66963.74458,24703.06875,98768.35648
v786,0.3,0.58,0.4,0.1,0.6,68758.4006,23937.94333,70174.44803
v787,1.74,0.7,0.2,0.46,0.8,82088.42349,23758.74844,98612.92166
v788,1.74,0.58,0.5,0.1,0.2,88575.64228,21436.17604,51650.62052
v789,0.78,0.46,0.3,0.1,0.4,77801.59302,22072.20179,46009.42601
v790,1.26,0.34,0.6,0.58,0.2,99307.50974,19118.1312,23705.529
v791,1.26,0.58,0.2,0.58,0.8,82545.82832,23322.81812,79323.96246
v792,1.26,0.34,0.3,0.34,0.6,89784.56349,20591.24896,33115.62875
v793,1.26,0.34,0.2,0.7,0.4,94347.34757,19822.50364,28410.57888
v794,0.3,0.1,0.6,0.58,0.8,94974.70849,17326.18197,6712.226939
v795,0.78,0.34,0.2,0.1,0.8,78383.45871,21773.08307,37846.79911
v796,2.22,0.46,0.1,0.22,0.6,90117.26344,21364.66261,51053.38375
v797,1.74,0.58,0.6,0.22,0.4,90122.39054,22088.41434,60857.28197
v798,2.7,0.34,0.5,0.58,0.6,109156.9024,19429.15004,34798.20303
v799,2.22,0.1,0.2,0.58,0.8,110676.3823,15089.15657,7083.314384
v800,0.78,0.34,0.1,0.34,0.4,82609.4406,20454.0194,28423.63911
v801,1.74,0.7,0.4,0.7,0.8,88055.2751,23537.38174,98612.92166
v802,2.7,0.7,0.6,0.22,0.4,95258.16232,22267.98395,75901.3354
v803,2.7,0.7,0.1,0.22,0.2,90228.69717,21668.62761,64609.02114
v804,0.3,0.22,0.5,0.46,0.2,89185.22443,18378.0254,12480.05608
v805,2.7,0.46,0.2,0.34,0.8,96726.98895,21360.56859,57919.9788
v806,0.3,0.22,0.3,0.34,0.6,83061.77445,19787.56759,17700.96718
v807,1.74,0.46,0.5,0.7,0.4,99164.68187,20827.26397,44157.80798
v808,0.3,0.58,0.6,0.7,0.6,80023.64739,23474.6003,70174.44803
v809,0.3,0.34,0.4,0.22,0.2,80578.08719,20282.30994,23717.88606
v810,2.7,0.22,0.4,0.34,0.8,108683.3877,17927.8921,21375.87888
v811,1.74,0.22,0.5,0.7,0.8,105951.1918,18669.56759,21410.79434
v812,0.78,0.34,0.3,0.7,0.8,88569.00727,21396.31308,37846.79911
v813,2.7,0.34,0.6,0.34,0.2,109360.1984,18074.16678,25150.9236
v814,2.22,0.58,0.3,0.22,0.4,90617.45011,21806.59593,60828.18092
v815,2.7,0.1,0.4,0.46,0.8,116094.9088,14870.24089,7085.282183
v816,2.7,0.7,0.2,0.46,0.8,90682.75132,23190.78404,98485.96391
v817,1.74,0.34,0.3,0.34,0.8,93666.22415,20666.49421,39691.72485
v818,2.22,0.1,0.6,0.22,0.6,110976.5937,14970.2584,6145.654499
v819,2.7,0.58,0.6,0.7,0.6,103937.7898,21739.22019,69972.57456
v820,2.22,0.1,0.3,0.58,0.8,112047.5782,15176.57941,7083.314384
v821,0.78,0.34,0.5,0.22,0.8,84523.73592,21619.64463,37846.79911
v822,1.26,0.7,0.4,0.34,0.8,78467.80409,24047.00029,98668.95962
v823,0.78,0.46,0.6,0.46,0.2,88703.91053,21048.19224,38894.5455
v824,1.74,0.1,0.4,0.7,0.4,110825.4685,15119.55391,5206.432496
v825,1.74,0.58,0.4,0.46,0.2,92675.73037,21263.75859,51650.62052
v826,0.78,0.46,0.3,0.58,0.8,82643.68233,22784.35056,60239.18702
v827,2.7,0.7,0.4,0.34,0.8,91743.70744,23170.68822,98485.96391
v828,1.74,0.7,0.4,0.34,0.6,84417.46555,23381.98696,87288.86797
v829,0.78,0.34,0.5,0.46,0.6,88942.40739,21015.68658,33135.21911
v830,1.74,0.7,0.6,0.46,0.2,92007.12946,22068.54333,64640.76058
v831,2.7,0.46,0.6,0.46,0.2,107348.9553,19447.65965,37200.85791
v832,2.7,0.1,0.3,0.7,0.6,118028.1742,14738.15265,6147.130349
v833,0.3,0.22,0.2,0.22,0.6,79755.68277,19814.4669,17700.96718
v834,2.7,0.34,0.5,0.34,0.4,106936.5793,18851.82718,29974.56331
v835,1.74,0.22,0.6,0.22,0.8,100535.7169,18774.30878,21410.79434
v836,0.3,0.34,0.3,0.34,0.4,79829.52765,21044.96238,28435.29299
v837,1.74,0.1,0.6,0.58,0.2,112180.6402,14817.52644,4269.55367
v838,2.22,0.22,0.6,0.34,0.8,106916.989,18339.19449,21394.96737
v839,1.26,0.22,0.3,0.7,0.4,99898.2205,17997.2627,15080.91715
v840,0.78,0.1,0.6,0.1,0.8,93809.80969,16546.83765,6717.56098
v841,1.74,0.7,0.4,0.22,0.8,81376.04272,23811.84055,98612.92166
v842,2.22,0.46,0.5,0.58,0.6,100837.7244,21100.89659,51053.38375
v843,2.7,0.34,0.5,0.7,0.4,111757.1749,18784.02833,29974.56331
v844,2.7,0.22,0.4,0.7,0.8,113509.8677,17908.36537,21375.87888
v845,2.22,0.34,0.1,0.7,0.8,100260.8535,20135.46588,39658.84068
v846,2.7,0.7,0.1,0.46,0.8,89203.10477,23237.63138,98485.96391
v847,2.7,0.22,0.2,0.46,0.8,107671.4886,17854.51654,21375.87888
v848,2.22,0.1,0.2,0.58,0.4,111211.2473,14564.98339,5207.994614
v849,0.78,0.22,0.6,0.58,0.4,96971.88589,18598.99474,15086.22993
v850,2.22,0.58,0.5,0.22,0.8,90775.47994,22730.99006,79212.40279
v851,1.26,0.22,0.4,0.22,0.8,93150.26049,19158.00092,20292.23376
v852,2.22,0.7,0.2,0.34,0.4,87560.79747,22648.8472,75934.4045
v853,1.74,0.7,0.2,0.1,0.8,76634.52516,23988.99449,98612.92166
v854,2.7,0.46,0.1,0.58,0.8,98605.748,21263.46013,57919.9788
v855,2.7,0.7,0.3,0.22,0.2,93143.21737,21613.53341,64609.02114
v856,1.26,0.58,0.3,0.34,0.8,80628.38849,23417.88432,79323.96246
v857,2.7,0.22,0.3,0.46,0.6,109498.9401,17531.07528,18696.73736
v858,0.3,0.46,0.4,0.1,0.2,74971.4034,21806.21289,38903.6233
v859,1.26,0.34,0.5,0.1,0.6,88737.18316,20700.75758,33115.62875
v860,1.26,0.46,0.4,0.22,0.4,86350.70812,21486.90463,45989.50283
v861,2.22,0.34,0.4,0.1,0.8,95870.93726,20354.44645,39658.84068
v862,0.78,0.7,0.5,0.7,0.6,80857.97951,23786.71747,87369.67025
v863,2.7,0.22,0.2,0.7,0.8,110818.5554,17846.08015,21375.87888
v864,2.7,0.58,0.5,0.46,0.8,98466.82604,22279.13757,79148.77973
v865,2.22,0.34,0.1,0.22,0.8,93526.0433,20315.65693,39658.84068
v866,2.7,0.46,0.6,0.22,0.6,101145.579,20920.79871,51013.60517
v867,0.3,0.58,0.6,0.1,0.8,70276.21708,24205.90605,79417.94435
v868,2.22,0.34,0.3,0.7,0.6,103871.4325,19719.77024,34825.95148
v869,2.22,0.22,0.2,0.46,0.4,104688.1058,17185.28818,16027.14009
v870,2.22,0.34,0.3,0.22,0.6,97183.88343,19870.87033,34825.95148
v871,0.78,0.1,0.6,0.1,0.2,94977.76952,15154.63189,3993.71646
v872,0.3,0.46,0.4,0.7,0.4,82242.53321,22194.91485,46027.58161
v873,2.7,0.34,0.3,0.7,0.6,108082.9917,19385.42352,34798.20303
v874,1.74,0.22,0.1,0.7,0.8,100462.0003,18571.58693,21410.79434
v875,2.22,0.22,0.5,0.46,0.6,107872.9593,17928.91148,18711.05373
v876,0.3,0.7,0.2,0.46,0.6,68061.22855,24401.46881,87405.44408
v877,1.26,0.7,0.3,0.7,0.6,83209.86272,23544.4464,87330.89644
v878,1.26,0.22,0.2,0.1,0.2,90710.42927,17082.90287,12475.25884
v879,0.3,0.34,0.2,0.46,0.8,78128.20133,22125.45252,37870.10687
v880,0.3,0.22,0.5,0.58,0.8,88454.44819,20199.681,20311.42272
v881,1.74,0.22,0.1,0.58,0.8,98910.81657,18588.06681,21410.79434
v882,2.7,0.22,0.2,0.7,0.8,110818.5554,17846.08015,21375.87888
v883,2.7,0.58,0.6,0.1,0.8,94304.41821,22461.79224,79148.77973
v884,1.74,0.46,0.2,0.7,0.6,93827.9188,21480.0969,51089.46982
v885,0.3,0.46,0.1,0.22,0.6,69806.6652,23173.07673,53151.53992
v886,1.74,0.22,0.5,0.58,0.8,104416.1797,18688.29311,21410.79434
v887,1.26,0.58,0.3,0.7,0.2,89681.9857,21574.14962,51663.95991
v888,2.22,0.34,0.1,0.7,0.4,102094.6408,19053.49512,29993.06228
v889,2.7,0.34,0.5,0.1,0.8,101435.6792,19983.46377,39621.84275
v890,2.22,0.1,0.3,0.34,0.2,109684.6864,14117.2916,4270.33473
v891,1.26,0.7,0.1,0.1,0.4,73094.47098,23541.32583,75992.83325
v892,0.78,0.22,0.5,0.7,0.2,98097.93057,17831.14067,12477.91523
v893,0.3,0.7,0.5,0.58,0.6,73888.12408,24189.90697,87405.44408
v894,2.22,0.34,0.6,0.58,0.2,108445.3546,18394.92441,25160.17308
v895,0.78,0.7,0.4,0.7,0.6,79529.57753,23832.91686,87369.67025
v896,1.26,0.34,0.1,0.7,0.8,90966.963,20918.19402,37820.67863
v897,0.3,0.58,0.5,0.1,0.8,68976.81258,24250.4385,79417.94435
v898,2.22,0.58,0.2,0.46,0.6,91309.71341,22302.21779,70020.29186
v899,1.26,0.1,0.2,0.34,0.6,97945.41898,15456.08247,5813.199007
v900,2.7,0.34,0.6,0.58,0.8,109678.5609,19815.58401,39621.84275
v901,1.26,0.22,0.3,0.1,0.8,89848.67349,19170.47462,20292.23376
v902,0.78,0.1,0.3,0.22,0.8,91780.82481,16379.25237,6717.56098
v903,0.3,0.7,0.5,0.7,0.8,74186.54841,24451.12956,98768.35648
v904,1.26,0.22,0.1,0.7,0.8,95611.95626,18985.55387,20292.23376
v905,1.74,0.46,0.2,0.7,0.8,92858.06014,21919.2988,58021.13167
v906,0.78,0.34,0.1,0.1,0.2,80010.84959,19646.07752,23712.05912
v907,0.3,0.7,0.3,0.46,0.4,70965.26627,23933.8737,76042.53168
v908,2.22,0.22,0.1,0.7,0.6,105574.4872,17775.77823,18711.05373
v909,0.3,0.22,0.5,0.46,0.4,88329.00331,19166.57971,15090.51163
v910,2.22,0.58,0.5,0.46,0.8,94292.75083,22586.11454,79212.40279
v911,0.78,0.22,0.6,0.58,0.8,95526.29158,19615.97255,20302.85932
v912,0.78,0.58,0.6,0.46,0.4,83759.13803,22725.59288,60908.45549
v913,0.78,0.7,0.6,0.34,0.4,78774.48789,23501.6689,76018.68246
v914,2.7,0.34,0.2,0.7,0.2,108968.4217,17930.41377,25150.9236
v915,0.78,0.7,0.3,0.46,0.6,74972.89813,24007.60173,87369.67025
v916,2.22,0.46,0.4,0.7,0.4,102343.4781,20470.05662,44133.7506
v917,1.74,0.46,0.5,0.58,0.8,95394.26835,21888.57419,58021.13167
v918,2.7,0.22,0.5,0.22,0.6,108618.8566,17601.04004,18696.73736
v919,1.74,0.1,0.6,0.7,0.8,112724.9373,15808.84339,7080.190147
v920,0.78,0.1,0.1,0.1,0.8,86904.04279,16113.80651,6717.56098
v921,1.26,0.22,0.2,0.1,0.8,88409.81894,19146.91973,20292.23376
v922,2.7,0.7,0.2,0.1,0.4,87983.62889,22487.36987,75901.3354
v923,2.7,0.1,0.3,0.46,0.8,114789.1297,14789.53844,7085.282183
v924,2.7,0.46,0.4,0.46,0.4,103377.0629,20218.34694,44107.23154
v925,0.3,0.46,0.4,0.46,0.6,77817.57187,22871.12346,53151.53992
v926,0.78,0.34,0.5,0.58,0.6,90575.29588,20957.67714,33135.21911
v927,0.78,0.1,0.2,0.7,0.8,97085.48746,16476.48501,6717.56098
v928,0.3,0.22,0.4,0.22,0.8,81906.04953,20350.33646,20311.42272
v929,2.7,0.1,0.3,0.46,0.2,115650.701,13986.71947,4270.826679
v930,1.74,0.58,0.6,0.1,0.8,85664.15745,23098.31312,79270.60488
v931,2.22,0.7,0.4,0.22,0.2,90353.18229,21913.78219,64625.55569
v932,2.22,0.1,0.3,0.34,0.2,109684.6864,14117.2916,4270.33473
v933,1.74,0.34,0.1,0.46,0.6,93271.82952,20176.15704,34850.61461
v934,0.3,0.1,0.6,0.1,0.4,88696.93737,16244.98972,4898.997613
v935,2.22,0.46,0.3,0.46,0.4,97833.53959,20566.13328,44133.7506
v936,2.7,0.46,0.4,0.1,0.2,99449.12476,19533.65903,37200.85791
v937,1.74,0.34,0.2,0.22,0.4,92310.63787,19602.29121,30009.50436
v938,2.7,0.34,0.4,0.58,0.6,107879.8839,19422.63965,34798.20303
v939,2.7,0.1,0.3,0.22,0.6,111476.3484,14430.99457,6147.130349
v940,2.22,0.22,0.2,0.34,0.4,102982.0953,17169.24398,16027.14009
v941,2.7,0.34,0.4,0.1,0.6,100859.4842,19568.08896,34798.20303
v942,2.22,0.34,0.5,0.7,0.8,105751.8128,20120.2051,39658.84068
v943,0.3,0.7,0.2,0.34,0.8,65163.24961,24788.80011,98768.35648
v944,0.3,0.1,0.2,0.58,0.4,90397.33651,16149.77709,4898.997613
v945,0.3,0.1,0.4,0.34,0.8,89032.98295,17165.61757,6712.226939
v946,1.26,0.58,0.3,0.34,0.8,80628.38849,23417.88432,79323.96246
v947,2.22,0.22,0.1,0.58,0.8,103539.4388,18172.21714,21394.96737
v948,0.78,0.34,0.3,0.58,0.2,90114.03808,19557.68447,23712.05912
v949,1.74,0.1,0.2,0.34,0.8,102682.4119,15341.2279,7080.190147
v950,2.7,0.34,0.5,0.1,0.2,104464.7909,18061.717,25150.9236
v951,1.74,0.34,0.5,0.34,0.2,99399.2878,18785.60386,25168.39412
v952,2.7,0.22,0.4,0.46,0.8,110379.2175,17920.3397,21375.87888
v953,1.26,0.1,0.1,0.46,0.6,98190.25021,15414.30346,5813.199007
v954,2.7,0.34,0.4,0.22,0.8,102049.5642,19937.06418,39621.84275
v955,2.22,0.34,0.2,0.22,0.6,95766.96142,19866.98404,34825.95148
v956,2.7,0.1,0.3,0.1,0.4,109944.7548,14040.38426,5208.978514
v957,0.3,0.22,0.3,0.58,0.2,88111.98024,18289.74728,12480.05608
v958,2.22,0.7,0.3,0.34,0.6,87457.09062,23127.05234,87243.25331
v959,1.74,0.22,0.2,0.1,0.6,93840.0628,18252.74762,18722.92396
v960,1.26,0.7,0.1,0.46,0.8,75851.62699,24117.77318,98668.95962
v961,1.26,0.22,0.3,0.1,0.8,89848.67349,19170.47462,20292.23376
v962,0.3,0.1,0.5,0.46,0.8,92080.37669,17250.9968,6712.226939
v963,1.74,0.46,0.3,0.34,0.2,93061.47189,20210.74405,37226.14613
v964,2.22,0.22,0.5,0.34,0.2,107848.5268,16597.8415,13343.22645
v965,0.78,0.46,0.1,0.7,0.2,84948.34818,20992.49736,38894.5455
v966,2.7,0.1,0.3,0.34,0.2,113976.7002,13890.43687,4270.826679
v967,2.7,0.1,0.3,0.58,0.6,116518.193,14669.46557,6147.130349
v968,2.7,0.7,0.6,0.34,0.4,97051.05359,22200.26294,75901.3354
v969,0.3,0.22,0.4,0.1,0.4,81492.38294,19225.17967,15090.51163
v970,0.3,0.7,0.2,0.22,0.8,63364.07336,24860.03347,98768.35648
v971,2.7,0.58,0.6,0.1,0.2,98473.22528,20705.86269,51620.16423
v972,1.26,0.7,0.4,0.7,0.4,86103.28452,23027.97883,75992.83325
v973,2.7,0.34,0.2,0.1,0.8,97375.09134,19985.1041,39621.84275
v974,0.78,0.46,0.4,0.22,0.2,82563.26688,21189.61032,38894.5455
v975,2.22,0.22,0.3,0.22,0.4,102581.6393,17211.96242,16027.14009
v976,0.78,0.22,0.1,0.58,0.4,90112.92179,18413.29975,15086.22993
v977,1.26,0.7,0.1,0.58,0.8,77483.48822,24049.85261,98668.95962
v978,2.7,0.46,0.5,0.1,0.2,100746.574,19545.73376,37200.85791
v979,2.22,0.7,0.1,0.1,0.6,80777.66468,23379.93202,87243.25331
v980,1.26,0.46,0.5,0.34,0.8,87216.53283,22420.73584,60199.34066
v981,2.7,0.58,0.5,0.58,0.2,104205.9968,20506.45536,51620.16423
v982,0.78,0.46,0.4,0.58,0.4,86318.19879,21752.17134,46009.42601
v983,1.74,0.7,0.1,0.7,0.8,83776.70161,23676.36059,98612.92166
v984,1.26,0.1,0.2,0.58,0.8,100998.8827,15899.10557,6722.342581
v985,2.7,0.34,0.1,0.58,0.8,102987.966,19814.60339,39621.84275
v986,2.22,0.7,0.2,0.46,0.8,86521.95934,23464.82363,98552.10212
v987,2.7,0.58,0.3,0.58,0.8,97441.82514,22286.76464,79148.77973
v988,0.78,0.22,0.5,0.58,0.2,96559.31646,17823.58198,12477.91523
v989,0.78,0.58,0.5,0.1,0.8,74486.14713,23862.47699,79372.95191
v990,2.7,0.58,0.1,0.58,0.6,95643.01513,21946.13781,69972.57456
v991,2.7,0.34,0.6,0.46,0.4,109855.5989,18843.39506,29974.56331
v992,2.22,0.7,0.1,0.22,0.6,82707.95548,23300.00995,87243.25331
v993,0.78,0.34,0.6,0.1,0.8,83874.70904,21676.651,37846.79911
v994,0.3,0.58,0.5,0.46,0.6,75568.80717,23654.51812,70174.44803
v995,0.78,0.46,0.5,0.7,0.8,86907.1739,22642.01014,60239.18702
v996,0.3,0.1,0.5,0.58,0.6,94097.29349,16872.90624,5805.612276
v997,0.78,0.46,0.6,0.1,0.8,79540.29285,22971.26013,60239.18702
v998,2.22,0.22,0.1,0.34,0.6,100694.635,17775.3957,18711.05373
v999,2.7,0.34,0.4,0.1,0.8,100139.8782,19984.20214,39621.84275
v1000,0.3,0.46,0.6,0.58,0.8,81007.63067,23113.62195,60275.49823
v1001,2.7,0.34,0.3,0.1,0.8,98787.51855,19983.88662,39621.84275
v1002,1.74,0.22,0.2,0.58,0.4,101740.0066,17576.41128,16035.05358
v1003,1.26,0.46,0.4,0.46,0.2,91312.38693,20597.64769,38884.58391
v1004,2.22,0.46,0.3,0.7,0.2,102434.1668,19706.53931,37214.11744
v1005,1.74,0.34,0.6,0.58,0.6,101703.1677,20129.14835,34850.61461
v1006,2.22,0.22,0.3,0.46,0.8,104767.4327,18249.93587,21394.96737
v1007,0.3,0.22,0.6,0.34,0.8,86363.78211,20299.27823,20311.42272
v1008,2.22,0.1,0.4,0.58,0.6,113544.4251,15038.18126,6145.654499
v1009,2.7,0.34,0.4,0.7,0.8,108707.0932,19780.28608,39621.84275
v1010,1.26,0.46,0.6,0.58,0.4,94094.08688,21262.95666,45989.50283
v1011,1.74,0.58,0.4,0.1,0.2,87250.71498,21454.29071,51650.62052
v1012,0.78,0.58,0.1,0.7,0.6,78585.9969,23313.03238,70140.7037
v1013,1.26,0.22,0.4,0.34,0.8,94965.44603,19128.03441,20292.23376
v1014,2.22,0.7,0.6,0.58,0.6,94717.22866,22869.28642,87243.25331
v1015,2.7,0.58,0.6,0.34,0.8,98009.22746,22313.77886,79148.77973
v1016,2.7,0.58,0.5,0.1,0.8,93047.53598,22496.4625,79148.77973
v1017,2.7,0.46,0.1,0.22,0.8,93431.62671,21454.46041,57919.9788
v1018,0.78,0.22,0.1,0.34,0.6,85914.0667,19134.67799,17694.54463
v1019,0.78,0.7,0.2,0.22,0.6,69983.16099,24202.58068,87369.67025
v1020,1.26,0.7,0.1,0.7,0.4,81776.87738,23171.83605,75992.83325
v1021,0.3,0.7,0.4,0.58,0.6,72547.12718,24234.67554,87405.44408
v1022,0.78,0.46,0.5,0.58,0.8,85356.01506,22706.28849,60239.18702
v1023,0.78,0.58,0.4,0.46,0.4,81142.96893,22802.49327,60908.45549
v1024,2.22,0.22,0.4,0.7,0.8,109249.9555,18254.52355,21394.96737
v1025,1.26,0.1,0.2,0.46,0.8,99374.39348,15843.21788,6722.342581
v1026,1.74,0.58,0.1,0.1,0.2,82905.77846,21516.45285,51650.62052
v1027,1.74,0.1,0.1,0.58,0.4,105153.7107,14753.06617,5206.432496
v1028,1.74,0.1,0.4,0.1,0.2,102731.6085,14270.8471,4269.55367
v1029,2.7,0.1,0.4,0.7,0.8,119190.7578,14997.06857,7085.282183
v1030,1.74,0.7,0.2,0.22,0.6,79780.19984,23554.90639,87288.86797
v1031,0.78,0.34,0.2,0.7,0.8,87131.47252,21418.3436,37846.79911
v1032,1.26,0.7,0.4,0.34,0.8,78467.80409,24047.00029,98668.95962
v1033,2.7,0.7,0.4,0.34,0.4,94494.05861,22263.25629,75901.3354
v1034,1.74,0.7,0.5,0.22,0.4,85468.2696,22920.32623,75964.81427
v1035,1.26,0.1,0.6,0.1,0.6,99542.85622,15653.32259,5813.199007
v1036,2.7,0.58,0.3,0.22,0.8,92292.62288,22493.03697,79148.77973
v1037,2.7,0.1,0.3,0.46,0.8,114789.1297,14789.53844,7085.282183
v1038,2.7,0.22,0.5,0.46,0.8,111648.8177,17947.92433,21375.87888
v1039,1.74,0.46,0.6,0.1,0.4,91843.04572,21097.25555,44157.80798
v1040,1.74,0.22,0.2,0.22,0.6,95763.52124,18240.75091,18722.92396
v1041,2.7,0.22,0.1,0.34,0.6,104966.9909,17431.74303,18696.73736
v1042,2.7,0.34,0.3,0.34,0.6,103222.6497,19482.47102,34798.20303
v1043,2.7,0.46,0.6,0.1,0.8,98326.18,21407.61507,57919.9788
v1044,2.22,0.1,0.2,0.34,0.6,107565.1226,14713.32311,6145.654499
v1045,2.7,0.7,0.4,0.7,0.8,96612.26811,22977.45466,98485.96391
v1046,0.3,0.22,0.5,0.7,0.2,92363.78858,18373.93851,12480.05608
v1047,0.78,0.58,0.4,0.34,0.8,76875.41407,23743.21066,79372.95191
v1048,2.7,0.1,0.5,0.22,0.4,114393.0974,14321.95,5208.978514
v1049,1.26,0.1,0.1,0.1,0.4,93117.47967,14714.59688,4904.055434
v1050,0.78,0.1,0.5,0.46,0.2,99133.63415,15347.84765,3993.71646
v1051,2.7,0.34,0.4,0.46,0.8,105554.4375,19853.79305,39621.84275
v1052,0.3,0.7,0.3,0.22,0.2,69144.83023,23481.87244,64679.61928
v1053,1.26,0.58,0.2,0.34,0.8,79181.6344,23464.58262,79323.96246
v1054,2.7,0.7,0.3,0.1,0.6,87876.06455,22994.26856,87193.64966
v1055,2.22,0.58,0.3,0.34,0.4,92428.87389,21736.79585,60828.18092
v1056,1.74,0.22,0.5,0.22,0.8,99287.47486,18754.68654,21410.79434
v1057,2.7,0.1,0.2,0.22,0.8,109961.0511,14539.72625,7085.282183
v1058,0.3,0.34,0.3,0.1,0.8,74053.11364,22333.29043,37870.10687
v1059,1.26,0.58,0.4,0.34,0.2,86178.78,21731.00781,51663.95991
v1060,1.26,0.22,0.6,0.58,0.8,100859.806,19105.75427,20292.23376
v1061,2.7,0.58,0.2,0.34,0.2,96844.59719,20625.27303,51620.16423
v1062,1.74,0.1,0.5,0.34,0.2,107682.5944,14575.45784,4269.55367
v1063,1.26,0.58,0.6,0.34,0.4,87169.14758,22395.85603,60883.96076
v1064,1.74,0.58,0.2,0.58,0.4,89883.66226,22005.87262,60857.28197
v1065,1.74,0.7,0.5,0.46,0.8,86206.76738,23624.25214,98612.92166
v1066,2.7,0.46,0.3,0.58,0.4,103650.7958,20178.34311,44107.23154
v1067,2.22,0.46,0.4,0.22,0.2,97135.66322,19858.78231,37214.11744
v1068,2.7,0.46,0.4,0.46,0.8,101195.3366,21254.42408,57919.9788
v1069,0.3,0.58,0.3,0.46,0.8,71660.45504,24107.91388,79417.94435
v1070,0.3,0.46,0.1,0.34,0.4,72889.50442,22519.89941,46027.58161
v1071,1.26,0.58,0.6,0.58,0.8,87946.17756,23148.53815,79323.96246
v1072,0.3,0.7,0.4,0.34,0.6,69224.77881,24374.6477,87405.44408
v1073,1.26,0.58,0.1,0.46,0.8,79399.20904,23439.60759,79323.96246
v1074,2.7,0.34,0.6,0.46,0.8,108068.647,19852.92916,39621.84275
v1075,2.7,0.7,0.5,0.1,0.4,92098.91548,22372.9469,75901.3354
v1076,0.3,0.7,0.3,0.22,0.8,64827.93317,24812.40397,98768.35648
v1077,2.22,0.34,0.1,0.1,0.6,92354.64898,19907.89979,34825.95148
v1078,0.3,0.1,0.3,0.22,0.6,86209.84147,16599.19032,5805.612276
v1079,2.7,0.46,0.6,0.46,0.2,107348.9553,19447.65965,37200.85791
v1080,0.3,0.7,0.2,0.7,0.2,74381.26363,23259.85038,64679.61928
v1081,2.7,0.22,0.2,0.58,0.8,109286.2082,17850.35462,21375.87888
v1082,0.3,0.22,0.3,0.1,0.4,80086.78688,19191.60207,15090.51163
v1083,0.78,0.1,0.6,0.58,0.8,100852.9316,16705.22732,6717.56098
v1084,0.3,0.34,0.3,0.1,0.2,77225.62102,20323.65524,23717.88606
v1085,0.78,0.46,0.4,0.7,0.2,89277.16452,20964.61407,38894.5455
v1086,1.26,0.34,0.2,0.34,0.6,88348.05374,20595.9332,33115.62875
v1087,1.26,0.1,0.1,0.58,0.8,99534.25993,15800.62248,6722.342581
v1088,0.3,0.22,0.2,0.34,0.4,82417.48439,19098.82022,15090.51163
v1089,0.3,0.34,0.1,0.58,0.8,78255.95289,22085.24581,37870.10687
v1090,1.74,0.34,0.4,0.34,0.6,95820.34797,20220.48241,34850.61461
v1091,2.22,0.22,0.6,0.1,0.2,105412.7019,16585.18301,13343.22645
v1092,0.3,0.34,0.4,0.1,0.4,77457.13276,21174.3593,28435.29299
v1093,2.7,0.58,0.2,0.58,0.4,98525.30913,21298.17083,60796.36939
v1094,0.3,0.7,0.6,0.22,0.4,71509.61381,23936.31719,76042.53168
v1095,0.78,0.22,0.2,0.7,0.8,91710.40085,19539.1349,20302.85932
v1096,2.7,0.22,0.3,0.7,0.8,112193.5342,17879.87555,21375.87888
v1097,0.78,0.22,0.6,0.1,0.8,88437.77205,19778.12846,20302.85932
v1098,2.7,0.58,0.6,0.22,0.4,98711.72173,21397.2142,60796.36939
v1099,0.78,0.58,0.5,0.22,0.8,76401.66358,23778.99054,79372.95191
v1100,0.3,0.22,0.2,0.58,0.6,85000.09759,19694.39655,17700.96718
v1101,1.74,0.46,0.1,0.58,0.4,92052.88048,20924.20729,44157.80798
v1102,2.7,0.34,0.1,0.34,0.6,100357.3483,19463.3648,34798.20303
v1103,0.78,0.46,0.6,0.34,0.2,86992.49538,21105.65307,38894.5455
v1104,0.3,0.7,0.1,0.46,0.6,66524.84916,24456.8812,87405.44408
v1105,0.78,0.1,0.2,0.58,0.6,95869.28323,16072.03476,5809.612806
v1106,1.74,0.34,0.3,0.34,0.2,96741.87893,18730.6488,25168.39412
v1107,2.7,0.34,0.4,0.22,0.8,102049.5642,19937.06418,39621.84275
v1108,1.74,0.22,0.3,0.1,0.8,94707.09557,18732.71919,21410.79434
v1109,2.22,0.7,0.4,0.22,0.2,90353.18229,21913.78219,64625.55569
v1110,1.26,0.22,0.5,0.22,0.6,95058.3373,18746.39365,17686.57546
v1111,2.22,0.46,0.5,0.22,0.2,98439.04783,19864.78372,37214.11744
v1112,2.7,0.34,0.3,0.34,0.8,102508.6523,19893.56889,39621.84275
v1113,2.22,0.58,0.4,0.46,0.8,92987.22405,22624.10344,79212.40279
v1114,2.22,0.46,0.4,0.58,0.2,102245.4763,19746.44378,37214.11744
v1115,2.7,0.46,0.1,0.22,0.6,94351.5227,20994.98376,51013.60517
v1116,0.3,0.46,0.2,0.58,0.2,79229.39362,21569.94127,38903.6233
v1117,2.22,0.58,0.4,0.46,0.8,92987.22405,22624.10344,79212.40279
v1118,0.3,0.1,0.6,0.34,0.8,91627.57781,17280.76044,6712.226939
v1119,0.78,0.46,0.3,0.58,0.6,83688.2608,22365.00446,53124.30651
v1120,1.26,0.22,0.2,0.7,0.8,97090.89499,19011.30875,20292.23376
v1121,1.74,0.58,0.1,0.7,0.4,89943.93835,21979.04902,60857.28197
v1122,2.7,0.46,0.2,0.7,0.8,101617.4604,21187.95175,57919.9788
v1123,2.7,0.22,0.3,0.34,0.6,107802.7672,17528.69976,18696.73736
v1124,0.3,0.22,0.3,0.7,0.8,87305.71748,20148.17026,20311.42272
v1125,2.7,0.46,0.3,0.7,0.4,105187.9313,20139.63637,44107.23154
v1126,1.26,0.34,0.1,0.58,0.4,91303.93556,19846.93767,28410.57888
v1127,2.7,0.7,0.4,0.22,0.8,89938.29783,23243.29252,98485.96391
v1128,0.78,0.58,0.6,0.22,0.6,78847.29863,23366.93439,70140.7037
v1129,0.3,0.34,0.6,0.46,0.8,83614.61693,22006.32327,37870.10687
v1130,2.7,0.22,0.2,0.1,0.8,102256.6843,17872.7919,21375.87888
v1131,2.22,0.58,0.3,0.1,0.8,86168.0765,22890.61895,79212.40279
v1132,0.78,0.1,0.1,0.34,0.6,91020.05834,15840.56148,5809.612806
v1133,1.26,0.58,0.3,0.58,0.4,86532.81799,22362.85371,60883.96076
v1134,1.74,0.1,0.5,0.7,0.2,112478.2575,14820.38514,4269.55367
v1135,1.26,0.22,0.2,0.7,0.8,97090.89499,19011.30875,20292.23376
v1136,1.74,0.46,0.1,0.34,0.8,86437.82223,22154.25148,58021.13167
v1137,1.74,0.34,0.5,0.58,0.6,100457.439,20130.24035,34850.61461
v1138,2.7,0.46,0.3,0.22,0.8,96327.31866,21403.7347,57919.9788
v1139,1.26,0.22,0.1,0.34,0.2,92961.75314,17056.00656,12475.25884
v1140,1.26,0.22,0.1,0.7,0.8,95611.95626,18985.55387,20292.23376
v1141,0.3,0.7,0.1,0.46,0.8,65343.1028,24769.52586,98768.35648
v1142,2.7,0.7,0.6,0.46,0.8,96000.54687,23024.14289,98485.96391
v1143,2.22,0.22,0.4,0.1,0.8,100693.4262,18323.43215,21394.96737
v1144,0.78,0.22,0.4,0.34,0.8,89589.67649,19669.50006,20302.85932
v1145,2.22,0.1,0.6,0.7,0.2,118237.7723,14620.02961,4270.33473
v1146,2.7,0.58,0.3,0.34,0.8,94103.55849,22419.22067,79148.77973
v1147,0.78,0.22,0.1,0.22,0.4,84897.75559,18436.54026,15086.22993
v1148,0.3,0.34,0.2,0.7,0.8,81354.64464,21986.64639,37870.10687
v1149,0.78,0.22,0.6,0.1,0.8,88437.77205,19778.12846,20302.85932
v1150,2.22,0.34,0.3,0.1,0.8,94507.86135,20358.92035,39658.84068
v1151,1.26,0.46,0.4,0.7,0.8,90802.0586,22253.35508,60199.34066
v1152,2.22,0.58,0.3,0.46,0.8,91626.11519,22663.82708,79212.40279
v1153,1.74,0.34,0.2,0.34,0.2,95323.64298,18696.44163,25168.39412
v1154,2.7,0.34,0.2,0.7,0.4,107778.3669,18725.98573,29974.56331
v1155,0.78,0.1,0.6,0.1,0.2,94977.76952,15154.63189,3993.71646
v1156,2.22,0.7,0.4,0.7,0.8,92471.39079,23248.85701,98552.10212
v1157,0.78,0.7,0.6,0.22,0.8,74252.91226,24352.66247,98720.65804
v1158,2.22,0.22,0.6,0.58,0.6,110703.742,17953.80884,18711.05373
v1159,0.78,0.7,0.2,0.1,0.4,69525.24438,23845.33342,76018.68246
v1160,1.26,0.1,0.6,0.58,0.8,106257.8363,16183.03383,6722.342581
v1161,2.7,0.7,0.2,0.46,0.4,93424.67102,22269.08543,75901.3354
v1162,1.74,0.7,0.4,0.7,0.4,90818.68279,22692.32504,75964.81427
v1163,2.22,0.7,0.4,0.22,0.8,85792.92242,23519.68758,98552.10212
v1164,2.7,0.34,0.4,0.22,0.8,102049.5642,19937.06418,39621.84275
v1165,2.7,0.7,0.3,0.1,0.6,87876.06455,22994.26856,87193.64966
v1166,2.7,0.34,0.2,0.58,0.2,107439.0558,17932.77329,25150.9236
v1167,0.78,0.34,0.3,0.1,0.4,81811.16727,20579.88036,28423.63911
v1168,1.26,0.7,0.2,0.7,0.8,80532.39819,23935.69289,98668.95962
v1169,2.7,0.46,0.4,0.22,0.2,101346.5655,19496.29577,37200.85791
v1170,2.7,0.58,0.6,0.1,0.2,98473.22528,20705.86269,51620.16423
v1171,0.3,0.22,0.3,0.58,0.4,87255.69447,19089.97008,15090.51163
v1172,1.74,0.7,0.5,0.22,0.6,83934.42946,23413.58701,87288.86797
v1173,2.22,0.7,0.1,0.1,0.4,82312.64093,22850.5323,75934.4045
v1174,1.74,0.22,0.5,0.58,0.8,104416.1797,18688.29311,21410.79434
v1175,2.7,0.34,0.4,0.22,0.8,102049.5642,19937.06418,39621.84275
v1176,1.26,0.46,0.5,0.46,0.4,91206.19026,21336.24678,45989.50283
v1177,1.26,0.22,0.4,0.7,0.2,102085.2877,17317.14578,12475.25884
v1178,2.7,0.1,0.6,0.22,0.2,115981.0159,14049.38564,4270.826679
v1179,2.7,0.22,0.5,0.22,0.8,108170.5383,17965.48557,21375.87888
v1180,2.7,0.46,0.6,0.22,0.8,100229.309,21338.11501,57919.9788
v1181,0.3,0.22,0.1,0.1,0.6,76245.83504,19840.58558,17700.96718
v1182,0.3,0.7,0.5,0.22,0.8,67573.28943,24721.25534,98768.35648
v1183,2.7,0.58,0.4,0.7,0.8,100329.0386,22191.24609,79148.77973
v1184,2.7,0.7,0.3,0.34,0.8,90384.69857,23214.32187,98485.96391
v1185,0.78,0.1,0.1,0.46,0.6,92750.38076,15905.48052,5809.612806
v1186,2.7,0.58,0.4,0.46,0.4,99663.28332,21311.42984,60796.36939
v1187,0.78,0.1,0.2,0.22,0.4,91094.33022,15396.5728,4901.664633
v1188,0.3,0.34,0.5,0.34,0.8,80597.43553,22106.25411,37870.10687
v1189,2.7,0.58,0.5,0.34,0.8,96760.59408,22346.14115,79148.77973
v1190,2.7,0.7,0.2,0.1,0.8,85232.01692,23409.61857,98485.96391
v1191,1.74,0.34,0.4,0.58,0.2,101415.9435,18727.41845,25168.39412
v1192,2.22,0.22,0.6,0.22,0.8,105126.0932,18356.37298,21394.96737
v1193,2.7,0.46,0.4,0.7,0.8,104354.6069,21147.6034,57919.9788
v1194,0.3,0.46,0.6,0.7,0.8,82554.6074,23047.78468,60275.49823
v1195,2.22,0.46,0.2,0.34,0.6,93427.37963,21275.20231,51053.38375
v1196,1.74,0.34,0.2,0.1,0.8,88481.42021,20800.46337,39691.72485
v1197,2.7,0.1,0.5,0.58,0.8,118931.8259,15005.01694,7085.282183
v1198,2.7,0.46,0.1,0.1,0.6,92424.74727,21061.47857,51013.60517
v1199,0.78,0.22,0.1,0.34,0.8,85255.42058,19624.54374,20302.85932
v1200,2.7,0.7,0.2,0.46,0.6,91895.97988,22815.27435,87193.64966
v1201,0.78,0.7,0.4,0.46,0.4,77858.9765,23519.42344,76018.68246
v1202,2.22,0.46,0.2,0.1,0.8,88733.96894,21874.92676,57973.01691
v1203,2.7,0.22,0.5,0.22,0.6,108618.8566,17601.04004,18696.73736
v1204,1.26,0.22,0.5,0.58,0.8,99612.26247,19091.01642,20292.23376
v1205,2.22,0.46,0.6,0.1,0.4,96332.63267,20706.19797,44133.7506
v1206,2.7,0.22,0.2,0.34,0.4,107242.315,16836.3713,16017.59584
v1207,2.7,0.46,0.3,0.34,0.8,98137.08491,21337.44717,57919.9788
v1208,0.78,0.22,0.1,0.58,0.8,88648.33956,19553.68595,20302.85932
v1209,0.3,0.22,0.4,0.46,0.2,87857.85211,18336.37337,12480.05608
v1210,2.7,0.7,0.5,0.22,0.8,91245.82005,23200.98692,98485.96391
v1211,0.78,0.58,0.6,0.22,0.8,77687.72148,23735.74622,79372.95191
v1212,1.74,0.22,0.6,0.22,0.8,100535.7169,18774.30878,21410.79434
v1213,0.78,0.34,0.4,0.7,0.8,89944.401,21375.74007,37846.79911
v1214,2.7,0.22,0.4,0.1,0.8,104993.9736,17945.34427,21375.87888
v1215,1.74,0.7,0.1,0.7,0.8,83776.70161,23676.36059,98612.92166
v1216,2.7,0.22,0.3,0.1,0.4,104942.6914,16852.15425,16017.59584
v1217,1.26,0.34,0.4,0.34,0.4,92241.66411,19955.48395,28410.57888
v1218,2.22,0.34,0.5,0.22,0.4,100932.7305,19237.91165,29993.06228
v1219,0.78,0.58,0.6,0.1,0.8,75776.6819,23819.94345,79372.95191
v1220,2.7,0.46,0.6,0.46,0.2,107348.9553,19447.65965,37200.85791
v1221,0.3,0.7,0.1,0.22,0.2,66092.72356,23588.47335,64679.61928
v1222,0.78,0.34,0.5,0.22,0.4,86475.02101,20516.97403,28423.63911
v1223,2.7,0.58,0.5,0.22,0.2,99116.915,20655.76286,51620.16423
v1224,2.7,0.58,0.2,0.22,0.8,90871.51778,22533.2559,79148.77973
v1225,1.26,0.1,0.1,0.58,0.8,99534.25993,15800.62248,6722.342581
v1226,2.7,0.58,0.4,0.1,0.8,91737.9967,22532.82931,79148.77973
v1227,2.22,0.34,0.2,0.1,0.6,93843.6865,19913.30434,34825.95148
v1228,1.26,0.46,0.6,0.7,0.2,97042.67352,20498.48097,38884.58391
v1229,2.7,0.7,0.4,0.7,0.2,101141.2205,21362.77323,64609.02114
v1230,2.22,0.58,0.4,0.7,0.2,100284.5328,20798.4189,51636.06999
v1231,0.78,0.34,0.4,0.1,0.6,82122.91209,21231.64995,33135.21911
v1232,1.74,0.58,0.2,0.34,0.8,83989.86188,23114.14406,79270.60488
v1233,2.7,0.58,0.6,0.7,0.2,106965.1016,20458.23241,51620.16423
v1234,2.22,0.58,0.3,0.58,0.8,93255.78509,22597.78571,79212.40279
v1235,0.3,0.34,0.2,0.34,0.8,76380.94571,22201.1839,37870.10687
v1236,2.22,0.58,0.3,0.34,0.8,89906.47535,22734.91952,79212.40279
v1237,1.74,0.58,0.4,0.34,0.8,86800.16557,23024.91931,79270.60488
v1238,0.3,0.58,0.6,0.22,0.6,73338.30529,23762.81959,70174.44803
v1239,2.22,0.58,0.3,0.7,0.2,98934.35715,20809.16201,51636.06999
v1240,1.74,0.34,0.6,0.58,0.6,101703.1677,20129.14835,34850.61461
v1241,1.26,0.22,0.6,0.46,0.6,99826.00925,18725.44775,17686.57546
v1242,0.78,0.58,0.4,0.46,0.8,78591.33522,23669.14502,79372.95191
v1243,0.3,0.1,0.2,0.46,0.4,88756.37207,16087.18402,4898.997613
v1244,2.7,0.34,0.4,0.46,0.8,105554.4375,19853.79305,39621.84275
v1245,1.26,0.46,0.5,0.46,0.2,92629.24845,20593.39725,38884.58391
v1246,0.78,0.46,0.3,0.1,0.6,76544.17466,22676.93672,53124.30651
v1247,1.74,0.7,0.1,0.34,0.8,78866.93184,23880.96746,98612.92166
v1248,2.7,0.7,0.2,0.58,0.2,96850.04626,21457.3662,64609.02114
v1249,2.7,0.7,0.6,0.22,0.2,97067.35426,21548.78698,64609.02114
v1250,2.7,0.46,0.3,0.58,0.8,101472.9704,21219.04739,57919.9788
v1251,1.74,0.46,0.2,0.7,0.2,96521.09755,20083.52841,37226.14613
v1252,2.22,0.34,0.3,0.7,0.8,103125.8801,20126.4082,39658.84068
v1253,2.7,0.46,0.4,0.34,0.8,99487.77661,21315.52757,57919.9788
v1254,0.3,0.58,0.6,0.1,0.4,72775.42824,23382.05782,60930.95171
v1255,1.26,0.1,0.5,0.7,0.4,107202.2533,15530.41572,4904.055434
v1256,2.7,0.34,0.6,0.58,0.8,109678.5609,19815.58401,39621.84275
v1257,1.74,0.34,0.5,0.7,0.6,101997.1589,20091.88487,34850.61461
v1258,1.74,0.46,0.2,0.46,0.8,89663.82292,22047.69804,58021.13167
v1259,2.22,0.7,0.2,0.1,0.2,85628.78025,22047.66272,64625.55569
v1260,1.74,0.58,0.1,0.34,0.8,82486.30397,23161.25651,79270.60488
v1261,2.7,0.46,0.5,0.34,0.4,102967.0743,20260.52183,44107.23154
v1262,0.78,0.58,0.6,0.22,0.2,81836.54862,22184.87069,51676.20727
v1263,2.22,0.22,0.1,0.7,0.2,107241.1798,16435.58995,13343.22645
v1264,2.22,0.58,0.4,0.58,0.2,98750.96709,20843.79126,51636.06999
v1265,0.3,0.58,0.6,0.34,0.2,78087.31834,22571.49485,51687.45538
v1266,0.78,0.7,0.2,0.34,0.4,73278.04742,23690.27123,76018.68246
v1267,2.7,0.7,0.4,0.1,0.8,88028.85773,23321.02056,98485.96391
v1268,0.78,0.58,0.1,0.22,0.8,70669.67824,23971.47244,79372.95191
v1269,0.3,0.46,0.2,0.46,0.2,77586.18705,21632.72734,38903.6233
v1270,0.78,0.7,0.2,0.58,0.8,73922.06275,24319.89886,98720.65804
v1271,0.3,0.7,0.3,0.7,0.4,74139.84721,23805.44034,76042.53168
v1272,0.3,0.22,0.2,0.34,0.4,82417.48439,19098.82022,15090.51163
v1273,1.74,0.34,0.3,0.58,0.8,97017.73953,20561.46484,39691.72485
v1274,1.74,0.22,0.5,0.7,0.8,105951.1918,18669.56759,21410.79434
v1275,0.78,0.34,0.5,0.1,0.2,85731.87487,19740.86747,23712.05912
v1276,1.74,0.46,0.3,0.7,0.4,96507.54068,20850.57868,44157.80798
v1277,1.74,0.34,0.2,0.58,0.6,96390.83474,20132.28853,34850.61461
v1278,0.78,0.46,0.1,0.58,0.4,81968.82072,21835.13853,46009.42601
v1279,0.78,0.22,0.3,0.1,0.2,86791.13914,17677.51232,12477.91523
v1280,2.7,0.22,0.2,0.7,0.2,112919.1325,16210.40549,13338.45433
v1281,2.7,0.34,0.1,0.22,0.8,97823.27373,19937.83266,39621.84275
v1282,1.26,0.7,0.2,0.58,0.4,81735.11191,23184.87588,75992.83325
v1283,1.74,0.22,0.5,0.46,0.2,105000.8182,16978.85496,13347.1832
v1284,1.74,0.22,0.6,0.46,0.6,104577.8126,18339.1416,18722.92396
v1285,2.22,0.46,0.1,0.46,0.8,92725.12797,21687.86105,57973.01691
v1286,2.7,0.34,0.3,0.22,0.8,100702.64,19936.20571,39621.84275
v1287,2.22,0.7,0.6,0.22,0.4,91138.28546,22565.38666,75934.4045
v1288,0.3,0.58,0.4,0.58,0.8,74683.612,23990.90335,79417.94435
v1289,1.74,0.1,0.6,0.22,0.6,106373.2664,15324.0319,6143.311322
v1290,2.22,0.46,0.6,0.58,0.4,103342.2567,20499.06337,44133.7506
v1291,1.74,0.22,0.1,0.34,0.8,95549.14427,18624.26358,21410.79434
v1292,2.7,0.7,0.3,0.22,0.8,88574.73837,23286.57965,98485.96391
v1293,2.7,0.7,0.1,0.34,0.8,87481.28111,23305.92329,98485.96391
v1294,2.7,0.34,0.3,0.7,0.6,108082.9917,19385.42352,34798.20303
v1295,2.22,0.58,0.1,0.7,0.2,96048.28535,20833.14028,51636.06999
v1296,0.78,0.58,0.2,0.46,0.4,78291.14753,22892.14737,60908.45549
v1297,2.22,0.58,0.1,0.7,0.4,94419.02849,21607.94022,60828.18092
v1298,1.74,0.7,0.3,0.7,0.6,87929.12086,23227.42986,87288.86797
v1299,2.7,0.34,0.3,0.46,0.8,104216.5875,19852.88706,39621.84275
v1300,2.22,0.58,0.4,0.46,0.2,97137.18209,20894.18327,51636.06999
v1301,0.3,0.58,0.3,0.34,0.6,71093.05258,23825.80506,70174.44803
v1302,1.74,0.22,0.2,0.7,0.4,103280.1652,17584.06933,16035.05358
v1303,1.26,0.58,0.5,0.46,0.4,87607.03056,22359.25237,60883.96076
v1304,0.3,0.58,0.6,0.1,0.8,70276.21708,24205.90605,79417.94435
v1305,1.26,0.34,0.1,0.34,0.8,86016.62726,21092.84924,37820.67863
v1306,2.7,0.7,0.1,0.34,0.4,90224.1411,22379.32602,75901.3354
v1307,1.26,0.7,0.2,0.46,0.2,81853.91791,22572.96711,64654.77007
v1308,1.74,0.58,0.4,0.58,0.8,90145.55729,22887.3024,79270.60488
v1309,2.22,0.7,0.2,0.58,0.8,88150.29643,23400.13915,98552.10212
v1310,0.3,0.46,0.2,0.46,0.8,73878.91576,23366.2663,60275.49823
v1311,1.26,0.7,0.1,0.1,0.8,70391.66142,24345.40425,98668.95962
v1312,0.3,0.1,0.3,0.34,0.4,88465.13888,16125.62824,4898.997613
v1313,0.3,0.34,0.2,0.7,0.2,84491.57522,20082.90378,23717.88606
v1314,1.26,0.7,0.2,0.58,0.4,81735.11191,23184.87588,75992.83325
v1315,1.26,0.46,0.4,0.46,0.8,87615.53385,22384.05257,60199.34066
v1316,0.78,0.58,0.3,0.7,0.4,82936.35039,22712.13189,60908.45549
v1317,2.22,0.34,0.4,0.22,0.6,98540.06908,19874.73524,34825.95148
v1318,0.3,0.46,0.6,0.22,0.8,75843.04381,23344.47966,60275.49823
v1319,0.78,0.1,0.1,0.46,0.6,92750.38076,15905.48052,5809.612806
v1320,0.3,0.1,0.6,0.46,0.2,94587.89603,15889.56697,3992.38295
v1321,0.3,0.1,0.3,0.46,0.2,90637.93801,15625.58549,3992.38295
v1322,1.26,0.22,0.4,0.34,0.6,95559.22916,18697.93105,17686.57546
v1323,1.26,0.58,0.6,0.22,0.6,83957.30196,22991.86852,70103.96161
v1324,1.74,0.34,0.5,0.1,0.6,93403.4054,20323.14072,34850.61461
v1325,0.78,0.46,0.1,0.7,0.8,81247.17845,22806.3553,60239.18702
v1326,1.74,0.22,0.3,0.1,0.8,94707.09557,18732.71919,21410.79434
v1327,1.26,0.22,0.3,0.22,0.8,91779.44924,19137.96735,20292.23376
v1328,2.22,0.7,0.6,0.34,0.8,90168.91799,23362.02216,98552.10212
v1329,1.26,0.58,0.6,0.46,0.6,87476.23931,22846.39729,70103.96161
v1330,1.74,0.46,0.6,0.22,0.2,95197.81179,20263.49417,37226.14613
v1331,2.7,0.7,0.4,0.1,0.8,88028.85773,23321.02056,98485.96391
v1332,1.74,0.7,0.4,0.58,0.2,91044.71507,22066.05655,64640.76058
v1333,1.74,0.1,0.4,0.34,0.6,105648.3198,15246.98496,6143.311322
v1334,2.7,0.34,0.4,0.34,0.4,105654.7605,18832.88282,29974.56331
v1335,0.3,0.7,0.5,0.46,0.8,71054.17965,24580.48341,98768.35648
v1336,2.7,0.58,0.6,0.7,0.6,103937.7898,21739.22019,69972.57456
v1337,1.74,0.46,0.6,0.22,0.8,91505.79458,22063.55226,58021.13167
v1338,2.7,0.1,0.2,0.34,0.2,112614.3996,13782.1907,4270.826679
v1339,2.7,0.22,0.3,0.7,0.8,112193.5342,17879.87555,21375.87888
v1340,2.22,0.1,0.1,0.34,0.8,105933.0587,14840.6539,7083.314384
v1341,1.74,0.34,0.3,0.46,0.4,97263.32881,19540.89675,30009.50436
v1342,2.7,0.22,0.1,0.34,0.4,105795.6819,16769.41563,16017.59584
v1343,2.7,0.7,0.3,0.46,0.2,96645.41819,21489.45407,64609.02114
v1344,0.3,0.46,0.2,0.46,0.8,73878.91576,23366.2663,60275.49823
v1345,2.7,0.7,0.3,0.1,0.2,91235.97727,21683.30491,64609.02114
v1346,1.26,0.34,0.3,0.34,0.2,92052.16509,19100.36461,23705.529
v1347,0.3,0.1,0.4,0.22,0.8,87203.9543,17137.08385,6712.226939
v1348,0.3,0.34,0.3,0.58,0.8,81242.13464,22021.94114,37870.10687
v1349,2.22,0.34,0.1,0.1,0.4,93463.83038,19198.11768,29993.06228
v1350,1.26,0.58,0.4,0.58,0.6,86511.57225,22857.72596,70103.96161
v1351,1.74,0.22,0.6,0.58,0.6,106188.6934,18327.34546,18722.92396
v1352,0.3,0.34,0.2,0.34,0.4,78362.79327,21052.55038,28435.29299
v1353,1.26,0.22,0.5,0.1,0.4,93963.72557,18086.70014,15080.91715
v1354,1.74,0.22,0.4,0.34,0.8,99795.03199,18707.9836,21410.79434
v1355,2.22,0.46,0.3,0.58,0.2,100899.523,19738.37317,37214.11744
v1356,0.3,0.34,0.2,0.22,0.8,74533.95291,22281.5128,37870.10687
v1357,0.3,0.22,0.1,0.1,0.6,76245.83504,19840.58558,17700.96718
v1358,0.3,0.1,0.4,0.7,0.8,93950.29232,17242.32723,6712.226939
v1359,2.22,0.1,0.6,0.34,0.8,112563.4817,15265.31447,7083.314384
v1360,1.74,0.1,0.3,0.46,0.4,106374.9908,14886.23374,5206.432496
v1361,1.26,0.46,0.1,0.46,0.6,84303.8784,22051.24617,53094.42174
v1362,2.22,0.46,0.5,0.1,0.8,92848.91951,21785.23131,57973.01691
v1363,0.3,0.22,0.5,0.1,0.8,81302.62376,20413.21564,20311.42272
v1364,2.22,0.7,0.6,0.46,0.4,94635.29734,22429.48273,75934.4045
v1365,0.3,0.58,0.5,0.7,0.2,81672.37918,22411.30072,51687.45538
v1366,2.7,0.46,0.6,0.7,0.4,109033.1946,20132.32288,44107.23154
v1367,2.7,0.34,0.3,0.7,0.2,110348.3264,17967.71653,25150.9236
v1368,2.7,0.46,0.6,0.7,0.6,107780.6574,20714.24182,51013.60517
v1369,2.7,0.1,0.1,0.22,0.8,108525.9177,14425.68224,7085.282183
v1370,0.3,0.46,0.4,0.22,0.8,73195.76205,23431.79741,60275.49823
v1371,0.78,0.1,0.1,0.46,0.4,93151.68627,15440.94628,4901.664633
v1372,2.7,0.22,0.1,0.22,0.8,102708.3785,17822.1245,21375.87888
v1373,1.26,0.34,0.6,0.46,0.8,94634.43119,20957.12609,37820.67863
v1374,0.78,0.7,0.2,0.22,0.4,71456.60843,23765.21287,76018.68246
v1375,2.22,0.58,0.2,0.7,0.4,95897.75148,21579.43385,60828.18092
v1376,2.7,0.7,0.1,0.46,0.8,89203.10477,23237.63138,98485.96391
v1377,0.3,0.46,0.6,0.7,0.2,86254.55998,21442.84471,38903.6233
v1378,1.74,0.7,0.4,0.58,0.4,89278.72598,22752.60136,75964.81427
v1379,2.7,0.22,0.3,0.46,0.2,111172.6352,16209.25497,13338.45433
v1380,2.22,0.34,0.5,0.46,0.8,102597.1714,20200.43215,39658.84068
v1381,2.7,0.34,0.2,0.7,0.4,107778.3669,18725.98573,29974.56331
v1382,2.22,0.34,0.3,0.58,0.2,104599.1697,18312.30958,25160.17308
v1383,2.7,0.58,0.5,0.34,0.4,99257.80974,21352.6739,60796.36939
v1384,0.78,0.46,0.2,0.58,0.4,83485.65204,21806.00948,46009.42601
v1385,1.26,0.22,0.4,0.58,0.8,98312.29284,19073.13223,20292.23376
v1386,1.74,0.34,0.4,0.22,0.4,95102.80283,19628.25558,30009.50436
v1387,2.7,0.7,0.5,0.22,0.8,91245.82005,23200.98692,98485.96391
v1388,1.74,0.46,0.6,0.34,0.8,93314.42911,21992.34194,58021.13167
v1389,1.74,0.1,0.5,0.1,0.6,103248.7083,15173.79589,6143.311322
v1390,0.3,0.7,0.5,0.58,0.6,73888.12408,24189.90697,87405.44408
v1391,1.74,0.22,0.1,0.46,0.2,99508.67897,16727.66866,13347.1832
v1392,2.7,0.34,0.2,0.58,0.8,104444.8498,19814.63978,39621.84275
v1393,2.7,0.46,0.3,0.34,0.6,99054.42523,20903.29938,51013.60517
v1394,0.3,0.1,0.6,0.34,0.8,91627.57781,17280.76044,6712.226939
v1395,2.7,0.58,0.5,0.1,0.4,95555.89695,21486.29301,60796.36939
v1396,1.26,0.58,0.2,0.7,0.8,84100.9532,23258.64734,79323.96246
v1397,2.7,0.34,0.2,0.22,0.6,100014.578,19510.01851,34798.20303
v1398,2.22,0.58,0.2,0.34,0.6,89589.30025,22373.56396,70020.29186
v1399,2.22,0.22,0.6,0.58,0.8,110219.3056,18312.54092,21394.96737
v1400,0.3,0.46,0.2,0.1,0.2,72065.3691,21849.83869,38903.6233
v1401,0.78,0.22,0.2,0.46,0.4,89971.06743,18470.29726,15086.22993
v1402,0.3,0.22,0.4,0.22,0.8,81906.04953,20350.33646,20311.42272
v1403,0.3,0.1,0.2,0.46,0.2,89202.93669,15512.25861,3992.38295
v1404,2.22,0.34,0.3,0.58,0.2,104599.1697,18312.30958,25160.17308
v1405,0.78,0.46,0.6,0.1,0.6,80586.72611,22564.51469,53124.30651
v1406,0.78,0.58,0.1,0.46,0.4,76762.52411,22941.67556,60908.45549
v1407,1.74,0.7,0.1,0.1,0.8,75120.96463,24037.8753,98612.92166
v1408,0.3,0.58,0.3,0.7,0.2,78935.69561,22481.85506,51687.45538
v1409,0.78,0.34,0.4,0.1,0.8,81248.27937,21722.01895,37846.79911
v1410,2.22,0.22,0.3,0.58,0.4,107689.4405,17253.9715,16027.14009
v1411,0.3,0.58,0.5,0.46,0.8,74401.26177,24015.37365,79417.94435
v1412,2.7,0.1,0.6,0.1,0.4,113737.1849,14301.81338,5208.978514
v1413,2.7,0.1,0.2,0.1,0.8,108073.6971,14447.59066,7085.282183
v1414,0.3,0.1,0.2,0.46,0.8,87942.03289,17044.49922,6712.226939
v1415,1.26,0.58,0.5,0.1,0.8,79611.21787,23491.13738,79323.96246
v1416,1.74,0.34,0.1,0.7,0.4,97548.39533,19449.88044,30009.50436
v1417,2.7,0.22,0.3,0.1,0.8,103655.1153,17912.13372,21375.87888
v1418,1.74,0.1,0.2,0.58,0.2,106994.0209,14466.88977,4269.55367
v1419,2.7,0.34,0.4,0.22,0.8,102049.5642,19937.06418,39621.84275
v1420,2.7,0.46,0.3,0.58,0.6,102388.093,20796.84504,51013.60517
v1421,2.7,0.58,0.3,0.46,0.8,95817.7435,22350.44897,79148.77973
v1422,2.7,0.7,0.2,0.46,0.8,90682.75132,23190.78404,98485.96391
v1423,0.3,0.58,0.1,0.58,0.8,70300.16714,24138.26317,79417.94435
v1424,1.74,0.34,0.6,0.7,0.4,104308.2295,19508.12903,30009.50436
v1425,2.7,0.58,0.3,0.58,0.8,97441.82514,22286.76464,79148.77973
v1426,2.22,0.22,0.3,0.58,0.8,106385.4752,18239.29652,21394.96737
v1427,0.3,0.22,0.1,0.34,0.8,79353.92898,20281.34979,20311.42272
v1428,2.7,0.34,0.5,0.34,0.2,108133.7537,18045.69112,25150.9236
v1429,2.7,0.7,0.5,0.22,0.2,95813.51111,21568.8918,64609.02114
v1430,0.78,0.7,0.6,0.7,0.2,85355.29341,22686.9771,64667.69467
v1431,2.7,0.22,0.1,0.22,0.6,103164.5309,17424.94614,18696.73736
v1432,2.22,0.22,0.4,0.1,0.6,101194.6368,17914.61808,18711.05373
v1433,0.78,0.1,0.4,0.58,0.4,99033.01522,15817.39145,4901.664633
v1434,0.78,0.22,0.1,0.7,0.6,90862.3838,19061.59817,17694.54463
v1435,1.74,0.58,0.1,0.7,0.4,89943.93835,21979.04902,60857.28197
v1436,0.78,0.22,0.2,0.34,0.6,87424.26305,19167.13549,17694.54463
v1437,2.7,0.34,0.5,0.58,0.6,109156.9024,19429.15004,34798.20303
v1438,2.7,0.46,0.1,0.7,0.8,100155.9751,21210.07649,57919.9788
v1439,0.3,0.22,0.1,0.22,0.6,78216.76291,19792.52645,17700.96718
v1440,2.22,0.7,0.2,0.7,0.6,90923.24137,22973.19387,87243.25331
v1441,2.7,0.34,0.2,0.46,0.8,102819.2313,19853.48876,39621.84275
v1442,1.74,0.46,0.5,0.58,0.4,97626.3405,20874.91198,44157.80798
v1443,0.3,0.7,0.6,0.46,0.8,72338.4771,24538.98179,98768.35648
v1444,1.26,0.46,0.2,0.58,0.6,87453.85862,21950.22402,53094.42174
v1445,2.7,0.58,0.1,0.22,0.2,93557.30669,20686.67266,51620.16423
v1446,2.7,0.7,0.3,0.58,0.8,93720.8071,23081.18591,98485.96391
v1447,1.26,0.46,0.6,0.46,0.2,93892.34663,20590.26376,38884.58391
v1448,2.7,0.1,0.5,0.34,0.6,115815.1071,14680.68461,6147.130349
v1449,2.7,0.7,0.3,0.46,0.8,92097.04487,23146.09223,98485.96391
v1450,2.7,0.22,0.3,0.58,0.2,112769.9799,16243.68448,13338.45433
v1451,0.3,0.34,0.3,0.46,0.8,79591.61107,22093.28499,37870.10687
v1452,2.22,0.22,0.4,0.34,0.2,106570.9486,16544.57074,13343.22645
v1453,2.7,0.7,0.6,0.58,0.6,98830.64294,22592.69776,87193.64966
v1454,0.3,0.34,0.3,0.22,0.6,76926.49932,21752.03164,33152.69993
v1455,2.22,0.22,0.5,0.7,0.8,110522.6658,18278.24123,21394.96737
v1456,1.74,0.7,0.5,0.58,0.8,87825.73039,23557.20587,98612.92166
v1457,0.78,0.7,0.1,0.22,0.8,67257.1909,24583.16802,98720.65804
v1458,0.78,0.58,0.3,0.46,0.8,77201.61122,23715.12474,79372.95191
v1459,0.3,0.34,0.5,0.22,0.8,78767.11211,22183.78102,37870.10687
v1460,0.3,0.22,0.6,0.46,0.8,88091.79848,20249.01291,20311.42272
v1461,2.7,0.7,0.3,0.58,0.8,93720.8071,23081.18591,98485.96391
v1462,2.7,0.7,0.1,0.34,0.6,88692.85956,22934.60653,87193.64966
v1463,1.26,0.58,0.6,0.1,0.8,80892.97118,23449.58116,79323.96246
v1464,0.78,0.7,0.6,0.34,0.8,76044.53504,24277.27965,98720.65804
v1465,2.7,0.7,0.5,0.7,0.2,102432.5586,21344.03161,64609.02114
v1466,1.26,0.34,0.5,0.34,0.8,91653.4523,21029.92799,37820.67863
v1467,0.78,0.34,0.5,0.1,0.8,82589.05161,21698.42689,37846.79911
v1468,1.26,0.46,0.4,0.34,0.8,85892.16938,22455.66675,60199.34066
v1469,0.3,0.1,0.4,0.34,0.8,89032.98295,17165.61757,6712.226939
v1470,0.78,0.1,0.6,0.46,0.8,99235.92717,16668.96352,6717.56098
v1471,2.7,0.46,0.2,0.1,0.6,93910.81908,21043.63055,51013.60517
v1472,1.26,0.1,0.3,0.1,0.8,95344.5856,15745.00837,6722.342581
v1473,2.7,0.1,0.1,0.46,0.8,112001.7893,14594.69172,7085.282183
v1474,1.74,0.34,0.3,0.58,0.8,97017.73953,20561.46484,39691.72485
v1475,2.22,0.1,0.6,0.46,0.8,114241.2392,15325.41807,7083.314384
v1476,2.7,0.22,0.4,0.34,0.8,108683.3877,17927.8921,21375.87888
v1477,0.78,0.22,0.5,0.58,0.8,94266.05068,19606.90293,20302.85932
v1478,2.22,0.34,0.4,0.46,0.6,102053.2751,19794.30725,34825.95148
v1479,0.78,0.58,0.4,0.46,0.8,78591.33522,23669.14502,79372.95191
v1480,1.74,0.34,0.5,0.7,0.4,103068.5759,19499.43153,30009.50436
v1481,1.26,0.22,0.4,0.22,0.2,95423.15661,17243.2845,12475.25884
v1482,0.78,0.34,0.1,0.46,0.8,82401.65161,21570.9854,37846.79911
v1483,2.7,0.34,0.2,0.34,0.2,104129.1405,17937.64927,25150.9236
v1484,1.74,0.34,0.6,0.22,0.8,95786.69333,20696.71095,39691.72485
v1485,2.22,0.34,0.6,0.7,0.8,106985.4672,20116.86176,39658.84068
v1486,2.7,0.58,0.3,0.7,0.4,101470.9715,21223.46827,60796.36939
v1487,2.7,0.34,0.6,0.58,0.6,110382.8615,19435.20641,34798.20303
v1488,1.74,0.58,0.1,0.34,0.2,86658.35425,21380.93117,51650.62052
v1489,2.7,0.46,0.2,0.1,0.2,96680.24747,19502.53657,37200.85791
v1490,2.22,0.34,0.4,0.46,0.8,101304.5518,20205.45085,39658.84068
v1491,0.78,0.58,0.1,0.1,0.8,68732.13393,24055.76074,79372.95191
v1492,0.78,0.1,0.3,0.1,0.2,91033.00816,14854.0823,3993.71646
v1493,2.7,0.7,0.5,0.34,0.4,95798.77398,22230.2158,75901.3354
v1494,0.78,0.34,0.1,0.22,0.8,78807.76649,21719.72477,37846.79911
v1495,0.78,0.46,0.3,0.7,0.8,84202.69669,22718.57836,60239.18702
v1496,0.3,0.22,0.1,0.34,0.8,79353.92898,20281.34979,20311.42272
v1497,2.22,0.22,0.5,0.7,0.4,111809.4169,17348.92856,16027.14009
v1498,1.26,0.22,0.3,0.46,0.8,95322.28004,19080.77689,20292.23376
v1499,2.7,0.1,0.4,0.7,0.8,119190.7578,14997.06857,7085.282183
v1500,1.74,0.22,0.6,0.22,0.2,102756.553,16980.15767,13347.1832
v1501,0.78,0.58,0.1,0.1,0.4,71242.56257,23183.13903,60908.45549
v1502,1.26,0.46,0.5,0.22,0.2,89113.11454,20699.87679,38884.58391
v1503,0.78,0.46,0.1,0.1,0.6,73528.52533,22763.52901,53124.30651
v1504,2.7,0.1,0.3,0.22,0.2,112207.7906,13785.16089,4270.826679
v1505,2.7,0.58,0.1,0.58,0.4,97053.73384,21321.64626,60796.36939
v1506,2.7,0.34,0.4,0.34,0.6,104563.1263,19490.89445,34798.20303
v1507,2.7,0.34,0.1,0.7,0.8,104534.8894,19778.93975,39621.84275
v1508,1.74,0.22,0.6,0.34,0.8,102335.0041,18748.96581,21410.79434
v1509,1.26,0.34,0.4,0.7,0.2,98291.2059,19060.06815,23705.529
v1510,2.7,0.58,0.6,0.7,0.6,103937.7898,21739.22019,69972.57456
v1511,2.7,0.22,0.1,0.46,0.4,107497.1055,16793.14565,16017.59584
v1512,1.26,0.46,0.5,0.7,0.4,94376.34408,21224.40084,45989.50283
v1513,1.74,0.46,0.4,0.58,0.6,95058.53025,21489.3256,51089.46982
v1514,2.7,0.58,0.2,0.46,0.4,96900.93364,21356.79367,60796.36939
v1515,2.7,0.58,0.2,0.46,0.8,94405.44672,22389.58681,79148.77973
v1516,2.22,0.58,0.3,0.7,0.4,97311.18038,21552.78468,60828.18092
v1517,1.26,0.7,0.6,0.1,0.4,80126.23779,23302.68138,75992.83325
v1518,2.7,0.22,0.5,0.1,0.8,106276.8508,17975.58804,21375.87888
v1519,1.74,0.7,0.6,0.1,0.2,86615.02913,22273.37901,64640.76058
v1520,1.26,0.7,0.2,0.1,0.4,74631.59278,23488.68023,75992.83325
v1521,0.3,0.46,0.5,0.46,0.2,81797.07746,21576.37725,38903.6233
v1522,1.26,0.1,0.5,0.7,0.8,106555.0243,16168.55605,6722.342581
v1523,1.26,0.7,0.1,0.34,0.6,75349.97711,23848.90522,87330.89644
v1524,2.22,0.58,0.6,0.7,0.8,98702.5534,22427.94616,79212.40279
v1525,1.74,0.58,0.3,0.46,0.2,91307.42211,21281.45712,51650.62052
v1526,0.3,0.58,0.6,0.34,0.8,73982.27746,24045.16816,79417.94435
v1527,1.74,0.7,0.1,0.58,0.2,86744.94771,22168.15639,64640.76058
v1528,1.26,0.1,0.1,0.22,0.4,95040.66539,14823.57131,4904.055434
v1529,0.78,0.7,0.6,0.58,0.8,79350.97845,24141.23005,98720.65804
v1530,2.7,0.34,0.1,0.58,0.8,102987.966,19814.60339,39621.84275
v1531,1.74,0.1,0.2,0.1,0.8,98969.46022,15186.24907,7080.190147
v1532,2.22,0.46,0.3,0.34,0.2,97578.36041,19809.37158,37214.11744
v1533,0.78,0.7,0.6,0.1,0.8,72357.48164,24432.20792,98720.65804
v1534,2.7,0.22,0.6,0.34,0.8,111179.861,17982.29987,21375.87888
v1535,2.7,0.22,0.2,0.7,0.2,112919.1325,16210.40549,13338.45433
v1536,2.22,0.34,0.4,0.22,0.2,100837.1021,18375.49587,25160.17308
v1537,1.26,0.7,0.1,0.1,0.8,70391.66142,24345.40425,98668.95962
v1538,2.7,0.7,0.2,0.46,0.4,93424.67102,22269.08543,75901.3354
v1539,1.74,0.34,0.3,0.58,0.8,97017.73953,20561.46484,39691.72485
v1540,1.74,0.34,0.6,0.22,0.8,95786.69333,20696.71095,39691.72485
v1541,1.26,0.1,0.4,0.7,0.6,105551.5386,15819.1302,5813.199007
v1542,0.78,0.22,0.4,0.1,0.4,87310.04211,18591.86225,15086.22993
v1543,0.78,0.58,0.3,0.34,0.8,75481.64148,23789.84206,79372.95191
v1544,0.3,0.46,0.1,0.1,0.8,66801.20908,23668.40316,60275.49823
v1545,0.3,0.7,0.6,0.46,0.4,75017.41007,23792.23429,76042.53168
v1546,1.74,0.34,0.4,0.34,0.4,96909.37442,19589.17317,30009.50436
v1547,2.22,0.22,0.5,0.58,0.8,108993.884,18290.67773,21394.96737
v1548,0.78,0.34,0.4,0.22,0.6,84061.19327,21157.99626,33135.21911
v1549,0.78,0.22,0.6,0.1,0.8,88437.77205,19778.12846,20302.85932
v1550,2.7,0.22,0.6,0.34,0.8,111179.861,17982.29987,21375.87888
v1551,1.26,0.7,0.3,0.22,0.4,78020.94924,23355.63068,75992.83325
v1552,0.3,0.1,0.4,0.34,0.4,89845.06157,16219.26289,4898.997613
v1553,1.74,0.58,0.4,0.46,0.2,92675.73037,21263.75859,51650.62052
v1554,1.26,0.58,0.3,0.46,0.2,86511.14652,21689.84809,51663.95991
v1555,0.78,0.58,0.3,0.58,0.4,81383.93291,22776.78419,60908.45549
v1556,0.78,0.1,0.2,0.1,0.8,88411.76092,16226.79804,6717.56098
v1557,1.74,0.58,0.2,0.7,0.2,93049.26873,21191.27358,51650.62052
v1558,1.26,0.34,0.4,0.34,0.4,92241.66411,19955.48395,28410.57888
v1559,2.7,0.46,0.5,0.46,0.6,103401.3289,20820.82698,51013.60517
v1560,1.26,0.58,0.4,0.7,0.4,89456.27245,22265.54861,60883.96076
v1561,0.78,0.7,0.6,0.22,0.8,74252.91226,24352.66247,98720.65804
v1562,1.74,0.34,0.1,0.58,0.8,94120.64486,20582.00249,39691.72485
v1563,1.74,0.34,0.6,0.46,0.6,100085.2604,20171.36527,34850.61461
v1564,2.7,0.58,0.6,0.58,0.2,105443.1154,20500.37757,51620.16423
v1565,2.7,0.58,0.1,0.46,0.4,95424.58554,21380.84074,60796.36939
v1566,1.26,0.7,0.2,0.22,0.8,73831.35358,24215.89128,98668.95962
v1567,2.22,0.22,0.5,0.22,0.4,105207.3008,17305.11513,16027.14009
v1568,2.22,0.7,0.3,0.7,0.2,95646.06085,21699.70556,64625.55569
v1569,2.7,0.46,0.6,0.1,0.4,100521.0297,20356.46822,44107.23154
v1570,1.26,0.58,0.1,0.46,0.2,83557.14505,21743.55781,51663.95991
v1571,2.7,0.34,0.3,0.7,0.8,107376.7689,19779.38482,39621.84275
v1572,1.26,0.46,0.4,0.7,0.8,90802.0586,22253.35508,60199.34066
v1573,2.7,0.58,0.2,0.22,0.8,90871.51778,22533.2559,79148.77973
v1574,0.78,0.22,0.5,0.46,0.2,94939.05318,17815.64551,12477.91523
v1575,0.3,0.58,0.1,0.22,0.6,66235.73871,24008.14437,70174.44803
v1576,0.78,0.58,0.5,0.34,0.8,78211.18357,23699.36653,79372.95191
v1577,2.7,0.58,0.4,0.34,0.6,96544.239,21977.3132,69972.57456
v1578,0.78,0.7,0.6,0.1,0.8,72357.48164,24432.20792,98720.65804
v1579,0.78,0.7,0.3,0.58,0.8,75366.07822,24273.01943,98720.65804
v1580,1.26,0.1,0.3,0.58,0.6,102679.9171,15683.37817,5813.199007
v1581,1.26,0.46,0.4,0.34,0.4,88167.84411,21418.94351,45989.50283
v1582,1.74,0.58,0.1,0.7,0.8,87415.78779,22957.10653,79270.60488
v1583,1.26,0.34,0.6,0.7,0.8,97803.61574,20853.64186,37820.67863
v1584,1.26,0.46,0.3,0.34,0.4,86786.65131,21438.90438,45989.50283
v1585,0.3,0.1,0.5,0.34,0.8,90357.40404,17226.17185,6712.226939
v1586,2.22,0.7,0.3,0.46,0.4,90702.84458,22537.4121,75934.4045
v1587,2.7,0.1,0.5,0.7,0.8,120435.6946,15064.34383,7085.282183
v1588,1.74,0.1,0.6,0.34,0.8,107920.6316,15653.83245,7080.190147
v1589,1.74,0.46,0.4,0.34,0.6,91714.39708,21614.66575,51089.46982
v1590,2.7,0.7,0.1,0.34,0.2,92038.38676,21602.45951,64609.02114
v1591,2.7,0.22,0.4,0.34,0.8,108683.3877,17927.8921,21375.87888
v1592,0.3,0.22,0.1,0.7,0.4,85862.80046,18997.0184,15090.51163
v1593,0.78,0.58,0.1,0.46,0.8,74229.29721,23815.44567,79372.95191
v1594,1.74,0.58,0.6,0.1,0.8,85664.15745,23098.31312,79270.60488
v1595,2.7,0.34,0.2,0.1,0.6,98098.09931,19550.11025,34798.20303
v1596,2.22,0.22,0.1,0.34,0.6,100694.635,17775.3957,18711.05373
v1597,1.26,0.1,0.1,0.58,0.2,100606.5348,14641.1204,3994.91186
v1598,2.7,0.58,0.5,0.58,0.8,100083.2434,22216.51496,79148.77973
v1599,1.26,0.34,0.6,0.34,0.8,92918.47918,21017.26949,37820.67863
v1600,1.74,0.1,0.1,0.46,0.8,102934.679,15302.93423,7080.190147
v1601,2.7,0.34,0.5,0.46,0.6,107546.4309,19461.20401,34798.20303
v1602,1.26,0.7,0.5,0.58,0.4,85885.4333,23048.091,75992.83325
v1603,2.22,0.58,0.2,0.22,0.8,86660.91062,22854.5505,79212.40279
v1604,1.26,0.7,0.4,0.34,0.8,78467.80409,24047.00029,98668.95962
v1605,2.7,0.7,0.5,0.1,0.2,93915.49315,21636.3081,64609.02114
v1606,0.78,0.46,0.5,0.1,0.2,81979.06514,21245.86984,38894.5455
v1607,2.7,0.46,0.6,0.22,0.6,101145.579,20920.79871,51013.60517
v1608,0.78,0.1,0.1,0.46,0.2,93580.52536,14919.70876,3993.71646
v1609,0.78,0.1,0.4,0.34,0.8,94965.45883,16506.89902,6717.56098
v1610,0.3,0.22,0.5,0.1,0.6,82021.22247,19913.03953,17700.96718
v1611,2.22,0.34,0.5,0.22,0.8,99087.83823,20294.43362,39658.84068
v1612,2.7,0.34,0.3,0.34,0.8,102508.6523,19893.56889,39621.84275
v1613,2.7,0.58,0.1,0.58,0.2,98701.34099,20533.75001,51620.16423
v1614,1.26,0.34,0.1,0.46,0.6,88580.15238,20549.03034,33115.62875
v1615,1.74,0.22,0.5,0.22,0.2,101515.0666,16931.00314,13347.1832
v1616,0.3,0.58,0.2,0.7,0.8,73379.38704,24022.01363,79417.94435
v1617,2.7,0.46,0.2,0.34,0.2,100390.4634,19432.4381,37200.85791
v1618,2.22,0.7,0.1,0.34,0.8,83311.36404,23584.51739,98552.10212
v1619,1.26,0.22,0.6,0.7,0.8,102397.7276,19081.39476,20292.23376
v1620,2.7,0.58,0.2,0.7,0.8,97580.1749,22263.4794,79148.77973
v1621,1.26,0.58,0.4,0.1,0.8,78275.28496,23533.83338,79323.96246
v1622,1.74,0.58,0.6,0.22,0.2,91751.30174,21352.43463,51650.62052
v1623,2.7,0.7,0.4,0.58,0.2,99611.00745,21413.55304,64609.02114
v1624,1.74,0.46,0.5,0.46,0.8,93767.57959,21951.91599,58021.13167
v1625,1.26,0.1,0.5,0.34,0.6,101994.0905,15719.6287,5813.199007
v1626,0.3,0.46,0.1,0.46,0.4,74636.70351,22441.73521,46027.58161
v1627,2.7,0.58,0.5,0.46,0.6,99549.24096,21882.45273,69972.57456
v1628,2.7,0.58,0.3,0.7,0.6,100064.02,21819.4224,69972.57456
v1629,1.74,0.22,0.2,0.7,0.6,102467.1419,18201.10202,18722.92396
v1630,0.3,0.7,0.5,0.58,0.2,77054.05916,23185.86911,64679.61928
v1631,1.26,0.46,0.2,0.7,0.8,88001.65977,22324.75365,60199.34066
v1632,2.7,0.1,0.5,0.34,0.2,116534.9625,14069.24689,4270.826679
v1633,2.22,0.46,0.3,0.58,0.2,100899.523,19738.37317,37214.11744
v1634,0.78,0.7,0.6,0.22,0.6,75482.15394,24015.53318,87369.67025
v1635,1.26,0.34,0.6,0.34,0.6,93739.7603,20574.44608,33115.62875
v1636,1.74,0.7,0.5,0.46,0.8,86206.76738,23624.25214,98612.92166
v1637,1.26,0.34,0.4,0.34,0.8,90335.07824,21043.57543,37820.67863
v1638,1.74,0.58,0.3,0.34,0.4,87965.7149,22106.33152,60857.28197
v1639,2.22,0.1,0.3,0.58,0.4,112579.5339,14661.91908,5207.994614
v1640,2.22,0.22,0.6,0.34,0.2,109074.0476,16646.62818,13343.22645
v1641,2.7,0.46,0.4,0.22,0.8,97682.53038,21380.86169,57919.9788
v1642,2.7,0.46,0.6,0.58,0.6,106251.0529,20759.91694,51013.60517
v1643,2.7,0.22,0.1,0.34,0.2,106665.2829,16016.99885,13338.45433
v1644,1.74,0.58,0.5,0.58,0.8,91455.9929,22847.94651,79270.60488
v1645,0.3,0.7,0.4,0.58,0.4,73998.18473,23817.60818,76042.53168
v1646,0.3,0.58,0.4,0.1,0.6,68758.4006,23937.94333,70174.44803
v1647,2.22,0.22,0.2,0.58,0.4,106303.3453,17201.33641,16027.14009
v1648,2.7,0.34,0.2,0.22,0.4,101117.3648,18815.00203,29974.56331
v1649,0.3,0.22,0.5,0.58,0.4,89963.99239,19143.63942,15090.51163
v1650,1.74,0.58,0.2,0.58,0.8,87351.13147,22974.24749,79270.60488
v1651,0.78,0.22,0.3,0.34,0.8,88209.67239,19656.89038,20302.85932
v1652,0.3,0.7,0.6,0.7,0.2,79877.2143,23087.12566,64679.61928
v1653,0.3,0.58,0.1,0.1,0.8,63180.88762,24446.3816,79417.94435
v1654,0.3,0.22,0.1,0.1,0.8,75521.54799,20399.15308,20311.42272
v1655,1.74,0.22,0.2,0.34,0.8,97028.52474,18658.15149,21410.79434
v1656,2.22,0.7,0.2,0.34,0.6,86027.10593,23174.6981,87243.25331
v1657,2.7,0.58,0.3,0.46,0.4,98312.16787,21333.15291,60796.36939
v1658,0.3,0.1,0.6,0.1,0.8,87878.77764,17230.21681,6712.226939
v1659,2.7,0.7,0.5,0.34,0.2,97603.44489,21506.92382,64609.02114
v1660,2.7,0.34,0.4,0.46,0.6,106265.4162,19455.05192,34798.20303
v1661,0.78,0.46,0.2,0.22,0.8,75977.50726,23055.75689,60239.18702
v1662,2.7,0.34,0.2,0.7,0.8,105987.5775,19779.42848,39621.84275
v1663,2.7,0.58,0.5,0.1,0.8,93047.53598,22496.4625,79148.77973
v1664,2.7,0.58,0.4,0.46,0.8,97169.80833,22313.38332,79148.77973
v1665,2.22,0.58,0.4,0.34,0.8,91271.49931,22694.59352,79212.40279
v1666,0.3,0.1,0.6,0.1,0.6,88271.57408,16778.79514,5805.612276
v1667,0.3,0.46,0.2,0.1,0.8,68359.27474,23616.97028,60275.49823
v1668,2.7,0.7,0.6,0.58,0.2,102149.2602,21375.53733,64609.02114
v1669,1.26,0.7,0.5,0.58,0.8,83118.44552,23861.74898,98668.95962
v1670,1.26,0.58,0.1,0.34,0.2,81829.36955,21811.46373,51663.95991
v1671,2.7,0.34,0.2,0.7,0.4,107778.3669,18725.98573,29974.56331
v1672,2.7,0.34,0.1,0.46,0.2,104376.286,17890.48439,25150.9236
v1673,2.22,0.22,0.2,0.7,0.8,106535.2395,18198.13013,21394.96737
v1674,2.22,0.34,0.2,0.1,0.6,93843.6865,19913.30434,34825.95148
v1675,2.7,0.1,0.6,0.1,0.2,114118.9515,13944.3824,4270.826679
v1676,2.7,0.22,0.6,0.58,0.8,114466.336,17965.56143,21375.87888
v1677,2.7,0.46,0.2,0.1,0.4,95195.60167,20367.96502,44107.23154
v1678,2.22,0.22,0.5,0.22,0.6,104385.6475,17942.46742,18711.05373
v1679,2.7,0.7,0.3,0.58,0.8,93720.8071,23081.18591,98485.96391
v1680,0.78,0.34,0.2,0.7,0.6,87997.69864,20938.50102,33135.21911
v1681,0.3,0.46,0.5,0.7,0.8,81273.23315,23087.3213,60275.49823
v1682,2.7,0.34,0.4,0.1,0.6,100859.4842,19568.08896,34798.20303
v1683,1.26,0.7,0.4,0.34,0.2,82977.84371,22563.47741,64654.77007
v1684,0.3,0.58,0.1,0.46,0.2,72735.77195,22692.96451,51687.45538
v1685,2.7,0.7,0.6,0.46,0.4,98748.12542,22136.40432,75901.3354
v1686,1.26,0.46,0.3,0.22,0.6,83699.00875,22131.82635,53094.42174
v1687,2.7,0.58,0.6,0.46,0.6,100794.4327,21856.14428,69972.57456
v1688,1.74,0.46,0.5,0.34,0.4,94295.63823,20982.40599,44157.80798
v1689,0.78,0.34,0.5,0.46,0.8,88074.23715,21478.22245,37846.79911
v1690,2.7,0.58,0.1,0.58,0.6,95643.01513,21946.13781,69972.57456
v1691,0.78,0.58,0.3,0.46,0.8,77201.61122,23715.12474,79372.95191
v1692,2.22,0.1,0.6,0.22,0.2,111712.8936,14282.71875,4270.33473
v1693,1.74,0.34,0.2,0.34,0.8,92241.18462,20676.23454,39691.72485
v1694,2.7,0.1,0.1,0.58,0.2,114467.552,13860.85637,4270.826679
v1695,2.22,0.58,0.1,0.34,0.4,89510.11717,21797.13689,60828.18092
v1696,2.7,0.34,0.5,0.1,0.8,101435.6792,19983.46377,39621.84275
v1697,0.78,0.34,0.2,0.34,0.2,85311.56618,19597.15312,23712.05912
v1698,1.74,0.22,0.6,0.58,0.8,105652.3481,18706.80928,21410.79434
v1699,1.74,0.58,0.4,0.7,0.6,92818.8865,22437.14016,70063.94343
v1700,2.7,0.22,0.4,0.34,0.6,109129.5279,17567.18647,18696.73736
v1701,0.78,0.46,0.2,0.7,0.8,82759.07049,22760.39432,60239.18702
v1702,2.7,0.58,0.4,0.1,0.2,95914.80959,20721.35139,51620.16423
v1703,0.3,0.22,0.1,0.22,0.6,78216.76291,19792.52645,17700.96718
v1704,2.7,0.1,0.5,0.46,0.4,117824.4054,14490.33284,5208.978514
v1705,2.22,0.22,0.2,0.34,0.2,103846.1648,16410.26614,13343.22645
v1706,2.7,0.22,0.5,0.34,0.8,109957.3272,17956.35099,21375.87888
v1707,2.7,0.58,0.1,0.1,0.8,87452.05334,22656.1532,79148.77973
v1708,2.7,0.22,0.3,0.46,0.4,110317.1433,16914.55817,16017.59584
v1709,2.22,0.46,0.2,0.22,0.2,94355.3322,19837.24846,37214.11744
v1710,0.78,0.34,0.4,0.34,0.8,85018.49401,21567.92205,37846.79911
v1711,2.22,0.58,0.4,0.34,0.2,95434.56096,20949.61193,51636.06999
v1712,2.22,0.34,0.2,0.34,0.4,98678.07153,19153.58398,29993.06228
v1713,0.3,0.22,0.6,0.22,0.8,84535.99686,20354.77829,20311.42272
v1714,0.3,0.1,0.6,0.58,0.6,95358.28758,16930.77183,5805.612276
v1715,2.22,0.34,0.4,0.58,0.8,102926.6781,20162.92259,39658.84068
v1716,2.22,0.22,0.5,0.1,0.8,101987.2663,18349.65788,21394.96737
v1717,2.7,0.58,0.2,0.46,0.8,94405.44672,22389.58681,79148.77973
v1718,0.3,0.34,0.2,0.7,0.8,81354.64464,21986.64639,37870.10687
v1719,2.7,0.22,0.6,0.22,0.8,109397.2448,17992.77166,21375.87888
v1720,1.26,0.34,0.6,0.58,0.2,99307.50974,19118.1312,23705.529
v1721,0.78,0.22,0.3,0.1,0.2,86791.13914,17677.51232,12477.91523
v1722,1.74,0.22,0.3,0.22,0.6,97180.7042,18279.15545,18722.92396
v1723,1.26,0.22,0.1,0.46,0.2,94684.17687,17085.35091,12475.25884
v1724,2.7,0.34,0.2,0.58,0.2,107439.0558,17932.77329,25150.9236
v1725,2.22,0.46,0.6,0.1,0.8,94109.45969,21760.35696,57973.01691
v1726,2.22,0.22,0.4,0.46,0.6,106594.5116,17897.80294,18711.05373
v1727,2.7,0.58,0.1,0.58,0.8,94561.7182,22364.89143,79148.77973
v1728,2.7,0.7,0.6,0.1,0.8,90600.50572,23238.94806,98485.96391
v1729,0.3,0.46,0.5,0.34,0.8,76366.05649,23303.93883,60275.49823
v1730,0.3,0.22,0.5,0.34,0.8,85081.47868,20297.30952,20311.42272
v1731,1.26,0.34,0.4,0.7,0.8,95243.31764,20876.44917,37820.67863
v1732,0.3,0.7,0.1,0.46,0.4,67945.49631,24041.10404,76042.53168
v1733,1.26,0.34,0.5,0.58,0.6,95819.95575,20478.78699,33115.62875
v1734,2.22,0.22,0.4,0.1,0.2,102891.3717,16473.14356,13343.22645
v1735,2.7,0.34,0.1,0.46,0.4,103169.2672,18741.06956,29974.56331
v1736,2.7,0.34,0.6,0.46,0.6,108775.761,19467.75117,34798.20303
v1737,2.22,0.22,0.1,0.1,0.2,98678.56726,16238.40348,13343.22645
v1738,1.74,0.34,0.2,0.34,0.4,94127.45824,19562.90463,30009.50436
v1739,1.74,0.58,0.5,0.7,0.6,94126.28237,22402.06926,70063.94343
v1740,2.7,0.58,0.1,0.7,0.8,96112.47646,22303.35835,79148.77973
v1741,1.74,0.34,0.1,0.1,0.2,90094.49353,18695.29751,25168.39412
v1742,0.3,0.1,0.5,0.22,0.8,88533.68907,17201.0131,6712.226939
v1743,1.26,0.46,0.5,0.34,0.2,90919.70318,20644.73309,38884.58391
v1744,1.26,0.58,0.5,0.58,0.8,86679.69945,23188.4067,79323.96246
v1745,2.22,0.58,0.5,0.34,0.8,92580.78983,22656.30239,79212.40279
v1746,0.78,0.58,0.6,0.22,0.8,77687.72148,23735.74622,79372.95191
v1747,0.3,0.58,0.2,0.34,0.8,68474.87769,24230.86362,79417.94435
v1748,2.7,0.7,0.1,0.34,0.6,88692.85956,22934.60653,87193.64966
v1749,1.74,0.1,0.1,0.22,0.4,100028.712,14478.31324,5206.432496
v1750,0.78,0.7,0.5,0.7,0.6,80857.97951,23786.71747,87369.67025
v1751,2.7,0.46,0.3,0.46,0.8,99848.59968,21276.03924,57919.9788
v1752,0.78,0.22,0.6,0.34,0.8,92179.89063,19690.35536,20302.85932
v1753,0.3,0.1,0.6,0.34,0.6,92015.41416,16860.53508,5805.612276
v1754,2.22,0.1,0.5,0.34,0.8,111347.1301,15201.60473,7083.314384
v1755,0.3,0.7,0.1,0.34,0.8,63634.04486,24838.07939,98768.35648
v1756,1.74,0.1,0.1,0.58,0.2,105551.536,14347.05582,4269.55367
v1757,0.3,0.34,0.4,0.46,0.6,81905.72483,21584.58185,33152.69993
v1758,2.7,0.22,0.2,0.34,0.8,105966.8627,17859.36954,21375.87888
v1759,1.74,0.7,0.1,0.22,0.4,79792.81797,23105.02164,75964.81427
v1760,2.22,0.34,0.1,0.34,0.6,96105.73748,19818.8426,34825.95148
v1761,0.78,0.22,0.1,0.46,0.8,86998.04544,19587.63119,20302.85932
v1762,2.7,0.22,0.1,0.58,0.4,109108.4896,16815.01945,16017.59584
v1763,2.22,0.46,0.6,0.58,0.2,104774.2778,19757.05842,37214.11744
v1764,2.22,0.34,0.4,0.1,0.2,98936.58565,18389.55042,25160.17308
v1765,1.74,0.46,0.4,0.58,0.8,94087.90808,21916.79829,58021.13167
v1766,1.74,0.46,0.2,0.58,0.8,91302.3701,21981.82275,58021.13167
v1767,2.7,0.22,0.1,0.7,0.8,109380.7491,17806.6518,21375.87888
v1768,1.26,0.34,0.4,0.22,0.2,91613.18924,19154.7653,23705.529
v1769,2.7,0.22,0.1,0.7,0.2,111490.7904,16136.68568,13338.45433
v1770,0.3,0.58,0.6,0.58,0.6,78482.26514,23540.77408,70174.44803
v1771,0.3,0.22,0.6,0.1,0.6,83312.37005,19924.46226,17700.96718
v1772,2.7,0.22,0.1,0.1,0.4,102091.0878,16716.93323,16017.59584
v1773,1.74,0.7,0.4,0.34,0.6,84417.46555,23381.98696,87288.86797
v1774,2.7,0.7,0.4,0.58,0.6,96287.1285,22665.71471,87193.64966
v1775,1.74,0.58,0.2,0.46,0.8,85714.22338,23042.1998,79270.60488
v1776,1.74,0.22,0.2,0.1,0.6,93840.0628,18252.74762,18722.92396
v1777,1.74,0.7,0.6,0.34,0.6,87006.80711,23297.6287,87288.86797
v1778,0.3,0.58,0.2,0.7,0.2,77473.47803,22520.82445,51687.45538
v1779,2.7,0.46,0.4,0.58,0.2,106439.2446,19398.9112,37200.85791
v1780,0.3,0.22,0.3,0.46,0.8,84089.81377,20239.10317,20311.42272
v1781,0.3,0.34,0.3,0.34,0.8,77849.75673,22168.28646,37870.10687
v1782,2.7,0.34,0.1,0.1,0.2,98960.22137,17895.05522,25150.9236
v1783,0.3,0.58,0.4,0.58,0.6,75852.40391,23630.87144,70174.44803
v1784,1.74,0.34,0.3,0.46,0.4,97263.32881,19540.89675,30009.50436
v1785,1.26,0.34,0.2,0.58,0.8,90896.83407,20954.48657,37820.67863
v1786,2.7,0.46,0.6,0.7,0.8,106871.4383,21110.81266,57919.9788
v1787,2.7,0.1,0.6,0.34,0.8,116881.3857,14938.54255,7085.282183
v1788,2.7,0.7,0.5,0.46,0.6,95969.56919,22690.37713,87193.64966
v1789,0.78,0.34,0.6,0.34,0.6,88493.73845,21065.80557,33135.21911
v1790,2.7,0.7,0.1,0.58,0.4,93571.28487,22244.74398,75901.3354
v1791,2.7,0.7,0.5,0.46,0.2,99298.46131,21448.75353,64609.02114
v1792,2.7,0.46,0.2,0.46,0.4,100630.4405,20222.47473,44107.23154
v1793,0.3,0.34,0.5,0.46,0.8,82329.69929,22032.86302,37870.10687
v1794,2.7,0.7,0.1,0.46,0.8,89203.10477,23237.63138,98485.96391
v1795,1.26,0.34,0.6,0.1,0.8,89182.93129,21151.84531,37820.67863
v1796,1.74,0.58,0.5,0.22,0.8,86308.79944,23058.2393,79270.60488
v1797,0.78,0.1,0.4,0.46,0.6,97016.57228,16189.87798,5809.612806
v1798,2.7,0.1,0.6,0.46,0.6,118686.1597,14819.27215,6147.130349
v1799,2.7,0.58,0.3,0.22,0.6,93378.29684,22080.83108,69972.57456
v1800,2.7,0.7,0.3,0.1,0.8,86660.73724,23364.64391,98485.96391
v1801,2.7,0.46,0.2,0.46,0.8,98442.78801,21298.2159,57919.9788
v1802,2.7,0.34,0.4,0.34,0.8,103850.6283,19894.3157,39621.84275
v1803,1.26,0.22,0.6,0.58,0.8,100859.806,19105.75427,20292.23376
v1804,2.7,0.34,0.5,0.58,0.2,111418.1611,18035.01891,25150.9236
v1805,2.7,0.46,0.2,0.58,0.4,102252.1833,20180.28314,44107.23154
v1806,2.22,0.22,0.3,0.34,0.6,103556.1988,17867.1495,18711.05373
v1807,1.26,0.58,0.4,0.1,0.2,82452.15074,21873.01313,51663.95991
v1808,0.78,0.58,0.3,0.46,0.8,77201.61122,23715.12474,79372.95191
v1809,2.22,0.34,0.6,0.7,0.6,107725.5956,19729.81434,34825.95148
v1810,1.26,0.22,0.2,0.1,0.6,89014.02556,18678.4291,17686.57546
v1811,1.26,0.22,0.1,0.7,0.2,97862.20585,17131.6891,12475.25884
v1812,1.26,0.34,0.6,0.58,0.4,98143.74651,19885.60112,28410.57888
v1813,2.22,0.1,0.1,0.58,0.2,110168.9992,14082.55683,4270.33473
v1814,0.78,0.46,0.1,0.46,0.8,78028.1178,22946.11252,60239.18702
v1815,2.7,0.58,0.3,0.7,0.8,98984.4532,22226.13815,79148.77973
v1816,2.7,0.46,0.1,0.46,0.2,100630.6865,19384.10801,37200.85791
v1817,2.7,0.7,0.5,0.7,0.4,100644.5665,22047.21282,75901.3354
v1818,2.7,0.46,0.6,0.34,0.2,105662.2002,19480.02556,37200.85791
v1819,2.7,0.46,0.4,0.22,0.2,101346.5655,19496.29577,37200.85791
v1820,2.7,0.22,0.4,0.34,0.6,109129.5279,17567.18647,18696.73736
v1821,1.26,0.34,0.3,0.58,0.6,93145.10194,20488.46239,33115.62875
v1822,2.7,0.58,0.5,0.22,0.8,94958.43064,22419.20909,79148.77973
v1823,2.7,0.7,0.1,0.46,0.4,91942.49103,22309.49376,75901.3354
v1824,1.26,0.34,0.5,0.34,0.8,91653.4523,21029.92799,37820.67863
v1825,0.3,0.58,0.5,0.58,0.2,80129.70861,22470.99488,51687.45538
v1826,2.7,0.22,0.4,0.58,0.2,114082.5149,16302.54593,13338.45433
v1827,1.26,0.1,0.4,0.46,0.8,102124.3458,16010.26222,6722.342581
v1828,1.26,0.46,0.4,0.46,0.4,89886.98608,21355.27852,45989.50283
v1829,2.7,0.22,0.5,0.7,0.4,116008.3437,17035.03743,16017.59584
v1830,2.22,0.7,0.4,0.1,0.8,83881.17739,23599.13599,98552.10212
v1831,2.7,0.34,0.4,0.7,0.8,108707.0932,19780.28608,39621.84275
v1832,1.26,0.7,0.2,0.7,0.6,81772.01104,23593.98058,87330.89644
v1833,2.22,0.46,0.2,0.22,0.2,94355.3322,19837.24846,37214.11744
v1834,2.22,0.7,0.3,0.7,0.8,91115.21464,23293.75029,98552.10212
v1835,2.7,0.7,0.4,0.22,0.8,89938.29783,23243.29252,98485.96391
v1836,2.7,0.22,0.6,0.46,0.8,112867.5215,17973.91814,21375.87888
v1837,2.7,0.46,0.6,0.58,0.2,108948.2873,19416.8268,37200.85791
v1838,0.78,0.58,0.4,0.22,0.2,79206.91927,22243.90143,51676.20727
v1839,2.7,0.7,0.5,0.7,0.8,97905.24779,22938.06983,98485.96391
v1840,1.74,0.46,0.4,0.34,0.6,91714.39708,21614.66575,51089.46982
v1841,1.26,0.46,0.6,0.22,0.2,90384.75212,20695.76252,38884.58391
v1842,0.3,0.46,0.6,0.46,0.8,79377.17934,23185.31247,60275.49823
v1843,0.3,0.7,0.2,0.46,0.2,71201.80778,23387.82508,64679.61928
v1844,1.26,0.34,0.1,0.7,0.2,94034.01628,18975.10345,23705.529
v1845,1.74,0.7,0.6,0.22,0.8,83968.90253,23728.78878,98612.92166
v1846,2.7,0.1,0.5,0.34,0.8,115675.4958,14873.73885,7085.282183
v1847,0.78,0.1,0.6,0.58,0.8,100852.9316,16705.22732,6717.56098
v1848,2.7,0.46,0.6,0.22,0.6,101145.579,20920.79871,51013.60517
v1849,1.74,0.58,0.1,0.1,0.6,79843.34798,22929.49365,70063.94343
v1850,1.26,0.7,0.3,0.46,0.8,78799.19187,24020.01455,98668.95962
v1851,2.7,0.7,0.1,0.58,0.8,90835.04236,23173.06648,98485.96391
v1852,2.7,0.7,0.5,0.7,0.6,99119.22554,22568.21202,87193.64966
v1853,1.26,0.22,0.6,0.1,0.6,94405.67406,18795.78332,17686.57546
v1854,1.74,0.1,0.5,0.7,0.2,112478.2575,14820.38514,4269.55367
v1855,1.74,0.58,0.1,0.22,0.2,84837.12721,21445.7783,51650.62052
v1856,1.26,0.22,0.1,0.46,0.2,94684.17687,17085.35091,12475.25884
v1857,2.7,0.46,0.4,0.7,0.8,104354.6069,21147.6034,57919.9788
v1858,2.7,0.46,0.6,0.7,0.2,110466.1303,19389.08408,37200.85791
v1859,2.7,0.58,0.4,0.34,0.2,99610.04153,20610.3414,51620.16423
v1860,1.74,0.7,0.2,0.7,0.8,85266.22194,23627.93875,98612.92166
v1861,0.78,0.34,0.2,0.34,0.4,84128.67188,20457.28751,28423.63911
v1862,2.7,0.22,0.1,0.22,0.8,102708.3785,17822.1245,21375.87888
v1863,2.7,0.22,0.4,0.7,0.8,113509.8677,17908.36537,21375.87888
v1864,0.78,0.7,0.4,0.58,0.2,81209.54414,22821.14969,64667.69467
v1865,2.22,0.1,0.3,0.34,0.6,108944.2444,14811.52642,6145.654499
v1866,1.26,0.1,0.4,0.22,0.2,99694.62877,14688.48655,3994.91186
v1867,2.22,0.7,0.6,0.34,0.8,90168.91799,23362.02216,98552.10212
v1868,1.74,0.22,0.6,0.1,0.6,99179.97707,18386.78665,18722.92396
v1869,0.3,0.1,0.6,0.34,0.6,92015.41416,16860.53508,5805.612276
v1870,2.22,0.7,0.1,0.58,0.2,91202.09762,21813.89658,64625.55569
v1871,0.78,0.7,0.3,0.22,0.6,71448.95632,24152.20388,87369.67025
v1872,2.7,0.1,0.4,0.58,0.6,117819.1178,14750.46948,6147.130349
v1873,2.22,0.58,0.4,0.46,0.8,92987.22405,22624.10344,79212.40279
v1874,1.26,0.58,0.2,0.7,0.6,85249.81701,22880.83109,70103.96161
v1875,2.22,0.7,0.2,0.34,0.6,86027.10593,23174.6981,87243.25331
v1876,0.3,0.1,0.6,0.46,0.2,94587.89603,15889.56697,3992.38295
v1877,0.3,0.1,0.1,0.7,0.6,90040.61793,16591.71268,5805.612276
v1878,2.22,0.22,0.6,0.1,0.8,103228.855,18375.04325,21394.96737
v1879,1.26,0.46,0.2,0.22,0.2,84957.64316,20709.65589,38884.58391
v1880,1.74,0.34,0.2,0.22,0.2,93512.1384,18716.55655,25168.39412
v1881,2.22,0.1,0.1,0.7,0.8,110770.2629,15053.40549,7083.314384
v1882,2.7,0.34,0.5,0.46,0.8,106837.1195,19853.30142,39621.84275
v1883,2.7,0.22,0.6,0.46,0.2,114962.7818,16370.17055,13338.45433
v1884,2.7,0.46,0.1,0.1,0.4,93711.55841,20369.72363,44107.23154
v1885,2.22,0.1,0.4,0.34,0.8,110079.1803,15126.94735,7083.314384
v1886,2.7,0.58,0.3,0.34,0.8,94103.55849,22419.22067,79148.77973
v1887,0.78,0.22,0.1,0.34,0.4,86734.10777,18426.60869,15086.22993
v1888,0.78,0.22,0.5,0.1,0.8,87159.74883,19767.66859,20302.85932
v1889,2.22,0.58,0.6,0.46,0.8,95545.95517,22552.33973,79212.40279
v1890,2.7,0.7,0.6,0.22,0.6,93722.33801,22794.17368,87193.64966
v1891,0.3,0.1,0.1,0.46,0.6,86825.50232,16497.39691,5805.612276
v1892,0.3,0.58,0.2,0.46,0.8,70197.4062,24157.56148,79417.94435
v1893,1.74,0.58,0.4,0.34,0.6,87930.77184,22638.01222,70063.94343
v1894,0.78,0.1,0.3,0.46,0.4,96054.23909,15662.11817,4901.664633
v1895,2.7,0.7,0.1,0.46,0.2,93751.42259,21540.85785,64609.02114
v1896,1.74,0.7,0.4,0.7,0.8,88055.2751,23537.38174,98612.92166
v1897,2.7,0.22,0.4,0.34,0.2,110807.6462,16235.09258,13338.45433
v1898,2.7,0.46,0.5,0.46,0.6,103401.3289,20820.82698,51013.60517
v1899,2.7,0.7,0.3,0.46,0.8,92097.04487,23146.09223,98485.96391
v1900,2.22,0.7,0.3,0.7,0.6,92341.06712,22928.8128,87243.25331
v1901,1.74,0.1,0.2,0.34,0.8,102682.4119,15341.2279,7080.190147
v1902,0.78,0.1,0.4,0.1,0.8,91227.38781,16409.63175,6717.56098
v1903,1.26,0.58,0.5,0.7,0.4,90772.77476,22233.23955,60883.96076
v1904,2.7,0.46,0.4,0.46,0.2,104832.9933,19429.75748,37200.85791
v1905,0.3,0.22,0.6,0.46,0.8,88091.79848,20249.01291,20311.42272
v1906,1.74,0.1,0.6,0.7,0.2,113692.0206,14891.40533,4269.55367
v1907,2.22,0.1,0.2,0.22,0.8,105584.9079,14871.30899,7083.314384
v1908,2.7,0.22,0.1,0.1,0.2,102973.6076,15918.51334,13338.45433
v1909,1.26,0.58,0.4,0.34,0.6,83162.25014,22996.30591,70103.96161
v1910,2.7,0.46,0.1,0.7,0.4,102334.3475,20142.84734,44107.23154
v1911,0.78,0.7,0.1,0.34,0.4,71740.61619,23744.65048,76018.68246
v1912,2.7,0.1,0.4,0.58,0.8,117682.7131,14936.17782,7085.282183
v1913,1.74,0.22,0.4,0.46,0.8,101506.4572,18686.23321,21410.79434
v1914,0.3,0.34,0.4,0.22,0.4,79400.55148,21102.09157,28435.29299
v1915,1.26,0.46,0.3,0.58,0.6,88888.76623,21917.29769,53094.42174
v1916,1.74,0.46,0.1,0.7,0.4,93607.96801,20874.16832,44157.80798
v1917,2.7,0.7,0.2,0.58,0.8,92310.1255,23126.07879,98485.96391
v1918,1.26,0.7,0.5,0.46,0.6,82745.57382,23582.99617,87330.89644
v1919,1.74,0.58,0.5,0.22,0.8,86308.79944,23058.2393,79270.60488
v1920,2.7,0.46,0.4,0.1,0.6,96690.36621,21012.15707,51013.60517
v1921,1.26,0.46,0.3,0.22,0.6,83699.00875,22131.82635,53094.42174
v1922,2.22,0.1,0.3,0.22,0.6,107159.727,14727.45733,6145.654499
v1923,1.26,0.58,0.1,0.58,0.8,81041.29834,23370.57198,79323.96246
v1924,1.26,0.1,0.1,0.46,0.8,97904.55242,15740.95329,6722.342581
v1925,0.78,0.7,0.5,0.22,0.2,77420.03003,22989.07684,64667.69467
v1926,1.74,0.58,0.4,0.34,0.8,86800.16557,23024.91931,79270.60488
v1927,0.78,0.22,0.6,0.7,0.2,99348.55508,17869.73367,12477.91523
v1928,2.22,0.7,0.2,0.22,0.8,82989.78996,23610.5529,98552.10212
v1929,1.26,0.7,0.4,0.34,0.2,82977.84371,22563.47741,64654.77007
v1930,2.7,0.34,0.3,0.1,0.8,98787.51855,19983.88662,39621.84275
v1931,0.78,0.58,0.2,0.34,0.2,78160.66083,22239.25097,51676.20727
v1932,1.26,0.46,0.1,0.34,0.6,82565.80759,22125.24987,53094.42174
v1933,2.7,0.22,0.2,0.7,0.2,112919.1325,16210.40549,13338.45433
v1934,2.7,0.7,0.6,0.7,0.4,101887.108,22019.75597,75901.3354
v1935,2.22,0.22,0.6,0.7,0.8,111744.5866,18299.3272,21394.96737
v1936,2.22,0.34,0.1,0.1,0.8,91593.39445,20371.6391,39658.84068
v1937,2.7,0.46,0.4,0.7,0.6,105266.3456,20737.1338,51013.60517
v1938,0.78,0.22,0.1,0.34,0.8,85255.42058,19624.54374,20302.85932
v1939,1.74,0.1,0.5,0.22,0.4,105505.5376,14897.83004,5206.432496
v1940,1.26,0.46,0.1,0.1,0.2,81501.59131,20768.90326,38884.58391
v1941,0.3,0.7,0.2,0.7,0.2,74381.26363,23259.85038,64679.61928
v1942,0.3,0.34,0.2,0.34,0.4,78362.79327,21052.55038,28435.29299
v1943,0.78,0.7,0.2,0.22,0.8,68782.18378,24533.07446,98720.65804
v1944,2.22,0.58,0.3,0.58,0.8,93255.78509,22597.78571,79212.40279
v1945,1.26,0.46,0.4,0.22,0.4,86350.70812,21486.90463,45989.50283
v1946,2.7,0.1,0.2,0.34,0.2,112614.3996,13782.1907,4270.826679
v1947,1.74,0.7,0.4,0.7,0.2,92581.09525,22010.21741,64640.76058
v1948,0.3,0.58,0.1,0.46,0.2,72735.77195,22692.96451,51687.45538
v1949,0.78,0.22,0.3,0.46,0.8,89941.39954,19618.92879,20302.85932
v1950,1.74,0.7,0.3,0.34,0.8,81805.64199,23782.45343,98612.92166
v1951,2.7,0.46,0.2,0.22,0.6,95831.42238,20978.17612,51013.60517
v1952,2.22,0.1,0.2,0.1,0.6,103879.2697,14528.5468,6145.654499
v1953,1.26,0.7,0.3,0.7,0.2,86466.65361,22408.50138,64654.77007
v1954,0.78,0.58,0.5,0.7,0.4,85649.55656,22633.2125,60908.45549
v1955,2.7,0.22,0.1,0.58,0.6,108288.7582,17442.4484,18696.73736
v1956,0.3,0.46,0.2,0.58,0.4,77825.13244,22328.59578,46027.58161
v1957,2.7,0.1,0.4,0.46,0.8,116094.9088,14870.24089,7085.282183
v1958,2.7,0.46,0.1,0.46,0.8,96972.88752,21322.02868,57919.9788
v1959,2.7,0.7,0.4,0.34,0.4,94494.05861,22263.25629,75901.3354
v1960,1.74,0.22,0.4,0.46,0.8,101506.4572,18686.23321,21410.79434
v1961,2.7,0.7,0.2,0.22,0.2,91719.26754,21640.55849,64609.02114
v1962,2.7,0.7,0.2,0.1,0.8,85232.01692,23409.61857,98485.96391
v1963,2.22,0.1,0.3,0.7,0.2,114477.0013,14384.69454,4270.33473
v1964,1.26,0.46,0.2,0.34,0.6,84079.26841,22089.63303,53094.42174
v1965,2.22,0.7,0.6,0.1,0.2,91033.83587,21932.35174,64625.55569
v1966,0.78,0.22,0.1,0.34,0.8,85255.42058,19624.54374,20302.85932
v1967,1.74,0.1,0.5,0.22,0.6,105141.5008,15253.62769,6143.311322
v1968,1.74,0.1,0.6,0.1,0.2,105250.1418,14452.6445,4269.55367
v1969,2.7,0.22,0.3,0.58,0.8,110664.9672,17885.14771,21375.87888
v1970,1.74,0.58,0.1,0.7,0.6,88540.92869,22560.50745,70063.94343
v1971,0.3,0.22,0.6,0.58,0.8,89728.70988,20201.75013,20311.42272
v1972,0.3,0.7,0.6,0.7,0.4,78169.48247,23667.1132,76042.53168
v1973,0.78,0.46,0.3,0.34,0.4,81566.56088,21915.25057,46009.42601
v1974,2.22,0.1,0.5,0.46,0.8,113028.2448,15263.424,7083.314384
v1975,0.3,0.34,0.1,0.46,0.8,76593.73745,22158.33326,37870.10687
v1976,0.3,0.34,0.3,0.1,0.6,74972.75807,21833.62372,33152.69993
v1977,1.74,0.22,0.1,0.58,0.6,99456.09999,18167.08766,18722.92396
v1978,2.7,0.22,0.1,0.46,0.8,106224.6847,17812.82159,21375.87888
v1979,2.7,0.1,0.1,0.22,0.8,108525.9177,14425.68224,7085.282183
v1980,2.7,0.7,0.6,0.7,0.6,100362.0303,22534.22133,87193.64966
v1981,2.22,0.1,0.5,0.46,0.8,113028.2448,15263.424,7083.314384
v1982,2.7,0.1,0.5,0.46,0.8,117347.3721,14941.98275,7085.282183
v1983,0.3,0.34,0.3,0.22,0.8,76008.82608,22247.92881,37870.10687
v1984,2.7,0.34,0.3,0.22,0.6,101419.8213,19518.65033,34798.20303
v1985,0.3,0.34,0.2,0.1,0.6,73490.02323,21859.37657,33152.69993
v1986,2.7,0.7,0.1,0.46,0.6,90414.29294,22863.10417,87193.64966
v1987,2.22,0.22,0.1,0.7,0.6,105574.4872,17775.77823,18711.05373
v1988,2.22,0.58,0.5,0.1,0.4,91391.68653,21826.54288,60828.18092
v1989,1.74,0.34,0.1,0.1,0.8,86976.82203,20814.77621,39691.72485
v1990,2.7,0.1,0.6,0.34,0.2,117737.5943,14144.26642,4270.826679
v1991,0.3,0.58,0.6,0.22,0.4,74696.8734,23300.17315,60930.95171
v1992,2.7,0.1,0.2,0.1,0.2,108959.4401,13551.74167,4270.826679
v1993,0.3,0.1,0.1,0.7,0.8,89651.28598,17018.86528,6712.226939
v1994,0.78,0.46,0.6,0.58,0.6,87674.90953,22265.23696,53124.30651
v1995,0.78,0.1,0.5,0.22,0.8,94464.48167,16530.71384,6717.56098
v1996,1.74,0.7,0.1,0.1,0.6,76333.94311,23685.72242,87288.86797
v1997,2.7,0.1,0.6,0.46,0.6,118686.1597,14819.27215,6147.130349
v1998,0.78,0.58,0.4,0.46,0.8,78591.33522,23669.14502,79372.95191
v1999,2.7,0.7,0.5,0.22,0.4,94001.97812,22299.50833,75901.3354
v2000,2.22,0.34,0.6,0.34,0.8,102135.9943,20241.37385,39658.84068
v2001,1.74,0.1,0.3,0.58,0.4,107980.7637,14964.21499,5206.432496
v2002,1.74,0.22,0.5,0.58,0.8,104416.1797,18688.29311,21410.79434
v2003,1.74,0.58,0.6,0.7,0.8,94253.19726,22749.87834,79270.60488
v2004,2.7,0.34,0.6,0.1,0.4,104491.8488,18925.39111,29974.56331
v2005,1.74,0.46,0.6,0.58,0.4,98878.19922,20863.89196,44157.80798
v2006,0.3,0.22,0.2,0.7,0.6,86568.09047,19659.30679,17700.96718
v2007,0.3,0.34,0.6,0.34,0.6,82802.48842,21612.82373,33152.69993
v2008,2.7,0.22,0.3,0.22,0.2,107705.4347,16131.67582,13338.45433
v2009,0.78,0.46,0.5,0.7,0.8,86907.1739,22642.01014,60239.18702
v2010,2.7,0.1,0.5,0.58,0.2,119778.8098,14242.91328,4270.826679
v2011,2.22,0.46,0.4,0.1,0.4,93763.31109,20722.38189,44133.7506
v2012,1.74,0.34,0.2,0.58,0.4,97474.83796,19494.89174,30009.50436
v2013,2.7,0.34,0.5,0.34,0.4,106936.5793,18851.82718,29974.56331
v2014,1.74,0.22,0.6,0.7,0.2,109356.0316,17063.73788,13347.1832
v2015,2.7,0.7,0.4,0.58,0.8,95072.89859,23038.41202,98485.96391
v2016,0.3,0.1,0.5,0.1,0.6,86992.5207,16710.30368,5805.612276
v2017,2.22,0.46,0.2,0.58,0.6,96778.74725,21155.43232,51053.38375
v2018,2.7,0.22,0.3,0.7,0.8,112193.5342,17879.87555,21375.87888
v2019,1.26,0.1,0.6,0.58,0.6,106535.3144,15898.05715,5813.199007
v2020,0.3,0.22,0.2,0.58,0.6,85000.09759,19694.39655,17700.96718
v2021,2.22,0.34,0.4,0.58,0.2,105935.3703,18342.89534,25160.17308
v2022,2.7,0.7,0.5,0.58,0.6,97584.67612,22627.22095,87193.64966
v2023,2.7,0.34,0.5,0.34,0.2,108133.7537,18045.69112,25150.9236
v2024,2.22,0.22,0.6,0.34,0.8,106916.989,18339.19449,21394.96737
v2025,0.78,0.34,0.1,0.7,0.8,85626.14721,21442.25709,37846.79911
v2026,2.7,0.22,0.5,0.58,0.2,115341.042,16353.23824,13338.45433
v2027,0.78,0.1,0.4,0.22,0.4,93891.06946,15608.2006,4901.664633
v2028,1.26,0.46,0.6,0.34,0.6,89501.31858,21967.75429,53094.42174
v2029,2.22,0.22,0.5,0.1,0.8,101987.2663,18349.65788,21394.96737
v2030,0.3,0.34,0.6,0.1,0.8,78122.44769,22238.39506,37870.10687
v2031,1.26,0.58,0.3,0.7,0.6,86685.65671,22836.23633,70103.96161
v2032,1.26,0.22,0.3,0.46,0.4,96729.35404,17995.85715,15080.91715
v2033,1.26,0.58,0.6,0.22,0.2,86977.18471,21755.06244,51663.95991
v2034,0.3,0.46,0.4,0.34,0.8,75019.41063,23349.03982,60275.49823
v2035,1.74,0.34,0.1,0.58,0.2,97184.63585,18631.85659,25168.39412
v2036,1.74,0.34,0.4,0.22,0.8,93215.52665,20714.75283,39691.72485
v2037,2.7,0.7,0.1,0.46,0.8,89203.10477,23237.63138,98485.96391
v2038,0.3,0.7,0.2,0.34,0.4,67769.02418,24057.81111,76042.53168
v2039,2.7,0.1,0.3,0.7,0.6,118028.1742,14738.15265,6147.130349
v2040,0.3,0.7,0.3,0.7,0.4,74139.84721,23805.44034,76042.53168
v2041,1.74,0.46,0.2,0.7,0.8,92858.06014,21919.2988,58021.13167
v2042,1.26,0.46,0.6,0.1,0.2,88473.83878,20755.02992,38884.58391
v2043,0.3,0.58,0.3,0.34,0.8,69942.51294,24181.31393,79417.94435
v2044,2.22,0.22,0.3,0.7,0.8,107922.1138,18228.39435,21394.96737
v2045,2.7,0.34,0.5,0.46,0.4,108629.0668,18826.90535,29974.56331
v2046,2.22,0.7,0.1,0.34,0.8,83311.36404,23584.51739,98552.10212
v2047,1.74,0.34,0.5,0.22,0.2,97603.18591,18808.68565,25168.39412
v2048,1.74,0.58,0.2,0.34,0.2,88161.2733,21360.46711,51650.62052
v2049,0.3,0.22,0.2,0.58,0.6,85000.09759,19694.39655,17700.96718
v2050,0.78,0.46,0.5,0.22,0.2,83900.92394,21178.41919,38894.5455
v2051,0.78,0.22,0.2,0.34,0.6,87424.26305,19167.13549,17694.54463
v2052,2.7,0.34,0.5,0.46,0.4,108629.0668,18826.90535,29974.56331
v2053,2.7,0.46,0.1,0.58,0.8,98605.748,21263.46013,57919.9788
v2054,0.78,0.46,0.2,0.1,0.2,77764.44042,21280.62684,38894.5455
v2055,1.26,0.1,0.6,0.34,0.2,104014.0379,14958.18646,3994.91186
v2056,1.26,0.7,0.4,0.1,0.6,75982.35115,23860.70548,87330.89644
v2057,2.7,0.46,0.2,0.7,0.8,101617.4604,21187.95175,57919.9788
v2058,2.7,0.7,0.4,0.58,0.6,96287.1285,22665.71471,87193.64966
v2059,2.7,0.22,0.4,0.7,0.4,114750.8712,16995.393,16017.59584
v2060,0.3,0.46,0.4,0.22,0.8,73195.76205,23431.79741,60275.49823
v2061,2.7,0.34,0.4,0.58,0.6,107879.8839,19422.63965,34798.20303
v2062,2.7,0.58,0.3,0.7,0.8,98984.4532,22226.13815,79148.77973
v2063,0.78,0.22,0.5,0.46,0.8,92633.93498,19642.39477,20302.85932
v2064,1.74,0.34,0.2,0.22,0.8,90416.35165,20735.78512,39691.72485
v2065,2.7,0.7,0.3,0.1,0.4,89415.2614,22446.56616,75901.3354
v2066,2.7,0.34,0.4,0.58,0.2,110148.162,18003.54133,25150.9236
v2067,2.22,0.34,0.1,0.34,0.8,95349.84809,20265.42212,39658.84068
v2068,1.26,0.58,0.6,0.34,0.6,85764.88738,22915.84257,70103.96161
v2069,0.78,0.46,0.5,0.34,0.8,81999.30239,22847.65294,60239.18702
v2070,2.7,0.34,0.4,0.7,0.8,108707.0932,19780.28608,39621.84275
v2071,0.3,0.46,0.1,0.7,0.4,77858.72993,22299.96935,46027.58161
v2072,1.26,0.22,0.4,0.58,0.6,98898.54433,18659.48553,17686.57546
v2073,1.74,0.34,0.4,0.22,0.8,93215.52665,20714.75283,39691.72485
v2074,2.7,0.58,0.5,0.46,0.2,102600.1857,20552.60846,51620.16423
v2075,1.74,0.58,0.3,0.34,0.8,85425.69506,23068.68212,79270.60488
v2076,1.26,0.34,0.2,0.1,0.6,84577.29712,20718.95558,33115.62875
v2077,2.22,0.7,0.4,0.58,0.8,90929.39197,23310.36402,98552.10212
v2078,1.74,0.46,0.3,0.58,0.4,94961.41429,20899.09984,44157.80798
v2079,1.26,0.34,0.6,0.46,0.2,97695.01406,19141.62811,23705.529
v2080,0.3,0.34,0.6,0.46,0.2,86752.2383,20201.81253,23717.88606
v2081,1.74,0.34,0.5,0.46,0.6,98835.97604,20172.83926,34850.61461
v2082,0.78,0.1,0.3,0.34,0.2,94766.00967,15071.6905,3993.71646
v2083,0.3,0.7,0.3,0.58,0.8,69936.38856,24603.9853,98768.35648
v2084,2.22,0.58,0.3,0.22,0.8,88092.36613,22810.81122,79212.40279
v2085,2.22,0.22,0.3,0.22,0.4,102581.6393,17211.96242,16027.14009
v2086,1.74,0.1,0.4,0.46,0.4,107703.0207,14975.31816,5206.432496
v2087,2.7,0.22,0.6,0.22,0.8,109397.2448,17992.77166,21375.87888
v2088,0.78,0.7,0.6,0.46,0.8,77741.25714,24206.81547,98720.65804
v2089,0.78,0.7,0.5,0.34,0.4,77486.97254,23545.22548,76018.68246
v2090,1.74,0.22,0.6,0.7,0.2,109356.0316,17063.73788,13347.1832
v2091,2.22,0.7,0.5,0.1,0.4,87967.6793,22676.04906,75934.4045
v2092,2.7,0.46,0.2,0.46,0.2,102094.7667,19401.73698,37200.85791
v2093,2.22,0.7,0.5,0.7,0.6,95001.30026,22845.9043,87243.25331
v2094,0.78,0.7,0.5,0.34,0.4,77486.97254,23545.22548,76018.68246
v2095,0.78,0.1,0.4,0.46,0.2,97834.65381,15261.9739,3993.71646
v2096,2.7,0.1,0.3,0.46,0.2,115650.701,13986.71947,4270.826679
v2097,0.78,0.34,0.6,0.1,0.6,84747.50584,21203.87197,33135.21911
v2098,0.3,0.22,0.1,0.1,0.6,76245.83504,19840.58558,17700.96718
v2099,1.26,0.22,0.3,0.7,0.8,98504.74163,19031.80499,20292.23376
v2100,2.7,0.1,0.4,0.1,0.6,110914.4192,14427.77364,6147.130349
v2101,2.22,0.58,0.6,0.1,0.6,91238.36558,22379.05894,70020.29186
v2102,0.3,0.46,0.3,0.46,0.6,76413.9447,22914.26125,53151.53992
v2103,2.7,0.7,0.3,0.46,0.2,96645.41819,21489.45407,64609.02114
v2104,1.26,0.34,0.3,0.1,0.4,87121.50796,20042.78486,28410.57888
v2105,0.3,0.58,0.2,0.46,0.2,74282.16929,22649.63978,51687.45538
v2106,2.22,0.34,0.1,0.34,0.2,98409.56539,18250.42652,25160.17308
v2107,1.74,0.46,0.6,0.7,0.4,100413.1086,20816.73678,44157.80798
v2108,2.7,0.22,0.5,0.7,0.8,114771.7903,17935.00557,21375.87888
v2109,1.74,0.34,0.4,0.7,0.4,101777.1633,19490.00828,30009.50436
v2110,2.7,0.46,0.5,0.1,0.4,99272.32688,20359.92007,44107.23154
v2111,2.22,0.46,0.3,0.34,0.2,97578.36041,19809.37158,37214.11744
v2112,0.3,0.1,0.3,0.46,0.8,89383.31253,17123.91732,6712.226939
v2113,0.3,0.46,0.2,0.34,0.4,74438.78942,22477.61891,46027.58161
v2114,0.3,0.34,0.4,0.34,0.8,79253.34504,22136.20276,37870.10687
v2115,2.7,0.7,0.4,0.7,0.8,96612.26811,22977.45466,98485.96391
v2116,2.7,0.7,0.5,0.7,0.8,97905.24779,22938.06983,98485.96391
v2117,2.22,0.34,0.2,0.34,0.8,96828.56518,20259.24977,39658.84068
v2118,1.74,0.58,0.5,0.7,0.2,97135.75232,21142.17248,51650.62052
v2119,2.7,0.34,0.5,0.58,0.2,111418.1611,18035.01891,25150.9236
v2120,2.7,0.34,0.6,0.58,0.8,109678.5609,19815.58401,39621.84275
v2121,1.26,0.58,0.4,0.1,0.8,78275.28496,23533.83338,79323.96246
v2122,2.7,0.46,0.6,0.7,0.4,109033.1946,20132.32288,44107.23154
v2123,2.22,0.46,0.6,0.22,0.6,96962.27379,21263.03155,51053.38375
v2124,0.3,0.34,0.4,0.22,0.6,78335.33282,21729.21531,33152.69993
v2125,1.74,0.22,0.4,0.22,0.4,99359.91534,17649.8026,16035.05358
v2126,2.7,0.58,0.3,0.7,0.8,98984.4532,22226.13815,79148.77973
v2127,0.3,0.7,0.2,0.22,0.4,65946.03042,24133.80166,76042.53168
v2128,1.26,0.58,0.1,0.58,0.8,81041.29834,23370.57198,79323.96246
v2129,0.78,0.1,0.4,0.34,0.6,95301.59332,16136.24066,5809.612806
v2130,1.26,0.22,0.1,0.58,0.8,94054.12837,19008.33802,20292.23376
v2131,2.7,0.22,0.4,0.22,0.4,108166.5949,16927.14473,16017.59584
v2132,2.7,0.34,0.5,0.22,0.8,103340.6846,19936.97561,39621.84275
v2133,0.3,0.1,0.2,0.34,0.2,87472.53107,15419.25444,3992.38295
v2134,2.7,0.58,0.5,0.46,0.2,102600.1857,20552.60846,51620.16423
v2135,1.74,0.46,0.5,0.34,0.8,92053.25978,22020.32805,58021.13167
v2136,1.26,0.34,0.3,0.1,0.8,85194.78557,21197.65817,37820.67863
v2137,2.7,0.46,0.1,0.7,0.8,100155.9751,21210.07649,57919.9788
v2138,1.74,0.22,0.6,0.22,0.8,100535.7169,18774.30878,21410.79434
v2139,2.22,0.58,0.2,0.58,0.6,92941.59289,22235.24288,70020.29186
v2140,1.74,0.58,0.1,0.22,0.8,80657.05094,23237.1778,79270.60488
v2141,0.3,0.1,0.2,0.7,0.6,91537.51941,16689.05924,5805.612276
v2142,2.7,0.46,0.4,0.1,0.6,96690.36621,21012.15707,51013.60517
v2143,2.22,0.34,0.6,0.7,0.8,106985.4672,20116.86176,39658.84068
v2144,0.78,0.22,0.1,0.58,0.2,90969.11431,17600.22081,12477.91523
v2145,0.3,0.7,0.3,0.7,0.8,71467.63572,24541.0806,98768.35648
v2146,2.22,0.34,0.1,0.22,0.4,95387.51361,19163.41185,29993.06228
v2147,1.26,0.46,0.4,0.34,0.8,85892.16938,22455.66675,60199.34066
v2148,1.74,0.34,0.1,0.34,0.4,92639.5232,19547.02265,30009.50436
v2149,0.3,0.34,0.2,0.58,0.4,81756.14264,20932.90825,28435.29299
v2150,2.22,0.22,0.5,0.22,0.2,106066.499,16566.85642,13343.22645
v2151,2.7,0.22,0.1,0.7,0.4,110636.5231,16834.721,16017.59584
v2152,2.7,0.1,0.6,0.1,0.8,113250.7558,14789.6157,7085.282183
v2153,0.78,0.7,0.5,0.34,0.8,74763.96999,24319.74397,98720.65804
v2154,1.26,0.46,0.1,0.7,0.8,86503.86356,22363.95034,60199.34066
v2155,1.26,0.1,0.5,0.7,0.8,106555.0243,16168.55605,6722.342581
v2156,0.78,0.46,0.1,0.34,0.8,76284.76351,23022.21719,60239.18702
v2157,0.78,0.1,0.3,0.22,0.8,91780.82481,16379.25237,6717.56098
v2158,2.7,0.22,0.2,0.58,0.8,109286.2082,17850.35462,21375.87888
v2159,2.22,0.7,0.3,0.46,0.2,92490.11213,21812.56905,64625.55569
v2160,1.74,0.58,0.5,0.22,0.8,86308.79944,23058.2393,79270.60488
v2161,1.26,0.1,0.2,0.1,0.4,94601.68874,14850.17389,4904.055434
v2162,2.7,0.34,0.3,0.1,0.4,100614.1087,18866.25421,29974.56331
v2163,2.7,0.22,0.2,0.22,0.8,104165.9671,17866.32217,21375.87888
v2164,1.26,0.46,0.3,0.46,0.2,89938.70643,20600.32112,38884.58391
v2165,0.3,0.1,0.6,0.34,0.8,91627.57781,17280.76044,6712.226939
v2166,0.78,0.7,0.3,0.22,0.2,74667.45651,23073.571,64667.69467
v2167,2.7,0.34,0.3,0.58,0.8,105837.7186,19814.26513,39621.84275
v2168,2.22,0.1,0.6,0.46,0.8,114241.2392,15325.41807,7083.314384
v2169,2.7,0.7,0.4,0.22,0.4,92692.77138,22333.20729,75901.3354
v2170,0.78,0.1,0.1,0.34,0.8,90679.09744,16236.72936,6717.56098
v2171,0.78,0.46,0.4,0.58,0.8,84028.80308,22743.99845,60239.18702
v2172,0.3,0.7,0.4,0.34,0.2,72374.84219,23360.56894,64679.61928
v2173,0.78,0.7,0.6,0.1,0.8,72357.48164,24432.20792,98720.65804
v2174,1.26,0.1,0.4,0.58,0.8,103739.7794,16060.61064,6722.342581
v2175,2.7,0.58,0.6,0.1,0.8,94304.41821,22461.79224,79148.77973
v2176,0.78,0.22,0.2,0.7,0.4,93165.3561,18454.61124,15086.22993
v2177,1.74,0.1,0.2,0.58,0.8,106002.8088,15470.17093,7080.190147
v2178,0.3,0.34,0.3,0.46,0.2,82740.6361,20176.48008,23717.88606
v2179,0.3,0.46,0.1,0.1,0.6,67845.0203,23262.5137,53151.53992
v2180,0.3,0.7,0.2,0.58,0.8,68484.04937,24652.67971,98768.35648
v2181,0.3,0.7,0.3,0.46,0.8,68323.18898,24670.80058,98768.35648
v2182,0.3,0.34,0.6,0.34,0.6,82802.48842,21612.82373,33152.69993
v2183,1.26,0.46,0.6,0.1,0.6,85770.08857,22119.33764,53094.42174
v2184,2.7,0.7,0.4,0.46,0.6,94668.83037,22729.19433,87193.64966
v2185,1.74,0.1,0.6,0.46,0.2,110588.3509,14737.74563,4269.55367
v2186,0.78,0.1,0.3,0.7,0.6,98830.12984,16211.23625,5809.612806
v2187,1.26,0.58,0.3,0.7,0.8,85534.88357,23212.02938,79323.96246
v2188,2.22,0.34,0.4,0.58,0.8,102926.6781,20162.92259,39658.84068
v2189,0.3,0.46,0.5,0.34,0.6,77436.38987,22905.40344,53151.53992
v2190,2.7,0.58,0.5,0.46,0.8,98466.82604,22279.13757,79148.77973
v2191,0.78,0.1,0.4,0.58,0.8,98306.90261,16589.53616,6717.56098
v2192,2.7,0.34,0.5,0.22,0.4,105148.2784,18878.9279,29974.56331
v2193,1.74,0.34,0.6,0.22,0.2,98855.36214,18830.22834,25168.39412
v2194,2.7,0.58,0.3,0.7,0.8,98984.4532,22226.13815,79148.77973
v2195,0.78,0.7,0.5,0.1,0.2,75510.51099,23065.34728,64667.69467
v2196,2.7,0.58,0.2,0.58,0.8,96033.78138,22324.64827,79148.77973
v2197,2.7,0.34,0.6,0.7,0.8,111206.151,19780.92384,39621.84275
v2198,1.74,0.7,0.2,0.34,0.8,80370.00136,23831.06604,98612.92166
v2199,2.7,0.46,0.2,0.1,0.4,95195.60167,20367.96502,44107.23154
v2200,0.3,0.58,0.5,0.1,0.2,73057.39955,22757.31136,51687.45538
v2201,2.7,0.1,0.2,0.46,0.8,113426.3205,14699.48441,7085.282183
v2202,1.74,0.7,0.5,0.58,0.2,92357.4412,22037.50993,64640.76058
v2203,1.26,0.58,0.6,0.7,0.4,92037.13995,22203.44304,60883.96076
v2204,2.22,0.34,0.3,0.7,0.2,106130.002,18304.43979,25160.17308
v2205,0.3,0.46,0.2,0.22,0.8,70307.08501,23527.53429,60275.49823
v2206,2.22,0.34,0.5,0.7,0.2,108739.1777,18362.45253,25160.17308
v2207,1.26,0.22,0.5,0.34,0.2,98528.92074,17314.0696,12475.25884
v2208,0.78,0.22,0.6,0.58,0.4,96971.88589,18598.99474,15086.22993
v2209,2.7,0.1,0.1,0.22,0.8,108525.9177,14425.68224,7085.282183
v2210,2.22,0.58,0.3,0.34,0.4,92428.87389,21736.79585,60828.18092
v2211,0.3,0.58,0.2,0.1,0.2,68778.60207,22878.86487,51687.45538
v2212,1.26,0.34,0.4,0.46,0.8,92059.05882,20982.92597,37820.67863
v2213,0.3,0.58,0.2,0.34,0.8,68474.87769,24230.86362,79417.94435
v2214,1.26,0.1,0.3,0.34,0.6,99353.74675,15555.0703,5813.199007
v2215,2.7,0.46,0.1,0.58,0.6,99522.41297,20824.94324,51013.60517
v2216,2.7,0.34,0.4,0.1,0.6,100859.4842,19568.08896,34798.20303
v2217,0.3,0.46,0.2,0.34,0.2,75850.50911,21699.78423,38903.6233
v2218,0.3,0.34,0.5,0.22,0.2,81923.93266,20291.26721,23717.88606
v2219,2.7,0.1,0.5,0.1,0.2,112907.8516,13861.72618,4270.826679
v2220,2.7,0.7,0.2,0.58,0.6,93522.33647,22750.03827,87193.64966
v2221,2.7,0.58,0.6,0.22,0.4,98711.72173,21397.2142,60796.36939
v2222,0.78,0.22,0.6,0.22,0.4,91832.08369,18643.69316,15086.22993
v2223,0.3,0.7,0.5,0.58,0.4,75343.3897,23770.88143,76042.53168
v2224,2.22,0.46,0.6,0.34,0.8,97821.98819,21618.44761,57973.01691
v2225,2.7,0.1,0.5,0.46,0.8,117347.3721,14941.98275,7085.282183
v2226,2.7,0.1,0.2,0.58,0.8,115022.4853,14770.69266,7085.282183
v2227,0.3,0.1,0.1,0.34,0.4,85510.41013,15895.00602,4898.997613
v2228,1.74,0.58,0.2,0.58,0.8,87351.13147,22974.24749,79270.60488
v2229,1.74,0.22,0.6,0.34,0.6,102878.4065,18353.29642,18722.92396
v2230,2.7,0.1,0.1,0.46,0.8,112001.7893,14594.69172,7085.282183
v2231,2.7,0.1,0.1,0.22,0.6,108671.5034,14212.0436,6147.130349
v2232,0.3,0.22,0.4,0.46,0.6,86191.31303,19763.40011,17700.96718
v2233,2.22,0.22,0.4,0.58,0.8,107717.3985,18265.7615,21394.96737
v2234,0.3,0.7,0.6,0.58,0.8,73942.91557,24471.95034,98768.35648
v2235,0.78,0.1,0.2,0.46,0.6,94236.82899,16013.6568,5809.612806
v2236,1.74,0.1,0.4,0.22,0.4,104223.567,14811.31823,5206.432496
v2237,2.22,0.22,0.2,0.58,0.8,104994.5451,18208.68653,21394.96737
v2238,2.22,0.22,0.3,0.58,0.8,106385.4752,18239.29652,21394.96737
v2239,1.74,0.7,0.1,0.58,0.4,84974.81323,22888.03712,75964.81427
v2240,2.7,0.7,0.6,0.58,0.6,98830.64294,22592.69776,87193.64966
v2241,1.26,0.46,0.3,0.46,0.8,86238.17112,22419.98056,60199.34066
v2242,2.7,0.22,0.3,0.34,0.6,107802.7672,17528.69976,18696.73736
v2243,2.7,0.46,0.2,0.7,0.8,101617.4604,21187.95175,57919.9788
v2244,2.7,0.58,0.6,0.58,0.4,103812.5003,21219.98259,60796.36939
v2245,2.7,0.34,0.3,0.22,0.6,101419.8213,19518.65033,34798.20303
v2246,2.7,0.34,0.5,0.1,0.8,101435.6792,19983.46377,39621.84275
v2247,2.7,0.1,0.6,0.34,0.4,117359.7961,14480.68224,5208.978514
v2248,0.78,0.58,0.5,0.58,0.6,82716.60558,23187.05363,70140.7037
v2249,2.7,0.46,0.5,0.22,0.8,98982.02006,21358.62684,57919.9788
v2250,0.78,0.1,0.5,0.46,0.6,98318.72138,16260.43636,5809.612806
v2251,2.7,0.1,0.3,0.34,0.4,113593.9316,14239.30027,5208.978514
v2252,0.78,0.46,0.1,0.1,0.4,74786.25642,22139.23066,46009.42601
v2253,2.7,0.22,0.1,0.34,0.8,104514.85,17816.63377,21375.87888
v2254,1.74,0.1,0.4,0.34,0.8,105412.4272,15518.27128,7080.190147
v2255,1.26,0.46,0.6,0.22,0.2,90384.75212,20695.76252,38884.58391
v2256,0.3,0.1,0.6,0.1,0.2,89146.12719,15636.87199,3992.38295
v2257,1.26,0.1,0.1,0.58,0.2,100606.5348,14641.1204,3994.91186
v2258,0.3,0.7,0.2,0.58,0.8,68484.04937,24652.67971,98768.35648
v2259,1.74,0.46,0.3,0.46,0.6,92065.1121,21574.6466,51089.46982
v2260,2.7,0.46,0.6,0.58,0.4,107507.2936,20171.21087,44107.23154
v2261,2.22,0.58,0.3,0.46,0.4,94143.16967,21670.85697,60828.18092
v2262,2.22,0.46,0.2,0.46,0.2,97872.76085,19761.58206,37214.11744
v2263,2.22,0.46,0.4,0.34,0.4,97480.14063,20609.31253,44133.7506
v2264,2.7,0.58,0.2,0.46,0.8,94405.44672,22389.58681,79148.77973
v2265,0.78,0.58,0.1,0.46,0.6,75379.4288,23450.56279,70140.7037
v2266,0.3,0.1,0.5,0.58,0.8,93712.75679,17275.26445,6712.226939
v2267,1.26,0.58,0.1,0.7,0.2,86747.22847,21623.89806,51663.95991
v2268,0.78,0.1,0.6,0.58,0.4,101574.1366,15959.97452,4901.664633
v2269,2.7,0.22,0.2,0.7,0.6,111257.5484,17495.12657,18696.73736
v2270,2.22,0.46,0.3,0.46,0.2,99283.37476,19772.41829,37214.11744
v2271,0.3,0.46,0.4,0.46,0.8,76746.39683,23270.20472,60275.49823
v2272,2.7,0.46,0.1,0.7,0.8,100155.9751,21210.07649,57919.9788
v2273,0.78,0.58,0.2,0.34,0.6,75174.87613,23473.81674,70140.7037
v2274,0.3,0.46,0.4,0.1,0.6,72318.05323,23116.35008,53151.53992
v2275,1.74,0.7,0.3,0.46,0.4,86282.95903,22859.80764,75964.81427
v2276,0.78,0.1,0.5,0.1,0.8,92545.5864,16482.56829,6717.56098
v2277,0.3,0.46,0.2,0.46,0.6,74945.62095,22959.73593,53151.53992
v2278,2.7,0.1,0.3,0.46,0.6,114928.2404,14595.58107,6147.130349
v2279,0.78,0.34,0.1,0.34,0.8,80655.71588,21642.72669,37846.79911
v2280,2.7,0.7,0.2,0.1,0.8,85232.01692,23409.61857,98485.96391
v2281,1.74,0.58,0.4,0.7,0.8,91691.13638,22824.51444,79270.60488
v2282,2.22,0.22,0.3,0.1,0.8,99342.41239,18294.42635,21394.96737
v2283,2.7,0.34,0.1,0.46,0.8,101357.7096,19853.92757,39621.84275
v2284,0.3,0.1,0.5,0.58,0.8,93712.75679,17275.26445,6712.226939
v2285,0.3,0.34,0.3,0.7,0.8,82807.99826,21956.40434,37870.10687
v2286,2.7,0.22,0.6,0.7,0.6,116415.112,17632.21057,18696.73736
v2287,1.74,0.58,0.5,0.46,0.2,93987.66517,21248.3531,51650.62052
v2288,2.7,0.58,0.4,0.58,0.4,101279.4247,21255.33143,60796.36939
v2289,2.7,0.7,0.6,0.58,0.6,98830.64294,22592.69776,87193.64966
v2290,0.78,0.1,0.6,0.46,0.4,99961.11379,15900.53142,4901.664633
v2291,1.26,0.22,0.6,0.1,0.2,96082.306,17328.28506,12475.25884
v2292,2.22,0.46,0.6,0.34,0.8,97821.98819,21618.44761,57973.01691
v2293,1.26,0.58,0.1,0.46,0.8,79399.20904,23439.60759,79323.96246
v2294,0.78,0.22,0.2,0.46,0.2,90828.39441,17655.73327,12477.91523
v2295,1.74,0.22,0.4,0.58,0.4,104479.0688,17666.17355,16035.05358
v2296,2.7,0.1,0.3,0.1,0.8,109451.1969,14548.83372,7085.282183
v2297,2.7,0.46,0.3,0.46,0.6,100765.7996,20847.90591,51013.60517
v2298,2.7,0.34,0.1,0.34,0.6,100357.3483,19463.3648,34798.20303
v2299,0.78,0.58,0.1,0.22,0.2,74796.83811,22351.57553,51676.20727
v2300,1.26,0.7,0.6,0.1,0.8,77374.1158,24116.10383,98668.95962
v2301,1.26,0.22,0.6,0.34,0.4,98931.17714,18111.3784,15080.91715
v2302,2.22,0.22,0.4,0.34,0.4,105713.4738,17273.76415,16027.14009
v2303,2.7,0.34,0.4,0.46,0.8,105554.4375,19853.79305,39621.84275
v2304,0.3,0.1,0.6,0.1,0.8,87878.77764,17230.21681,6712.226939
v2305,2.22,0.7,0.4,0.22,0.8,85792.92242,23519.68758,98552.10212
v2306,0.3,0.34,0.4,0.1,0.8,75468.85149,22299.7986,37870.10687
v2307,2.7,0.46,0.2,0.7,0.4,103792.9624,20141.00253,44107.23154
v2308,0.3,0.34,0.3,0.34,0.8,77849.75673,22168.28646,37870.10687
v2309,1.74,0.22,0.3,0.7,0.2,105520.0376,16918.67961,13347.1832
v2310,1.74,0.46,0.4,0.22,0.8,88922.06733,22122.94955,58021.13167
v2311,2.7,0.22,0.5,0.22,0.2,110301.7078,16254.62218,13338.45433
v2312,2.22,0.46,0.4,0.58,0.2,102245.4763,19746.44378,37214.11744
v2313,0.78,0.22,0.4,0.58,0.8,92952.40988,19595.48756,20302.85932
v2314,0.78,0.22,0.6,0.34,0.4,93640.87646,18625.94753,15086.22993
v2315,0.78,0.7,0.1,0.1,0.8,65339.53202,24662.26969,98720.65804
v2316,2.7,0.58,0.1,0.46,0.8,92928.89558,22430.18453,79148.77973
v2317,2.22,0.1,0.1,0.22,0.6,104327.6719,14506.34537,6145.654499
v2318,2.22,0.1,0.5,0.46,0.4,113559.6626,14748.78293,5207.994614
v2319,0.78,0.58,0.1,0.1,0.8,68732.13393,24055.76074,79372.95191
v2320,2.7,0.46,0.1,0.1,0.2,95199.91023,19483.60936,37200.85791
v2321,1.26,0.34,0.5,0.7,0.4,98429.69512,19845.45372,28410.57888
v2322,2.22,0.7,0.2,0.1,0.8,81068.06102,23691.57026,98552.10212
v2323,0.3,0.1,0.5,0.22,0.2,89796.16632,15646.27917,3992.38295
v2324,1.74,0.46,0.2,0.22,0.8,86109.41212,22192.66593,58021.13167
v2325,2.22,0.7,0.1,0.7,0.4,90965.2829,22495.30848,75934.4045
v2326,0.3,0.46,0.1,0.7,0.4,77858.72993,22299.96935,46027.58161
v2327,0.3,0.7,0.5,0.58,0.8,72660.98647,24514.30571,98768.35648
v2328,2.22,0.34,0.1,0.34,0.2,98409.56539,18250.42652,25160.17308
v2329,2.7,0.22,0.2,0.34,0.8,105966.8627,17859.36954,21375.87888
v2330,1.74,0.34,0.1,0.1,0.6,87776.79915,20327.4636,34850.61461
v2331,2.7,0.1,0.2,0.34,0.8,111741.6741,14623.30424,7085.282183
v2332,2.7,0.7,0.4,0.1,0.8,88028.85773,23321.02056,98485.96391
v2333,0.3,0.34,0.2,0.22,0.8,74533.95291,22281.5128,37870.10687
v2334,0.78,0.7,0.2,0.58,0.2,78361.27568,22907.73063,64667.69467
v2335,0.3,0.46,0.5,0.1,0.2,76328.72537,21786.57808,38903.6233
v2336,0.3,0.46,0.4,0.46,0.4,79050.61419,22328.18113,46027.58161
v2337,0.78,0.46,0.1,0.46,0.8,78028.1178,22946.11252,60239.18702
v2338,0.3,0.1,0.6,0.58,0.2,96209.22034,15959.02205,3992.38295
v2339,0.78,0.7,0.4,0.46,0.6,76365.72034,23961.69545,87369.67025
v2340,0.3,0.22,0.6,0.22,0.8,84535.99686,20354.77829,20311.42272
v2341,2.22,0.46,0.6,0.46,0.8,99527.61257,21553.95519,57973.01691
v2342,1.74,0.34,0.4,0.34,0.2,98098.79956,18760.70116,25168.39412
v2343,1.26,0.1,0.5,0.22,0.2,100988.0182,14782.41185,3994.91186
v2344,1.74,0.34,0.6,0.1,0.8,93872.51813,20758.66009,39691.72485
v2345,0.3,0.7,0.4,0.1,0.2,68643.57093,23512.63947,64679.61928
v2346,1.26,0.22,0.4,0.58,0.2,100550.547,17300.76876,12475.25884
v2347,2.7,0.58,0.6,0.34,0.4,100505.4413,21334.13001,60796.36939
v2348,0.78,0.46,0.4,0.34,0.8,80664.13283,22887.47363,60239.18702
v2349,1.26,0.34,0.5,0.22,0.8,89835.75112,21094.82436,37820.67863
v2350,2.7,0.46,0.5,0.7,0.6,106548.9746,20725.48946,51013.60517
v2351,2.22,0.1,0.1,0.7,0.2,111690.4398,14171.07422,4270.33473
v2352,1.74,0.58,0.6,0.1,0.8,85664.15745,23098.31312,79270.60488
v2353,2.7,0.7,0.3,0.58,0.2,98260.29636,21434.32089,64609.02114
v2354,0.78,0.58,0.6,0.46,0.8,81202.28596,23582.35408,79372.95191
v2355,0.3,0.7,0.1,0.46,0.8,65343.1028,24769.52586,98768.35648
v2356,1.74,0.7,0.6,0.58,0.8,89085.46944,23516.37212,98612.92166
v2357,2.7,0.58,0.3,0.7,0.6,100064.02,21819.4224,69972.57456
v2358,2.7,0.7,0.1,0.58,0.4,93571.28487,22244.74398,75901.3354
v2359,2.7,0.58,0.3,0.1,0.2,94552.67712,20728.8715,51620.16423
v2360,0.3,0.1,0.4,0.46,0.4,91568.43232,16277.68663,4898.997613
v2361,2.7,0.46,0.6,0.46,0.4,105901.0405,20212.81707,44107.23154
v2362,0.3,0.22,0.3,0.1,0.4,80086.78688,19191.60207,15090.51163
v2363,0.3,0.22,0.6,0.46,0.2,90458.13893,18415.07608,12480.05608
v2364,2.22,0.58,0.5,0.58,0.4,98425.98357,21560.99902,60828.18092
v2365,0.3,0.1,0.2,0.1,0.8,82407.58607,16934.15778,6712.226939
v2366,2.22,0.58,0.2,0.1,0.4,87261.65537,21913.01132,60828.18092
v2367,2.7,0.22,0.1,0.22,0.8,102708.3785,17822.1245,21375.87888
v2368,1.26,0.7,0.3,0.34,0.4,79834.86876,23277.50257,75992.83325
v2369,2.7,0.46,0.2,0.58,0.2,103709.8021,19371.90056,37200.85791
v2370,0.3,0.58,0.5,0.46,0.8,74401.26177,24015.37365,79417.94435
v2371,2.7,0.34,0.3,0.7,0.6,108082.9917,19385.42352,34798.20303
v2372,1.26,0.22,0.3,0.34,0.8,93599.6975,19108.7634,20292.23376
v2373,1.26,0.1,0.1,0.22,0.4,95040.66539,14823.57131,4904.055434
v2374,2.7,0.34,0.1,0.22,0.4,99649.65245,18787.12173,29974.56331
v2375,2.22,0.1,0.4,0.7,0.8,114877.5938,15312.74805,7083.314384
v2376,0.78,0.34,0.6,0.58,0.8,90978.38806,21396.35962,37846.79911
v2377,2.7,0.46,0.3,0.22,0.6,97245.9975,20962.95336,51013.60517
v2378,0.78,0.22,0.2,0.22,0.4,86412.29727,18492.748,15086.22993
v2379,0.3,0.22,0.5,0.34,0.8,85081.47868,20297.30952,20311.42272
v2380,2.22,0.46,0.2,0.1,0.8,88733.96894,21874.92676,57973.01691
v2381,1.74,0.22,0.2,0.34,0.6,97578.99149,18228.84398,18722.92396
v2382,0.3,0.34,0.6,0.34,0.2,85032.12535,20247.15113,23717.88606
v2383,2.7,0.46,0.4,0.22,0.6,98600.64076,20948.25602,51013.60517
v2384,2.7,0.22,0.3,0.46,0.8,109054.5826,17889.6878,21375.87888
v2385,1.74,0.1,0.6,0.58,0.2,112180.6402,14817.52644,4269.55367
v2386,0.3,0.7,0.1,0.7,0.4,71139.29158,23912.91534,76042.53168
v2387,2.7,0.46,0.2,0.1,0.4,95195.60167,20367.96502,44107.23154
v2388,2.22,0.7,0.2,0.34,0.2,89355.36518,21906.52213,64625.55569
v2389,2.7,0.1,0.2,0.58,0.4,115502.7963,14311.43673,5208.978514
v2390,2.22,0.58,0.2,0.7,0.6,94491.89102,22172.23745,70020.29186
v2391,1.26,0.1,0.2,0.34,0.8,97659.5728,15784.23365,6722.342581
v2392,2.22,0.46,0.2,0.7,0.8,97388.57843,21535.99638,57973.01691
v2393,0.3,0.22,0.6,0.1,0.8,82595.0345,20415.70055,20311.42272
v2394,2.7,0.1,0.6,0.7,0.8,121630.9222,15122.9502,7085.282183
v2395,2.22,0.46,0.6,0.58,0.2,104774.2778,19757.05842,37214.11744
v2396,0.78,0.46,0.2,0.58,0.8,81195.82498,22827.00817,60239.18702
v2397,0.78,0.58,0.4,0.34,0.8,76875.41407,23743.21066,79372.95191
v2398,1.26,0.1,0.6,0.22,0.2,102228.8888,14864.79899,3994.91186
v2399,1.74,0.46,0.5,0.58,0.2,99054.31842,20129.6592,37226.14613
v2400,1.26,0.7,0.6,0.7,0.2,90429.15499,22308.77086,64654.77007
v2401,1.74,0.58,0.2,0.34,0.6,85117.95799,22721.68976,70063.94343
v2402,2.22,0.46,0.4,0.34,0.4,97480.14063,20609.31253,44133.7506
v2403,2.22,0.22,0.2,0.7,0.8,106535.2395,18198.13013,21394.96737
v2404,2.7,0.46,0.6,0.1,0.2,101991.3271,19554.4256,37200.85791
v2405,0.3,0.7,0.4,0.58,0.6,72547.12718,24234.67554,87405.44408
v2406,2.7,0.46,0.5,0.34,0.4,102967.0743,20260.52183,44107.23154
v2407,2.7,0.34,0.6,0.7,0.4,112976.974,18799.05639,29974.56331
v2408,2.7,0.46,0.6,0.1,0.2,101991.3271,19554.4256,37200.85791
v2409,1.26,0.1,0.2,0.7,0.8,102541.2983,15949.18587,6722.342581
v2410,1.26,0.46,0.1,0.34,0.6,82565.80759,22125.24987,53094.42174
v2411,2.7,0.58,0.5,0.7,0.6,102698.8658,21764.05883,69972.57456
v2412,0.78,0.46,0.1,0.58,0.2,83387.46361,21042.40993,38894.5455
v2413,2.22,0.1,0.1,0.1,0.8,102231.3316,14663.22623,7083.314384
v2414,1.74,0.58,0.5,0.1,0.8,84391.26356,23138.84938,79270.60488
v2415,2.22,0.34,0.4,0.7,0.2,107462.1765,18334.46398,25160.17308
v2416,2.7,0.58,0.6,0.7,0.8,102858.1175,22128.1596,79148.77973
v2417,1.74,0.22,0.2,0.34,0.2,99265.89351,16774.15128,13347.1832
v2418,1.74,0.46,0.2,0.1,0.2,87896.69133,20304.36623,37226.14613
v2419,2.22,0.22,0.5,0.34,0.8,105684.3432,18316.35935,21394.96737
v2420,0.78,0.46,0.3,0.58,0.6,83688.2608,22365.00446,53124.30651
v2421,2.22,0.58,0.4,0.22,0.6,90571.31361,22370.16896,70020.29186
v2422,1.74,0.22,0.3,0.22,0.4,98006.20492,17603.88383,16035.05358
v2423,1.26,0.22,0.3,0.22,0.2,94059.20559,17182.44486,12475.25884
v2424,0.78,0.34,0.5,0.22,0.6,85395.64964,21144.21702,33135.21911
v2425,1.74,0.7,0.5,0.34,0.4,87270.90417,22846.754,75964.81427
v2426,0.3,0.46,0.1,0.22,0.2,72459.17554,21793.5807,38903.6233
v2427,0.78,0.1,0.4,0.7,0.4,100571.852,15877.32984,4901.664633
v2428,0.3,0.46,0.6,0.34,0.4,79962.64883,22338.00919,46027.58161
v2429,0.78,0.34,0.5,0.34,0.2,89467.59514,19656.62315,23712.05912
v2430,0.78,0.58,0.1,0.34,0.8,72498.97409,23891.13173,79372.95191
v2431,1.74,0.58,0.2,0.22,0.2,86346.08171,21424.61231,51650.62052
v2432,2.22,0.46,0.4,0.1,0.8,91535.33987,21812.71684,57973.01691
v2433,0.3,0.46,0.2,0.46,0.4,76178.54925,22400.21331,46027.58161
v2434,1.74,0.58,0.4,0.34,0.8,86800.16557,23024.91931,79270.60488
v2435,2.7,0.34,0.4,0.1,0.8,100139.8782,19984.20214,39621.84275
v2436,2.22,0.34,0.6,0.22,0.2,103372.053,18432.05899,25160.17308
v2437,1.74,0.34,0.6,0.34,0.2,100647.0005,18807.32684,25168.39412
v2438,2.7,0.58,0.5,0.22,0.4,97460.18583,21417.15713,60796.36939
v2439,0.78,0.58,0.6,0.58,0.8,82823.8739,23513.06636,79372.95191
v2440,2.7,0.7,0.3,0.58,0.8,93720.8071,23081.18591,98485.96391
v2441,2.7,0.22,0.2,0.22,0.2,106321.071,16056.66339,13338.45433
v2442,1.74,0.34,0.5,0.7,0.6,101997.1589,20091.88487,34850.61461
v2443,1.74,0.46,0.5,0.34,0.8,92053.25978,22020.32805,58021.13167
v2444,0.78,0.46,0.3,0.7,0.4,86489.55642,21717.48604,46009.42601
v2445,2.22,0.1,0.3,0.46,0.4,110983.1753,14582.3941,5207.994614
v2446,0.3,0.46,0.6,0.46,0.4,81683.03952,22266.04494,46027.58161
v2447,0.3,0.7,0.1,0.46,0.2,69651.86475,23440.98035,64679.61928
v2448,1.26,0.46,0.5,0.58,0.8,90566.30929,22283.49466,60199.34066
v2449,2.7,0.46,0.3,0.1,0.8,94410.24687,21474.98721,57919.9788
v2450,1.74,0.46,0.6,0.7,0.8,98189.58435,21802.98997,58021.13167
v2451,0.78,0.58,0.2,0.7,0.4,81487.73106,22756.26508,60908.45549
v2452,2.7,0.58,0.6,0.7,0.8,102858.1175,22128.1596,79148.77973
v2453,2.7,0.58,0.1,0.58,0.4,97053.73384,21321.64626,60796.36939
v2454,2.7,0.58,0.4,0.22,0.4,96156.27394,21437.93824,60796.36939
v2455,1.74,0.58,0.3,0.7,0.2,94470.6738,21174.06221,51650.62052
v2456,1.74,0.34,0.4,0.22,0.6,94008.06812,20270.39711,34850.61461
v2457,0.3,0.58,0.4,0.46,0.6,74223.02494,23701.46534,70174.44803
v2458,1.74,0.58,0.2,0.7,0.2,93049.26873,21191.27358,51650.62052
v2459,2.22,0.46,0.4,0.58,0.6,99541.70659,21118.25474,51053.38375
v2460,2.22,0.46,0.3,0.58,0.6,98190.00151,21136.75235,51053.38375
v2461,0.78,0.34,0.6,0.46,0.2,92448.58877,19635.15029,23712.05912
v2462,1.74,0.34,0.1,0.58,0.2,97184.63585,18631.85659,25168.39412
v2463,0.78,0.46,0.3,0.22,0.6,78485.94755,22591.79567,53124.30651
v2464,0.3,0.34,0.2,0.34,0.2,79542.2707,20204.46699,23717.88606
v2465,2.22,0.1,0.3,0.58,0.4,112579.5339,14661.91908,5207.994614
v2466,2.7,0.58,0.4,0.22,0.8,93653.55895,22455.22827,79148.77973
v2467,0.78,0.1,0.6,0.22,0.6,96058.90992,16223.53663,5809.612806
v2468,1.26,0.46,0.5,0.58,0.8,90566.30929,22283.49466,60199.34066
v2469,1.26,0.22,0.4,0.1,0.2,93511.35821,17220.97339,12475.25884
v2470,2.22,0.1,0.2,0.46,0.2,109998.019,14106.88492,4270.33473
v2471,2.7,0.1,0.2,0.58,0.4,115502.7963,14311.43673,5208.978514
v2472,2.7,0.22,0.3,0.7,0.8,112193.5342,17879.87555,21375.87888
v2473,2.7,0.1,0.2,0.34,0.2,112614.3996,13782.1907,4270.826679
v2474,0.78,0.34,0.6,0.7,0.8,92528.57299,21338.22694,37846.79911
v2475,2.7,0.34,0.3,0.58,0.4,107631.5303,18767.27264,29974.56331
v2476,0.78,0.7,0.3,0.58,0.4,78089.51692,23499.16765,76018.68246
v2477,2.22,0.34,0.6,0.1,0.6,99184.23627,19926.63223,34825.95148
v2478,1.74,0.7,0.4,0.22,0.4,84141.86463,22961.08798,75964.81427
v2479,0.3,0.46,0.1,0.7,0.4,77858.72993,22299.96935,46027.58161
v2480,2.22,0.1,0.1,0.22,0.4,104687.2308,14172.73351,5207.994614
v2481,0.3,0.46,0.5,0.22,0.8,74547.48414,23386.76007,60275.49823
v2482,2.22,0.34,0.3,0.34,0.2,101285.7033,18329.68223,25160.17308
v2483,2.7,0.58,0.2,0.22,0.4,93375.39373,21486.33874,60796.36939
v2484,2.7,0.1,0.3,0.34,0.8,113108.881,14715.77394,7085.282183
v2485,1.74,0.22,0.4,0.22,0.2,100220.9363,16875.84411,13347.1832
v2486,0.3,0.46,0.3,0.34,0.8,73613.24959,23396.31754,60275.49823
v2487,1.74,0.58,0.5,0.34,0.8,88117.86129,22983.46043,79270.60488
v2488,1.26,0.7,0.4,0.22,0.8,76666.4576,24123.1861,98668.95962
v2489,2.7,0.34,0.3,0.1,0.2,101833.4726,17988.11757,25150.9236
v2490,2.22,0.7,0.6,0.1,0.4,89236.21797,22640.17736,75934.4045
v2491,2.22,0.1,0.2,0.22,0.8,105584.9079,14871.30899,7083.314384
v2492,0.3,0.1,0.6,0.46,0.8,93346.27975,17303.45079,6712.226939
v2493,2.7,0.34,0.6,0.46,0.8,108068.647,19852.92916,39621.84275
v2494,1.74,0.7,0.4,0.46,0.8,84891.12905,23666.70196,98612.92166
v2495,2.7,0.58,0.4,0.34,0.4,97958.29583,21372.45145,60796.36939
v2496,2.22,0.58,0.6,0.46,0.6,96651.89719,22165.18469,70020.29186
v2497,2.7,0.22,0.6,0.46,0.2,114962.7818,16370.17055,13338.45433
v2498,2.7,0.7,0.5,0.7,0.2,102432.5586,21344.03161,64609.02114
v2499,1.74,0.22,0.2,0.7,0.2,104128.0223,16856.13285,13347.1832
v2500,1.74,0.34,0.5,0.22,0.2,97603.18591,18808.68565,25168.39412
v2501,2.7,0.22,0.3,0.46,0.4,110317.1433,16914.55817,16017.59584
v2502,2.7,0.34,0.6,0.58,0.8,109678.5609,19815.58401,39621.84275
v2503,2.7,0.22,0.3,0.46,0.8,109054.5826,17889.6878,21375.87888
v2504,0.3,0.34,0.5,0.34,0.6,81513.94117,21632.4479,33152.69993
v2505,1.74,0.7,0.1,0.1,0.8,75120.96463,24037.8753,98612.92166
v2506,2.7,0.46,0.3,0.58,0.4,103650.7958,20178.34311,44107.23154
v2507,1.74,0.46,0.3,0.58,0.6,93696.59183,21512.89275,51089.46982
v2508,1.26,0.58,0.1,0.22,0.6,76974.80424,23218.75466,70103.96161
v2509,0.78,0.7,0.1,0.7,0.2,78387.92709,22891.48046,64667.69467
v2510,1.26,0.22,0.4,0.34,0.6,95559.22916,18697.93105,17686.57546
v2511,2.7,0.46,0.5,0.7,0.2,109240.6316,19381.24535,37200.85791
v2512,1.26,0.46,0.1,0.58,0.6,85951.77881,21983.37892,53094.42174
v2513,1.26,0.22,0.6,0.58,0.8,100859.806,19105.75427,20292.23376
v2514,0.3,0.7,0.3,0.22,0.4,67430.87288,24081.46794,76042.53168
v2515,1.26,0.46,0.5,0.58,0.4,92831.91484,21278.18999,45989.50283
v2516,0.78,0.58,0.2,0.1,0.8,70270.39192,24005.08814,79372.95191
v2517,2.22,0.22,0.2,0.46,0.8,103372.0431,18218.61468,21394.96737
v2518,0.3,0.46,0.4,0.34,0.8,75019.41063,23349.03982,60275.49823
v2519,2.22,0.46,0.5,0.46,0.2,101927.8927,19786.70681,37214.11744
v2520,2.22,0.46,0.5,0.34,0.6,97511.215,21215.80767,51053.38375
v2521,0.78,0.1,0.6,0.22,0.8,95723.84595,16592.37264,6717.56098
v2522,0.3,0.7,0.4,0.1,0.8,64332.10836,24842.35765,98768.35648
v2523,1.26,0.58,0.4,0.58,0.2,89512.835,21607.89926,51663.95991
v2524,2.7,0.58,0.1,0.58,0.4,97053.73384,21321.64626,60796.36939
v2525,2.22,0.7,0.1,0.34,0.8,83311.36404,23584.51739,98552.10212
v2526,0.3,0.1,0.4,0.46,0.2,92010.89966,15725.53178,3992.38295
v2527,2.7,0.7,0.1,0.1,0.8,83736.81101,23458.24815,98485.96391
v2528,1.26,0.34,0.3,0.22,0.6,87958.85906,20649.0372,33115.62875
v2529,1.74,0.46,0.1,0.58,0.8,89813.74853,22016.39085,58021.13167
v2530,2.22,0.1,0.5,0.58,0.2,115528.9091,14474.55678,4270.33473
v2531,1.74,0.58,0.5,0.7,0.8,92997.83101,22786.10585,79270.60488
v2532,1.74,0.1,0.6,0.1,0.8,104247.454,15528.01266,7080.190147
v2533,2.22,0.1,0.1,0.22,0.6,104327.6719,14506.34537,6145.654499
v2534,2.7,0.34,0.2,0.34,0.2,104129.1405,17937.64927,25150.9236
v2535,2.22,0.7,0.3,0.46,0.8,87944.62983,23419.45712,98552.10212
v2536,0.78,0.1,0.4,0.58,0.8,98306.90261,16589.53616,6717.56098
v2537,2.7,0.22,0.1,0.1,0.4,102091.0878,16716.93323,16017.59584
v2538,0.78,0.1,0.5,0.7,0.4,101864.6586,15950.101,4901.664633
v2539,0.78,0.7,0.2,0.34,0.8,70588.62415,24457.44124,98720.65804
v2540,2.22,0.34,0.2,0.46,0.6,99299.34629,19784.91939,34825.95148
v2541,2.7,0.22,0.1,0.46,0.8,106224.6847,17812.82159,21375.87888
v2542,2.7,0.1,0.5,0.7,0.8,120435.6946,15064.34383,7085.282183
v2543,1.74,0.22,0.2,0.1,0.8,93282.31289,18703.56087,21410.79434
v2544,1.26,0.22,0.2,0.7,0.8,97090.89499,19011.30875,20292.23376
v2545,1.26,0.58,0.1,0.22,0.4,78379.6917,22667.41412,60883.96076
v2546,0.3,0.22,0.2,0.34,0.6,81602.85573,19770.08525,17700.96718
v2547,2.7,0.34,0.6,0.34,0.6,107081.3566,19502.3215,34798.20303
v2548,2.7,0.34,0.4,0.58,0.8,107171.7433,19814.82113,39621.84275
v2549,1.74,0.1,0.2,0.1,0.2,99991.00954,14041.23506,4269.55367
v2550,1.26,0.46,0.3,0.34,0.6,85523.80237,22055.39676,53094.42174
v2551,1.74,0.34,0.4,0.34,0.4,96909.37442,19589.17317,30009.50436
v2552,0.3,0.58,0.4,0.7,0.8,76226.79447,23926.24812,79417.94435
v2553,0.78,0.1,0.1,0.58,0.8,94050.84991,16340.72128,6717.56098
v2554,0.78,0.7,0.2,0.7,0.2,79909.49055,22845.92157,64667.69467
v2555,1.26,0.1,0.3,0.34,0.6,99353.74675,15555.0703,5813.199007
v2556,0.3,0.1,0.1,0.58,0.4,88897.88224,16036.27478,4898.997613
v2557,2.22,0.58,0.2,0.7,0.8,93389.18227,22576.02009,79212.40279
v2558,0.3,0.58,0.1,0.58,0.6,71450.67945,23782.18897,70174.44803
v2559,0.3,0.58,0.4,0.1,0.2,71695.80148,22795.18945,51687.45538
v2560,1.26,0.1,0.1,0.58,0.8,99534.25993,15800.62248,6722.342581
v2561,1.26,0.34,0.3,0.58,0.4,94219.6197,19867.0525,28410.57888
v2562,0.78,0.1,0.5,0.58,0.2,100747.2265,15426.39877,3993.71646
v2563,0.78,0.46,0.3,0.1,0.8,75500.72389,23096.23059,60239.18702
v2564,2.7,0.34,0.2,0.22,0.4,101117.3648,18815.00203,29974.56331
v2565,1.74,0.46,0.4,0.58,0.6,95058.53025,21489.3256,51089.46982
v2566,1.26,0.22,0.5,0.7,0.6,101735.0929,18667.71857,17686.57546
v2567,1.74,0.58,0.6,0.34,0.8,89382.67336,22945.43048,79270.60488
v2568,1.74,0.46,0.1,0.7,0.6,92344.09479,21505.33569,51089.46982
v2569,1.26,0.34,0.5,0.22,0.8,89835.75112,21094.82436,37820.67863
v2570,2.7,0.58,0.1,0.1,0.2,91639.87602,20744.72441,51620.16423
v2571,2.7,0.34,0.4,0.7,0.6,109410.8699,19393.14553,34798.20303
v2572,0.3,0.58,0.2,0.7,0.6,74543.49184,23663.63862,70174.44803
v2573,2.22,0.34,0.4,0.34,0.8,99594.55949,20250.45931,39658.84068
v2574,2.22,0.46,0.4,0.22,0.2,97135.66322,19858.78231,37214.11744
v2575,0.78,0.34,0.3,0.1,0.8,79848.14789,21747.04167,37846.79911
v2576,0.78,0.7,0.5,0.1,0.4,73767.02465,23697.22234,76018.68246
v2577,1.26,0.22,0.3,0.34,0.6,94195.1953,18669.8187,17686.57546
v2578,1.74,0.46,0.4,0.1,0.4,89253.71998,21125.00978,44157.80798
v2579,0.3,0.22,0.4,0.46,0.4,86999.87416,19141.27262,15090.51163
v2580,0.78,0.46,0.2,0.7,0.4,85046.02939,21744.503,46009.42601
v2581,2.22,0.1,0.3,0.46,0.8,110446.7831,15111.58319,7083.314384
v2582,1.74,0.58,0.3,0.7,0.4,92858.40294,21912.06168,60857.28197
v2583,2.22,0.1,0.3,0.7,0.6,113749.3342,15022.84003,6145.654499
v2584,2.7,0.46,0.1,0.22,0.4,95633.89619,20316.6629,44107.23154
v2585,2.7,0.7,0.3,0.34,0.6,91600.33739,22841.4606,87193.64966
v2586,0.78,0.1,0.6,0.22,0.4,96458.07697,15768.67173,4901.664633
v2587,2.22,0.1,0.3,0.58,0.4,112579.5339,14661.91908,5207.994614
v2588,0.3,0.22,0.1,0.58,0.4,84292.58286,19016.47257,15090.51163
v2589,0.78,0.1,0.2,0.22,0.2,91527.05364,14846.43646,3993.71646
v2590,1.74,0.46,0.2,0.7,0.8,92858.06014,21919.2988,58021.13167
v2591,2.7,0.46,0.6,0.7,0.8,106871.4383,21110.81266,57919.9788
v2592,2.7,0.46,0.5,0.34,0.8,100782.893,21293.56902,57919.9788
v2593,2.7,0.58,0.2,0.58,0.8,96033.78138,22324.64827,79148.77973
v2594,2.7,0.7,0.6,0.22,0.2,97067.35426,21548.78698,64609.02114
v2595,0.78,0.22,0.3,0.34,0.6,88865.65908,19192.88308,17694.54463
v2596,1.26,0.22,0.2,0.46,0.6,94493.98382,18618.8258,17686.57546
v2597,0.78,0.58,0.3,0.46,0.8,77201.61122,23715.12474,79372.95191
v2598,2.7,0.7,0.3,0.46,0.8,92097.04487,23146.09223,98485.96391
v2599,2.7,0.58,0.1,0.46,0.4,95424.58554,21380.84074,60796.36939
v2600,0.78,0.1,0.3,0.46,0.4,96054.23909,15662.11817,4901.664633
v2601,2.7,0.7,0.4,0.22,0.6,91157.06981,22872.92906,87193.64966
v2602,2.22,0.22,0.4,0.46,0.4,107409.9465,17286.41044,16027.14009
v2603,0.78,0.34,0.6,0.1,0.8,83874.70904,21676.651,37846.79911
v2604,2.7,0.1,0.3,0.7,0.4,118366.5482,14479.7474,5208.978514
v2605,0.3,0.22,0.1,0.1,0.2,77948.82208,18156.80199,12480.05608
v2606,1.74,0.34,0.1,0.22,0.8,88918.56149,20749.21043,39691.72485
v2607,2.7,0.1,0.3,0.22,0.4,111822.8546,14145.59884,5208.978514
v2608,0.78,0.22,0.6,0.46,0.2,96197.23268,17858.02256,12477.91523
v2609,1.26,0.34,0.6,0.34,0.8,92918.47918,21017.26949,37820.67863
v2610,1.74,0.34,0.1,0.1,0.8,86976.82203,20814.77621,39691.72485
v2611,2.22,0.58,0.4,0.1,0.4,90074.12567,21852.1861,60828.18092
v2612,0.3,0.34,0.2,0.46,0.2,81281.58996,20160.83738,23717.88606
v2613,0.78,0.1,0.1,0.7,0.6,95942.50061,16023.23664,5809.612806
v2614,2.7,0.34,0.2,0.58,0.8,104444.8498,19814.63978,39621.84275
v2615,2.7,0.22,0.3,0.34,0.8,107354.6141,17896.41967,21375.87888
v2616,2.22,0.34,0.4,0.46,0.2,104327.2812,18352.23541,25160.17308
v2617,0.78,0.22,0.5,0.22,0.6,89746.2523,19268.16386,17694.54463
v2618,0.78,0.22,0.3,0.46,0.2,92259.29984,17716.26296,12477.91523
v2619,1.26,0.58,0.6,0.1,0.8,80892.97118,23449.58116,79323.96246
v2620,2.7,0.58,0.4,0.22,0.8,93653.55895,22455.22827,79148.77973
v2621,2.22,0.58,0.1,0.46,0.8,88717.55341,22750.64536,79212.40279
v2622,1.74,0.7,0.4,0.1,0.8,79464.35497,23892.59168,98612.92166
v2623,2.7,0.58,0.6,0.34,0.4,100505.4413,21334.13001,60796.36939
v2624,2.22,0.46,0.3,0.46,0.6,96562.32369,21193.81372,51053.38375
v2625,0.3,0.22,0.6,0.34,0.2,88740.50885,18418.27213,12480.05608
v2626,2.22,0.22,0.3,0.34,0.8,103058.9993,18262.93843,21394.96737
v2627,2.7,0.34,0.1,0.58,0.6,103701.3631,19396.32678,34798.20303
v2628,2.7,0.58,0.3,0.1,0.4,92882.10988,21532.16046,60796.36939
v2629,1.74,0.1,0.5,0.58,0.6,110217.2552,15452.65772,6143.311322
v2630,0.3,0.34,0.4,0.34,0.4,81231.32093,21035.96758,28435.29299
v2631,0.78,0.46,0.4,0.46,0.8,82391.1966,22813.2994,60239.18702
v2632,2.7,0.22,0.1,0.22,0.2,104873.4033,15970.34558,13338.45433
v2633,2.22,0.46,0.5,0.1,0.8,92848.91951,21785.23131,57973.01691
v2634,2.7,0.22,0.4,0.34,0.4,109949.4442,16945.69089,16017.59584
v2635,0.78,0.46,0.1,0.1,0.2,76222.54345,21290.814,38894.5455
v2636,2.7,0.46,0.6,0.1,0.8,98326.18,21407.61507,57919.9788
v2637,1.26,0.58,0.2,0.1,0.2,79597.08577,21928.85444,51663.95991
v2638,1.74,0.1,0.2,0.7,0.2,108519.7206,14551.03359,4269.55367
v2639,1.26,0.58,0.6,0.58,0.4,90497.93669,22263.57621,60883.96076
v2640,2.7,0.46,0.1,0.22,0.2,97114.13535,19446.61917,37200.85791
v2641,2.22,0.34,0.5,0.46,0.8,102597.1714,20200.43215,39658.84068
v2642,1.26,0.34,0.6,0.7,0.2,100838.38,19097.16932,23705.529
v2643,2.7,0.34,0.4,0.22,0.8,102049.5642,19937.06418,39621.84275
v2644,2.7,0.46,0.6,0.58,0.8,105339.3301,21160.6494,57919.9788
v2645,1.26,0.1,0.6,0.34,0.6,103233.6559,15785.95421,5813.199007
v2646,1.74,0.46,0.3,0.1,0.2,89335.52904,20311.06838,37226.14613
v2647,0.3,0.7,0.4,0.1,0.2,68643.57093,23512.63947,64679.61928
v2648,0.78,0.34,0.5,0.1,0.6,83462.58575,21216.66561,33135.21911
v2649,2.22,0.58,0.4,0.7,0.6,97260.14924,22101.8574,70020.29186
v2650,0.3,0.1,0.4,0.34,0.6,89423.02387,16729.18909,5805.612276
v2651,1.26,0.58,0.5,0.22,0.4,84085.50058,22501.91189,60883.96076
v2652,2.22,0.7,0.4,0.22,0.4,88556.70874,22637.79135,75934.4045
v2653,0.3,0.34,0.2,0.7,0.2,84491.57522,20082.90378,23717.88606
v2654,2.22,0.58,0.6,0.22,0.6,93145.85076,22302.70066,70020.29186
v2655,1.74,0.46,0.1,0.46,0.2,91861.55701,20154.04736,37226.14613
v2656,1.74,0.34,0.5,0.46,0.8,98049.54243,20594.25736,39691.72485
v2657,0.3,0.34,0.1,0.22,0.8,72984.72787,22316.30809,37870.10687
v2658,2.22,0.1,0.3,0.22,0.4,107515.3856,14404.62794,5207.994614
v2659,0.78,0.46,0.6,0.46,0.8,84999.62911,22738.57734,60239.18702
v2660,2.7,0.34,0.5,0.22,0.8,103340.6846,19936.97561,39621.84275
v2661,0.3,0.1,0.4,0.58,0.2,93640.2042,15801.38137,3992.38295
v2662,2.7,0.34,0.6,0.46,0.8,108068.647,19852.92916,39621.84275
v2663,1.26,0.46,0.1,0.58,0.8,84938.69927,22429.84164,60199.34066
v2664,1.26,0.22,0.1,0.34,0.4,92100.14944,17885.97538,15080.91715
v2665,2.7,0.7,0.6,0.46,0.8,96000.54687,23024.14289,98485.96391
v2666,1.74,0.7,0.1,0.34,0.8,78866.93184,23880.96746,98612.92166
v2667,2.22,0.46,0.3,0.22,0.2,95775.99124,19849.58465,37214.11744
v2668,2.7,0.46,0.3,0.34,0.6,99054.42523,20903.29938,51013.60517
v2669,0.3,0.58,0.6,0.34,0.2,78087.31834,22571.49485,51687.45538
v2670,1.26,0.58,0.1,0.46,0.8,79399.20904,23439.60759,79323.96246
v2671,1.74,0.7,0.3,0.7,0.8,86690.81035,23581.96392,98612.92166
v2672,1.74,0.58,0.1,0.22,0.8,80657.05094,23237.1778,79270.60488
v2673,2.7,0.22,0.5,0.58,0.8,113251.211,17941.59702,21375.87888
v2674,0.3,0.22,0.6,0.34,0.8,86363.78211,20299.27823,20311.42272
v2675,2.7,0.34,0.6,0.7,0.6,111906.4027,19405.18679,34798.20303
v2676,2.7,0.7,0.2,0.46,0.2,95231.18031,21514.2464,64609.02114
v2677,1.26,0.46,0.6,0.7,0.8,93375.80939,22190.0146,60199.34066
v2678,0.3,0.7,0.5,0.1,0.4,68292.56333,24062.34453,76042.53168
v2679,2.22,0.34,0.3,0.46,0.6,100706.2941,19790.07422,34825.95148
v2680,1.26,0.7,0.4,0.46,0.6,81418.70936,23628.92282,87330.89644
v2681,1.74,0.1,0.5,0.34,0.8,106692.1992,15591.17596,7080.190147
v2682,1.26,0.1,0.2,0.46,0.8,99374.39348,15843.21788,6722.342581
v2683,2.7,0.34,0.2,0.46,0.8,102819.2313,19853.48876,39621.84275
v2684,1.26,0.46,0.5,0.34,0.2,90919.70318,20644.73309,38884.58391
v2685,2.7,0.1,0.2,0.34,0.8,111741.6741,14623.30424,7085.282183
v2686,1.74,0.7,0.1,0.46,0.2,85113.6134,22231.94958,64640.76058
v2687,2.7,0.46,0.3,0.7,0.8,103015.3274,21167.4192,57919.9788
v2688,1.26,0.58,0.6,0.1,0.6,82041.67032,23073.02182,70103.96161
v2689,0.3,0.22,0.5,0.1,0.6,82021.22247,19913.03953,17700.96718
v2690,2.22,0.58,0.6,0.34,0.2,97993.87604,20927.66555,51636.06999
v2691,1.26,0.1,0.1,0.22,0.8,94364.43162,15605.81957,6722.342581
v2692,1.74,0.22,0.5,0.22,0.6,99836.05712,18342.39272,18722.92396
v2693,0.3,0.34,0.6,0.46,0.8,83614.61693,22006.32327,37870.10687
v2694,2.7,0.7,0.3,0.1,0.6,87876.06455,22994.26856,87193.64966
v2695,1.26,0.34,0.3,0.22,0.4,89050.33377,19992.75081,28410.57888
v2696,2.7,0.34,0.6,0.34,0.4,108166.7529,18867.61243,29974.56331
v2697,0.78,0.58,0.3,0.7,0.4,82936.35039,22712.13189,60908.45549
v2698,1.74,0.7,0.6,0.34,0.8,85766.31773,23653.32624,98612.92166
v2699,2.7,0.7,0.5,0.46,0.2,99298.46131,21448.75353,64609.02114
v2700,0.3,0.58,0.3,0.1,0.4,68682.02882,23520.10065,60930.95171
v2701,0.78,0.58,0.3,0.22,0.8,73663.39467,23870.51493,79372.95191
v2702,0.3,0.22,0.1,0.46,0.2,83504.3268,18169.64045,12480.05608
v2703,0.78,0.1,0.4,0.22,0.2,94319.44021,15075.88969,3993.71646
v2704,2.22,0.1,0.6,0.46,0.8,114241.2392,15325.41807,7083.314384
v2705,2.7,0.46,0.3,0.34,0.8,98137.08491,21337.44717,57919.9788
v2706,0.3,0.46,0.3,0.7,0.4,80847.95654,22226.83115,46027.58161
v2707,2.7,0.7,0.1,0.58,0.8,90835.04236,23173.06648,98485.96391
v2708,0.78,0.58,0.4,0.46,0.6,79754.66271,23299.75564,70140.7037
v2709,0.78,0.7,0.3,0.46,0.6,74972.89813,24007.60173,87369.67025
v2710,2.22,0.22,0.6,0.58,0.8,110219.3056,18312.54092,21394.96737
v2711,0.3,0.22,0.3,0.46,0.2,86472.19336,18288.28926,12480.05608
v2712,2.7,0.34,0.6,0.34,0.8,106372.4587,19892.78294,39621.84275
v2713,1.74,0.22,0.5,0.58,0.2,106605.9047,16999.89543,13347.1832
v2714,2.7,0.34,0.1,0.1,0.4,97732.61948,18814.39947,29974.56331
v2715,0.3,0.58,0.5,0.46,0.6,75568.80717,23654.51812,70174.44803
v2716,2.7,0.7,0.5,0.46,0.8,94752.01958,23061.79523,98485.96391
v2717,2.7,0.34,0.6,0.46,0.6,108775.761,19467.75117,34798.20303
v2718,0.3,0.34,0.1,0.7,0.2,82973.09544,20065.66567,23717.88606
v2719,1.74,0.7,0.1,0.46,0.8,80590.08364,23808.80463,98612.92166
v2720,2.7,0.46,0.3,0.22,0.8,96327.31866,21403.7347,57919.9788
v2721,1.26,0.58,0.2,0.46,0.4,83456.34941,22470.86874,60883.96076
v2722,0.78,0.46,0.1,0.58,0.8,79679.48103,22873.5228,60239.18702
v2723,2.22,0.22,0.5,0.58,0.6,109479.8232,17926.26309,18711.05373
v2724,1.74,0.1,0.1,0.22,0.4,100028.712,14478.31324,5206.432496
v2725,2.7,0.22,0.4,0.1,0.4,106277.0725,16905.96061,16017.59584
v2726,1.26,0.7,0.5,0.58,0.6,84366.12467,23515.28834,87330.89644
v2727,0.78,0.34,0.6,0.46,0.4,91280.65008,20408.07055,28423.63911
v2728,2.22,0.58,0.3,0.1,0.6,87279.73336,22487.36597,70020.29186
v2729,2.7,0.7,0.6,0.1,0.2,95173.77241,21615.7272,64609.02114
v2730,1.74,0.34,0.2,0.7,0.2,100200.6707,18654.51487,25168.39412
v2731,2.7,0.34,0.1,0.46,0.4,103169.2672,18741.06956,29974.56331
v2732,2.7,0.7,0.6,0.46,0.4,98748.12542,22136.40432,75901.3354
v2733,0.3,0.46,0.3,0.22,0.2,75493.78221,21750.97848,38903.6233
v2734,0.78,0.46,0.1,0.46,0.8,78028.1178,22946.11252,60239.18702
v2735,1.26,0.58,0.3,0.58,0.6,85133.58008,22900.14088,70103.96161
v2736,0.78,0.22,0.3,0.1,0.4,85922.04667,18551.72109,15086.22993
v2737,2.7,0.22,0.4,0.46,0.2,112489.0714,16269.84122,13338.45433
v2738,1.26,0.46,0.5,0.46,0.8,88935.93436,22349.97445,60199.34066
v2739,1.74,0.58,0.4,0.1,0.2,87250.71498,21454.29071,51650.62052
v2740,1.26,0.58,0.4,0.34,0.6,83162.25014,22996.30591,70103.96161
v2741,1.74,0.58,0.5,0.7,0.4,95528.40567,21857.33513,60857.28197
v2742,0.78,0.7,0.6,0.46,0.8,77741.25714,24206.81547,98720.65804
v2743,0.3,0.34,0.5,0.58,0.8,83971.18351,21963.678,37870.10687
v2744,2.22,0.58,0.6,0.7,0.4,101207.6777,21485.43039,60828.18092
v2745,0.3,0.58,0.5,0.1,0.8,68976.81258,24250.4385,79417.94435
v2746,0.3,0.7,0.2,0.58,0.4,71125.07689,23920.11762,76042.53168
v2747,2.7,0.7,0.6,0.7,0.8,99148.04217,22901.58207,98485.96391
v2748,1.74,0.22,0.2,0.1,0.6,93840.0628,18252.74762,18722.92396
v2749,1.74,0.46,0.4,0.22,0.6,89900.52527,21685.29851,51089.46982
v2750,0.3,0.34,0.2,0.1,0.4,74562.03729,21191.65958,28435.29299
v2751,0.78,0.58,0.6,0.34,0.8,79493.07638,23656.53305,79372.95191
v2752,2.22,0.46,0.4,0.7,0.2,103776.2538,19714.35456,37214.11744
v2753,1.74,0.1,0.1,0.34,0.8,101223.806,15232.61898,7080.190147
v2754,0.78,0.58,0.5,0.58,0.2,85688.95651,22014.49254,51676.20727
v2755,1.74,0.46,0.3,0.7,0.2,97935.05621,20088.50466,37226.14613
v2756,1.26,0.34,0.5,0.58,0.8,95001.81787,20914.95761,37820.67863
v2757,2.7,0.1,0.4,0.22,0.8,112647.9619,14721.95301,7085.282183
v2758,2.7,0.7,0.6,0.34,0.8,94299.07213,23090.45316,98485.96391
v2759,1.74,0.34,0.2,0.34,0.8,92241.18462,20676.23454,39691.72485
v2760,1.26,0.46,0.2,0.7,0.8,88001.65977,22324.75365,60199.34066
v2761,2.7,0.46,0.4,0.7,0.6,105266.3456,20737.1338,51013.60517
v2762,1.26,0.34,0.4,0.34,0.8,90335.07824,21043.57543,37820.67863
v2763,1.26,0.22,0.2,0.58,0.8,95537.44072,19034.54067,20292.23376
v2764,2.7,0.22,0.2,0.34,0.4,107242.315,16836.3713,16017.59584
v2765,2.7,0.1,0.3,0.46,0.2,115650.701,13986.71947,4270.826679
v2766,1.74,0.46,0.5,0.7,0.8,96938.40756,21828.55019,58021.13167
v2767,2.7,0.1,0.5,0.46,0.4,117824.4054,14490.33284,5208.978514
v2768,0.3,0.46,0.2,0.46,0.8,73878.91576,23366.2663,60275.49823
v2769,2.7,0.7,0.6,0.34,0.4,97051.05359,22200.26294,75901.3354
v2770,2.22,0.22,0.4,0.22,0.8,102599.773,18306.65278,21394.96737
v2771,2.7,0.22,0.5,0.22,0.6,108618.8566,17601.04004,18696.73736
v2772,2.7,0.58,0.4,0.22,0.2,97815.72969,20663.55764,51620.16423
v2773,0.78,0.7,0.6,0.46,0.4,80481.34775,23430.98193,76018.68246
v2774,2.7,0.46,0.4,0.58,0.8,102815.6847,21198.16381,57919.9788
v2775,2.7,0.1,0.5,0.7,0.4,120905.5764,14634.75702,5208.978514
v2776,2.7,0.7,0.3,0.7,0.2,99794.31311,21382.35267,64609.02114
v2777,2.22,0.46,0.4,0.1,0.8,91535.33987,21812.71684,57973.01691
v2778,2.22,0.46,0.4,0.46,0.6,97917.80057,21174.39032,51053.38375
v2779,0.3,0.58,0.1,0.58,0.2,74379.04418,22624.58027,51687.45538
v2780,0.3,0.34,0.1,0.1,0.8,71012.32238,22404.35178,37870.10687
v2781,1.74,0.58,0.6,0.46,0.6,92223.03701,22495.17868,70063.94343
v2782,0.3,0.1,0.4,0.58,0.6,92783.157,16808.57674,5805.612276
v2783,0.78,0.22,0.1,0.34,0.2,87599.21946,17567.27046,12477.91523
v2784,2.7,0.1,0.2,0.34,0.8,111741.6741,14623.30424,7085.282183
v2785,2.22,0.7,0.1,0.1,0.8,79563.53274,23740.69122,98552.10212
v2786,2.22,0.34,0.1,0.1,0.4,93463.83038,19198.11768,29993.06228
v2787,2.7,0.46,0.4,0.58,0.8,102815.6847,21198.16381,57919.9788
v2788,1.74,0.22,0.5,0.34,0.8,101091.4187,18729.99799,21410.79434
v2789,1.74,0.34,0.5,0.7,0.8,101214.4606,20500.32736,39691.72485
v2790,1.74,0.34,0.2,0.58,0.6,96390.83474,20132.28853,34850.61461
v2791,1.26,0.7,0.4,0.7,0.8,83338.74775,23841.9375,98668.95962
v2792,0.78,0.58,0.5,0.1,0.6,75637.59009,23492.35874,70140.7037
v2793,0.3,0.1,0.3,0.1,0.8,83868.04381,17025.68631,6712.226939
v2794,1.26,0.58,0.4,0.46,0.2,87890.61204,21667.16581,51663.95991
v2795,2.7,0.46,0.5,0.58,0.4,106274.5791,20174.31972,44107.23154
v2796,0.3,0.58,0.2,0.1,0.8,64731.97968,24393.36419,79417.94435
v2797,2.7,0.1,0.3,0.58,0.4,116858.371,14406.34439,5208.978514
v2798,2.22,0.34,0.5,0.34,0.8,100891.6656,20245.59107,39658.84068
v2799,2.7,0.58,0.3,0.22,0.8,92292.62288,22493.03697,79148.77973
v2800,2.22,0.58,0.2,0.1,0.2,88921.95821,21099.0403,51636.06999
v2801,0.78,0.58,0.3,0.1,0.2,75876.82079,22355.41965,51676.20727
v2802,0.78,0.7,0.2,0.34,0.2,75012.77992,23045.16015,64667.69467
v2803,1.74,0.22,0.5,0.7,0.8,105951.1918,18669.56759,21410.79434
v2804,1.74,0.7,0.1,0.34,0.6,80090.81261,23528.87789,87288.86797
v2805,0.78,0.46,0.3,0.22,0.2,81166.24162,21201.07687,38894.5455
v2806,0.78,0.1,0.6,0.46,0.8,99235.92717,16668.96352,6717.56098
v2807,1.26,0.58,0.3,0.7,0.8,85534.88357,23212.02938,79323.96246
v2808,2.7,0.22,0.6,0.46,0.6,113306.0232,17632.13873,18696.73736
v2809,0.3,0.1,0.2,0.58,0.2,90841.12584,15597.02522,3992.38295
v2810,2.7,0.7,0.1,0.7,0.6,93594.48932,22733.70366,87193.64966
v2811,2.7,0.7,0.1,0.7,0.6,93594.48932,22733.70366,87193.64966
v2812,2.7,0.1,0.3,0.34,0.8,113108.881,14715.77394,7085.282183
v2813,2.22,0.34,0.3,0.1,0.4,96370.14209,19240.08152,29993.06228
v2814,2.7,0.34,0.1,0.7,0.4,106330.4847,18701.23405,29974.56331
v2815,0.78,0.1,0.3,0.1,0.4,90599.44548,15418.48405,4901.664633
v2816,0.78,0.46,0.2,0.1,0.4,76330.55904,22104.85582,46009.42601
v2817,2.7,0.34,0.4,0.46,0.6,106265.4162,19455.05192,34798.20303
v2818,2.7,0.22,0.6,0.58,0.8,114466.336,17965.56143,21375.87888
v2819,2.7,0.22,0.5,0.58,0.8,113251.211,17941.59702,21375.87888
v2820,1.74,0.34,0.1,0.1,0.8,86976.82203,20814.77621,39691.72485
v2821,0.78,0.7,0.5,0.22,0.6,74193.36092,24059.95745,87369.67025
v2822,2.7,0.1,0.1,0.58,0.6,113742.285,14473.98666,6147.130349
v2823,1.26,0.58,0.6,0.1,0.2,85069.18937,21826.5276,51663.95991
v2824,0.3,0.7,0.4,0.34,0.4,70661.25671,23953.97902,76042.53168
v2825,2.7,0.46,0.5,0.1,0.4,99272.32688,20359.92007,44107.23154
v2826,2.7,0.1,0.5,0.58,0.4,119404.928,14565.20657,5208.978514
v2827,1.26,0.7,0.1,0.46,0.6,77075.53186,23776.08957,87330.89644
v2828,2.7,0.58,0.3,0.22,0.8,92292.62288,22493.03697,79148.77973
v2829,0.78,0.22,0.3,0.1,0.4,85922.04667,18551.72109,15086.22993
v2830,2.7,0.34,0.2,0.58,0.4,106243.2642,18745.72676,29974.56331
v2831,1.26,0.58,0.6,0.46,0.8,86323.28364,23215.98622,79323.96246
v2832,0.3,0.34,0.4,0.58,0.8,82636.07366,21992.033,37870.10687
v2833,2.22,0.34,0.1,0.34,0.8,95349.84809,20265.42212,39658.84068
v2834,2.7,0.7,0.1,0.58,0.2,95375.14025,21482.71775,64609.02114
v2835,2.22,0.7,0.6,0.22,0.2,92931.34523,21863.10126,64625.55569
v2836,2.7,0.22,0.4,0.7,0.2,115594.4813,16333.02891,13338.45433
v2837,0.3,0.22,0.5,0.58,0.4,89963.99239,19143.63942,15090.51163
v2838,2.7,0.22,0.2,0.22,0.6,104620.026,17478.48608,18696.73736
v2839,2.7,0.22,0.2,0.58,0.8,109286.2082,17850.35462,21375.87888
v2840,2.22,0.22,0.3,0.34,0.8,103058.9993,18262.93843,21394.96737
v2841,2.22,0.1,0.5,0.22,0.8,109569.701,15133.13775,7083.314384
v2842,0.78,0.58,0.1,0.1,0.8,68732.13393,24055.76074,79372.95191
v2843,1.26,0.58,0.1,0.1,0.8,73898.40009,23678.59777,79323.96246
v2844,2.7,0.7,0.6,0.7,0.8,99148.04217,22901.58207,98485.96391
v2845,0.3,0.7,0.4,0.46,0.2,74087.03198,23292.55498,64679.61928
v2846,0.3,0.34,0.6,0.1,0.8,78122.44769,22238.39506,37870.10687
v2847,0.3,0.1,0.3,0.58,0.4,91829.55316,16248.24249,4898.997613
v2848,1.26,0.22,0.5,0.1,0.6,93142.79262,18770.3846,17686.57546
v2849,2.7,0.34,0.3,0.58,0.8,105837.7186,19814.26513,39621.84275
v2850,2.7,0.58,0.5,0.34,0.2,100906.3722,20602.62178,51620.16423
v2851,0.3,0.46,0.2,0.7,0.4,79388.65177,22261.70206,46027.58161
v2852,0.3,0.1,0.3,0.1,0.4,84694.79448,15975.36913,4898.997613
v2853,0.3,0.7,0.4,0.34,0.8,68021.13083,24693.56014,98768.35648
v2854,2.7,0.22,0.5,0.58,0.2,115341.042,16353.23824,13338.45433
v2855,0.78,0.34,0.3,0.34,0.2,86758.32204,19621.04755,23712.05912
v2856,1.26,0.34,0.1,0.46,0.6,88580.15238,20549.03034,33115.62875
v2857,0.78,0.1,0.5,0.7,0.8,101145.0584,16684.87987,6717.56098
v2858,2.7,0.1,0.1,0.58,0.4,114085.9916,14201.28866,5208.978514
v2859,2.7,0.58,0.1,0.7,0.8,96112.47646,22303.35835,79148.77973
v2860,2.7,0.22,0.3,0.34,0.8,107354.6141,17896.41967,21375.87888
v2861,1.74,0.46,0.6,0.22,0.8,91505.79458,22063.55226,58021.13167
v2862,0.78,0.1,0.5,0.7,0.4,101864.6586,15950.101,4901.664633
v2863,0.78,0.46,0.1,0.1,0.2,76222.54345,21290.814,38894.5455
v2864,2.22,0.22,0.1,0.34,0.8,100193.5674,18190.58644,21394.96737
v2865,2.22,0.46,0.1,0.1,0.8,87235.18589,21907.2845,57973.01691
v2866,1.74,0.46,0.3,0.58,0.2,96395.88963,20125.61181,37226.14613
v2867,0.3,0.58,0.4,0.46,0.8,73059.95172,24060.46838,79417.94435
v2868,2.22,0.58,0.4,0.1,0.6,88655.18207,22448.52922,70020.29186
v2869,1.74,0.22,0.4,0.34,0.2,102017.241,16903.35303,13347.1832
v2870,2.7,0.7,0.6,0.34,0.4,97051.05359,22200.26294,75901.3354
v2871,0.78,0.1,0.1,0.34,0.6,91020.05834,15840.56148,5809.612806
v2872,0.78,0.46,0.5,0.34,0.2,85713.50743,21115.81763,38894.5455
v2873,2.7,0.7,0.6,0.1,0.4,93359.60483,22340.54113,75901.3354
v2874,2.7,0.58,0.3,0.34,0.8,94103.55849,22419.22067,79148.77973
v2875,1.74,0.22,0.1,0.7,0.8,100462.0003,18571.58693,21410.79434
v2876,2.22,0.46,0.2,0.22,0.8,90663.19427,21797.81375,57973.01691
v2877,1.74,0.58,0.2,0.1,0.6,81361.73273,22881.53016,70063.94343
v2878,1.26,0.22,0.5,0.22,0.2,96730.23398,17297.40659,12475.25884
v2879,0.3,0.22,0.5,0.46,0.4,88329.00331,19166.57971,15090.51163
v2880,2.7,0.7,0.4,0.7,0.6,97824.89833,22605.23552,87193.64966
v2881,1.74,0.34,0.1,0.46,0.6,93271.82952,20176.15704,34850.61461
v2882,2.22,0.58,0.1,0.7,0.4,94419.02849,21607.94022,60828.18092
v2883,1.74,0.7,0.4,0.46,0.8,84891.12905,23666.70196,98612.92166
v2884,2.7,0.22,0.2,0.46,0.6,108117.8557,17486.96218,18696.73736
v2885,1.74,0.22,0.3,0.34,0.6,98990.77652,18265.96061,18722.92396
v2886,1.74,0.7,0.4,0.22,0.8,81376.04272,23811.84055,98612.92166
v2887,1.26,0.1,0.3,0.22,0.8,97261.26906,15813.93344,6722.342581
v2888,1.74,0.1,0.6,0.1,0.2,105250.1418,14452.6445,4269.55367
v2889,2.7,0.7,0.5,0.22,0.8,91245.82005,23200.98692,98485.96391
v2890,1.26,0.58,0.3,0.1,0.4,79432.8821,22660.60569,60883.96076
v2891,2.7,0.7,0.5,0.7,0.8,97905.24779,22938.06983,98485.96391
v2892,1.26,0.46,0.6,0.34,0.6,89501.31858,21967.75429,53094.42174
v2893,1.26,0.34,0.1,0.46,0.2,90847.88784,19013.36198,23705.529
v2894,2.7,0.58,0.5,0.7,0.8,101618.8368,22158.19346,79148.77973
v2895,1.74,0.46,0.2,0.7,0.4,95090.48837,20861.18119,44157.80798
v2896,2.22,0.34,0.1,0.1,0.6,92354.64898,19907.89979,34825.95148
v2897,2.7,0.1,0.4,0.58,0.4,118157.8872,14490.32211,5208.978514
v2898,2.7,0.46,0.1,0.34,0.4,97447.32208,20269.4114,44107.23154
v2899,2.7,0.58,0.6,0.34,0.4,100505.4413,21334.13001,60796.36939
v2900,2.22,0.7,0.6,0.46,0.6,93102.05104,22934.3621,87243.25331
v2901,0.3,0.22,0.4,0.22,0.6,82621.94579,19849.5025,17700.96718
v2902,0.3,0.34,0.5,0.1,0.8,76823.70202,22268.04061,37870.10687
v2903,1.26,0.34,0.2,0.22,0.8,85689.44524,21141.44853,37820.67863
v2904,0.3,0.58,0.5,0.58,0.8,76021.79383,23946.64124,79417.94435
v2905,0.78,0.22,0.5,0.58,0.8,94266.05068,19606.90293,20302.85932
v2906,1.74,0.22,0.3,0.46,0.8,100158.1482,18663.58715,21410.79434
v2907,0.78,0.7,0.6,0.34,0.8,76044.53504,24277.27965,98720.65804
v2908,0.3,0.34,0.5,0.22,0.8,78767.11211,22183.78102,37870.10687
v2909,2.22,0.34,0.5,0.46,0.8,102597.1714,20200.43215,39658.84068
v2910,1.26,0.7,0.2,0.46,0.4,80103.26828,23254.23292,75992.83325
v2911,2.7,0.1,0.1,0.58,0.6,113742.285,14473.98666,6147.130349
v2912,2.7,0.7,0.3,0.34,0.8,90384.69857,23214.32187,98485.96391
v2913,0.3,0.1,0.4,0.22,0.6,87597.02768,16684.68926,5805.612276
v2914,2.22,0.58,0.3,0.46,0.8,91626.11519,22663.82708,79212.40279
v2915,2.7,0.22,0.6,0.34,0.6,111622.1106,17632.35749,18696.73736
v2916,1.26,0.58,0.4,0.58,0.2,89512.835,21607.89926,51663.95991
v2917,0.3,0.1,0.3,0.1,0.6,84264.86214,16544.15221,5805.612276
v2918,2.22,0.7,0.4,0.1,0.6,85106.80053,23235.2717,87243.25331
v2919,2.7,0.7,0.6,0.58,0.2,102149.2602,21375.53733,64609.02114
v2920,2.22,0.34,0.5,0.34,0.2,103919.5337,18392.03567,25160.17308
v2921,2.7,0.22,0.2,0.58,0.2,111399.7853,16176.76509,13338.45433
v2922,0.3,0.7,0.2,0.22,0.8,63364.07336,24860.03347,98768.35648
v2923,2.22,0.58,0.3,0.1,0.2,90356.02919,21085.1702,51636.06999
v2924,2.22,0.58,0.1,0.22,0.8,85162.8736,22899.5947,79212.40279
v2925,1.26,0.58,0.6,0.34,0.4,87169.14758,22395.85603,60883.96076
v2926,2.7,0.22,0.6,0.22,0.2,111521.3095,16305.52676,13338.45433
v2927,0.3,0.22,0.2,0.46,0.8,82634.67964,20235.0719,20311.42272
v2928,1.74,0.46,0.3,0.46,0.4,93332.97601,20952.02337,44157.80798
v2929,0.78,0.1,0.4,0.1,0.4,91972.82478,15521.22174,4901.664633
v2930,2.7,0.1,0.1,0.7,0.6,115259.7647,14547.93859,6147.130349
v2931,0.3,0.34,0.3,0.7,0.4,84774.09938,20872.5521,28435.29299
v2932,2.22,0.22,0.3,0.34,0.8,103058.9993,18262.93843,21394.96737
v2933,2.22,0.7,0.6,0.1,0.4,89236.21797,22640.17736,75934.4045
v2934,0.3,0.46,0.1,0.22,0.4,71040.83437,22602.26337,46027.58161
v2935,1.74,0.46,0.4,0.22,0.8,88922.06733,22122.94955,58021.13167
v2936,0.78,0.22,0.6,0.1,0.8,88437.77205,19778.12846,20302.85932
v2937,2.22,0.1,0.4,0.34,0.8,110079.1803,15126.94735,7083.314384
v2938,0.78,0.22,0.6,0.7,0.2,99348.55508,17869.73367,12477.91523
v2939,2.7,0.1,0.1,0.1,0.2,107524.3805,13419.43752,4270.826679
v2940,0.3,0.58,0.2,0.58,0.8,71828.39636,24087.91916,79417.94435
v2941,2.7,0.7,0.6,0.1,0.6,91820.19692,22871.68747,87193.64966
v2942,2.7,0.1,0.1,0.7,0.2,115980.4635,13948.93638,4270.826679
v2943,2.7,0.22,0.1,0.7,0.4,110636.5231,16834.721,16017.59584
v2944,0.3,0.22,0.2,0.7,0.6,86568.09047,19659.30679,17700.96718
v2945,1.74,0.34,0.2,0.58,0.4,97474.83796,19494.89174,30009.50436
v2946,2.7,0.46,0.2,0.46,0.2,102094.7667,19401.73698,37200.85791
v2947,2.7,0.22,0.3,0.46,0.6,109498.9401,17531.07528,18696.73736
v2948,1.74,0.46,0.1,0.46,0.2,91861.55701,20154.04736,37226.14613
v2949,1.74,0.1,0.3,0.58,0.8,107387.9131,15557.58775,7080.190147
v2950,2.7,0.58,0.2,0.34,0.8,92687.0533,22458.73854,79148.77973
v2951,1.74,0.58,0.3,0.7,0.4,92858.40294,21912.06168,60857.28197
v2952,2.22,0.22,0.1,0.7,0.8,105084.3509,18162.58359,21394.96737
v2953,1.74,0.46,0.6,0.46,0.2,98692.43439,20172.497,37226.14613
v2954,2.7,0.22,0.5,0.1,0.8,106276.8508,17975.58804,21375.87888
v2955,2.22,0.58,0.4,0.1,0.8,87542.79411,22848.16823,79212.40279
v2956,2.7,0.1,0.2,0.7,0.6,116674.3679,14650.4696,6147.130349
v2957,2.7,0.58,0.4,0.22,0.6,94739.25751,22048.10274,69972.57456
v2958,0.78,0.46,0.3,0.46,0.8,81001.97302,22854.93113,60239.18702
v2959,0.78,0.46,0.5,0.22,0.2,83900.92394,21178.41919,38894.5455
v2960,1.26,0.22,0.2,0.22,0.6,90946.25738,18656.29372,17686.57546
v2961,1.74,0.22,0.4,0.58,0.4,104479.0688,17666.17355,16035.05358
v2962,1.74,0.34,0.3,0.46,0.8,95386.80091,20612.01533,39691.72485
v2963,1.26,0.1,0.5,0.34,0.6,101994.0905,15719.6287,5813.199007
v2964,0.3,0.7,0.2,0.46,0.6,68061.22855,24401.46881,87405.44408
v2965,2.22,0.46,0.6,0.22,0.2,99689.20458,19870.19688,37214.11744
v2966,0.3,0.58,0.4,0.34,0.8,71346.17775,24133.64952,79417.94435
v2967,0.3,0.22,0.6,0.7,0.6,91984.57652,19711.75746,17700.96718
v2968,0.78,0.22,0.1,0.46,0.8,86998.04544,19587.63119,20302.85932
v2969,1.74,0.22,0.6,0.7,0.8,107183.8021,18687.5195,21410.79434
v2970,2.7,0.46,0.1,0.7,0.4,102334.3475,20142.84734,44107.23154
v2971,2.7,0.34,0.3,0.34,0.2,105522.1839,17977.81102,25150.9236
v2972,0.3,0.22,0.5,0.58,0.8,88454.44819,20199.681,20311.42272
v2973,1.26,0.22,0.5,0.58,0.8,99612.26247,19091.01642,20292.23376
v2974,2.7,0.7,0.4,0.22,0.8,89938.29783,23243.29252,98485.96391
v2975,0.78,0.58,0.4,0.7,0.8,81766.4676,23534.6759,79372.95191
v2976,2.7,0.7,0.5,0.1,0.4,92098.91548,22372.9469,75901.3354
v2977,2.7,0.58,0.3,0.7,0.2,103105.94,20477.16713,51620.16423
v2978,2.22,0.1,0.1,0.34,0.2,106871.9619,13881.11562,4270.33473
v2979,2.7,0.58,0.6,0.7,0.4,105340.4139,21169.25434,60796.36939
v2980,1.74,0.58,0.3,0.7,0.8,90328.0444,22866.16855,79270.60488
v2981,0.3,0.34,0.6,0.1,0.6,79040.80711,21764.14794,33152.69993
v2982,2.7,0.1,0.2,0.1,0.4,108570.1771,13929.48456,5208.978514
v2983,1.26,0.22,0.3,0.34,0.8,93599.6975,19108.7634,20292.23376
v2984,0.78,0.7,0.6,0.22,0.6,75482.15394,24015.53318,87369.67025
v2985,2.7,0.34,0.6,0.22,0.6,105291.8986,19539.68124,34798.20303
v2986,2.7,0.58,0.6,0.22,0.6,97296.99764,21989.36284,69972.57456
v2987,2.7,0.58,0.5,0.58,0.8,100083.2434,22216.51496,79148.77973
v2988,0.3,0.58,0.6,0.34,0.8,73982.27746,24045.16816,79417.94435
v2989,0.78,0.46,0.2,0.7,0.6,83803.00439,22336.32713,53124.30651
v2990,1.26,0.7,0.2,0.22,0.8,73831.35358,24215.89128,98668.95962
v2991,2.22,0.7,0.1,0.58,0.4,89415.50616,22558.50135,75934.4045
v2992,2.7,0.34,0.3,0.34,0.8,102508.6523,19893.56889,39621.84275
v2993,2.7,0.22,0.1,0.58,0.6,108288.7582,17442.4484,18696.73736
v2994,2.7,0.22,0.1,0.22,0.8,102708.3785,17822.1245,21375.87888
v2995,0.3,0.34,0.5,0.46,0.4,84301.02276,20966.93141,28435.29299
v2996,0.78,0.34,0.4,0.7,0.4,91871.81144,20317.03326,28423.63911
v2997,2.7,0.46,0.4,0.46,0.4,103377.0629,20218.34694,44107.23154
v2998,1.26,0.58,0.2,0.22,0.4,79905.73164,22621.42065,60883.96076
v2999,2.22,0.1,0.4,0.1,0.8,106409.6201,14975.03149,7083.314384
v3000,2.7,0.46,0.2,0.22,0.8,94912.49321,21428.13468,57919.9788
v3001,0.3,0.22,0.1,0.46,0.6,81823.27822,19710.32439,17700.96718
v3002,2.7,0.34,0.4,0.34,0.8,103850.6283,19894.3157,39621.84275
v3003,2.7,0.58,0.5,0.7,0.2,105731.2312,20464.14031,51620.16423
v3004,1.74,0.22,0.1,0.58,0.6,99456.09999,18167.08766,18722.92396
v3005,0.3,0.1,0.6,0.34,0.2,92877.08621,15813.55049,3992.38295
v3006,0.3,0.1,0.3,0.1,0.8,83868.04381,17025.68631,6712.226939
v3007,2.22,0.1,0.6,0.46,0.6,114423.8611,15110.33011,6145.654499
v3008,2.22,0.7,0.5,0.58,0.2,96772.2311,21705.15931,64625.55569
v3009,2.7,0.22,0.2,0.34,0.6,106416.9906,17483.02216,18696.73736
v3010,0.3,0.7,0.4,0.58,0.6,72547.12718,24234.67554,87405.44408
v3011,2.7,0.58,0.3,0.34,0.4,96602.96508,21395.12485,60796.36939
v3012,0.78,0.22,0.5,0.22,0.4,90562.75482,18613.31621,15086.22993
v3013,0.78,0.46,0.4,0.7,0.4,87870.22566,21692.59467,46009.42601
v3014,0.78,0.58,0.6,0.46,0.6,82370.14313,23215.39733,70140.7037
v3015,1.26,0.7,0.2,0.22,0.4,76561.88017,23405.81528,75992.83325
v3016,2.7,0.7,0.5,0.7,0.2,102432.5586,21344.03161,64609.02114
v3017,1.74,0.46,0.6,0.1,0.8,89590.45357,22140.81594,58021.13167
v3018,0.78,0.22,0.1,0.1,0.6,82120.10926,19194.56603,17694.54463
v3019,0.3,0.7,0.3,0.7,0.2,75847.16854,23212.73136,64679.61928
v3020,1.26,0.22,0.5,0.58,0.6,100196.9042,18685.2909,17686.57546
v3021,1.26,0.1,0.4,0.58,0.4,104393.1423,15390.32484,4904.055434
v3022,2.22,0.7,0.1,0.7,0.4,90965.2829,22495.30848,75934.4045
v3023,2.22,0.1,0.6,0.58,0.8,115830.573,15383.48082,7083.314384
v3024,0.78,0.58,0.2,0.7,0.2,83071.13093,22044.24086,51676.20727
v3025,2.7,0.7,0.5,0.22,0.2,95813.51111,21568.8918,64609.02114
v3026,0.78,0.46,0.3,0.7,0.4,86489.55642,21717.48604,46009.42601
v3027,2.7,0.1,0.6,0.7,0.8,121630.9222,15122.9502,7085.282183
v3028,2.7,0.46,0.1,0.34,0.8,95252.03952,21385.9106,57919.9788
v3029,1.74,0.58,0.6,0.46,0.8,91091.60518,22876.22097,79270.60488
v3030,2.7,0.34,0.1,0.34,0.6,100357.3483,19463.3648,34798.20303
v3031,2.22,0.22,0.6,0.34,0.8,106916.989,18339.19449,21394.96737
v3032,1.26,0.58,0.6,0.7,0.8,89486.589,23085.70548,79323.96246
v3033,0.78,0.22,0.1,0.46,0.6,87652.38741,19108.7438,17694.54463
v3034,0.78,0.1,0.3,0.58,0.8,96950.91766,16517.59921,6717.56098
v3035,2.7,0.1,0.2,0.46,0.2,114292.9516,13882.20297,4270.826679
v3036,2.22,0.46,0.5,0.34,0.8,96569.80307,21641.82725,57973.01691
v3037,1.74,0.34,0.5,0.22,0.6,95318.74138,20268.3699,34850.61461
v3038,2.7,0.22,0.2,0.22,0.2,106321.071,16056.66339,13338.45433
v3039,0.3,0.58,0.5,0.7,0.8,77561.44858,23881.63363,79417.94435
v3040,1.74,0.7,0.5,0.22,0.8,82698.93108,23768.66338,98612.92166
v3041,2.22,0.58,0.4,0.1,0.4,90074.12567,21852.1861,60828.18092
v3042,1.26,0.22,0.5,0.58,0.8,99612.26247,19091.01642,20292.23376
v3043,0.3,0.46,0.1,0.46,0.8,72341.78407,23415.25378,60275.49823
v3044,2.7,0.34,0.1,0.22,0.8,97823.27373,19937.83266,39621.84275
v3045,2.22,0.1,0.1,0.34,0.6,106122.8599,14598.78464,6145.654499
v3046,0.3,0.22,0.1,0.46,0.8,81108.53543,20229.56782,20311.42272
v3047,0.78,0.34,0.5,0.34,0.4,88292.34732,20460.53489,28423.63911
v3048,2.7,0.46,0.2,0.7,0.4,103792.9624,20141.00253,44107.23154
v3049,2.22,0.22,0.1,0.22,0.8,98378.20873,18203.31699,21394.96737
v3050,1.26,0.7,0.1,0.58,0.8,77483.48822,24049.85261,98668.95962
v3051,1.74,0.46,0.4,0.58,0.8,94087.90808,21916.79829,58021.13167
v3052,1.26,0.34,0.5,0.46,0.2,96440.34712,19123.55173,23705.529
v3053,1.26,0.46,0.1,0.7,0.6,87514.52574,21920.19147,53094.42174
v3054,2.7,0.58,0.4,0.1,0.8,91737.9967,22532.82931,79148.77973
v3055,1.26,0.46,0.1,0.58,0.2,88637.58558,20552.9807,38884.58391
v3056,1.74,0.22,0.5,0.7,0.6,106485.8258,18291.72946,18722.92396
v3057,2.7,0.7,0.1,0.22,0.6,86874.09679,23010.47266,87193.64966
v3058,0.3,0.34,0.1,0.7,0.2,82973.09544,20065.66567,23717.88606
v3059,1.74,0.58,0.1,0.7,0.8,87415.78779,22957.10653,79270.60488
v3060,0.78,0.58,0.2,0.1,0.2,74402.45971,22392.93341,51676.20727
v3061,1.26,0.22,0.3,0.34,0.4,95013.57086,17996.85933,15080.91715
v3062,2.22,0.58,0.6,0.46,0.4,98061.31117,21598.65172,60828.18092
v3063,2.7,0.34,0.1,0.46,0.8,101357.7096,19853.92757,39621.84275
v3064,0.78,0.22,0.1,0.46,0.6,87652.38741,19108.7438,17694.54463
v3065,1.26,0.22,0.4,0.46,0.8,96683.55612,19099.60025,20292.23376
v3066,2.7,0.22,0.1,0.22,0.6,103164.5309,17424.94614,18696.73736
v3067,2.22,0.58,0.2,0.34,0.8,88480.70192,22778.10511,79212.40279
v3068,1.74,0.22,0.5,0.7,0.8,105951.1918,18669.56759,21410.79434
v3069,2.22,0.34,0.5,0.22,0.8,99087.83823,20294.43362,39658.84068
v3070,2.7,0.58,0.3,0.7,0.8,98984.4532,22226.13815,79148.77973
v3071,0.78,0.46,0.2,0.58,0.8,81195.82498,22827.00817,60239.18702
v3072,0.78,0.58,0.3,0.1,0.6,72881.3101,23586.94227,70140.7037
v3073,2.7,0.7,0.4,0.34,0.2,96300.84928,21527.64729,64609.02114
v3074,1.26,0.58,0.3,0.1,0.8,76881.5023,23579.00307,79323.96246
v3075,2.7,0.7,0.2,0.58,0.6,93522.33647,22750.03827,87193.64966
v3076,1.74,0.7,0.6,0.58,0.2,93617.82209,22010.1584,64640.76058
v3077,2.7,0.1,0.5,0.1,0.4,112524.4754,14223.85459,5208.978514
v3078,0.3,0.1,0.2,0.22,0.8,84362.22315,16974.67092,6712.226939
v3079,2.22,0.1,0.5,0.7,0.8,116133.7432,15379.03047,7083.314384
v3080,1.74,0.34,0.1,0.34,0.8,90749.58247,20689.01112,39691.72485
v3081,1.26,0.7,0.4,0.7,0.6,84586.25571,23496.19756,87330.89644
v3082,2.22,0.58,0.1,0.22,0.2,89343.77053,21047.85169,51636.06999
v3083,1.74,0.22,0.5,0.34,0.4,102453.0863,17695.10108,16035.05358
v3084,1.26,0.58,0.1,0.1,0.8,73898.40009,23678.59777,79323.96246
v3085,1.74,0.7,0.5,0.34,0.2,89041.00746,22161.23848,64640.76058
v3086,0.78,0.58,0.4,0.46,0.4,81142.96893,22802.49327,60908.45549
v3087,2.22,0.7,0.3,0.34,0.6,87457.09062,23127.05234,87243.25331
v3088,0.3,0.46,0.6,0.7,0.4,84859.86899,22136.17949,46027.58161
v3089,2.22,0.46,0.6,0.1,0.6,95055.16147,21332.26636,51053.38375
v3090,2.7,0.22,0.3,0.7,0.2,114285.6444,16276.33398,13338.45433
v3091,2.22,0.58,0.3,0.1,0.8,86168.0765,22890.61895,79212.40279
v3092,2.22,0.34,0.2,0.46,0.6,99299.34629,19784.91939,34825.95148
v3093,1.74,0.46,0.2,0.7,0.8,92858.06014,21919.2988,58021.13167
v3094,2.7,0.22,0.5,0.7,0.8,114771.7903,17935.00557,21375.87888
v3095,2.7,0.7,0.1,0.7,0.8,92385.09123,23110.86146,98485.96391
v3096,2.7,0.58,0.5,0.22,0.2,99116.915,20655.76286,51620.16423
v3097,2.7,0.22,0.5,0.1,0.8,106276.8508,17975.58804,21375.87888
v3098,2.22,0.22,0.4,0.46,0.8,106103.3015,18277.50776,21394.96737
v3099,0.3,0.58,0.4,0.1,0.4,70106.71921,23471.78312,60930.95171
v3100,2.7,0.7,0.4,0.1,0.8,88028.85773,23321.02056,98485.96391
v3101,2.7,0.22,0.6,0.7,0.2,118054.2458,16427.99228,13338.45433
v3102,0.3,0.7,0.5,0.58,0.2,77054.05916,23185.86911,64679.61928
v3103,0.3,0.58,0.4,0.34,0.6,72502.66473,23776.55468,70174.44803
v3104,2.22,0.58,0.5,0.7,0.2,101579.0943,20788.28325,51636.06999
v3105,0.78,0.58,0.3,0.58,0.8,78833.63297,23645.08195,79372.95191
v3106,1.26,0.22,0.5,0.22,0.6,95058.3373,18746.39365,17686.57546
v3107,1.26,0.46,0.1,0.22,0.8,79712.86169,22653.2506,60199.34066
v3108,2.22,0.58,0.2,0.22,0.4,89186.29336,21836.67236,60828.18092
v3109,2.7,0.22,0.5,0.46,0.4,112901.8168,17006.13841,16017.59584
v3110,2.22,0.34,0.4,0.7,0.6,105210.244,19724.54121,34825.95148
v3111,2.22,0.34,0.5,0.34,0.8,100891.6656,20245.59107,39658.84068
v3112,0.3,0.58,0.5,0.7,0.2,81672.37918,22411.30072,51687.45538
v3113,1.26,0.34,0.3,0.46,0.2,93768.22535,19076.11993,23705.529
v3114,1.26,0.1,0.6,0.46,0.4,105302.2757,15468.71177,4904.055434
v3115,2.7,0.22,0.2,0.22,0.8,104165.9671,17866.32217,21375.87888
v3116,1.26,0.22,0.4,0.1,0.2,93511.35821,17220.97339,12475.25884
v3117,1.74,0.46,0.6,0.58,0.2,100303.1518,20130.99637,37226.14613
v3118,0.3,0.46,0.5,0.58,0.2,83427.03494,21515.20479,38903.6233
v3119,2.7,0.7,0.6,0.7,0.2,103672.9332,21325.87528,64609.02114
v3120,0.3,0.58,0.3,0.46,0.8,71660.45504,24107.91388,79417.94435
v3121,1.74,0.58,0.3,0.46,0.8,87145.85038,22996.66884,79270.60488
v3122,1.26,0.22,0.3,0.7,0.8,98504.74163,19031.80499,20292.23376
v3123,2.7,0.1,0.3,0.34,0.8,113108.881,14715.77394,7085.282183
v3124,2.7,0.7,0.3,0.34,0.4,93132.96887,22299.00851,75901.3354
v3125,1.74,0.1,0.3,0.34,0.4,104679.0511,14805.47578,5206.432496
v3126,2.22,0.1,0.5,0.58,0.2,115528.9091,14474.55678,4270.33473
v3127,2.7,0.46,0.2,0.22,0.2,98588.66082,19465.50251,37200.85791
v3128,0.3,0.58,0.2,0.7,0.4,75902.79799,23194.96166,60930.95171
v3129,1.74,0.46,0.6,0.1,0.8,89590.45357,22140.81594,58021.13167
v3130,2.7,0.1,0.1,0.58,0.6,113742.285,14473.98666,6147.130349
v3131,2.7,0.1,0.5,0.46,0.8,117347.3721,14941.98275,7085.282183
v3132,0.3,0.1,0.1,0.58,0.2,89343.74741,15469.0139,3992.38295
v3133,2.22,0.1,0.1,0.7,0.6,110954.711,14831.04488,6145.654499
v3134,2.7,0.58,0.5,0.34,0.8,96760.59408,22346.14115,79148.77973
v3135,0.3,0.58,0.1,0.46,0.8,68664.07024,24208.07834,79417.94435
v3136,0.78,0.58,0.6,0.7,0.8,84363.56526,23448.15677,79372.95191
v3137,1.74,0.34,0.4,0.7,0.4,101777.1633,19490.00828,30009.50436
v3138,1.74,0.46,0.4,0.7,0.8,95635.6526,21855.85612,58021.13167
v3139,1.26,0.46,0.1,0.22,0.8,79712.86169,22653.2506,60199.34066
v3140,2.7,0.7,0.6,0.7,0.6,100362.0303,22534.22133,87193.64966
v3141,0.3,0.7,0.5,0.7,0.4,76881.97477,23710.35389,76042.53168
v3142,1.26,0.34,0.2,0.22,0.4,87610.64166,19983.08913,28410.57888
v3143,2.7,0.22,0.2,0.46,0.2,109797.9455,16139.15256,13338.45433
v3144,1.74,0.46,0.1,0.1,0.4,84922.5135,21170.87556,44157.80798
v3145,0.3,0.7,0.6,0.1,0.2,71315.93129,23424.00474,64679.61928
v3146,1.74,0.46,0.6,0.7,0.8,98189.58435,21802.98997,58021.13167
v3147,2.22,0.46,0.2,0.46,0.8,94206.2498,21657.39825,57973.01691
v3148,1.26,0.7,0.1,0.34,0.6,75349.97711,23848.90522,87330.89644
v3149,0.78,0.58,0.1,0.7,0.4,79969.51612,22804.05978,60908.45549
v3150,0.78,0.46,0.6,0.34,0.6,84328.04837,22405.21926,53124.30651
v3151,0.78,0.46,0.5,0.34,0.4,84295.73253,21862.37978,46009.42601
v3152,2.7,0.7,0.5,0.7,0.6,99119.22554,22568.21202,87193.64966
v3153,2.7,0.22,0.2,0.1,0.8,102256.6843,17872.7919,21375.87888
v3154,0.3,0.1,0.2,0.1,0.2,83695.48334,15197.74297,3992.38295
v3155,0.3,0.22,0.5,0.46,0.6,87522.31414,19775.91644,17700.96718
v3156,0.78,0.7,0.1,0.1,0.6,66517.4208,24336.93452,87369.67025
v3157,0.78,0.7,0.6,0.7,0.8,80879.94399,24079.68555,98720.65804
v3158,0.3,0.34,0.5,0.34,0.8,80597.43553,22106.25411,37870.10687
v3159,1.74,0.46,0.3,0.22,0.8,87546.59402,22157.05329,58021.13167
v3160,1.26,0.22,0.2,0.1,0.8,88409.81894,19146.91973,20292.23376
v3161,2.7,0.22,0.5,0.22,0.8,108170.5383,17965.48557,21375.87888
v3162,0.3,0.58,0.3,0.22,0.6,69269.93928,23904.07693,70174.44803
v3163,0.3,0.1,0.2,0.7,0.8,91150.07896,17105.01204,6712.226939
v3164,1.74,0.58,0.3,0.46,0.8,87145.85038,22996.66884,79270.60488
v3165,0.3,0.22,0.2,0.46,0.2,85023.13481,18233.43127,12480.05608
v3166,2.7,0.7,0.3,0.46,0.6,93312.2079,22770.93655,87193.64966
v3167,1.74,0.7,0.1,0.46,0.8,80590.08364,23808.80463,98612.92166
v3168,2.22,0.46,0.5,0.7,0.8,101438.5776,21461.49999,57973.01691
v3169,0.78,0.58,0.5,0.58,0.4,84105.25204,22695.62557,60908.45549
v3170,1.26,0.1,0.4,0.34,0.8,100418.4358,15958.03558,6722.342581
v3171,0.78,0.58,0.2,0.7,0.6,80102.28028,23260.76302,70140.7037
v3172,0.78,0.46,0.1,0.1,0.8,72490.21228,23189.77216,60239.18702
v3173,2.7,0.34,0.6,0.46,0.2,111042.9506,18067.17911,25150.9236
v3174,2.22,0.46,0.1,0.46,0.6,93666.00344,21233.12847,51053.38375
v3175,0.78,0.58,0.1,0.46,0.4,76762.52411,22941.67556,60908.45549
v3176,1.74,0.22,0.5,0.1,0.2,99617.28365,16903.16713,13347.1832
v3177,0.78,0.46,0.3,0.34,0.6,80316.33801,22511.57327,53124.30651
v3178,1.74,0.7,0.2,0.34,0.8,80370.00136,23831.06604,98612.92166
v3179,1.26,0.46,0.5,0.7,0.4,94376.34408,21224.40084,45989.50283
v3180,1.26,0.34,0.5,0.34,0.8,91653.4523,21029.92799,37820.67863
v3181,0.3,0.1,0.4,0.46,0.6,91149.09817,16769.65172,5805.612276
v3182,1.74,0.7,0.2,0.22,0.4,81309.38557,23055.16101,75964.81427
v3183,0.78,0.46,0.5,0.7,0.2,90598.03175,20955.32487,38894.5455
v3184,2.22,0.34,0.4,0.46,0.8,101304.5518,20205.45085,39658.84068
v3185,0.78,0.1,0.5,0.46,0.8,97985.19198,16612.48182,6717.56098
v3186,1.26,0.58,0.4,0.58,0.2,89512.835,21607.89926,51663.95991
v3187,1.26,0.58,0.4,0.1,0.8,78275.28496,23533.83338,79323.96246
v3188,1.26,0.34,0.3,0.7,0.6,94697.43924,20443.87474,33115.62875
v3189,0.3,0.46,0.4,0.34,0.8,75019.41063,23349.03982,60275.49823
v3190,2.7,0.34,0.5,0.58,0.8,108450.9378,19815.15575,39621.84275
v3191,1.26,0.22,0.1,0.22,0.8,88846.28063,19086.78466,20292.23376
v3192,2.22,0.58,0.3,0.34,0.8,89906.47535,22734.91952,79212.40279
v3193,0.3,0.46,0.5,0.46,0.8,78089.18976,23225.88993,60275.49823
v3194,0.78,0.22,0.5,0.22,0.6,89746.2523,19268.16386,17694.54463
v3195,2.7,0.58,0.1,0.1,0.8,87452.05334,22656.1532,79148.77973
v3196,1.26,0.1,0.6,0.34,0.6,103233.6559,15785.95421,5813.199007
v3197,2.22,0.1,0.4,0.58,0.8,113361.5293,15254.44866,7083.314384
v3198,2.7,0.46,0.5,0.7,0.2,109240.6316,19381.24535,37200.85791
v3199,2.22,0.46,0.2,0.22,0.8,90663.19427,21797.81375,57973.01691
v3200,2.22,0.58,0.5,0.7,0.8,97455.35059,22461.24152,79212.40279
v3201,1.26,0.1,0.5,0.46,0.2,104471.026,14965.72495,3994.91186
v3202,2.7,0.7,0.3,0.58,0.6,94934.46171,22706.58325,87193.64966
v3203,0.3,0.58,0.2,0.58,0.8,71828.39636,24087.91916,79417.94435
v3204,1.74,0.1,0.1,0.1,0.4,98116.22448,14367.29124,5206.432496
v3205,2.22,0.1,0.3,0.34,0.6,108944.2444,14811.52642,6145.654499
v3206,0.3,0.7,0.4,0.34,0.8,68021.13083,24693.56014,98768.35648
v3207,0.78,0.22,0.1,0.1,0.4,82948.43315,18445.3841,15086.22993
v3208,0.3,0.22,0.5,0.1,0.4,82837.63186,19253.62599,15090.51163
v3209,0.3,0.46,0.4,0.22,0.4,75494.26844,22480.82889,46027.58161
v3210,1.26,0.46,0.1,0.22,0.2,83441.92598,20708.80788,38884.58391
v3211,1.74,0.58,0.2,0.22,0.2,86346.08171,21424.61231,51650.62052
v3212,2.22,0.22,0.1,0.7,0.8,105084.3509,18162.58359,21394.96737
v3213,1.26,0.22,0.6,0.58,0.2,103085.3341,17393.28542,12475.25884
v3214,0.78,0.7,0.3,0.46,0.2,78192.8577,22929.59152,64667.69467
v3215,2.7,0.34,0.3,0.22,0.4,102519.8461,18837.32781,29974.56331
v3216,1.74,0.1,0.2,0.34,0.4,103287.6638,14700.33667,5206.432496
v3217,0.3,0.1,0.1,0.58,0.8,88084.10845,16987.68727,6712.226939
v3218,2.7,0.22,0.3,0.34,0.4,108625.2621,16894.92783,16017.59584
v3219,2.7,0.7,0.5,0.22,0.2,95813.51111,21568.8918,64609.02114
v3220,0.78,0.34,0.5,0.58,0.8,89709.55896,21415.06853,37846.79911
v3221,0.78,0.58,0.4,0.22,0.8,75061.76365,23822.77878,79372.95191
v3222,2.7,0.34,0.4,0.34,0.8,103850.6283,19894.3157,39621.84275
v3223,1.74,0.46,0.3,0.34,0.8,89368.54358,22083.4396,58021.13167
v3224,0.3,0.46,0.2,0.1,0.4,70643.87174,22645.27284,46027.58161
v3225,1.26,0.22,0.6,0.22,0.8,95723.33112,19191.41189,20292.23376
v3226,2.7,0.1,0.3,0.34,0.8,113108.881,14715.77394,7085.282183
v3227,1.26,0.7,0.2,0.46,0.6,78589.78795,23726.21293,87330.89644
v3228,1.26,0.22,0.2,0.34,0.4,93590.24358,17946.54964,15080.91715
v3229,1.74,0.22,0.4,0.58,0.2,105325.0998,16950.38549,13347.1832
v3230,2.22,0.7,0.5,0.58,0.8,92233.66379,23267.75766,98552.10212
v3231,2.7,0.58,0.4,0.22,0.2,97815.72969,20663.55764,51620.16423
v3232,2.7,0.1,0.4,0.34,0.8,114418.8346,14798.65435,7085.282183
v3233,0.78,0.58,0.6,0.58,0.8,82823.8739,23513.06636,79372.95191
v3234,0.78,0.34,0.3,0.22,0.6,82668.13083,21171.77963,33135.21911
v3235,2.22,0.22,0.5,0.34,0.8,105684.3432,18316.35935,21394.96737
v3236,0.3,0.46,0.1,0.34,0.8,70598.26928,23493.99206,60275.49823
v3237,1.74,0.58,0.3,0.7,0.4,92858.40294,21912.06168,60857.28197
v3238,0.3,0.22,0.2,0.58,0.8,84289.83338,20187.00497,20311.42272
v3239,1.74,0.34,0.5,0.22,0.6,95318.74138,20268.3699,34850.61461
v3240,1.26,0.58,0.5,0.1,0.8,79611.21787,23491.13738,79323.96246
v3241,2.22,0.34,0.3,0.1,0.8,94507.86135,20358.92035,39658.84068
v3242,0.3,0.7,0.1,0.22,0.8,61829.88466,24908.97163,98768.35648
v3243,2.7,0.1,0.5,0.58,0.8,118931.8259,15005.01694,7085.282183
v3244,2.22,0.34,0.5,0.34,0.8,100891.6656,20245.59107,39658.84068
v3245,0.3,0.46,0.5,0.1,0.6,73676.95435,23073.3242,53151.53992
v3246,0.3,0.34,0.6,0.46,0.8,83614.61693,22006.32327,37870.10687
v3247,1.26,0.22,0.2,0.34,0.8,92172.59282,19086.8178,20292.23376
v3248,2.7,0.7,0.1,0.46,0.8,89203.10477,23237.63138,98485.96391
v3249,1.74,0.22,0.1,0.58,0.8,98910.81657,18588.06681,21410.79434
v3250,2.7,0.22,0.2,0.1,0.8,102256.6843,17872.7919,21375.87888
v3251,2.22,0.22,0.1,0.1,0.2,98678.56726,16238.40348,13343.22645
v3252,2.7,0.1,0.1,0.7,0.6,115259.7647,14547.93859,6147.130349
v3253,0.3,0.58,0.5,0.58,0.6,77194.48702,23584.02185,70174.44803
v3254,2.22,0.34,0.3,0.58,0.2,104599.1697,18312.30958,25160.17308
v3255,1.26,0.7,0.5,0.7,0.8,84655.07186,23798.61043,98668.95962
v3256,2.7,0.46,0.3,0.58,0.6,102388.093,20796.84504,51013.60517
v3257,2.7,0.34,0.6,0.34,0.2,109360.1984,18074.16678,25150.9236
v3258,2.22,0.46,0.2,0.7,0.2,101032.193,19695.71012,37214.11744
v3259,1.26,0.22,0.5,0.34,0.8,96273.95819,19145.99702,20292.23376
v3260,2.7,0.1,0.5,0.46,0.2,118200.9042,14158.29905,4270.826679
v3261,2.7,0.1,0.3,0.58,0.8,116380.7728,14858.78049,7085.282183
v3262,2.7,0.7,0.4,0.58,0.8,95072.89859,23038.41202,98485.96391
v3263,2.7,0.1,0.2,0.34,0.8,111741.6741,14623.30424,7085.282183
v3264,2.7,0.34,0.6,0.7,0.8,111206.151,19780.92384,39621.84275
v3265,1.74,0.34,0.2,0.34,0.6,93033.87145,20221.73469,34850.61461
v3266,2.7,0.1,0.6,0.58,0.8,120130.3627,15065.5159,7085.282183
v3267,1.74,0.1,0.5,0.1,0.8,103010.364,15458.34755,7080.190147
v3268,2.7,0.1,0.5,0.46,0.4,117824.4054,14490.33284,5208.978514
v3269,1.74,0.58,0.5,0.46,0.2,93987.66517,21248.3531,51650.62052
v3270,2.7,0.1,0.4,0.46,0.8,116094.9088,14870.24089,7085.282183
v3271,0.3,0.22,0.3,0.46,0.8,84089.81377,20239.10317,20311.42272
v3272,2.7,0.7,0.2,0.7,0.2,98387.38066,21404.29576,64609.02114
v3273,0.78,0.34,0.3,0.1,0.6,80723.74052,21245.82537,33135.21911
v3274,2.22,0.46,0.5,0.58,0.8,99899.65836,21516.83775,57973.01691
v3275,0.3,0.58,0.1,0.7,0.8,71855.09189,24072.68887,79417.94435
v3276,2.7,0.58,0.6,0.7,0.6,103937.7898,21739.22019,69972.57456
v3277,0.78,0.34,0.1,0.7,0.6,86493.49719,20951.95768,33135.21911
v3278,2.7,0.1,0.6,0.34,0.8,116881.3857,14938.54255,7085.282183
v3279,2.22,0.22,0.1,0.58,0.6,104032.9561,17775.68515,18711.05373
v3280,2.7,0.7,0.4,0.58,0.6,96287.1285,22665.71471,87193.64966
v3281,2.22,0.34,0.5,0.34,0.2,103919.5337,18392.03567,25160.17308
v3282,1.74,0.7,0.2,0.46,0.8,82088.42349,23758.74844,98612.92166
v3283,1.74,0.22,0.5,0.58,0.8,104416.1797,18688.29311,21410.79434
v3284,0.78,0.7,0.4,0.58,0.6,77987.94133,23895.87421,87369.67025
v3285,0.78,0.22,0.4,0.1,0.8,85827.45618,19755.93864,20302.85932
v3286,2.7,0.46,0.5,0.34,0.8,100782.893,21293.56902,57919.9788
v3287,1.74,0.22,0.1,0.34,0.4,96927.79774,17493.16831,16035.05358
v3288,1.74,0.58,0.2,0.46,0.8,85714.22338,23042.1998,79270.60488
v3289,0.3,0.1,0.5,0.58,0.8,93712.75679,17275.26445,6712.226939
v3290,2.22,0.22,0.3,0.22,0.2,103447.1414,16445.71272,13343.22645
v3291,2.7,0.58,0.5,0.46,0.8,98466.82604,22279.13757,79148.77973
v3292,0.3,0.46,0.6,0.46,0.2,83083.79789,21559.44984,38903.6233
v3293,0.78,0.58,0.1,0.1,0.2,72853.26433,22431.0813,51676.20727
v3294,2.7,0.58,0.2,0.58,0.8,96033.78138,22324.64827,79148.77973
v3295,2.7,0.1,0.6,0.22,0.6,115258.8836,14671.91603,6147.130349
v3296,1.26,0.58,0.5,0.34,0.8,83339.65306,23329.88412,79323.96246
v3297,2.22,0.22,0.2,0.1,0.4,99270.46227,17134.57986,16027.14009
v3298,0.78,0.22,0.6,0.58,0.6,96169.01305,19195.00555,17694.54463
v3299,1.26,0.1,0.2,0.7,0.8,102541.2983,15949.18587,6722.342581
v3300,2.22,0.46,0.6,0.46,0.8,99527.61257,21553.95519,57973.01691
v3301,0.3,0.1,0.1,0.46,0.8,86432.01462,16952.16022,6712.226939
v3302,2.7,0.58,0.5,0.1,0.6,94136.13139,22092.66362,69972.57456
v3303,2.7,0.34,0.5,0.22,0.8,103340.6846,19936.97561,39621.84275
v3304,2.7,0.1,0.4,0.58,0.2,118533.3993,14163.38891,4270.826679
v3305,2.7,0.58,0.4,0.46,0.6,98252.22625,21910.38016,69972.57456
v3306,1.74,0.46,0.2,0.46,0.4,91906.96607,20964.93524,44157.80798
v3307,0.3,0.7,0.5,0.46,0.6,72274.45911,24256.57123,87405.44408
v3308,1.74,0.34,0.1,0.7,0.4,97548.39533,19449.88044,30009.50436
v3309,1.26,0.1,0.4,0.7,0.8,105274.0109,16106.38973,6722.342581
v3310,0.3,0.22,0.5,0.22,0.4,84776.84734,19220.35023,15090.51163
v3311,2.7,0.34,0.2,0.34,0.8,101106.9323,19894.29623,39621.84275
v3312,0.3,0.7,0.1,0.7,0.4,71139.29158,23912.91534,76042.53168
v3313,1.26,0.34,0.1,0.46,0.4,89664.22734,19885.80396,28410.57888
v3314,2.22,0.1,0.1,0.22,0.6,104327.6719,14506.34537,6145.654499
v3315,2.22,0.34,0.2,0.46,0.6,99299.34629,19784.91939,34825.95148
v3316,1.26,0.22,0.2,0.1,0.8,88409.81894,19146.91973,20292.23376
v3317,2.7,0.34,0.1,0.58,0.8,102987.966,19814.60339,39621.84275
v3318,2.7,0.46,0.3,0.1,0.8,94410.24687,21474.98721,57919.9788
v3319,2.7,0.58,0.1,0.1,0.4,89963.17364,21584.9719,60796.36939
v3320,2.22,0.46,0.4,0.46,0.8,96978.83318,21601.70213,57973.01691
v3321,2.22,0.7,0.4,0.46,0.4,92068.62902,22498.16048,75934.4045
v3322,0.78,0.46,0.6,0.1,0.6,80586.72611,22564.51469,53124.30651
v3323,2.22,0.1,0.4,0.22,0.2,109227.3398,14111.39573,4270.33473
v3324,2.7,0.1,0.1,0.1,0.6,106780.3013,14107.57291,6147.130349
v3325,1.26,0.22,0.1,0.34,0.8,90678.50651,19058.77521,20292.23376
v3326,1.26,0.58,0.3,0.7,0.8,85534.88357,23212.02938,79323.96246
v3327,2.7,0.7,0.2,0.58,0.6,93522.33647,22750.03827,87193.64966
v3328,1.74,0.22,0.3,0.58,0.4,103139.4816,17625.48315,16035.05358
v3329,0.78,0.22,0.5,0.58,0.6,94910.53481,19178.80341,17694.54463
v3330,0.78,0.7,0.2,0.1,0.4,69525.24438,23845.33342,76018.68246
v3331,1.74,0.7,0.6,0.58,0.8,89085.46944,23516.37212,98612.92166
v3332,2.7,0.22,0.5,0.22,0.8,108170.5383,17965.48557,21375.87888
v3333,2.7,0.22,0.2,0.1,0.6,102713.8018,17474.36125,18696.73736
v3334,2.7,0.7,0.6,0.46,0.8,96000.54687,23024.14289,98485.96391
v3335,2.22,0.58,0.5,0.46,0.4,96809.00263,21620.96084,60828.18092
v3336,0.78,0.22,0.1,0.1,0.4,82948.43315,18445.3841,15086.22993
v3337,2.22,0.7,0.3,0.1,0.2,87068.91564,22014.57832,64625.55569
v3338,0.3,0.22,0.3,0.22,0.8,80504.40857,20346.55268,20311.42272
v3339,2.7,0.46,0.6,0.34,0.6,102940.3498,20862.70081,51013.60517
v3340,2.22,0.58,0.1,0.7,0.6,93012.9738,22211.18745,70020.29186
v3341,0.3,0.46,0.3,0.34,0.8,73613.24959,23396.31754,60275.49823
v3342,2.7,0.7,0.4,0.46,0.2,97999.63165,21468.85118,64609.02114
v3343,0.78,0.22,0.2,0.1,0.8,82981.08041,19727.72442,20302.85932
v3344,2.7,0.34,0.1,0.7,0.2,107524.9468,17888.89982,25150.9236
v3345,2.7,0.1,0.1,0.34,0.2,111190.3531,13660.51913,4270.826679
v3346,0.78,0.34,0.1,0.1,0.8,76847.09556,21801.81114,37846.79911
v3347,1.26,0.58,0.1,0.34,0.8,77667.5772,23513.99646,79323.96246
v3348,2.7,0.7,0.4,0.58,0.8,95072.89859,23038.41202,98485.96391
v3349,0.3,0.34,0.2,0.34,0.6,77298.82044,21699.11616,33152.69993
v3350,0.78,0.46,0.1,0.7,0.2,84948.34818,20992.49736,38894.5455
v3351,1.74,0.58,0.3,0.1,0.8,81680.00882,23225.3848,79270.60488
v3352,2.7,0.22,0.3,0.1,0.4,104942.6914,16852.15425,16017.59584
v3353,1.74,0.58,0.4,0.46,0.8,88516.30149,22953.7951,79270.60488
v3354,0.3,0.46,0.3,0.34,0.8,73613.24959,23396.31754,60275.49823
v3355,2.7,0.46,0.1,0.34,0.6,96170.38294,20933.81645,51013.60517
v3356,1.74,0.7,0.6,0.34,0.4,88539.47144,22809.06505,75964.81427
v3357,0.3,0.46,0.5,0.22,0.8,74547.48414,23386.76007,60275.49823
v3358,2.7,0.34,0.1,0.7,0.4,106330.4847,18701.23405,29974.56331
v3359,0.78,0.22,0.6,0.22,0.8,90364.1591,19732.78669,20302.85932
v3360,0.3,0.46,0.2,0.46,0.6,74945.62095,22959.73593,53151.53992
v3361,1.74,0.1,0.5,0.22,0.2,105902.8694,14477.45651,4269.55367
v3362,2.7,0.7,0.5,0.58,0.8,96369.16287,22998.48536,98485.96391
v3363,0.78,0.22,0.2,0.1,0.6,83644.36007,19230.00364,17694.54463
v3364,2.22,0.22,0.3,0.22,0.8,101254.661,18278.61446,21394.96737
v3365,0.78,0.1,0.4,0.1,0.4,91972.82478,15521.22174,4901.664633
v3366,2.7,0.34,0.3,0.46,0.2,107217.1117,17973.60271,25150.9236
v3367,0.78,0.7,0.3,0.1,0.8,68331.15155,24564.44414,98720.65804
v3368,0.3,0.58,0.4,0.46,0.4,75584.4441,23235.62769,60930.95171
v3369,1.26,0.7,0.2,0.34,0.4,78381.30134,23327.18559,75992.83325
v3370,1.26,0.7,0.6,0.58,0.8,84385.66649,23820.18351,98668.95962
v3371,2.7,0.22,0.6,0.34,0.6,111622.1106,17632.35749,18696.73736
v3372,1.74,0.7,0.1,0.58,0.4,84974.81323,22888.03712,75964.81427
v3373,2.7,0.22,0.2,0.1,0.4,103549.1265,16788.84521,16017.59584
v3374,2.22,0.7,0.2,0.34,0.2,89355.36518,21906.52213,64625.55569
v3375,0.3,0.46,0.2,0.22,0.6,71362.69664,23121.85762,53151.53992
v3376,0.3,0.22,0.5,0.34,0.4,86603.0838,19191.65171,15090.51163
v3377,0.78,0.1,0.5,0.1,0.8,92545.5864,16482.56829,6717.56098
v3378,2.22,0.22,0.4,0.7,0.4,110541.1213,17309.52636,16027.14009
v3379,1.26,0.46,0.4,0.1,0.2,85866.84021,20763.39923,38884.58391
v3380,0.78,0.58,0.6,0.46,0.8,81202.28596,23582.35408,79372.95191
v3381,1.26,0.1,0.4,0.46,0.6,102405.437,15704.7743,5813.199007
v3382,0.3,0.1,0.3,0.46,0.4,90193.53668,16188.85276,4898.997613
v3383,1.74,0.1,0.3,0.1,0.2,101391.0592,14162.67392,4269.55367
v3384,1.74,0.34,0.6,0.7,0.6,103239.5256,20090.59212,34850.61461
v3385,1.26,0.1,0.5,0.1,0.8,98007.78179,15912.70528,6722.342581
v3386,2.7,0.46,0.2,0.22,0.2,98588.66082,19465.50251,37200.85791
v3387,2.7,0.34,0.4,0.1,0.8,100139.8782,19984.20214,39621.84275
v3388,0.78,0.58,0.2,0.7,0.6,80102.28028,23260.76302,70140.7037
v3389,1.74,0.22,0.5,0.22,0.2,101515.0666,16931.00314,13347.1832
v3390,0.3,0.1,0.4,0.22,0.8,87203.9543,17137.08385,6712.226939
v3391,1.74,0.22,0.5,0.46,0.4,104152.8859,17699.55638,16035.05358
v3392,0.3,0.7,0.6,0.34,0.4,73312.18453,23861.41625,76042.53168
v3393,1.74,0.58,0.6,0.34,0.8,89382.67336,22945.43048,79270.60488
v3394,2.22,0.7,0.4,0.46,0.4,92068.62902,22498.16048,75934.4045
v3395,0.78,0.22,0.2,0.34,0.6,87424.26305,19167.13549,17694.54463
v3396,2.22,0.46,0.6,0.58,0.8,101144.6503,21494.46859,57973.01691
v3397,0.78,0.1,0.2,0.46,0.2,95062.75711,15050.43437,3993.71646
v3398,0.78,0.1,0.3,0.7,0.2,99641.20848,15324.72297,3993.71646
v3399,2.22,0.46,0.6,0.34,0.2,101477.4796,19829.57555,37214.11744
v3400,2.7,0.7,0.4,0.1,0.2,92604.18483,21658.2135,64609.02114
v3401,0.78,0.58,0.3,0.46,0.4,79749.00254,22845.58561,60908.45549
v3402,1.26,0.22,0.4,0.22,0.6,93746.63054,18719.61061,17686.57546
v3403,0.3,0.7,0.4,0.7,0.2,77247.94751,23168.22463,64679.61928
v3404,0.78,0.22,0.4,0.46,0.2,93627.95834,17768.5517,12477.91523
v3405,2.7,0.22,0.5,0.7,0.2,116849.4696,16382.22848,13338.45433
v3406,2.7,0.7,0.3,0.7,0.8,95263.88802,23019.29615,98485.96391
v3407,1.26,0.46,0.5,0.22,0.4,87678.86837,21467.59111,45989.50283
v3408,2.7,0.7,0.3,0.46,0.2,96645.41819,21489.45407,64609.02114
v3409,0.3,0.34,0.5,0.46,0.8,82329.69929,22032.86302,37870.10687
v3410,1.26,0.22,0.4,0.1,0.8,91224.92402,19190.7771,20292.23376
v3411,2.7,0.58,0.3,0.1,0.4,92882.10988,21532.16046,60796.36939
v3412,0.3,0.1,0.2,0.58,0.8,89588.19763,17076.77854,6712.226939
v3413,0.3,0.7,0.5,0.7,0.8,74186.54841,24451.12956,98768.35648
v3414,0.78,0.22,0.2,0.7,0.2,94012.43487,17681.20501,12477.91523
v3415,2.7,0.7,0.6,0.1,0.4,93359.60483,22340.54113,75901.3354
v3416,2.22,0.46,0.1,0.1,0.8,87235.18589,21907.2845,57973.01691
v3417,1.26,0.34,0.2,0.22,0.8,85689.44524,21141.44853,37820.67863
v3418,1.74,0.34,0.2,0.58,0.2,98658.74215,18668.06616,25168.39412
v3419,2.7,0.22,0.2,0.1,0.2,104427.0103,16008.10745,13338.45433
v3420,1.26,0.7,0.3,0.22,0.8,75280.12224,24168.53871,98668.95962
v3421,1.74,0.22,0.2,0.34,0.6,97578.99149,18228.84398,18722.92396
v3422,0.3,0.1,0.6,0.34,0.8,91627.57781,17280.76044,6712.226939
v3423,0.3,0.7,0.4,0.22,0.2,70565.40996,23433.48251,64679.61928
v3424,1.74,0.58,0.4,0.22,0.8,84986.80246,23099.77894,79270.60488
v3425,1.26,0.46,0.1,0.1,0.4,80050.1618,21629.12735,45989.50283
v3426,0.78,0.1,0.6,0.1,0.4,94550.24493,15691.85674,4901.664633
v3427,0.78,0.46,0.6,0.58,0.8,86629.76307,22670.83504,60239.18702
v3428,2.7,0.46,0.3,0.7,0.8,103015.3274,21167.4192,57919.9788
v3429,2.7,0.58,0.1,0.46,0.6,94011.09209,22011.5534,69972.57456
v3430,0.3,0.46,0.4,0.7,0.8,79938.25474,23129.60179,60275.49823
v3431,0.3,0.58,0.2,0.1,0.2,68778.60207,22878.86487,51687.45538
v3432,2.7,0.46,0.1,0.58,0.2,102250.4812,19355.39865,37200.85791
v3433,2.22,0.22,0.4,0.1,0.2,102891.3717,16473.14356,13343.22645
v3434,1.74,0.1,0.2,0.7,0.8,107535.2034,15526.94148,7080.190147
v3435,2.7,0.34,0.6,0.34,0.6,107081.3566,19502.3215,34798.20303
v3436,2.7,0.34,0.1,0.7,0.4,106330.4847,18701.23405,29974.56331
v3437,0.78,0.58,0.6,0.46,0.2,85347.12837,22050.59233,51676.20727
v3438,1.26,0.22,0.5,0.7,0.8,101153.5344,19066.91436,20292.23376
v3439,2.7,0.34,0.1,0.1,0.4,97732.61948,18814.39947,29974.56331
v3440,1.26,0.46,0.4,0.22,0.8,84070.00543,22532.70408,60199.34066
v3441,1.74,0.58,0.3,0.46,0.6,88275.89252,22606.46122,70063.94343
v3442,0.3,0.46,0.5,0.22,0.6,75611.67459,22986.28293,53151.53992
v3443,1.74,0.22,0.6,0.22,0.2,102756.553,16980.15767,13347.1832
v3444,1.26,0.58,0.1,0.34,0.4,80210.73872,22588.32978,60883.96076
v3445,2.7,0.1,0.3,0.22,0.2,112207.7906,13785.16089,4270.826679
v3446,2.7,0.7,0.2,0.46,0.8,90682.75132,23190.78404,98485.96391
v3447,2.7,0.34,0.2,0.34,0.8,101106.9323,19894.29623,39621.84275
v3448,0.3,0.7,0.6,0.34,0.2,75026.74346,23275.25763,64679.61928
v3449,1.26,0.58,0.1,0.34,0.8,77667.5772,23513.99646,79323.96246
v3450,0.3,0.1,0.6,0.46,0.8,93346.27975,17303.45079,6712.226939
v3451,0.78,0.46,0.5,0.7,0.2,90598.03175,20955.32487,38894.5455
v3452,0.78,0.46,0.6,0.7,0.4,90463.2048,21647.6387,46009.42601
v3453,2.22,0.22,0.5,0.46,0.4,108685.9124,17326.62896,16027.14009
v3454,0.78,0.34,0.6,0.7,0.2,95607.03303,19576.18524,23712.05912
v3455,0.3,0.22,0.6,0.1,0.8,82595.0345,20415.70055,20311.42272
v3456,1.74,0.58,0.3,0.58,0.8,88778.51963,22929.19339,79270.60488
v3457,2.7,0.34,0.3,0.34,0.4,104317.5187,18812.04888,29974.56331
v3458,0.3,0.58,0.4,0.7,0.8,76226.79447,23926.24812,79417.94435
v3459,2.7,0.22,0.6,0.34,0.6,111622.1106,17632.35749,18696.73736
v3460,1.74,0.1,0.1,0.34,0.8,101223.806,15232.61898,7080.190147
v3461,2.22,0.7,0.4,0.34,0.8,87599.15729,23445.28454,98552.10212
v3462,0.78,0.34,0.3,0.46,0.8,85364.12413,21521.86844,37846.79911
v3463,1.74,0.1,0.6,0.58,0.4,111792.869,15194.52209,5206.432496
v3464,1.74,0.46,0.3,0.58,0.2,96395.88963,20125.61181,37226.14613
v3465,2.7,0.7,0.4,0.58,0.8,95072.89859,23038.41202,98485.96391
v3466,2.7,0.7,0.4,0.58,0.6,96287.1285,22665.71471,87193.64966
v3467,0.78,0.34,0.3,0.34,0.4,85577.89138,20460.05427,28423.63911
v3468,1.26,0.7,0.2,0.58,0.8,78986.20961,23999.78388,98668.95962
v3469,0.78,0.1,0.3,0.34,0.6,93937.59513,16050.93302,5809.612806
v3470,2.22,0.34,0.1,0.22,0.8,93526.0433,20315.65693,39658.84068
v3471,0.78,0.58,0.4,0.7,0.8,81766.4676,23534.6759,79372.95191
v3472,0.78,0.7,0.6,0.46,0.8,77741.25714,24206.81547,98720.65804
v3473,0.78,0.46,0.5,0.58,0.8,85356.01506,22706.28849,60239.18702
v3474,1.74,0.1,0.6,0.7,0.8,112724.9373,15808.84339,7080.190147
v3475,2.22,0.1,0.1,0.1,0.6,102425.8432,14404.85859,6145.654499
v3476,1.26,0.58,0.6,0.46,0.4,88877.67304,22328.04364,60883.96076
v3477,2.7,0.1,0.4,0.7,0.6,119325.3353,14816.8749,6147.130349
v3478,0.78,0.22,0.1,0.22,0.6,84073.27415,19162.63234,17694.54463
v3479,0.78,0.7,0.3,0.58,0.2,79817.03187,22863.07358,64667.69467
v3480,2.7,0.34,0.6,0.1,0.6,103395.3409,19580.9988,34798.20303
v3481,2.7,0.22,0.6,0.34,0.2,113289.1903,16337.98139,13338.45433
v3482,1.26,0.22,0.1,0.1,0.8,86902.93861,19117.1031,20292.23376
v3483,0.78,0.58,0.1,0.22,0.8,70669.67824,23971.47244,79372.95191
v3484,0.3,0.46,0.6,0.46,0.2,83083.79789,21559.44984,38903.6233
v3485,2.7,0.34,0.4,0.1,0.6,100859.4842,19568.08896,34798.20303
v3486,2.22,0.58,0.3,0.7,0.8,94803.02293,22535.19701,79212.40279
v3487,0.78,0.34,0.5,0.1,0.6,83462.58575,21216.66561,33135.21911
v3488,1.26,0.7,0.1,0.22,0.2,76792.90446,22762.25207,64654.77007
v3489,0.78,0.22,0.5,0.58,0.8,94266.05068,19606.90293,20302.85932
v3490,2.22,0.58,0.2,0.46,0.2,94360.72715,20919.44576,51636.06999
v3491,2.7,0.7,0.3,0.34,0.4,93132.96887,22299.00851,75901.3354
v3492,2.22,0.46,0.5,0.58,0.8,99899.65836,21516.83775,57973.01691
v3493,0.78,0.46,0.4,0.58,0.6,85073.68095,22330.11358,53124.30651
v3494,2.7,0.46,0.6,0.58,0.8,105339.3301,21160.6494,57919.9788
v3495,1.74,0.1,0.1,0.1,0.6,97742.84532,14760.48483,6143.311322
v3496,1.74,0.22,0.2,0.1,0.6,93840.0628,18252.74762,18722.92396
v3497,0.78,0.34,0.5,0.7,0.2,94347.03585,19564.27065,23712.05912
v3498,1.74,0.34,0.1,0.58,0.8,94120.64486,20582.00249,39691.72485
v3499,1.74,0.7,0.5,0.22,0.4,85468.2696,22920.32623,75964.81427
v3500,0.78,0.46,0.1,0.34,0.8,76284.76351,23022.21719,60239.18702
v3501,2.7,0.22,0.6,0.58,0.6,114901.4902,17632.27561,18696.73736
v3502,1.74,0.34,0.6,0.7,0.6,103239.5256,20090.59212,34850.61461
v3503,1.26,0.1,0.5,0.58,0.4,105675.5276,15467.23175,4904.055434
v3504,0.78,0.22,0.3,0.46,0.2,92259.29984,17716.26296,12477.91523
v3505,2.7,0.7,0.5,0.46,0.4,97499.44833,22164.82692,75901.3354
v3506,1.74,0.1,0.2,0.58,0.8,106002.8088,15470.17093,7080.190147
v3507,2.22,0.58,0.2,0.7,0.2,97523.93456,20821.35777,51636.06999
v3508,0.3,0.22,0.2,0.1,0.4,78615.43526,19152.9102,15090.51163
v3509,2.7,0.7,0.1,0.22,0.8,85661.30515,23379.25826,98485.96391
v3510,0.78,0.22,0.4,0.7,0.8,94505.45577,19564.29629,20302.85932
v3511,1.74,0.34,0.4,0.46,0.6,97533.98167,20174.55379,34850.61461
v3512,0.78,0.1,0.5,0.7,0.6,101475.1136,16353.54629,5809.612806
v3513,0.78,0.34,0.4,0.58,0.8,88387.53841,21434.71269,37846.79911
v3514,2.7,0.22,0.6,0.1,0.8,107508.1012,18003.86135,21375.87888
v3515,2.7,0.7,0.6,0.7,0.6,100362.0303,22534.22133,87193.64966
v3516,2.22,0.1,0.2,0.58,0.2,111596.8962,14199.86312,4270.33473
v3517,0.78,0.1,0.1,0.1,0.8,86904.04279,16113.80651,6717.56098
v3518,0.78,0.1,0.5,0.46,0.2,99133.63415,15347.84765,3993.71646
v3519,1.74,0.7,0.4,0.1,0.2,84009.56063,22336.23796,64640.76058
v3520,0.3,0.58,0.3,0.7,0.8,74834.31876,23973.1369,79417.94435
v3521,0.3,0.22,0.5,0.34,0.8,85081.47868,20297.30952,20311.42272
v3522,0.78,0.58,0.2,0.1,0.6,71407.82157,23637.22408,70140.7037
v3523,2.7,0.46,0.1,0.7,0.2,103787.6413,19328.44449,37200.85791
v3524,2.7,0.34,0.1,0.7,0.8,104534.8894,19778.93975,39621.84275
v3525,1.74,0.46,0.4,0.7,0.2,99288.69092,20090.85215,37226.14613
v3526,1.26,0.1,0.1,0.22,0.8,94364.43162,15605.81957,6722.342581
v3527,1.74,0.58,0.4,0.46,0.4,91054.29583,22005.73195,60857.28197
v3528,0.3,0.22,0.3,0.58,0.4,87255.69447,19089.97008,15090.51163
v3529,2.7,0.22,0.4,0.7,0.6,113944.7356,17570.93917,18696.73736
v3530,0.78,0.46,0.3,0.46,0.8,81001.97302,22854.93113,60239.18702
v3531,1.26,0.1,0.4,0.34,0.6,100701.9514,15642.81227,5813.199007
v3532,2.22,0.22,0.2,0.58,0.8,104994.5451,18208.68653,21394.96737
v3533,1.74,0.22,0.5,0.46,0.4,104152.8859,17699.55638,16035.05358
v3534,0.78,0.46,0.2,0.22,0.8,75977.50726,23055.75689,60239.18702
v3535,0.78,0.1,0.5,0.58,0.6,99937.89967,16309.27355,5809.612806
v3536,2.7,0.1,0.2,0.7,0.8,116537.8095,14836.7451,7085.282183
v3537,1.26,0.58,0.1,0.46,0.8,79399.20904,23439.60759,79323.96246
v3538,0.78,0.34,0.2,0.58,0.6,86434.71752,20993.55636,33135.21911
v3539,2.7,0.7,0.4,0.7,0.2,101141.2205,21362.77323,64609.02114
v3540,2.7,0.46,0.1,0.7,0.4,102334.3475,20142.84734,44107.23154
v3541,0.78,0.46,0.6,0.58,0.2,90325.50427,20995.26147,38894.5455
v3542,1.26,0.1,0.3,0.7,0.8,103937.5678,16032.39331,6722.342581
v3543,2.22,0.7,0.4,0.34,0.2,92152.63503,21847.94831,64625.55569
v3544,2.7,0.22,0.4,0.46,0.4,111636.7714,16963.48034,16017.59584
v3545,0.78,0.7,0.3,0.58,0.2,79817.03187,22863.07358,64667.69467
v3546,2.22,0.1,0.6,0.46,0.8,114241.2392,15325.41807,7083.314384
v3547,2.7,0.34,0.4,0.7,0.4,110487.4402,18766.30041,29974.56331
v3548,1.26,0.22,0.4,0.34,0.8,94965.44603,19128.03441,20292.23376
v3549,2.7,0.58,0.6,0.22,0.6,97296.99764,21989.36284,69972.57456
v3550,2.22,0.1,0.4,0.34,0.6,110265.083,14898.12847,6145.654499
v3551,2.22,0.58,0.4,0.1,0.8,87542.79411,22848.16823,79212.40279
v3552,0.78,0.46,0.6,0.22,0.8,81464.52775,22888.53764,60239.18702
v3553,2.7,0.7,0.2,0.34,0.8,88965.54063,23258.92261,98485.96391
v3554,2.7,0.46,0.2,0.34,0.8,96726.98895,21360.56859,57919.9788
v3555,0.3,0.46,0.5,0.58,0.4,82027.60331,22228.14738,46027.58161
v3556,1.26,0.7,0.5,0.22,0.8,77996.88429,24078.43926,98668.95962
v3557,2.7,0.58,0.5,0.34,0.2,100906.3722,20602.62178,51620.16423
v3558,2.22,0.34,0.4,0.58,0.8,102926.6781,20162.92259,39658.84068
v3559,0.78,0.58,0.4,0.46,0.2,82734.26048,22104.49271,51676.20727
v3560,2.22,0.7,0.2,0.7,0.8,89698.99252,23339.16985,98552.10212
v3561,0.3,0.58,0.1,0.46,0.6,69807.34324,23852.90954,70174.44803
v3562,2.7,0.1,0.5,0.1,0.6,112178.4602,14510.82448,6147.130349
v3563,1.26,0.1,0.2,0.7,0.6,102821.1301,15651.34744,5813.199007
v3564,0.3,0.1,0.1,0.22,0.8,82838.71782,16873.77643,6712.226939
v3565,2.7,0.1,0.1,0.1,0.4,107132.8803,13804.49569,5208.978514
v3566,1.26,0.1,0.3,0.1,0.2,96437.10282,14464.95977,3994.91186
v3567,1.26,0.22,0.6,0.46,0.8,99238.86707,19131.92706,20292.23376
v3568,0.78,0.34,0.5,0.22,0.8,84523.73592,21619.64463,37846.79911
v3569,2.7,0.58,0.3,0.34,0.2,98257.73288,20617.62785,51620.16423
v3570,0.3,0.58,0.3,0.22,0.4,70620.51379,23436.80156,60930.95171
v3571,2.22,0.58,0.6,0.22,0.6,93145.85076,22302.70066,70020.29186
v3572,2.7,0.34,0.5,0.34,0.6,105848.3194,19496.92811,34798.20303
v3573,0.78,0.46,0.4,0.22,0.6,79885.87864,22553.45245,53124.30651
v3574,2.7,0.58,0.3,0.34,0.6,95188.03003,22009.18482,69972.57456
v3575,2.7,0.1,0.6,0.22,0.8,115118.919,14867.45187,7085.282183
v3576,0.3,0.46,0.5,0.1,0.2,76328.72537,21786.57808,38903.6233
v3577,1.26,0.7,0.3,0.34,0.8,77085.43028,24093.06689,98668.95962
v3578,2.7,0.58,0.4,0.7,0.6,101409.0255,21790.66959,69972.57456
v3579,0.78,0.7,0.6,0.58,0.8,79350.97845,24141.23005,98720.65804
v3580,2.7,0.22,0.1,0.22,0.4,103997.4558,16744.96804,16017.59584
v3581,2.7,0.22,0.1,0.1,0.8,100793.2658,17826.90108,21375.87888
v3582,0.78,0.58,0.5,0.22,0.6,77558.71942,23408.6856,70140.7037
v3583,1.26,0.58,0.1,0.34,0.8,77667.5772,23513.99646,79323.96246
v3584,1.26,0.22,0.2,0.22,0.6,90946.25738,18656.29372,17686.57546
v3585,2.7,0.22,0.6,0.22,0.8,109397.2448,17992.77166,21375.87888
v3586,1.74,0.46,0.1,0.34,0.6,87413.9154,21696.93491,51089.46982
v3587,2.7,0.1,0.6,0.46,0.2,119400.0732,14230.97341,4270.826679
v3588,2.7,0.58,0.4,0.34,0.4,97958.29583,21372.45145,60796.36939
v3589,2.7,0.22,0.5,0.1,0.8,106276.8508,17975.58804,21375.87888
v3590,0.78,0.34,0.3,0.7,0.8,88569.00727,21396.31308,37846.79911
v3591,2.22,0.1,0.5,0.46,0.4,113559.6626,14748.78293,5207.994614
v3592,2.7,0.22,0.3,0.58,0.8,110664.9672,17885.14771,21375.87888
v3593,2.22,0.7,0.1,0.58,0.2,91202.09762,21813.89658,64625.55569
v3594,2.22,0.22,0.2,0.34,0.8,101658.8698,18229.85651,21394.96737
v3595,0.3,0.1,0.3,0.34,0.4,88465.13888,16125.62824,4898.997613
v3596,1.74,0.46,0.6,0.58,0.2,100303.1518,20130.99637,37226.14613
v3597,2.7,0.22,0.2,0.46,0.8,107671.4886,17854.51654,21375.87888
v3598,0.3,0.22,0.4,0.7,0.8,88687.99967,20153.72013,20311.42272
v3599,0.3,0.58,0.3,0.7,0.8,74834.31876,23973.1369,79417.94435
v3600,1.26,0.46,0.3,0.46,0.6,87251.06078,21983.47155,53094.42174
v3601,2.7,0.22,0.4,0.7,0.8,113509.8677,17908.36537,21375.87888
v3602,2.7,0.58,0.5,0.34,0.8,96760.59408,22346.14115,79148.77973
v3603,1.26,0.1,0.2,0.7,0.8,102541.2983,15949.18587,6722.342581
v3604,0.3,0.1,0.6,0.46,0.6,93732.31439,16896.17141,5805.612276
v3605,2.7,0.58,0.3,0.58,0.4,99932.03378,21275.6717,60796.36939
v3606,0.3,0.22,0.5,0.46,0.2,89185.22443,18378.0254,12480.05608
v3607,0.3,0.1,0.4,0.34,0.8,89032.98295,17165.61757,6712.226939
v3608,2.7,0.22,0.2,0.46,0.8,107671.4886,17854.51654,21375.87888
v3609,0.3,0.46,0.5,0.1,0.8,72617.13432,23475.19641,60275.49823
v3610,1.74,0.46,0.3,0.34,0.2,93061.47189,20210.74405,37226.14613
v3611,2.22,0.7,0.1,0.1,0.8,79563.53274,23740.69122,98552.10212
v3612,0.3,0.34,0.3,0.58,0.8,81242.13464,22021.94114,37870.10687
v3613,2.7,0.1,0.5,0.34,0.6,115815.1071,14680.68461,6147.130349
v3614,2.22,0.46,0.2,0.46,0.4,96419.49899,20573.0802,44133.7506
v3615,1.26,0.1,0.1,0.46,0.4,98571.79986,15007.83714,4904.055434
v3616,1.74,0.1,0.6,0.58,0.4,111792.869,15194.52209,5206.432496
v3617,0.78,0.58,0.5,0.34,0.6,79372.10358,23329.82134,70140.7037
v3618,2.7,0.1,0.6,0.34,0.8,116881.3857,14938.54255,7085.282183
v3619,2.7,0.34,0.5,0.46,0.6,107546.4309,19461.20401,34798.20303
v3620,1.74,0.1,0.1,0.58,0.6,104789.6124,15100.37758,6143.311322
v3621,2.7,0.46,0.2,0.46,0.8,98442.78801,21298.2159,57919.9788
v3622,2.7,0.58,0.2,0.7,0.2,101705.9929,20484.43142,51620.16423
v3623,2.7,0.58,0.5,0.58,0.8,100083.2434,22216.51496,79148.77973
v3624,2.7,0.1,0.2,0.22,0.2,110840.4169,13672.92328,4270.826679
v3625,1.26,0.46,0.6,0.34,0.4,90760.85969,21383.24819,45989.50283
v3626,0.3,0.34,0.2,0.46,0.8,78128.20133,22125.45252,37870.10687
v3627,0.3,0.1,0.3,0.34,0.8,87649.85135,17094.59587,6712.226939
v3628,2.7,0.58,0.6,0.34,0.8,98009.22746,22313.77886,79148.77973
v3629,0.78,0.46,0.3,0.46,0.4,83295.82783,21844.32495,46009.42601
v3630,2.22,0.46,0.1,0.34,0.6,91941.52387,21296.39414,51053.38375
v3631,0.3,0.58,0.6,0.58,0.8,77306.30974,23903.97435,79417.94435
v3632,2.7,0.58,0.3,0.46,0.2,99959.52092,20567.09212,51620.16423
v3633,2.7,0.46,0.6,0.34,0.4,104206.8879,20256.74033,44107.23154
v3634,1.74,0.46,0.1,0.22,0.8,84604.41493,22229.36113,58021.13167
v3635,2.22,0.58,0.5,0.58,0.8,95914.81713,22522.19371,79212.40279
v3636,2.7,0.58,0.2,0.46,0.4,96900.93364,21356.79367,60796.36939
v3637,0.78,0.34,0.3,0.58,0.8,87008.01946,21456.51859,37846.79911
v3638,0.78,0.34,0.2,0.7,0.2,90231.97421,19509.30659,23712.05912
v3639,1.26,0.7,0.1,0.7,0.4,81776.87738,23171.83605,75992.83325
v3640,2.22,0.58,0.3,0.7,0.8,94803.02293,22535.19701,79212.40279
v3641,2.22,0.1,0.5,0.1,0.2,108619.7711,14092.55458,4270.33473
v3642,2.7,0.58,0.1,0.1,0.4,89963.17364,21584.9719,60796.36939
v3643,2.7,0.22,0.2,0.46,0.8,107671.4886,17854.51654,21375.87888
v3644,2.7,0.7,0.2,0.34,0.6,90179.70158,22886.19519,87193.64966
v3645,1.26,0.22,0.4,0.7,0.8,99857.40702,19049.5111,20292.23376
v3646,0.78,0.58,0.1,0.46,0.2,78358.539,22206.02536,51676.20727
v3647,0.3,0.34,0.5,0.7,0.8,85528.89321,21899.72903,37870.10687
v3648,0.3,0.34,0.3,0.46,0.2,82740.6361,20176.48008,23717.88606
v3649,2.7,0.46,0.2,0.7,0.4,103792.9624,20141.00253,44107.23154
v3650,2.7,0.22,0.4,0.58,0.6,112423.8477,17569.69449,18696.73736
v3651,2.7,0.22,0.4,0.7,0.8,113509.8677,17908.36537,21375.87888
v3652,1.26,0.34,0.6,0.58,0.8,96259.27093,20903.31182,37820.67863
v3653,0.3,0.34,0.2,0.58,0.6,80699.17792,21561.39306,33152.69993
v3654,2.22,0.58,0.6,0.22,0.8,92036.41912,22694.55381,79212.40279
v3655,2.7,0.1,0.4,0.34,0.8,114418.8346,14798.65435,7085.282183
v3656,2.22,0.46,0.6,0.34,0.6,98762.36419,21199.28035,51053.38375
v3657,2.22,0.7,0.5,0.58,0.8,92233.66379,23267.75766,98552.10212
v3658,2.7,0.1,0.2,0.34,0.2,112614.3996,13782.1907,4270.826679
v3659,2.22,0.34,0.3,0.22,0.8,96428.97717,20303.50331,39658.84068
v3660,1.26,0.34,0.1,0.22,0.2,87296.33726,19059.14408,23705.529
v3661,2.7,0.58,0.3,0.34,0.2,98257.73288,20617.62785,51620.16423
v3662,2.7,0.46,0.6,0.46,0.2,107348.9553,19447.65965,37200.85791
v3663,1.74,0.22,0.4,0.58,0.4,104479.0688,17666.17355,16035.05358
v3664,0.78,0.58,0.2,0.7,0.2,83071.13093,22044.24086,51676.20727
v3665,2.22,0.7,0.3,0.7,0.2,95646.06085,21699.70556,64625.55569
v3666,2.7,0.22,0.2,0.34,0.2,108107.5594,16099.25657,13338.45433
v3667,2.22,0.34,0.3,0.34,0.6,98994.61453,19829.56112,34825.95148
v3668,2.7,0.34,0.6,0.46,0.8,108068.647,19852.92916,39621.84275
v3669,2.7,0.58,0.6,0.1,0.2,98473.22528,20705.86269,51620.16423
v3670,2.7,0.1,0.2,0.22,0.8,109961.0511,14539.72625,7085.282183
v3671,1.74,0.58,0.5,0.7,0.6,94126.28237,22402.06926,70063.94343
v3672,0.78,0.22,0.5,0.7,0.6,96455.9865,19153.63196,17694.54463
v3673,0.78,0.46,0.5,0.58,0.8,85356.01506,22706.28849,60239.18702
v3674,2.22,0.22,0.2,0.1,0.8,97931.3685,18258.81908,21394.96737
v3675,2.7,0.22,0.2,0.46,0.8,107671.4886,17854.51654,21375.87888
v3676,2.22,0.34,0.2,0.46,0.8,98547.41937,20213.56493,39658.84068
v3677,1.26,0.22,0.1,0.58,0.2,96314.87551,17109.92372,12475.25884
v3678,1.26,0.46,0.2,0.7,0.6,89011.99219,21887.47827,53094.42174
v3679,0.78,0.58,0.4,0.46,0.4,81142.96893,22802.49327,60908.45549
v3680,2.7,0.46,0.4,0.34,0.4,101675.0035,20263.29331,44107.23154
v3681,0.78,0.46,0.3,0.22,0.8,77440.4588,23010.65607,60239.18702
v3682,2.7,0.58,0.3,0.22,0.4,94796.23892,21461.18295,60796.36939
v3683,0.3,0.58,0.5,0.7,0.4,80104.16205,23056.77435,60930.95171
v3684,2.22,0.46,0.5,0.34,0.8,96569.80307,21641.82725,57973.01691
v3685,1.26,0.22,0.3,0.7,0.8,98504.74163,19031.80499,20292.23376
v3686,2.22,0.34,0.6,0.58,0.4,107270.3101,19158.86355,29993.06228
v3687,2.7,0.22,0.6,0.7,0.6,116415.112,17632.21057,18696.73736
v3688,1.74,0.46,0.5,0.22,0.8,90240.40473,22092.47276,58021.13167
v3689,2.7,0.1,0.2,0.58,0.8,115022.4853,14770.69266,7085.282183
v3690,0.3,0.1,0.4,0.1,0.6,85658.65261,16634.4368,5805.612276
v3691,1.74,0.1,0.6,0.46,0.8,109608.7702,15708.85856,7080.190147
v3692,0.3,0.22,0.1,0.34,0.8,79353.92898,20281.34979,20311.42272
v3693,0.78,0.7,0.3,0.34,0.8,72040.77255,24409.61041,98720.65804
v3694,0.78,0.1,0.4,0.34,0.8,94965.45883,16506.89902,6717.56098
v3695,1.26,0.22,0.5,0.22,0.6,95058.3373,18746.39365,17686.57546
v3696,0.78,0.1,0.6,0.46,0.8,99235.92717,16668.96352,6717.56098
v3697,2.22,0.22,0.6,0.7,0.8,111744.5866,18299.3272,21394.96737
v3698,1.74,0.34,0.1,0.46,0.8,92480.29345,20633.55798,39691.72485
v3699,1.26,0.58,0.1,0.58,0.6,82185.87182,22994.30529,70103.96161
v3700,0.3,0.7,0.4,0.46,0.8,69717.49566,24624.17208,98768.35648
v3701,1.26,0.58,0.5,0.7,0.6,89376.06682,22754.79726,70103.96161
v3702,1.74,0.58,0.4,0.34,0.4,89341.17964,22074.04057,60857.28197
v3703,0.3,0.7,0.6,0.58,0.4,76633.94683,23727.28147,76042.53168
v3704,0.78,0.22,0.3,0.58,0.4,93038.95635,18503.76154,15086.22993
v3705,0.78,0.22,0.5,0.46,0.2,94939.05318,17815.64551,12477.91523
v3706,2.22,0.46,0.2,0.46,0.4,96419.49899,20573.0802,44133.7506
v3707,2.22,0.7,0.3,0.34,0.2,90784.76639,21875.64984,64625.55569
v3708,0.78,0.34,0.5,0.34,0.2,89467.59514,19656.62315,23712.05912
v3709,2.7,0.58,0.1,0.58,0.8,94561.7182,22364.89143,79148.77973
v3710,2.22,0.1,0.6,0.7,0.6,117518.6253,15233.33117,6145.654499
v3711,1.26,0.7,0.5,0.46,0.4,84265.64952,23115.12647,75992.83325
v3712,2.7,0.46,0.5,0.58,0.2,107719.2939,19408.53327,37200.85791
v3713,0.78,0.1,0.4,0.46,0.4,97412.04299,15752.48816,4901.664633
v3714,2.7,0.1,0.2,0.34,0.2,112614.3996,13782.1907,4270.826679
v3715,1.74,0.7,0.1,0.46,0.8,80590.08364,23808.80463,98612.92166
v3716,1.26,0.1,0.2,0.58,0.8,100998.8827,15899.10557,6722.342581
v3717,1.26,0.58,0.5,0.7,0.6,89376.06682,22754.79726,70103.96161
v3718,0.78,0.34,0.5,0.1,0.2,85731.87487,19740.86747,23712.05912
v3719,1.26,0.58,0.1,0.22,0.2,80003.15147,21882.69083,51663.95991
v3720,1.74,0.1,0.3,0.34,0.4,104679.0511,14805.47578,5206.432496
v3721,0.78,0.7,0.4,0.46,0.4,77858.9765,23519.42344,76018.68246
v3722,1.26,0.7,0.6,0.7,0.4,88691.0184,22949.02293,75992.83325
v3723,2.7,0.22,0.6,0.7,0.2,118054.2458,16427.99228,13338.45433
v3724,1.74,0.46,0.3,0.7,0.8,94277.07266,21886.10386,58021.13167
v3725,0.78,0.22,0.5,0.22,0.2,91420.26125,17801.21557,12477.91523
v3726,1.74,0.46,0.5,0.58,0.8,95394.26835,21888.57419,58021.13167
v3727,2.7,0.34,0.3,0.22,0.8,100702.64,19936.20571,39621.84275
v3728,0.3,0.22,0.2,0.58,0.4,85808.79763,19056.42927,15090.51163
v3729,1.74,0.58,0.1,0.1,0.8,78717.4979,23319.13556,79270.60488
v3730,0.3,0.7,0.1,0.22,0.6,62991.35889,24608.5524,87405.44408
v3731,0.3,0.22,0.4,0.34,0.6,84456.80198,19804.1242,17700.96718
v3732,1.74,0.7,0.3,0.22,0.2,84535.68651,22295.46006,64640.76058
v3733,0.78,0.58,0.2,0.46,0.2,79885.40375,22169.68166,51676.20727
v3734,0.3,0.46,0.2,0.1,0.8,68359.27474,23616.97028,60275.49823
v3735,0.78,0.22,0.4,0.34,0.2,91912.76222,17758.47782,12477.91523
v3736,2.7,0.58,0.4,0.22,0.2,97815.72969,20663.55764,51620.16423
v3737,1.26,0.46,0.6,0.58,0.4,94094.08688,21262.95666,45989.50283
v3738,0.78,0.58,0.4,0.1,0.8,73141.21086,23907.19898,79372.95191
v3739,1.26,0.22,0.5,0.34,0.8,96273.95819,19145.99702,20292.23376
v3740,2.7,0.22,0.3,0.7,0.8,112193.5342,17879.87555,21375.87888
v3741,0.78,0.1,0.6,0.46,0.6,99568.23855,16323.39001,5809.612806
v3742,0.78,0.34,0.3,0.46,0.8,85364.12413,21521.86844,37846.79911
v3743,1.74,0.46,0.4,0.22,0.2,92623.11864,20261.05434,37226.14613
v3744,0.3,0.58,0.5,0.7,0.6,78739.25584,23517.3871,70174.44803
v3745,0.78,0.34,0.1,0.34,0.2,83795.67203,19569.24699,23712.05912
v3746,0.78,0.22,0.3,0.22,0.8,86379.0339,19697.73955,20302.85932
v3747,1.26,0.46,0.3,0.22,0.8,82683.04394,22569.45013,60199.34066
v3748,2.7,0.34,0.3,0.58,0.2,108823.06,17970.11608,25150.9236
v3749,1.74,0.46,0.1,0.1,0.4,84922.5135,21170.87556,44157.80798
v3750,1.74,0.58,0.1,0.46,0.4,86751.50197,22108.47656,60857.28197
v3751,2.7,0.22,0.4,0.58,0.8,111985.4489,17914.27909,21375.87888
v3752,0.78,0.46,0.1,0.22,0.8,74443.32572,23103.24207,60239.18702
v3753,1.26,0.1,0.4,0.1,0.8,96704.75119,15833.6209,6722.342581
v3754,2.7,0.34,0.4,0.34,0.8,103850.6283,19894.3157,39621.84275
v3755,0.78,0.34,0.5,0.46,0.8,88074.23715,21478.22245,37846.79911
v3756,2.7,0.46,0.4,0.7,0.8,104354.6069,21147.6034,57919.9788
v3757,0.78,0.1,0.6,0.1,0.4,94550.24493,15691.85674,4901.664633
v3758,2.22,0.7,0.3,0.22,0.6,85646.57198,23201.18158,87243.25331
v3759,2.7,0.58,0.2,0.22,0.8,90871.51778,22533.2559,79148.77973
v3760,1.26,0.58,0.2,0.7,0.4,86646.36594,22338.93051,60883.96076
v3761,1.26,0.34,0.4,0.46,0.6,92879.92492,20533.22799,33115.62875
v3762,2.22,0.34,0.4,0.58,0.8,102926.6781,20162.92259,39658.84068
v3763,0.3,0.58,0.1,0.22,0.4,67574.11537,23543.06486,60930.95171
v3764,1.74,0.58,0.3,0.7,0.8,90328.0444,22866.16855,79270.60488
v3765,0.3,0.7,0.6,0.7,0.6,76706.67006,24083.34277,87405.44408
v3766,0.3,0.46,0.3,0.22,0.2,75493.78221,21750.97848,38903.6233
v3767,1.26,0.22,0.2,0.58,0.6,96127.74345,18602.47848,17686.57546
v3768,0.78,0.58,0.4,0.1,0.6,74289.20733,23538.59062,70140.7037
v3769,2.7,0.22,0.2,0.58,0.6,109728.6427,17491.30653,18696.73736
v3770,0.3,0.58,0.1,0.7,0.4,74367.84552,23246.85409,60930.95171
v3771,0.3,0.7,0.1,0.58,0.2,71289.974,23375.01237,64679.61928
v3772,1.74,0.22,0.5,0.1,0.2,99617.28365,16903.16713,13347.1832
v3773,2.22,0.58,0.5,0.7,0.4,99961.62044,21506.09719,60828.18092
v3774,0.3,0.1,0.6,0.22,0.8,89808.60421,17258.13606,6712.226939
v3775,2.7,0.22,0.5,0.1,0.2,108422.9531,16216.13455,13338.45433
v3776,1.26,0.1,0.3,0.34,0.6,99353.74675,15555.0703,5813.199007
v3777,0.3,0.58,0.3,0.34,0.8,69942.51294,24181.31393,79417.94435
v3778,1.74,0.46,0.4,0.34,0.6,91714.39708,21614.66575,51089.46982
v3779,2.22,0.22,0.6,0.46,0.8,108612.7662,18324.96796,21394.96737
v3780,2.7,0.46,0.3,0.7,0.8,103015.3274,21167.4192,57919.9788
v3781,1.26,0.58,0.2,0.1,0.2,79597.08577,21928.85444,51663.95991
v3782,1.74,0.7,0.2,0.22,0.6,79780.19984,23554.90639,87288.86797
v3783,1.74,0.46,0.5,0.46,0.4,96005.59153,20926.43767,44157.80798
v3784,1.74,0.7,0.6,0.1,0.8,82065.72374,23807.80943,98612.92166
v3785,0.78,0.22,0.2,0.1,0.6,83644.36007,19230.00364,17694.54463
v3786,0.78,0.58,0.3,0.34,0.6,76635.89744,23423.0793,70140.7037
v3787,1.74,0.46,0.2,0.1,0.6,85153.16429,21819.26922,51089.46982
v3788,2.7,0.22,0.5,0.1,0.8,106276.8508,17975.58804,21375.87888
v3789,2.7,0.46,0.4,0.34,0.8,99487.77661,21315.52757,57919.9788
v3790,0.3,0.58,0.3,0.34,0.8,69942.51294,24181.31393,79417.94435
v3791,0.3,0.46,0.2,0.1,0.8,68359.27474,23616.97028,60275.49823
v3792,0.3,0.34,0.3,0.1,0.4,76043.32922,21183.71183,28435.29299
v3793,0.3,0.1,0.6,0.46,0.2,94587.89603,15889.56697,3992.38295
v3794,0.78,0.58,0.5,0.46,0.2,84068.0033,22076.46956,51676.20727
v3795,2.7,0.7,0.3,0.1,0.2,91235.97727,21683.30491,64609.02114
v3796,0.3,0.46,0.5,0.22,0.6,75611.67459,22986.28293,53151.53992
v3797,2.22,0.34,0.3,0.34,0.6,98994.61453,19829.56112,34825.95148
v3798,2.7,0.34,0.4,0.22,0.6,102765.1371,19527.51511,34798.20303
v3799,2.7,0.34,0.4,0.46,0.8,105554.4375,19853.79305,39621.84275
v3800,1.74,0.22,0.2,0.46,0.8,98749.4861,18637.43198,21410.79434
v3801,0.78,0.22,0.6,0.22,0.8,90364.1591,19732.78669,20302.85932
v3802,0.3,0.1,0.2,0.58,0.8,89588.19763,17076.77854,6712.226939
v3803,0.3,0.1,0.2,0.1,0.6,82805.96114,16441.04768,5805.612276
v3804,0.78,0.7,0.5,0.1,0.4,73767.02465,23697.22234,76018.68246
v3805,2.7,0.22,0.4,0.46,0.4,111636.7714,16963.48034,16017.59584
v3806,1.74,0.34,0.4,0.7,0.8,99918.82373,20507.43978,39691.72485
v3807,1.74,0.7,0.5,0.22,0.4,85468.2696,22920.32623,75964.81427
v3808,1.74,0.7,0.1,0.46,0.8,80590.08364,23808.80463,98612.92166
v3809,1.74,0.58,0.3,0.34,0.2,89595.82687,21341.12997,51650.62052
v3810,1.74,0.34,0.3,0.46,0.2,98449.90376,18713.97476,25168.39412
v3811,0.78,0.1,0.6,0.1,0.8,93809.80969,16546.83765,6717.56098
v3812,2.22,0.58,0.4,0.46,0.8,92987.22405,22624.10344,79212.40279
v3813,2.22,0.1,0.4,0.7,0.2,115782.8759,14473.09588,4270.33473
v3814,0.3,0.1,0.6,0.22,0.2,91066.73997,15730.46813,3992.38295
v3815,1.26,0.34,0.2,0.46,0.6,90078.78188,20542.59955,33115.62875
v3816,1.26,0.58,0.2,0.46,0.2,85068.65328,21715.61865,51663.95991
v3817,2.7,0.34,0.2,0.1,0.6,98098.09931,19550.11025,34798.20303
v3818,0.3,0.1,0.4,0.22,0.6,87597.02768,16684.68926,5805.612276
v3819,0.78,0.1,0.6,0.46,0.8,99235.92717,16668.96352,6717.56098
v3820,1.26,0.58,0.6,0.22,0.2,86977.18471,21755.06244,51663.95991
v3821,0.3,0.7,0.1,0.22,0.8,61829.88466,24908.97163,98768.35648
v3822,2.22,0.58,0.1,0.46,0.8,88717.55341,22750.64536,79212.40279
v3823,2.7,0.58,0.3,0.46,0.4,98312.16787,21333.15291,60796.36939
v3824,0.3,0.7,0.6,0.58,0.8,73942.91557,24471.95034,98768.35648
v3825,1.26,0.22,0.3,0.46,0.8,95322.28004,19080.77689,20292.23376
v3826,2.7,0.58,0.6,0.22,0.2,100365.1916,20648.34934,51620.16423
v3827,1.26,0.34,0.1,0.7,0.8,90966.963,20918.19402,37820.67863
v3828,2.7,0.46,0.4,0.22,0.8,97682.53038,21380.86169,57919.9788
v3829,0.78,0.46,0.1,0.46,0.8,78028.1178,22946.11252,60239.18702
v3830,2.7,0.34,0.6,0.7,0.4,112976.974,18799.05639,29974.56331
v3831,2.22,0.1,0.1,0.46,0.4,108175.1978,14366.57696,5207.994614
v3832,1.74,0.1,0.1,0.34,0.8,101223.806,15232.61898,7080.190147
v3833,0.3,0.7,0.1,0.22,0.4,64387.85891,24189.70609,76042.53168
v3834,1.26,0.22,0.1,0.7,0.2,97862.20585,17131.6891,12475.25884
v3835,2.22,0.58,0.4,0.46,0.8,92987.22405,22624.10344,79212.40279
v3836,0.3,0.34,0.3,0.34,0.8,77849.75673,22168.28646,37870.10687
v3837,2.7,0.58,0.6,0.34,0.4,100505.4413,21334.13001,60796.36939
v3838,0.78,0.46,0.1,0.7,0.8,81247.17845,22806.3553,60239.18702
v3839,0.3,0.34,0.3,0.22,0.6,76926.49932,21752.03164,33152.69993
v3840,2.22,0.34,0.6,0.22,0.6,101087.2055,19879.16262,34825.95148
v3841,1.74,0.7,0.5,0.46,0.8,86206.76738,23624.25214,98612.92166
v3842,2.22,0.58,0.1,0.1,0.8,83227.57336,22980.05402,79212.40279
v3843,0.78,0.7,0.4,0.22,0.6,72850.38899,24104.75989,87369.67025
v3844,2.22,0.46,0.1,0.46,0.8,92725.12797,21687.86105,57973.01691
v3845,2.7,0.34,0.3,0.1,0.6,99508.92139,19559.6879,34798.20303
v3846,2.7,0.22,0.4,0.1,0.8,104993.9736,17945.34427,21375.87888
v3847,2.7,0.1,0.4,0.58,0.6,117819.1178,14750.46948,6147.130349
v3848,0.3,0.58,0.2,0.58,0.4,74344.67862,23261.36751,60930.95171
v3849,0.3,0.46,0.3,0.34,0.8,73613.24959,23396.31754,60275.49823
v3850,1.26,0.7,0.1,0.58,0.6,78712.21214,23708.19182,87330.89644
v3851,2.7,0.46,0.3,0.22,0.8,96327.31866,21403.7347,57919.9788
v3852,0.3,0.7,0.4,0.22,0.8,66229.35991,24765.85109,98768.35648
v3853,2.22,0.58,0.3,0.1,0.2,90356.02919,21085.1702,51636.06999
v3854,1.26,0.58,0.5,0.22,0.6,82678.70681,23031.62466,70103.96161
v3855,2.7,0.22,0.5,0.46,0.8,111648.8177,17947.92433,21375.87888
v3856,0.78,0.1,0.4,0.58,0.2,99452.23099,15343.35892,3993.71646
v3857,1.74,0.7,0.2,0.7,0.8,85266.22194,23627.93875,98612.92166
v3858,1.74,0.58,0.3,0.46,0.6,88275.89252,22606.46122,70063.94343
v3859,2.22,0.22,0.5,0.1,0.8,101987.2663,18349.65788,21394.96737
v3860,2.7,0.7,0.4,0.34,0.6,92961.23894,22798.45828,87193.64966
v3861,2.22,0.22,0.4,0.34,0.8,104399.5553,18290.11637,21394.96737
v3862,0.3,0.1,0.6,0.46,0.6,93732.31439,16896.17141,5805.612276
v3863,2.7,0.58,0.5,0.58,0.2,104205.9968,20506.45536,51620.16423
v3864,0.3,0.46,0.1,0.34,0.4,72889.50442,22519.89941,46027.58161
v3865,2.7,0.1,0.2,0.58,0.4,115502.7963,14311.43673,5208.978514
v3866,1.74,0.1,0.4,0.7,0.8,110239.7013,15686.79285,7080.190147
v3867,0.78,0.46,0.5,0.34,0.8,81999.30239,22847.65294,60239.18702
v3868,0.78,0.22,0.4,0.7,0.2,96794.59196,17786.91821,12477.91523
v3869,0.78,0.22,0.1,0.1,0.2,83824.31947,17528.66524,12477.91523
v3870,1.74,0.58,0.4,0.34,0.6,87930.77184,22638.01222,70063.94343
v3871,1.26,0.58,0.5,0.34,0.2,87504.72709,21709.2357,51663.95991
v3872,1.26,0.1,0.6,0.1,0.4,99924.41864,15239.11347,4904.055434
v3873,1.26,0.7,0.3,0.46,0.6,80035.05002,23677.02328,87330.89644
v3874,2.7,0.1,0.4,0.58,0.8,117682.7131,14936.17782,7085.282183
v3875,1.74,0.46,0.1,0.1,0.6,83641.98218,21850.86577,51089.46982
v3876,2.22,0.1,0.1,0.7,0.6,110954.711,14831.04488,6145.654499
v3877,1.74,0.46,0.1,0.1,0.6,83641.98218,21850.86577,51089.46982
v3878,1.74,0.34,0.2,0.7,0.6,97942.17297,20093.21005,34850.61461
v3879,2.7,0.34,0.5,0.7,0.6,110683.9627,19399.66863,34798.20303
v3880,1.26,0.1,0.5,0.34,0.4,102370.3727,15328.50722,4904.055434
v3881,1.74,0.46,0.1,0.7,0.8,91373.8239,21952.99916,58021.13167
v3882,2.22,0.58,0.6,0.34,0.8,93837.8305,22621.09583,79212.40279
v3883,2.7,0.1,0.3,0.22,0.6,111476.3484,14430.99457,6147.130349
v3884,1.74,0.46,0.3,0.46,0.2,94773.2984,20167.12627,37226.14613
v3885,0.3,0.34,0.1,0.46,0.4,78572.85696,20998.09721,28435.29299
v3886,2.7,0.1,0.3,0.46,0.6,114928.2404,14595.58107,6147.130349
v3887,1.74,0.1,0.3,0.1,0.4,100985.4033,14613.9781,5206.432496
v3888,0.3,0.22,0.3,0.7,0.8,87305.71748,20148.17026,20311.42272
v3889,1.26,0.7,0.4,0.34,0.8,78467.80409,24047.00029,98668.95962
v3890,1.26,0.7,0.4,0.22,0.8,76666.4576,24123.1861,98668.95962
v3891,1.26,0.34,0.5,0.1,0.8,87908.92517,21166.28287,37820.67863
v3892,1.74,0.1,0.6,0.34,0.8,107920.6316,15653.83245,7080.190147
v3893,1.74,0.46,0.3,0.34,0.2,93061.47189,20210.74405,37226.14613
v3894,1.26,0.58,0.6,0.34,0.8,84612.80708,23288.32988,79323.96246
v3895,1.74,0.22,0.4,0.46,0.8,101506.4572,18686.23321,21410.79434
v3896,2.7,0.58,0.6,0.22,0.6,97296.99764,21989.36284,69972.57456
v3897,2.7,0.1,0.4,0.1,0.6,110914.4192,14427.77364,6147.130349
v3898,1.74,0.34,0.6,0.1,0.2,96956.86962,18856.09399,25168.39412
v3899,0.78,0.34,0.6,0.22,0.8,85804.44139,21598.97843,37846.79911
v3900,2.22,0.22,0.5,0.46,0.2,109534.3361,16626.02291,13343.22645
v3901,2.7,0.58,0.5,0.46,0.8,98466.82604,22279.13757,79148.77973
v3902,0.3,0.34,0.3,0.1,0.6,74972.75807,21833.62372,33152.69993
v3903,1.26,0.46,0.3,0.46,0.2,89938.70643,20600.32112,38884.58391
v3904,0.78,0.34,0.3,0.7,0.2,91664.2048,19531.07397,23712.05912
v3905,1.26,0.7,0.1,0.7,0.4,81776.87738,23171.83605,75992.83325
v3906,1.26,0.7,0.2,0.34,0.8,75641.10672,24140.72243,98668.95962
v3907,2.7,0.46,0.5,0.58,0.2,107719.2939,19408.53327,37200.85791
v3908,2.22,0.34,0.6,0.34,0.8,102135.9943,20241.37385,39658.84068
v3909,2.7,0.58,0.2,0.34,0.8,92687.0533,22458.73854,79148.77973
v3910,0.3,0.58,0.4,0.7,0.2,80333.71166,22444.54114,51687.45538
v3911,0.3,0.1,0.2,0.58,0.6,89976.91286,16647.58946,5805.612276
v3912,0.3,0.46,0.3,0.22,0.2,75493.78221,21750.97848,38903.6233
v3913,2.7,0.22,0.1,0.1,0.8,100793.2658,17826.90108,21375.87888
v3914,0.78,0.46,0.3,0.22,0.2,81166.24162,21201.07687,38894.5455
v3915,2.22,0.7,0.1,0.22,0.2,86043.82609,22009.80927,64625.55569
v3916,0.3,0.22,0.6,0.1,0.8,82595.0345,20415.70055,20311.42272
v3917,2.22,0.34,0.3,0.1,0.2,97581.45744,18353.57045,25160.17308
v3918,0.3,0.22,0.5,0.7,0.2,92363.78858,18373.93851,12480.05608
v3919,0.78,0.34,0.6,0.22,0.8,85804.44139,21598.97843,37846.79911
v3920,0.3,0.58,0.1,0.1,0.4,65620.38379,23628.06451,60930.95171
v3921,0.78,0.1,0.1,0.58,0.8,94050.84991,16340.72128,6717.56098
v3922,2.7,0.34,0.5,0.7,0.2,112935.6764,18030.62053,25150.9236
v3923,2.22,0.58,0.2,0.34,0.4,91002.74715,21765.853,60828.18092
v3924,0.78,0.46,0.3,0.1,0.2,79232.96958,21268.9614,38894.5455
v3925,2.7,0.58,0.3,0.58,0.8,97441.82514,22286.76464,79148.77973
v3926,2.7,0.58,0.6,0.7,0.6,103937.7898,21739.22019,69972.57456
v3927,1.26,0.7,0.2,0.34,0.8,75641.10672,24140.72243,98668.95962
v3928,1.26,0.46,0.5,0.22,0.2,89113.11454,20699.87679,38884.58391
v3929,2.7,0.1,0.6,0.34,0.4,117359.7961,14480.68224,5208.978514
v3930,2.7,0.58,0.4,0.1,0.2,95914.80959,20721.35139,51620.16423
v3931,0.78,0.34,0.3,0.58,0.8,87008.01946,21456.51859,37846.79911
v3932,0.3,0.1,0.4,0.22,0.8,87203.9543,17137.08385,6712.226939
v3933,1.74,0.1,0.3,0.58,0.8,107387.9131,15557.58775,7080.190147
v3934,2.7,0.7,0.3,0.34,0.6,91600.33739,22841.4606,87193.64966
v3935,1.26,0.46,0.6,0.7,0.8,93375.80939,22190.0146,60199.34066
v3936,2.22,0.34,0.1,0.46,0.2,100120.8555,18242.91723,25160.17308
v3937,1.74,0.7,0.5,0.58,0.4,90593.22336,22713.62311,75964.81427
v3938,2.22,0.58,0.6,0.22,0.6,93145.85076,22302.70066,70020.29186
v3939,2.7,0.1,0.3,0.34,0.8,113108.881,14715.77394,7085.282183
v3940,0.78,0.46,0.5,0.58,0.2,89054.45654,21003.15092,38894.5455
v3941,0.3,0.7,0.1,0.46,0.4,67945.49631,24041.10404,76042.53168
v3942,0.3,0.58,0.3,0.46,0.8,71660.45504,24107.91388,79417.94435
v3943,2.7,0.34,0.1,0.7,0.2,107524.9468,17888.89982,25150.9236
v3944,2.22,0.7,0.3,0.1,0.8,82505.2837,23643.46531,98552.10212
v3945,0.78,0.7,0.3,0.22,0.2,74667.45651,23073.571,64667.69467
v3946,2.7,0.7,0.1,0.34,0.4,90224.1411,22379.32602,75901.3354
v3947,1.26,0.7,0.1,0.46,0.2,80337.21377,22616.13324,64654.77007
v3948,1.74,0.1,0.3,0.22,0.4,102886.3432,14714.21011,5206.432496
v3949,1.74,0.22,0.6,0.58,0.6,106188.6934,18327.34546,18722.92396
v3950,2.7,0.22,0.3,0.1,0.8,103655.1153,17912.13372,21375.87888
v3951,0.3,0.46,0.3,0.1,0.2,73552.2354,21827.4567,38903.6233
v3952,2.22,0.34,0.4,0.7,0.8,104466.4893,20123.79406,39658.84068
v3953,0.3,0.7,0.6,0.46,0.2,76730.43663,23208.2292,64679.61928
v3954,0.78,0.34,0.6,0.58,0.4,92906.07981,20360.81701,28423.63911
v3955,1.26,0.22,0.5,0.7,0.4,102538.6078,18071.20629,15080.91715
v3956,1.26,0.22,0.3,0.58,0.8,96955.32164,19055.2481,20292.23376
v3957,0.78,0.1,0.4,0.34,0.4,95700.00246,15684.45548,4901.664633
v3958,0.3,0.7,0.2,0.7,0.8,70017.9772,24589.59977,98768.35648
v3959,2.22,0.34,0.6,0.58,0.8,105452.6726,20155.41805,39658.84068
v3960,0.3,0.7,0.3,0.34,0.4,69248.40262,24004.91201,76042.53168
v3961,1.26,0.46,0.5,0.46,0.4,91206.19026,21336.24678,45989.50283
v3962,1.74,0.34,0.6,0.1,0.2,96956.86962,18856.09399,25168.39412
v3963,0.3,0.34,0.1,0.46,0.8,76593.73745,22158.33326,37870.10687
v3964,2.7,0.46,0.4,0.22,0.6,98600.64076,20948.25602,51013.60517
v3965,1.26,0.1,0.5,0.58,0.4,105675.5276,15467.23175,4904.055434
v3966,2.22,0.7,0.6,0.7,0.8,95021.66435,23168.30979,98552.10212
v3967,2.7,0.1,0.6,0.7,0.8,121630.9222,15122.9502,7085.282183
v3968,1.74,0.46,0.2,0.34,0.6,88912.38708,21667.8077,51089.46982
v3969,0.78,0.7,0.4,0.58,0.8,76749.2044,24226.9447,98720.65804
v3970,0.78,0.22,0.3,0.7,0.4,94590.07643,18494.48328,15086.22993
v3971,2.7,0.46,0.6,0.46,0.8,103726.0992,21215.11121,57919.9788
v3972,1.74,0.1,0.1,0.22,0.8,99415.33,15154.07053,7080.190147
v3973,0.3,0.46,0.2,0.46,0.2,77586.18705,21632.72734,38903.6233
v3974,2.22,0.46,0.2,0.1,0.8,88733.96894,21874.92676,57973.01691
v3975,2.22,0.1,0.3,0.7,0.6,113749.3342,15022.84003,6145.654499
v3976,0.78,0.7,0.3,0.58,0.8,75366.07822,24273.01943,98720.65804
v3977,0.78,0.46,0.4,0.58,0.4,86318.19879,21752.17134,46009.42601
v3978,1.74,0.46,0.3,0.46,0.8,91091.32773,22013.18072,58021.13167
v3979,2.22,0.46,0.4,0.58,0.4,100805.9929,20512.5808,44133.7506
v3980,2.22,0.22,0.3,0.58,0.2,108537.9317,16544.99961,13343.22645
v3981,1.74,0.58,0.3,0.22,0.8,83607.38432,23144.31111,79270.60488
v3982,2.7,0.34,0.5,0.46,0.6,107546.4309,19461.20401,34798.20303
v3983,2.7,0.34,0.2,0.58,0.6,105156.776,19406.35105,34798.20303
v3984,1.74,0.7,0.6,0.7,0.8,90620.55535,23453.60232,98612.92166
v3985,2.7,0.22,0.1,0.46,0.4,107497.1055,16793.14565,16017.59584
v3986,2.7,0.22,0.5,0.7,0.6,115205.0773,17603.06393,18696.73736
v3987,2.7,0.58,0.1,0.34,0.8,91205.30596,22500.8805,79148.77973
v3988,0.3,0.1,0.4,0.1,0.8,85263.20332,17103.81099,6712.226939
v3989,2.7,0.1,0.5,0.7,0.4,120905.5764,14634.75702,5208.978514
v3990,0.78,0.34,0.3,0.46,0.8,85364.12413,21521.86844,37846.79911
v3991,2.22,0.34,0.4,0.46,0.2,104327.2812,18352.23541,25160.17308
v3992,0.78,0.7,0.1,0.22,0.2,71650.08404,23169.11019,64667.69467
v3993,2.7,0.22,0.2,0.22,0.8,104165.9671,17866.32217,21375.87888
v3994,0.78,0.7,0.1,0.46,0.2,75200.36367,23021.57386,64667.69467
v3995,1.74,0.7,0.5,0.46,0.8,86206.76738,23624.25214,98612.92166
v3996,1.74,0.46,0.6,0.34,0.4,95554.89549,20970.35443,44157.80798
v3997,0.78,0.58,0.4,0.46,0.2,82734.26048,22104.49271,51676.20727
v3998,1.74,0.7,0.3,0.22,0.8,79996.92788,23858.76117,98612.92166
v3999,2.7,0.22,0.1,0.34,0.8,104514.85,17816.63377,21375.87888
v4000,2.7,0.58,0.2,0.58,0.2,100169.721,20526.75425,51620.16423
v4001,0.3,0.22,0.5,0.34,0.8,85081.47868,20297.30952,20311.42272
v4002,1.74,0.7,0.2,0.1,0.4,79383.32948,23135.86056,75964.81427
v4003,2.7,0.58,0.4,0.46,0.8,97169.80833,22313.38332,79148.77973
v4004,2.22,0.58,0.3,0.7,0.8,94803.02293,22535.19701,79212.40279
v4005,1.74,0.1,0.4,0.58,0.8,108714.6793,15634.31614,7080.190147
v4006,2.7,0.34,0.3,0.7,0.2,110348.3264,17967.71653,25150.9236
v4007,2.7,0.46,0.1,0.7,0.2,103787.6413,19328.44449,37200.85791
v4008,0.78,0.1,0.3,0.1,0.8,89850.95135,16323.92311,6717.56098
v4009,0.3,0.34,0.2,0.46,0.2,81281.58996,20160.83738,23717.88606
v4010,1.74,0.22,0.3,0.7,0.2,105520.0376,16918.67961,13347.1832
v4011,2.7,0.1,0.1,0.7,0.2,115980.4635,13948.93638,4270.826679
v4012,0.3,0.34,0.4,0.46,0.2,84135.49115,20187.19665,23717.88606
v4013,2.22,0.46,0.4,0.1,0.8,91535.33987,21812.71684,57973.01691
v4014,2.7,0.1,0.6,0.22,0.4,115601.4382,14396.68515,5208.978514
v4015,0.3,0.7,0.1,0.22,0.8,61829.88466,24908.97163,98768.35648
v4016,1.74,0.58,0.1,0.46,0.4,86751.50197,22108.47656,60857.28197
v4017,0.78,0.7,0.1,0.46,0.6,71991.48858,24108.08008,87369.67025
v4018,1.26,0.22,0.5,0.34,0.4,97679.75961,18077.31786,15080.91715
v4019,1.26,0.34,0.6,0.34,0.8,92918.47918,21017.26949,37820.67863
v4020,1.74,0.58,0.2,0.1,0.6,81361.73273,22881.53016,70063.94343
v4021,1.74,0.34,0.2,0.7,0.6,97942.17297,20093.21005,34850.61461
v4022,2.22,0.58,0.1,0.22,0.6,86270.34682,22491.10547,70020.29186
v4023,0.78,0.7,0.3,0.58,0.4,78089.51692,23499.16765,76018.68246
v4024,1.26,0.58,0.1,0.58,0.6,82185.87182,22994.30529,70103.96161
v4025,2.22,0.22,0.5,0.58,0.8,108993.884,18290.67773,21394.96737
v4026,1.26,0.22,0.5,0.46,0.4,99386.16987,18073.17428,15080.91715
v4027,2.7,0.7,0.5,0.22,0.4,94001.97812,22299.50833,75901.3354
v4028,0.78,0.46,0.2,0.22,0.2,79704.36097,21212.37359,38894.5455
v4029,1.74,0.7,0.5,0.58,0.4,90593.22336,22713.62311,75964.81427
v4030,1.26,0.58,0.3,0.58,0.8,83983.81201,23276.29836,79323.96246
v4031,0.78,0.46,0.6,0.7,0.8,88177.80885,22607.73325,60239.18702
v4032,2.7,0.1,0.2,0.34,0.8,111741.6741,14623.30424,7085.282183
v4033,2.7,0.22,0.3,0.22,0.6,106010.874,17525.75464,18696.73736
v4034,1.26,0.1,0.6,0.7,0.8,107784.3263,16224.84652,6722.342581
v4035,1.74,0.46,0.4,0.22,0.4,91172.50913,21057.93315,44157.80798
v4036,2.22,0.34,0.4,0.7,0.4,106286.7118,19108.18765,29993.06228
v4037,2.22,0.46,0.4,0.1,0.4,93763.31109,20722.38189,44133.7506
v4038,2.7,0.7,0.6,0.58,0.8,97614.61318,22961.18476,98485.96391
v4039,1.74,0.1,0.6,0.7,0.8,112724.9373,15808.84339,7080.190147
v4040,0.3,0.22,0.6,0.58,0.8,89728.70988,20201.75013,20311.42272
v4041,2.7,0.22,0.5,0.34,0.8,109957.3272,17956.35099,21375.87888
v4042,2.7,0.1,0.6,0.1,0.4,113737.1849,14301.81338,5208.978514
v4043,2.7,0.7,0.1,0.34,0.8,87481.28111,23305.92329,98485.96391
v4044,0.78,0.46,0.1,0.34,0.8,76284.76351,23022.21719,60239.18702
v4045,2.22,0.34,0.1,0.34,0.4,97203.24042,19132.41521,29993.06228
v4046,0.3,0.46,0.3,0.58,0.8,76986.65216,23243.691,60275.49823
v4047,2.7,0.7,0.6,0.58,0.8,97614.61318,22961.18476,98485.96391
v4048,0.78,0.34,0.2,0.58,0.6,86434.71752,20993.55636,33135.21911
v4049,1.74,0.1,0.6,0.34,0.6,108154.5573,15392.26521,6143.311322
v4050,0.3,0.1,0.6,0.22,0.6,90199.22478,16822.1459,5805.612276
v4051,2.7,0.58,0.6,0.58,0.2,105443.1154,20500.37757,51620.16423
v4052,1.74,0.58,0.4,0.58,0.2,94295.05251,21208.3517,51650.62052
v4053,2.7,0.22,0.6,0.1,0.8,107508.1012,18003.86135,21375.87888
v4054,2.22,0.58,0.5,0.58,0.8,95914.81713,22522.19371,79212.40279
v4055,2.7,0.34,0.2,0.1,0.4,99206.42192,18842.35494,29974.56331
v4056,2.7,0.34,0.1,0.34,0.8,99640.16167,19894.5252,39621.84275
v4057,1.26,0.1,0.6,0.1,0.8,99257.70174,15979.39658,6722.342581
v4058,0.3,0.22,0.6,0.46,0.4,89604.03951,19188.46772,15090.51163
v4059,0.3,0.7,0.3,0.1,0.8,62926.5057,24888.31893,98768.35648
v4060,2.22,0.58,0.2,0.58,0.6,92941.59289,22235.24288,70020.29186
v4061,0.3,0.7,0.1,0.22,0.6,62991.35889,24608.5524,87405.44408
v4062,1.26,0.58,0.6,0.58,0.4,90497.93669,22263.57621,60883.96076
v4063,2.22,0.7,0.3,0.22,0.4,87182.46447,22679.23316,75934.4045
v4064,2.22,0.34,0.3,0.7,0.8,103125.8801,20126.4082,39658.84068
v4065,1.26,0.58,0.5,0.46,0.8,85053.55633,23256.41045,79323.96246
v4066,0.78,0.1,0.1,0.58,0.8,94050.84991,16340.72128,6717.56098
v4067,0.78,0.22,0.4,0.7,0.8,94505.45577,19564.29629,20302.85932
v4068,2.7,0.46,0.6,0.46,0.2,107348.9553,19447.65965,37200.85791
v4069,0.78,0.22,0.1,0.34,0.8,85255.42058,19624.54374,20302.85932
v4070,0.3,0.7,0.1,0.34,0.2,67922.36379,23512.12686,64679.61928
v4071,0.78,0.7,0.2,0.7,0.2,79909.49055,22845.92157,64667.69467
v4072,0.78,0.34,0.3,0.58,0.8,87008.01946,21456.51859,37846.79911
v4073,1.26,0.1,0.6,0.1,0.2,100336.4923,14759.78589,3994.91186
v4074,0.78,0.22,0.3,0.58,0.4,93038.95635,18503.76154,15086.22993
v4075,1.26,0.58,0.2,0.46,0.4,83456.34941,22470.86874,60883.96076
v4076,2.7,0.34,0.1,0.7,0.6,105244.5815,19366.87988,34798.20303
v4077,1.74,0.7,0.2,0.1,0.6,77854.08578,23635.78567,87288.86797
v4078,0.3,0.46,0.4,0.1,0.4,73553.93243,22563.4712,46027.58161
v4079,1.26,0.1,0.2,0.46,0.2,100447.1995,14672.1139,3994.91186
v4080,0.78,0.1,0.4,0.34,0.8,94965.45883,16506.89902,6717.56098
v4081,1.74,0.7,0.3,0.34,0.2,86342.45047,22224.75961,64640.76058
v4082,0.3,0.1,0.1,0.58,0.2,89343.74741,15469.0139,3992.38295
v4083,0.3,0.46,0.5,0.58,0.8,79723.13346,23153.61486,60275.49823
v4084,0.78,0.34,0.6,0.1,0.4,85829.82417,20579.24821,28423.63911
v4085,2.7,0.46,0.1,0.7,0.2,103787.6413,19328.44449,37200.85791
v4086,1.26,0.7,0.5,0.34,0.8,79794.6053,24002.33868,98668.95962
v4087,1.26,0.7,0.3,0.1,0.2,77862.85386,22753.80022,64654.77007
v4088,2.7,0.1,0.3,0.7,0.8,117892.5534,14921.43109,7085.282183
v4089,2.7,0.34,0.1,0.22,0.6,98544.0677,19499.19946,34798.20303
v4090,2.7,0.34,0.4,0.58,0.8,107171.7433,19814.82113,39621.84275
v4091,1.26,0.22,0.4,0.7,0.2,102085.2877,17317.14578,12475.25884
v4092,2.7,0.1,0.5,0.58,0.6,119067.3904,14822.87578,6147.130349
v4093,2.22,0.58,0.6,0.7,0.8,98702.5534,22427.94616,79212.40279
v4094,1.74,0.1,0.4,0.46,0.8,107108.728,15577.81739,7080.190147
v4095,2.7,0.1,0.1,0.34,0.2,111190.3531,13660.51913,4270.826679
v4096,1.26,0.34,0.6,0.46,0.8,94634.43119,20957.12609,37820.67863
v4097,1.26,0.22,0.5,0.7,0.6,101735.0929,18667.71857,17686.57546
v4098,0.78,0.7,0.4,0.7,0.8,78283.92719,24164.49033,98720.65804
v4099,2.7,0.34,0.4,0.22,0.8,102049.5642,19937.06418,39621.84275
v4100,0.78,0.58,0.6,0.1,0.2,79924.99454,22259.77983,51676.20727
v4101,2.22,0.1,0.4,0.46,0.4,112298.4444,14670.48678,5207.994614
v4102,1.74,0.34,0.2,0.34,0.8,92241.18462,20676.23454,39691.72485
v4103,2.7,0.1,0.1,0.1,0.8,106633.0307,14328.54974,7085.282183
v4104,2.7,0.58,0.6,0.7,0.8,102858.1175,22128.1596,79148.77973
v4105,2.22,0.46,0.2,0.58,0.8,95838.80712,21593.98413,57973.01691
v4106,2.22,0.1,0.2,0.46,0.8,109070.9761,15022.14128,7083.314384
v4107,1.26,0.34,0.2,0.1,0.2,86872.06185,19123.5703,23705.529
v4108,2.7,0.46,0.5,0.22,0.2,102639.2725,19506.70833,37200.85791
v4109,1.26,0.34,0.6,0.46,0.6,95452.63472,20522.21317,33115.62875
v4110,2.7,0.1,0.5,0.1,0.2,112907.8516,13861.72618,4270.826679
v4111,2.7,0.1,0.6,0.1,0.2,114118.9515,13944.3824,4270.826679
v4112,0.3,0.34,0.2,0.1,0.4,74562.03729,21191.65958,28435.29299
v4113,0.3,0.22,0.6,0.7,0.4,92783.01655,19141.06183,15090.51163
v4114,0.78,0.58,0.2,0.34,0.8,74025.14481,23839.12356,79372.95191
v4115,2.22,0.22,0.1,0.46,0.8,101912.0261,18180.77029,21394.96737
v4116,2.7,0.22,0.2,0.22,0.8,104165.9671,17866.32217,21375.87888
v4117,0.78,0.34,0.5,0.22,0.6,85395.64964,21144.21702,33135.21911
v4118,2.7,0.46,0.6,0.1,0.4,100521.0297,20356.46822,44107.23154
v4119,1.26,0.7,0.2,0.58,0.4,81735.11191,23184.87588,75992.83325
v4120,1.26,0.1,0.4,0.46,0.4,102781.3338,15318.94234,4904.055434
v4121,1.26,0.1,0.3,0.22,0.2,98345.47806,14581.81165,3994.91186
v4122,1.26,0.46,0.5,0.1,0.6,84490.39785,22147.85158,53094.42174
v4123,2.22,0.34,0.3,0.1,0.8,94507.86135,20358.92035,39658.84068
v4124,0.3,0.1,0.6,0.58,0.4,95772.73817,16471.74879,4898.997613
v4125,1.26,0.34,0.3,0.46,0.4,92589.87428,19906.3695,28410.57888
v4126,0.78,0.58,0.1,0.1,0.6,69861.91769,23689.33591,70140.7037
v4127,1.74,0.7,0.1,0.7,0.8,83776.70161,23676.36059,98612.92166
v4128,0.78,0.22,0.5,0.22,0.6,89746.2523,19268.16386,17694.54463
v4129,2.7,0.58,0.5,0.46,0.4,100959.2171,21292.27351,60796.36939
v4130,2.7,0.58,0.2,0.7,0.8,97580.1749,22263.4794,79148.77973
v4131,0.3,0.34,0.1,0.7,0.6,80746.16127,21520.10872,33152.69993
v4132,0.78,0.58,0.6,0.1,0.2,79924.99454,22259.77983,51676.20727
v4133,2.7,0.46,0.6,0.34,0.8,102025.9836,21274.22691,57919.9788
v4134,2.22,0.34,0.3,0.46,0.8,99956.00589,20208.54529,39658.84068
v4135,2.22,0.46,0.5,0.7,0.8,101438.5776,21461.49999,57973.01691
v4136,0.3,0.22,0.3,0.58,0.6,86448.15208,19711.15134,17700.96718
v4137,1.74,0.58,0.5,0.34,0.8,88117.86129,22983.46043,79270.60488
v4138,0.3,0.1,0.5,0.7,0.6,95645.05239,16906.38567,5805.612276
v4139,0.3,0.58,0.5,0.22,0.8,70888.42046,24166.34112,79417.94435
v4140,0.78,0.34,0.5,0.34,0.6,87218.26882,21077.56997,33135.21911
v4141,1.74,0.58,0.1,0.1,0.8,78717.4979,23319.13556,79270.60488
v4142,2.7,0.22,0.1,0.46,0.6,106673.0609,17436.94155,18696.73736
v4143,1.26,0.46,0.2,0.46,0.6,85811.32813,22016.77228,53094.42174
v4144,1.26,0.1,0.2,0.34,0.6,97945.41898,15456.08247,5813.199007
v4145,1.26,0.22,0.4,0.1,0.4,92649.29089,18045.4267,15080.91715
v4146,2.22,0.7,0.5,0.46,0.8,90615.5359,23332.92268,98552.10212
v4147,0.78,0.34,0.6,0.1,0.8,83874.70904,21676.651,37846.79911
v4148,0.3,0.46,0.2,0.1,0.4,70643.87174,22645.27284,46027.58161
v4149,2.7,0.58,0.2,0.7,0.8,97580.1749,22263.4794,79148.77973
v4150,1.74,0.1,0.4,0.34,0.4,106011.4202,14897.63965,5206.432496
v4151,1.74,0.58,0.3,0.1,0.2,85867.80904,21473.97963,51650.62052
v4152,2.7,0.34,0.1,0.1,0.8,95896.96716,19986.0141,39621.84275
v4153,2.7,0.46,0.2,0.34,0.4,98919.57753,20267.37067,44107.23154
v4154,1.26,0.1,0.2,0.22,0.8,95845.74916,15718.71312,6722.342581
v4155,1.74,0.7,0.3,0.58,0.2,89674.6431,22097.41505,64640.76058
v4156,2.22,0.1,0.6,0.58,0.8,115830.573,15383.48082,7083.314384
v4157,1.26,0.1,0.5,0.58,0.2,106076.2624,15047.13845,3994.91186
v4158,2.7,0.46,0.5,0.22,0.8,98982.02006,21358.62684,57919.9788
v4159,0.3,0.7,0.6,0.34,0.8,70648.2218,24608.1403,98768.35648
v4160,2.22,0.34,0.1,0.22,0.8,93526.0433,20315.65693,39658.84068
v4161,2.7,0.34,0.4,0.22,0.4,103862.0781,18858.8111,29974.56331
v4162,1.26,0.1,0.2,0.22,0.8,95845.74916,15718.71312,6722.342581
v4163,2.7,0.7,0.3,0.1,0.4,89415.2614,22446.56616,75901.3354
v4164,2.7,0.46,0.5,0.58,0.4,106274.5791,20174.31972,44107.23154
v4165,2.7,0.7,0.2,0.1,0.4,87983.62889,22487.36987,75901.3354
v4166,1.26,0.34,0.3,0.58,0.4,94219.6197,19867.0525,28410.57888
v4167,0.78,0.34,0.2,0.1,0.6,79259.48728,21260.82709,33135.21911
v4168,0.3,0.58,0.2,0.46,0.2,74282.16929,22649.63978,51687.45538
v4169,1.74,0.46,0.2,0.46,0.8,89663.82292,22047.69804,58021.13167
v4170,0.78,0.7,0.5,0.7,0.6,80857.97951,23786.71747,87369.67025
v4171,0.78,0.46,0.3,0.34,0.2,82989.43865,21137.7917,38894.5455
v4172,0.78,0.58,0.2,0.34,0.4,76561.35109,22966.69779,60908.45549
v4173,0.78,0.7,0.6,0.1,0.2,76806.62933,23025.91847,64667.69467
v4174,2.22,0.1,0.5,0.22,0.8,109569.701,15133.13775,7083.314384
v4175,0.78,0.1,0.6,0.7,0.8,102388.3146,16737.54586,6717.56098
v4176,2.7,0.7,0.4,0.1,0.8,88028.85773,23321.02056,98485.96391
v4177,1.74,0.1,0.3,0.1,0.6,100616.0434,14993.25281,6143.311322
v4178,1.74,0.34,0.5,0.22,0.8,94527.81694,20704.99861,39691.72485
v4179,0.78,0.7,0.4,0.7,0.6,79529.57753,23832.91686,87369.67025
v4180,0.3,0.58,0.1,0.34,0.8,66936.75348,24282.00685,79417.94435
v4181,2.22,0.22,0.6,0.58,0.4,111510.1091,17374.90134,16027.14009
v4182,2.7,0.46,0.3,0.22,0.6,97245.9975,20962.95336,51013.60517
v4183,2.7,0.34,0.6,0.34,0.8,106372.4587,19892.78294,39621.84275
v4184,2.7,0.7,0.1,0.1,0.8,83736.81101,23458.24815,98485.96391
v4185,1.74,0.46,0.6,0.7,0.8,98189.58435,21802.98997,58021.13167
v4186,2.22,0.22,0.1,0.1,0.8,96454.23339,18217.13225,21394.96737
v4187,2.7,0.1,0.2,0.1,0.8,108073.6971,14447.59066,7085.282183
v4188,0.3,0.1,0.4,0.34,0.2,90291.24953,15641.9564,3992.38295
v4189,1.26,0.34,0.4,0.58,0.8,93691.41392,20927.25059,37820.67863
v4190,0.3,0.58,0.1,0.22,0.2,69160.65077,22842.44194,51687.45538
v4191,2.7,0.46,0.6,0.7,0.8,106871.4383,21110.81266,57919.9788
v4192,1.26,0.22,0.4,0.46,0.2,98934.27147,17283.05353,12475.25884
v4193,1.74,0.46,0.3,0.58,0.2,96395.88963,20125.61181,37226.14613
v4194,2.22,0.7,0.6,0.22,0.4,91138.28546,22565.38666,75934.4045
v4195,1.74,0.58,0.1,0.7,0.2,91561.82878,21209.35916,51650.62052
v4196,1.26,0.22,0.1,0.34,0.8,90678.50651,19058.77521,20292.23376
v4197,0.78,0.58,0.5,0.22,0.8,76401.66358,23778.99054,79372.95191
v4198,1.74,0.46,0.6,0.1,0.8,89590.45357,22140.81594,58021.13167
v4199,2.22,0.1,0.1,0.7,0.2,111690.4398,14171.07422,4270.33473
v4200,0.78,0.46,0.1,0.22,0.8,74443.32572,23103.24207,60239.18702
v4201,0.3,0.1,0.2,0.58,0.2,90841.12584,15597.02522,3992.38295
v4202,2.7,0.7,0.1,0.1,0.2,88309.8476,21739.85482,64609.02114
v4203,2.22,0.34,0.2,0.22,0.6,95766.96142,19866.98404,34825.95148
v4204,0.3,0.7,0.2,0.34,0.4,67769.02418,24057.81111,76042.53168
v4205,2.7,0.7,0.6,0.46,0.8,96000.54687,23024.14289,98485.96391
v4206,2.7,0.7,0.6,0.46,0.8,96000.54687,23024.14289,98485.96391
v4207,1.74,0.1,0.1,0.22,0.8,99415.33,15154.07053,7080.190147
v4208,2.22,0.34,0.3,0.46,0.4,101794.8981,19143.10492,29993.06228
v4209,2.22,0.22,0.2,0.58,0.6,105486.0638,17822.23933,18711.05373
v4210,2.7,0.58,0.6,0.58,0.6,102407.4326,21795.48335,69972.57456
v4211,2.7,0.46,0.5,0.34,0.6,101698.5677,20875.04451,51013.60517
v4212,2.7,0.58,0.5,0.1,0.6,94136.13139,22092.66362,69972.57456
v4213,1.26,0.46,0.3,0.22,0.2,86404.09892,20708.03062,38884.58391
v4214,1.74,0.46,0.1,0.58,0.4,92052.88048,20924.20729,44157.80798
v4215,2.7,0.22,0.4,0.46,0.2,112489.0714,16269.84122,13338.45433
v4216,1.74,0.7,0.1,0.7,0.8,83776.70161,23676.36059,98612.92166
v4217,2.22,0.46,0.3,0.46,0.2,99283.37476,19772.41829,37214.11744
v4218,2.7,0.58,0.4,0.34,0.8,95459.6737,22381.96595,79148.77973
v4219,2.7,0.58,0.5,0.22,0.4,97460.18583,21417.15713,60796.36939
v4220,0.78,0.7,0.2,0.1,0.8,66870.14232,24612.32769,98720.65804
v4221,0.78,0.46,0.6,0.34,0.6,84328.04837,22405.21926,53124.30651
v4222,0.78,0.1,0.5,0.7,0.6,101475.1136,16353.54629,5809.612806
v4223,2.22,0.1,0.2,0.46,0.2,109998.019,14106.88492,4270.33473
v4224,2.22,0.7,0.3,0.34,0.8,86232.04641,23489.20819,98552.10212
v4225,0.78,0.46,0.2,0.22,0.4,78274.66118,22022.09094,46009.42601
v4226,0.3,0.46,0.5,0.34,0.2,80076.80527,21641.79202,38903.6233
v4227,1.26,0.1,0.3,0.1,0.2,96437.10282,14464.95977,3994.91186
v4228,0.78,0.22,0.4,0.22,0.8,87764.2544,19710.86791,20302.85932
v4229,1.26,0.7,0.5,0.7,0.2,89162.6575,22339.26205,64654.77007
v4230,2.22,0.34,0.1,0.46,0.2,100120.8555,18242.91723,25160.17308
v4231,2.22,0.7,0.6,0.22,0.4,91138.28546,22565.38666,75934.4045
v4232,1.26,0.46,0.2,0.7,0.4,90266.53367,21277.42748,45989.50283
v4233,2.22,0.1,0.4,0.46,0.6,111949.1548,14969.91526,6145.654499
v4234,2.7,0.22,0.1,0.34,0.8,104514.85,17816.63377,21375.87888
v4235,2.7,0.34,0.6,0.46,0.8,108068.647,19852.92916,39621.84275
v4236,2.22,0.1,0.6,0.58,0.4,116356.0809,14888.79735,5207.994614
v4237,2.22,0.7,0.1,0.22,0.8,81491.07757,23660.0804,98552.10212
v4238,2.7,0.7,0.4,0.7,0.6,97824.89833,22605.23552,87193.64966
v4239,1.26,0.7,0.4,0.7,0.4,86103.28452,23027.97883,75992.83325
v4240,1.74,0.46,0.2,0.1,0.8,84173.07088,22273.49556,58021.13167
v4241,0.78,0.22,0.1,0.58,0.8,88648.33956,19553.68595,20302.85932
v4242,2.22,0.58,0.3,0.34,0.8,89906.47535,22734.91952,79212.40279
v4243,2.7,0.1,0.4,0.22,0.8,112647.9619,14721.95301,7085.282183
v4244,2.7,0.46,0.6,0.34,0.8,102025.9836,21274.22691,57919.9788
v4245,0.3,0.58,0.2,0.1,0.2,68778.60207,22878.86487,51687.45538
v4246,1.26,0.7,0.2,0.34,0.2,80136.03872,22643.39024,64654.77007
v4247,1.26,0.58,0.4,0.7,0.4,89456.27245,22265.54861,60883.96076
v4248,1.26,0.58,0.5,0.22,0.6,82678.70681,23031.62466,70103.96161
v4249,0.3,0.7,0.5,0.1,0.4,68292.56333,24062.34453,76042.53168
v4250,2.7,0.7,0.5,0.46,0.8,94752.01958,23061.79523,98485.96391
v4251,0.3,0.34,0.2,0.1,0.6,73490.02323,21859.37657,33152.69993
v4252,2.7,0.7,0.6,0.34,0.4,97051.05359,22200.26294,75901.3354
v4253,2.7,0.34,0.1,0.22,0.2,100869.4075,17893.3381,25150.9236
v4254,2.22,0.22,0.1,0.1,0.8,96454.23339,18217.13225,21394.96737
v4255,2.22,0.22,0.2,0.22,0.4,101180.9495,17153.76683,16027.14009
v4256,1.74,0.7,0.2,0.34,0.8,80370.00136,23831.06604,98612.92166
v4257,0.3,0.22,0.1,0.1,0.8,75521.54799,20399.15308,20311.42272
v4258,2.7,0.46,0.1,0.22,0.2,97114.13535,19446.61917,37200.85791
v4259,1.26,0.22,0.1,0.22,0.2,91141.699,17029.19808,12475.25884
v4260,0.3,0.34,0.2,0.46,0.8,78128.20133,22125.45252,37870.10687
v4261,2.22,0.46,0.5,0.7,0.6,102375.4691,21050.35905,51053.38375
v4262,1.74,0.7,0.4,0.46,0.6,86130.00737,23310.80957,87288.86797
v4263,2.7,0.7,0.3,0.1,0.8,86660.73724,23364.64391,98485.96391
v4264,0.3,0.34,0.5,0.58,0.2,87103.72583,20154.19767,23717.88606
v4265,2.22,0.22,0.3,0.7,0.6,108408.1675,17859.3377,18711.05373
v4266,2.22,0.34,0.3,0.1,0.8,94507.86135,20358.92035,39658.84068
v4267,2.7,0.46,0.4,0.58,0.2,106439.2446,19398.9112,37200.85791
v4268,2.22,0.34,0.4,0.46,0.2,104327.2812,18352.23541,25160.17308
v4269,0.78,0.34,0.2,0.1,0.6,79259.48728,21260.82709,33135.21911
v4270,2.7,0.58,0.4,0.58,0.8,98789.89809,22250.60662,79148.77973
v4271,2.22,0.58,0.6,0.22,0.8,92036.41912,22694.55381,79212.40279
v4272,1.26,0.58,0.5,0.46,0.6,86205.55954,22884.25156,70103.96161
v4273,1.26,0.46,0.4,0.46,0.4,89886.98608,21355.27852,45989.50283
v4274,1.26,0.7,0.3,0.58,0.2,84924.19903,22468.1499,64654.77007
v4275,2.7,0.58,0.2,0.22,0.8,90871.51778,22533.2559,79148.77973
v4276,2.7,0.58,0.2,0.58,0.8,96033.78138,22324.64827,79148.77973
v4277,2.22,0.58,0.5,0.7,0.6,98558.63621,22071.08142,70020.29186
v4278,2.22,0.46,0.4,0.34,0.6,96207.3505,21235.45712,51053.38375
v4279,2.7,0.1,0.3,0.46,0.2,115650.701,13986.71947,4270.826679
v4280,0.3,0.1,0.1,0.46,0.4,87250.98378,15968.57823,4898.997613
v4281,0.3,0.1,0.4,0.1,0.8,85263.20332,17103.81099,6712.226939
v4282,0.3,0.46,0.6,0.7,0.8,82554.6074,23047.78468,60275.49823
v4283,2.7,0.58,0.6,0.34,0.4,100505.4413,21334.13001,60796.36939
v4284,2.22,0.7,0.1,0.22,0.8,81491.07757,23660.0804,98552.10212
v4285,1.26,0.46,0.4,0.1,0.2,85866.84021,20763.39923,38884.58391
v4286,0.3,0.7,0.1,0.58,0.8,66963.74458,24703.06875,98768.35648
v4287,0.3,0.46,0.3,0.46,0.6,76413.9447,22914.26125,53151.53992
v4288,2.22,0.7,0.4,0.1,0.4,86645.84067,22714.88692,75934.4045
v4289,1.26,0.7,0.4,0.58,0.2,86305.08713,22431.31223,64654.77007
v4290,1.26,0.22,0.6,0.22,0.8,95723.33112,19191.41189,20292.23376
v4291,2.7,0.46,0.4,0.58,0.6,103729.5191,20783.53038,51013.60517
v4292,2.7,0.34,0.2,0.34,0.8,101106.9323,19894.29623,39621.84275
v4293,0.3,0.7,0.2,0.22,0.2,67656.46279,23533.39576,64679.61928
v4294,2.7,0.46,0.1,0.1,0.2,95199.91023,19483.60936,37200.85791
v4295,0.3,0.58,0.1,0.7,0.4,74367.84552,23246.85409,60930.95171
v4296,2.22,0.34,0.1,0.1,0.4,93463.83038,19198.11768,29993.06228
v4297,2.7,0.1,0.4,0.1,0.2,111646.7505,13770.42774,4270.826679
v4298,2.22,0.46,0.3,0.34,0.6,94847.3611,21255.31736,51053.38375
v4299,1.26,0.1,0.5,0.34,0.8,101711.6715,16028.5773,6722.342581
v4300,2.7,0.34,0.6,0.1,0.2,105700.1881,18092.09058,25150.9236
v4301,2.7,0.7,0.3,0.58,0.6,94934.46171,22706.58325,87193.64966
v4302,1.74,0.1,0.2,0.1,0.8,98969.46022,15186.24907,7080.190147
v4303,2.7,0.1,0.3,0.46,0.8,114789.1297,14789.53844,7085.282183
v4304,1.74,0.58,0.1,0.7,0.2,91561.82878,21209.35916,51650.62052
v4305,1.74,0.22,0.2,0.22,0.8,95209.60001,18680.48058,21410.79434
v4306,0.78,0.7,0.3,0.46,0.4,76462.67812,23567.04513,76018.68246
v4307,2.7,0.34,0.5,0.1,0.6,102153.5783,19575.24056,34798.20303
v4308,2.22,0.58,0.1,0.46,0.8,88717.55341,22750.64536,79212.40279
v4309,2.7,0.7,0.1,0.34,0.8,87481.28111,23305.92329,98485.96391
v4310,1.26,0.7,0.6,0.46,0.8,82771.61817,23888.25902,98668.95962
v4311,2.7,0.46,0.2,0.1,0.2,96680.24747,19502.53657,37200.85791
v4312,1.26,0.1,0.1,0.46,0.8,97904.55242,15740.95329,6722.342581
v4313,1.74,0.1,0.6,0.7,0.6,112952.1745,15570.21705,6143.311322
v4314,0.78,0.34,0.4,0.22,0.8,83188.59369,21642.58304,37846.79911
v4315,2.7,0.34,0.1,0.34,0.6,100357.3483,19463.3648,34798.20303
v4316,0.78,0.7,0.2,0.46,0.8,72299.40558,24385.61666,98720.65804
v4317,2.7,0.1,0.1,0.7,0.6,115259.7647,14547.93859,6147.130349
v4318,1.74,0.22,0.5,0.46,0.6,103339.6102,18312.70984,18722.92396
v4319,0.3,0.1,0.4,0.58,0.8,92397.26992,17218.99022,6712.226939
v4320,0.3,0.22,0.3,0.1,0.4,80086.78688,19191.60207,15090.51163
v4321,0.78,0.7,0.1,0.34,0.4,71740.61619,23744.65048,76018.68246
v4322,1.26,0.7,0.3,0.34,0.4,79834.86876,23277.50257,75992.83325
v4323,2.7,0.1,0.6,0.22,0.8,115118.919,14867.45187,7085.282183
v4324,1.26,0.7,0.6,0.58,0.4,87155.85529,23009.80953,75992.83325
v4325,1.26,0.22,0.5,0.7,0.8,101153.5344,19066.91436,20292.23376
v4326,0.3,0.22,0.3,0.1,0.4,80086.78688,19191.60207,15090.51163
v4327,1.26,0.46,0.2,0.46,0.6,85811.32813,22016.77228,53094.42174
v4328,2.7,0.34,0.2,0.46,0.6,103533.6336,19438.67709,34798.20303
v4329,2.7,0.58,0.4,0.22,0.8,93653.55895,22455.22827,79148.77973
v4330,1.74,0.22,0.2,0.46,0.8,98749.4861,18637.43198,21410.79434
v4331,2.22,0.7,0.1,0.22,0.4,84241.72108,22770.84714,75934.4045
v4332,2.7,0.34,0.2,0.58,0.8,104444.8498,19814.63978,39621.84275
v4333,2.22,0.46,0.3,0.46,0.8,95622.28919,21628.31034,57973.01691
v4334,2.7,0.34,0.1,0.1,0.8,95896.96716,19986.0141,39621.84275
v4335,1.26,0.22,0.3,0.58,0.4,98355.26147,17996.84169,15080.91715
v4336,0.78,0.22,0.2,0.46,0.2,90828.39441,17655.73327,12477.91523
v4337,1.74,0.22,0.1,0.7,0.8,100462.0003,18571.58693,21410.79434
v4338,2.22,0.58,0.1,0.22,0.8,85162.8736,22899.5947,79212.40279
v4339,2.22,0.7,0.6,0.34,0.8,90168.91799,23362.02216,98552.10212
v4340,1.74,0.1,0.2,0.22,0.8,100880.0086,15268.26365,7080.190147
v4341,1.26,0.58,0.1,0.58,0.8,81041.29834,23370.57198,79323.96246
v4342,1.26,0.7,0.5,0.22,0.6,79232.79356,23733.46847,87330.89644
v4343,1.74,0.46,0.5,0.34,0.2,95736.91018,20214.24342,37226.14613
v4344,2.7,0.22,0.6,0.46,0.2,114962.7818,16370.17055,13338.45433
v4345,2.7,0.58,0.3,0.7,0.4,101470.9715,21223.46827,60796.36939
v4346,2.7,0.1,0.5,0.22,0.8,113908.6873,14799.64035,7085.282183
v4347,2.22,0.22,0.6,0.22,0.8,105126.0932,18356.37298,21394.96737
v4348,0.3,0.58,0.6,0.7,0.6,80023.64739,23474.6003,70174.44803
v4349,0.3,0.46,0.2,0.34,0.8,72141.87946,23444.60947,60275.49823
v4350,2.7,0.1,0.2,0.58,0.8,115022.4853,14770.69266,7085.282183
v4351,2.22,0.22,0.4,0.58,0.8,107717.3985,18265.7615,21394.96737
v4352,2.7,0.34,0.1,0.58,0.2,105991.2114,17889.12937,25150.9236
v4353,1.26,0.46,0.1,0.7,0.8,86503.86356,22363.95034,60199.34066
v4354,0.78,0.58,0.5,0.46,0.8,79923.66991,23625.17146,79372.95191
v4355,2.7,0.46,0.5,0.46,0.4,104665.0713,20215.8208,44107.23154
v4356,2.7,0.7,0.4,0.22,0.8,89938.29783,23243.29252,98485.96391
v4357,1.74,0.58,0.4,0.58,0.4,92678.91054,21942.7548,60857.28197
v4358,0.78,0.22,0.5,0.46,0.8,92633.93498,19642.39477,20302.85932
v4359,0.78,0.34,0.6,0.58,0.8,90978.38806,21396.35962,37846.79911
v4360,1.26,0.7,0.3,0.1,0.4,76097.05309,23438.0605,75992.83325
v4361,1.26,0.1,0.1,0.34,0.6,96471.84107,15341.52216,5813.199007
v4362,2.7,0.34,0.4,0.7,0.6,109410.8699,19393.14553,34798.20303
v4363,1.74,0.7,0.5,0.22,0.6,83934.42946,23413.58701,87288.86797
v4364,0.3,0.7,0.2,0.1,0.2,65721.57424,23614.62143,64679.61928
v4365,1.26,0.58,0.5,0.34,0.4,85894.81699,22428.22731,60883.96076
v4366,2.7,0.46,0.6,0.58,0.8,105339.3301,21160.6494,57919.9788
v4367,1.26,0.22,0.1,0.7,0.4,97013.56442,17898.54856,15080.91715
v4368,0.78,0.34,0.5,0.1,0.2,85731.87487,19740.86747,23712.05912
v4369,1.26,0.7,0.6,0.7,0.2,90429.15499,22308.77086,64654.77007
v4370,0.3,0.46,0.5,0.22,0.8,74547.48414,23386.76007,60275.49823
v4371,2.7,0.22,0.1,0.1,0.8,100793.2658,17826.90108,21375.87888
v4372,1.26,0.34,0.1,0.1,0.4,84159.7717,20021.12374,28410.57888
v4373,1.74,0.34,0.4,0.7,0.8,99918.82373,20507.43978,39691.72485
v4374,0.78,0.7,0.3,0.34,0.8,72040.77255,24409.61041,98720.65804
v4375,1.74,0.22,0.4,0.46,0.4,102865.1517,17661.39452,16035.05358
v4376,0.3,0.58,0.1,0.58,0.8,70300.16714,24138.26317,79417.94435
v4377,2.7,0.1,0.3,0.58,0.8,116380.7728,14858.78049,7085.282183
v4378,1.74,0.1,0.4,0.22,0.6,103858.0279,15171.89541,6143.311322
v4379,1.26,0.34,0.1,0.22,0.4,86102.17547,19971.04925,28410.57888
v4380,2.7,0.58,0.5,0.7,0.2,105731.2312,20464.14031,51620.16423
v4381,0.78,0.34,0.4,0.1,0.4,83208.65037,20581.25915,28423.63911
v4382,1.26,0.7,0.1,0.22,0.6,73525.48664,23926.7736,87330.89644
v4383,2.7,0.1,0.4,0.46,0.8,116094.9088,14870.24089,7085.282183
v4384,2.22,0.1,0.1,0.58,0.4,109781.0395,14452.84888,5207.994614
v4385,1.26,0.1,0.3,0.1,0.4,96019.3952,14965.17235,4904.055434
v4386,1.26,0.34,0.5,0.22,0.4,91747.68758,20006.5728,28410.57888
v4387,2.22,0.34,0.5,0.1,0.6,97932.33963,19924.38959,34825.95148
v4388,0.3,0.46,0.2,0.58,0.4,77825.13244,22328.59578,46027.58161
v4389,1.26,0.22,0.1,0.58,0.8,94054.12837,19008.33802,20292.23376
v4390,2.22,0.58,0.6,0.1,0.8,90125.72803,22772.41483,79212.40279
v4391,1.26,0.1,0.3,0.58,0.8,102399.1298,15983.96231,6722.342581
v4392,2.22,0.34,0.5,0.1,0.2,100234.9668,18420.7447,25160.17308
v4393,1.26,0.46,0.5,0.22,0.8,85399.06694,22496.86822,60199.34066
v4394,2.22,0.46,0.3,0.22,0.8,92088.63475,21766.79962,57973.01691
v4395,2.7,0.58,0.1,0.22,0.4,91888.53666,21511.95702,60796.36939
v4396,1.26,0.7,0.6,0.34,0.8,81068.6346,23960.49089,98668.95962
v4397,0.78,0.46,0.4,0.46,0.6,83437.91025,22399.34615,53124.30651
v4398,2.22,0.22,0.6,0.46,0.8,108612.7662,18324.96796,21394.96737
v4399,0.3,0.34,0.5,0.34,0.8,80597.43553,22106.25411,37870.10687
v4400,1.74,0.7,0.4,0.34,0.8,83180.76387,23736.81108,98612.92166
v4401,0.78,0.34,0.1,0.22,0.2,81959.88617,19605.512,23712.05912
v4402,0.78,0.22,0.2,0.22,0.8,84930.67274,19682.94974,20302.85932
v4403,2.7,0.34,0.3,0.1,0.6,99508.92139,19559.6879,34798.20303
v4404,2.22,0.7,0.2,0.22,0.6,84210.92932,23249.78858,87243.25331
v4405,2.7,0.22,0.2,0.58,0.4,110545.2426,16877.59645,16017.59584
v4406,2.7,0.34,0.4,0.7,0.4,110487.4402,18766.30041,29974.56331
v4407,2.22,0.46,0.4,0.1,0.8,91535.33987,21812.71684,57973.01691
v4408,0.3,0.7,0.5,0.58,0.8,72660.98647,24514.30571,98768.35648
v4409,1.74,0.58,0.6,0.22,0.2,91751.30174,21352.43463,51650.62052
v4410,1.26,0.7,0.2,0.1,0.8,71913.95884,24295.64474,98668.95962
v4411,0.78,0.46,0.3,0.58,0.6,83688.2608,22365.00446,53124.30651
v4412,2.7,0.1,0.4,0.58,0.2,118533.3993,14163.38891,4270.826679
v4413,0.78,0.46,0.3,0.22,0.2,81166.24162,21201.07687,38894.5455
v4414,2.7,0.46,0.2,0.34,0.2,100390.4634,19432.4381,37200.85791
v4415,0.3,0.46,0.1,0.34,0.8,70598.26928,23493.99206,60275.49823
v4416,1.26,0.22,0.2,0.58,0.2,97790.43976,17184.16907,12475.25884
v4417,0.78,0.22,0.5,0.58,0.2,96559.31646,17823.58198,12477.91523
v4418,1.74,0.58,0.3,0.1,0.8,81680.00882,23225.3848,79270.60488
v4419,2.22,0.7,0.2,0.1,0.6,82286.67893,23330.23867,87243.25331
v4420,0.3,0.34,0.4,0.58,0.8,82636.07366,21992.033,37870.10687
v4421,1.74,0.34,0.4,0.1,0.4,93188.39824,19671.93233,30009.50436
v4422,2.7,0.34,0.2,0.58,0.8,104444.8498,19814.63978,39621.84275
v4423,2.7,0.22,0.5,0.46,0.8,111648.8177,17947.92433,21375.87888
v4424,2.22,0.34,0.2,0.1,0.2,96165.07676,18313.49814,25160.17308
v4425,2.22,0.1,0.4,0.1,0.6,106600.0086,14728.80789,6145.654499
v4426,1.26,0.22,0.5,0.34,0.4,97679.75961,18077.31786,15080.91715
v4427,0.78,0.1,0.1,0.34,0.8,90679.09744,16236.72936,6717.56098
v4428,0.78,0.58,0.6,0.34,0.4,82047.34843,22796.12308,60908.45549
v4429,1.26,0.1,0.6,0.46,0.8,104650.2934,16137.3048,6722.342581
v4430,2.7,0.58,0.3,0.7,0.6,100064.02,21819.4224,69972.57456
v4431,1.26,0.46,0.1,0.46,0.2,86999.21018,20601.84414,38884.58391
v4432,2.22,0.22,0.6,0.34,0.8,106916.989,18339.19449,21394.96737
v4433,0.3,0.34,0.4,0.34,0.4,81231.32093,21035.96758,28435.29299
v4434,0.78,0.58,0.1,0.22,0.8,70669.67824,23971.47244,79372.95191
v4435,0.78,0.46,0.2,0.46,0.8,79549.7273,22898.86665,60239.18702
v4436,1.74,0.34,0.3,0.46,0.4,97263.32881,19540.89675,30009.50436
v4437,0.78,0.7,0.6,0.58,0.6,80598.50991,23805.52787,87369.67025
v4438,1.26,0.7,0.1,0.22,0.8,72314.4703,24265.27059,98668.95962
v4439,1.74,0.7,0.3,0.1,0.2,82620.93283,22371.86765,64640.76058
v4440,0.3,0.22,0.3,0.58,0.8,85739.49056,20191.53616,20311.42272
v4441,0.3,0.22,0.3,0.34,0.8,82347.44609,20290.91744,20311.42272
v4442,1.74,0.34,0.3,0.46,0.8,95386.80091,20612.01533,39691.72485
v4443,1.26,0.22,0.5,0.22,0.2,96730.23398,17297.40659,12475.25884
v4444,1.26,0.22,0.1,0.34,0.8,90678.50651,19058.77521,20292.23376
v4445,2.22,0.7,0.5,0.22,0.2,91668.97965,21887.48209,64625.55569
v4446,1.26,0.22,0.3,0.1,0.8,89848.67349,19170.47462,20292.23376
v4447,0.78,0.34,0.1,0.34,0.4,82609.4406,20454.0194,28423.63911
v4448,2.22,0.34,0.6,0.7,0.8,106985.4672,20116.86176,39658.84068
v4449,2.7,0.22,0.1,0.58,0.2,109967.3303,16101.08531,13338.45433
v4450,0.78,0.1,0.1,0.1,0.8,86904.04279,16113.80651,6717.56098
v4451,0.3,0.1,0.2,0.46,0.8,87942.03289,17044.49922,6712.226939
v4452,0.3,0.58,0.1,0.46,0.8,68664.07024,24208.07834,79417.94435
v4453,2.22,0.1,0.6,0.34,0.4,113096.6161,14741.83723,5207.994614
v4454,2.7,0.1,0.5,0.46,0.2,118200.9042,14158.29905,4270.826679
v4455,0.3,0.46,0.6,0.1,0.4,76215.46942,22494.55057,46027.58161
v4456,0.78,0.58,0.3,0.22,0.2,77804.72183,22276.99255,51676.20727
v4457,1.26,0.7,0.1,0.1,0.8,70391.66142,24345.40425,98668.95962
v4458,2.7,0.34,0.5,0.7,0.8,109981.9352,19780.85518,39621.84275
v4459,2.7,0.46,0.4,0.7,0.4,106523.584,20138.04818,44107.23154
v4460,1.74,0.7,0.2,0.58,0.4,86474.737,22839.4862,75964.81427
v4461,2.7,0.1,0.3,0.58,0.2,117235.6458,14076.05938,4270.826679
v4462,1.74,0.7,0.4,0.46,0.2,89426.84907,22126.24952,64640.76058
v4463,0.3,0.34,0.3,0.34,0.2,81006.94236,20220.55593,23717.88606
v4464,0.78,0.22,0.3,0.34,0.4,89681.53808,18523.94022,15086.22993
v4465,0.3,0.46,0.2,0.34,0.4,74438.78942,22477.61891,46027.58161
v4466,1.74,0.58,0.2,0.46,0.6,86843.20879,22648.93842,70063.94343
v4467,2.7,0.34,0.5,0.22,0.2,106352.3272,18053.78899,25150.9236
v4468,1.74,0.22,0.2,0.7,0.6,102467.1419,18201.10202,18722.92396
v4469,2.7,0.7,0.1,0.22,0.2,90228.69717,21668.62761,64609.02114
v4470,0.78,0.34,0.2,0.22,0.6,81210.82077,21186.18911,33135.21911
v4471,0.78,0.34,0.6,0.22,0.2,88931.29141,19709.84774,23712.05912
v4472,0.78,0.22,0.3,0.58,0.8,91581.63655,19583.89937,20302.85932
v4473,0.78,0.7,0.4,0.46,0.2,79589.13286,22887.04316,64667.69467
v4474,0.78,0.46,0.1,0.7,0.6,82290.08907,22376.63951,53124.30651
v4475,1.26,0.46,0.4,0.22,0.2,87787.31727,20703.96868,38884.58391
v4476,0.3,0.22,0.6,0.34,0.2,88740.50885,18418.27213,12480.05608
v4477,1.74,0.1,0.5,0.1,0.4,103614.8865,14805.16198,5206.432496
v4478,0.3,0.1,0.2,0.1,0.6,82805.96114,16441.04768,5805.612276
v4479,2.22,0.46,0.6,0.58,0.6,102081.5664,21085.63113,51053.38375
v4480,0.78,0.58,0.4,0.34,0.6,78033.1585,23374.88445,70140.7037
v4481,1.26,0.58,0.1,0.34,0.2,81829.36955,21811.46373,51663.95991
v4482,1.26,0.22,0.5,0.7,0.6,101735.0929,18667.71857,17686.57546
v4483,2.7,0.34,0.4,0.22,0.6,102765.1371,19527.51511,34798.20303
v4484,1.26,0.34,0.3,0.7,0.8,93880.42465,20888.95324,37820.67863
v4485,2.22,0.46,0.6,0.58,0.6,102081.5664,21085.63113,51053.38375
v4486,2.7,0.7,0.2,0.22,0.2,91719.26754,21640.55849,64609.02114
v4487,0.78,0.46,0.3,0.7,0.8,84202.69669,22718.57836,60239.18702
v4488,2.22,0.58,0.3,0.7,0.2,98934.35715,20809.16201,51636.06999
v4489,2.22,0.1,0.4,0.7,0.2,115782.8759,14473.09588,4270.33473
v4490,2.7,0.1,0.4,0.7,0.8,119190.7578,14997.06857,7085.282183
v4491,2.7,0.46,0.2,0.34,0.8,96726.98895,21360.56859,57919.9788
v4492,0.3,0.58,0.1,0.1,0.6,64290.54534,24092.02865,70174.44803
v4493,1.74,0.22,0.1,0.7,0.6,101004.2895,18160.02488,18722.92396
v4494,1.26,0.34,0.2,0.58,0.6,91718.14096,20492.52329,33115.62875
v4495,2.22,0.58,0.5,0.34,0.2,96740.53646,20937.80098,51636.06999
v4496,0.3,0.34,0.1,0.7,0.2,82973.09544,20065.66567,23717.88606
v4497,2.7,0.7,0.3,0.58,0.6,94934.46171,22706.58325,87193.64966
v4498,1.26,0.7,0.6,0.34,0.8,81068.6346,23960.49089,98668.95962
v4499,0.3,0.46,0.4,0.7,0.8,79938.25474,23129.60179,60275.49823
v4500,2.7,0.7,0.1,0.1,0.8,83736.81101,23458.24815,98485.96391
v4501,1.26,0.7,0.2,0.1,0.8,71913.95884,24295.64474,98668.95962
v4502,1.74,0.1,0.5,0.1,0.4,103614.8865,14805.16198,5206.432496
v4503,2.7,0.22,0.4,0.34,0.4,109949.4442,16945.69089,16017.59584
v4504,0.78,0.58,0.4,0.46,0.4,81142.96893,22802.49327,60908.45549
v4505,2.22,0.1,0.1,0.34,0.8,105933.0587,14840.6539,7083.314384
v4506,1.26,0.22,0.1,0.58,0.2,96314.87551,17109.92372,12475.25884
v4507,2.7,0.7,0.1,0.46,0.8,89203.10477,23237.63138,98485.96391
v4508,2.7,0.46,0.2,0.1,0.8,92989.58856,21501.54205,57919.9788
v4509,1.74,0.1,0.6,0.7,0.8,112724.9373,15808.84339,7080.190147
v4510,1.26,0.1,0.2,0.22,0.8,95845.74916,15718.71312,6722.342581
v4511,0.78,0.22,0.5,0.46,0.4,94090.69671,18582.21873,15086.22993
v4512,0.78,0.7,0.3,0.46,0.8,73747.40453,24338.78605,98720.65804
v4513,1.74,0.7,0.2,0.58,0.8,83717.31264,23691.16838,98612.92166
v4514,1.74,0.7,0.1,0.22,0.6,78266.68458,23605.14202,87288.86797
v4515,2.7,0.34,0.4,0.34,0.4,105654.7605,18832.88282,29974.56331
v4516,1.74,0.22,0.2,0.1,0.8,93282.31289,18703.56087,21410.79434
v4517,1.74,0.1,0.3,0.1,0.6,100616.0434,14993.25281,6143.311322
v4518,0.3,0.34,0.2,0.34,0.2,79542.2707,20204.46699,23717.88606
v4519,1.26,0.34,0.6,0.22,0.8,91105.22901,21081.28785,37820.67863
v4520,1.74,0.34,0.6,0.46,0.8,99300.40992,20586.88038,39691.72485
v4521,0.3,0.46,0.5,0.34,0.8,76366.05649,23303.93883,60275.49823
v4522,0.78,0.34,0.5,0.46,0.8,88074.23715,21478.22245,37846.79911
v4523,1.26,0.58,0.3,0.1,0.8,76881.5023,23579.00307,79323.96246
v4524,2.22,0.22,0.1,0.34,0.2,102390.2874,16329.0494,13343.22645
v4525,0.3,0.34,0.3,0.7,0.8,82807.99826,21956.40434,37870.10687
v4526,2.7,0.58,0.6,0.34,0.6,99093.59681,21920.65,69972.57456
v4527,1.74,0.22,0.1,0.7,0.8,100462.0003,18571.58693,21410.79434
v4528,1.26,0.34,0.3,0.34,0.4,90869.20648,19947.97326,28410.57888
v4529,2.22,0.58,0.2,0.46,0.4,92721.48341,21699.07307,60828.18092
v4530,2.7,0.22,0.4,0.7,0.8,113509.8677,17908.36537,21375.87888
v4531,0.3,0.7,0.3,0.34,0.6,67818.30896,24423.24609,87405.44408
v4532,0.78,0.46,0.5,0.34,0.2,85713.50743,21115.81763,38894.5455
v4533,1.26,0.7,0.4,0.22,0.2,81174.68675,22635.33599,64654.77007
v4534,2.22,0.7,0.1,0.58,0.2,91202.09762,21813.89658,64625.55569
v4535,1.26,0.46,0.1,0.22,0.4,81996.53176,21553.12575,45989.50283
v4536,2.7,0.58,0.4,0.58,0.8,98789.89809,22250.60662,79148.77973
v4537,1.26,0.1,0.5,0.46,0.6,103693.0013,15778.12903,5813.199007
v4538,2.7,0.46,0.1,0.34,0.6,96170.38294,20933.81645,51013.60517
v4539,1.74,0.7,0.2,0.34,0.8,80370.00136,23831.06604,98612.92166
v4540,1.74,0.34,0.4,0.46,0.2,99802.22787,18743.15526,25168.39412
v4541,1.26,0.1,0.5,0.34,0.4,102370.3727,15328.50722,4904.055434
v4542,2.7,0.46,0.4,0.1,0.6,96690.36621,21012.15707,51013.60517
v4543,2.7,0.34,0.3,0.58,0.4,107631.5303,18767.27264,29974.56331
v4544,0.78,0.7,0.5,0.22,0.8,72968.71664,24394.76727,98720.65804
v4545,2.7,0.1,0.5,0.1,0.6,112178.4602,14510.82448,6147.130349
v4546,0.78,0.1,0.6,0.58,0.8,100852.9316,16705.22732,6717.56098
v4547,0.3,0.58,0.3,0.1,0.2,70271.62791,22836.09266,51687.45538
v4548,0.3,0.7,0.4,0.58,0.2,75708.64305,23228.71033,64679.61928
v4549,0.3,0.22,0.1,0.1,0.2,77948.82208,18156.80199,12480.05608
v4550,2.7,0.58,0.2,0.1,0.2,93129.51499,20737.68731,51620.16423
v4551,0.78,0.22,0.4,0.22,0.8,87764.2544,19710.86791,20302.85932
v4552,0.78,0.46,0.4,0.34,0.4,82960.55351,21888.03612,46009.42601
v4553,2.7,0.58,0.3,0.46,0.4,98312.16787,21333.15291,60796.36939
v4554,2.7,0.58,0.2,0.7,0.2,101705.9929,20484.43142,51620.16423
v4555,0.3,0.7,0.3,0.7,0.8,71467.63572,24541.0806,98768.35648
v4556,1.74,0.34,0.2,0.1,0.8,88481.42021,20800.46337,39691.72485
v4557,1.26,0.58,0.3,0.1,0.8,76881.5023,23579.00307,79323.96246
v4558,2.7,0.22,0.1,0.7,0.8,109380.7491,17806.6518,21375.87888
v4559,0.3,0.46,0.6,0.1,0.8,73917.66604,23432.3751,60275.49823
v4560,0.3,0.58,0.4,0.22,0.2,73624.28662,22715.44325,51687.45538
v4561,1.26,0.22,0.1,0.46,0.6,93007.03823,18579.27664,17686.57546
v4562,0.78,0.46,0.6,0.1,0.2,83266.82692,21235.13502,38894.5455
v4563,1.26,0.1,0.1,0.22,0.8,94364.43162,15605.81957,6722.342581
v4564,2.7,0.7,0.4,0.7,0.2,101141.2205,21362.77323,64609.02114
v4565,1.74,0.1,0.2,0.46,0.8,104388.022,15407.62658,7080.190147
v4566,1.26,0.1,0.5,0.7,0.8,106555.0243,16168.55605,6722.342581
v4567,1.26,0.1,0.4,0.58,0.4,104393.1423,15390.32484,4904.055434
v4568,2.7,0.22,0.5,0.1,0.8,106276.8508,17975.58804,21375.87888
v4569,0.3,0.34,0.3,0.7,0.4,84774.09938,20872.5521,28435.29299
v4570,0.3,0.58,0.5,0.46,0.8,74401.26177,24015.37365,79417.94435
v4571,2.7,0.58,0.5,0.22,0.2,99116.915,20655.76286,51620.16423
v4572,0.3,0.58,0.6,0.34,0.6,75147.34607,23684.46318,70174.44803
v4573,2.7,0.22,0.5,0.7,0.8,114771.7903,17935.00557,21375.87888
v4574,2.7,0.34,0.2,0.58,0.2,107439.0558,17932.77329,25150.9236
v4575,1.74,0.22,0.6,0.34,0.8,102335.0041,18748.96581,21410.79434
v4576,0.78,0.22,0.6,0.1,0.8,88437.77205,19778.12846,20302.85932
v4577,1.74,0.46,0.2,0.46,0.4,91906.96607,20964.93524,44157.80798
v4578,1.74,0.34,0.5,0.34,0.2,99399.2878,18785.60386,25168.39412
v4579,0.3,0.58,0.4,0.58,0.2,78787.31883,22505.05707,51687.45538
v4580,0.3,0.34,0.3,0.58,0.8,81242.13464,22021.94114,37870.10687
v4581,0.3,0.46,0.4,0.34,0.6,76087.89239,22946.75409,53151.53992
v4582,1.74,0.34,0.3,0.34,0.6,94457.69773,20221.57897,34850.61461
v4583,2.7,0.34,0.3,0.1,0.8,98787.51855,19983.88662,39621.84275
v4584,0.78,0.1,0.2,0.22,0.8,90348.08544,16287.14744,6717.56098
v4585,2.22,0.46,0.6,0.46,0.2,103169.8833,19791.98343,37214.11744
v4586,0.3,0.1,0.2,0.22,0.8,84362.22315,16974.67092,6712.226939
v4587,0.78,0.46,0.6,0.1,0.2,83266.82692,21235.13502,38894.5455
v4588,2.7,0.1,0.2,0.58,0.8,115022.4853,14770.69266,7085.282183
v4589,1.26,0.34,0.1,0.7,0.2,94034.01628,18975.10345,23705.529
v4590,2.7,0.34,0.5,0.22,0.2,106352.3272,18053.78899,25150.9236
v4591,2.7,0.46,0.3,0.34,0.4,100327.2309,20265.50995,44107.23154
v4592,0.3,0.1,0.1,0.22,0.8,82838.71782,16873.77643,6712.226939
v4593,1.74,0.46,0.5,0.1,0.8,88320.72568,22170.48727,58021.13167
v4594,0.78,0.1,0.2,0.7,0.4,97813.60044,15697.26544,4901.664633
v4595,2.22,0.46,0.5,0.22,0.4,96981.81549,20655.13479,44133.7506
v4596,2.7,0.22,0.6,0.1,0.6,107957.7877,17634.5974,18696.73736
v4597,2.22,0.1,0.1,0.34,0.8,105933.0587,14840.6539,7083.314384
v4598,2.7,0.1,0.2,0.58,0.4,115502.7963,14311.43673,5208.978514
v4599,2.22,0.7,0.6,0.22,0.6,89600.76557,23074.05535,87243.25331
v4600,1.26,0.46,0.4,0.1,0.8,82138.33303,22614.68884,60199.34066
v4601,2.22,0.7,0.6,0.22,0.6,89600.76557,23074.05535,87243.25331
v4602,1.74,0.46,0.1,0.22,0.8,84604.41493,22229.36113,58021.13167
v4603,1.26,0.46,0.5,0.1,0.4,85757.16786,21539.08941,45989.50283
v4604,1.74,0.46,0.4,0.1,0.8,86997.57455,22202.09273,58021.13167
v4605,1.26,0.34,0.6,0.7,0.8,97803.61574,20853.64186,37820.67863
v4606,2.22,0.58,0.5,0.22,0.6,91885.02941,22335.03291,70020.29186
v4607,2.7,0.34,0.2,0.22,0.4,101117.3648,18815.00203,29974.56331
v4608,1.74,0.34,0.1,0.34,0.8,90749.58247,20689.01112,39691.72485
v4609,0.3,0.22,0.6,0.46,0.2,90458.13893,18415.07608,12480.05608
v4610,0.78,0.46,0.6,0.22,0.4,83763.16273,21911.8292,46009.42601
v4611,2.22,0.1,0.3,0.34,0.2,109684.6864,14117.2916,4270.33473
v4612,2.7,0.46,0.6,0.1,0.2,101991.3271,19554.4256,37200.85791
v4613,0.78,0.7,0.1,0.46,0.8,70783.37268,24436.37171,98720.65804
v4614,1.74,0.58,0.4,0.34,0.6,87930.77184,22638.01222,70063.94343
v4615,1.74,0.58,0.1,0.46,0.4,86751.50197,22108.47656,60857.28197
v4616,2.7,0.58,0.5,0.7,0.4,104103.1225,21186.22272,60796.36939
v4617,0.3,0.7,0.3,0.58,0.6,71147.83635,24282.54807,87405.44408
v4618,0.78,0.34,0.1,0.34,0.4,82609.4406,20454.0194,28423.63911
v4619,1.26,0.46,0.5,0.46,0.6,89949.1292,21924.92614,53094.42174
v4620,0.3,0.22,0.6,0.22,0.8,84535.99686,20354.77829,20311.42272
v4621,0.78,0.7,0.4,0.7,0.8,78283.92719,24164.49033,98720.65804
v4622,2.7,0.7,0.4,0.7,0.8,96612.26811,22977.45466,98485.96391
v4623,0.3,0.58,0.4,0.46,0.8,73059.95172,24060.46838,79417.94435
v4624,2.7,0.58,0.6,0.58,0.8,101325.788,22185.92379,79148.77973
v4625,0.78,0.22,0.2,0.34,0.6,87424.26305,19167.13549,17694.54463
v4626,1.26,0.34,0.6,0.22,0.2,94193.4772,19196.02898,23705.529
v4627,2.7,0.7,0.3,0.34,0.2,94942.24161,21549.46097,64609.02114
v4628,0.3,0.34,0.5,0.22,0.6,79684.04462,21705.97128,33152.69993
v4629,1.74,0.1,0.2,0.1,0.8,98969.46022,15186.24907,7080.190147
v4630,0.3,0.58,0.5,0.34,0.4,75212.85839,23264.97872,60930.95171
v4631,2.7,0.34,0.1,0.7,0.4,106330.4847,18701.23405,29974.56331
v4632,2.22,0.58,0.3,0.22,0.6,89201.06875,22408.36791,70020.29186
v4633,2.7,0.46,0.2,0.7,0.6,102531.4362,20762.62052,51013.60517
v4634,1.74,0.7,0.3,0.1,0.6,79305.02903,23587.09921,87288.86797
v4635,0.78,0.34,0.6,0.34,0.6,88493.73845,21065.80557,33135.21911
v4636,1.74,0.46,0.5,0.58,0.8,95394.26835,21888.57419,58021.13167
v4637,0.78,0.58,0.2,0.22,0.2,76337.17858,22313.81197,51676.20727
v4638,2.7,0.1,0.5,0.1,0.4,112524.4754,14223.85459,5208.978514
v4639,2.22,0.7,0.4,0.1,0.2,88447.0032,21984.73948,64625.55569
v4640,2.7,0.1,0.1,0.34,0.8,110312.3239,14513.91661,7085.282183
v4641,0.78,0.46,0.5,0.34,0.6,83046.74503,22438.75448,53124.30651
v4642,1.26,0.58,0.3,0.22,0.4,81361.21848,22578.31493,60883.96076
v4643,2.7,0.7,0.6,0.46,0.8,96000.54687,23024.14289,98485.96391
v4644,1.26,0.7,0.1,0.22,0.6,73525.48664,23926.7736,87330.89644
v4645,2.7,0.34,0.3,0.22,0.8,100702.64,19936.20571,39621.84275
v4646,1.26,0.7,0.3,0.7,0.2,86466.65361,22408.50138,64654.77007
v4647,1.26,0.34,0.5,0.34,0.4,93556.74843,19960.93266,28410.57888
v4648,2.7,0.58,0.4,0.22,0.8,93653.55895,22455.22827,79148.77973
v4649,1.26,0.1,0.2,0.1,0.8,93923.14568,15644.12506,6722.342581
v4650,2.7,0.1,0.2,0.34,0.2,112614.3996,13782.1907,4270.826679
v4651,1.74,0.46,0.1,0.34,0.2,90139.98231,20197.02572,37226.14613
v4652,1.26,0.46,0.2,0.7,0.8,88001.65977,22324.75365,60199.34066
v4653,2.7,0.22,0.2,0.58,0.8,109286.2082,17850.35462,21375.87888
v4654,2.7,0.1,0.1,0.34,0.2,111190.3531,13660.51913,4270.826679
v4655,2.22,0.34,0.1,0.58,0.4,100548.8563,19078.05777,29993.06228
v4656,2.7,0.1,0.1,0.7,0.2,115980.4635,13948.93638,4270.826679
v4657,0.3,0.34,0.2,0.46,0.4,80105.37816,20991.17384,28435.29299
v4658,0.78,0.34,0.5,0.1,0.4,84546.7235,20580.50805,28423.63911
v4659,2.7,0.7,0.6,0.46,0.8,96000.54687,23024.14289,98485.96391
v4660,0.78,0.46,0.1,0.58,0.6,80721.8116,22444.8744,53124.30651
v4661,2.22,0.1,0.3,0.58,0.8,112047.5782,15176.57941,7083.314384
v4662,1.74,0.34,0.2,0.58,0.8,95601.87302,20570.10509,39691.72485
v4663,1.74,0.7,0.3,0.46,0.8,83519.43802,23710.96937,98612.92166
v4664,2.7,0.58,0.3,0.7,0.8,98984.4532,22226.13815,79148.77973
v4665,2.22,0.58,0.1,0.1,0.8,83227.57336,22980.05402,79212.40279
v4666,2.7,0.34,0.1,0.58,0.8,102987.966,19814.60339,39621.84275
v4667,0.78,0.22,0.4,0.34,0.6,90244.3629,19215.3037,17694.54463
v4668,2.7,0.34,0.3,0.1,0.2,101833.4726,17988.11757,25150.9236
v4669,2.7,0.58,0.3,0.34,0.2,98257.73288,20617.62785,51620.16423
v4670,0.78,0.1,0.1,0.46,0.6,92750.38076,15905.48052,5809.612806
v4671,2.22,0.1,0.1,0.34,0.2,106871.9619,13881.11562,4270.33473
v4672,2.22,0.1,0.4,0.1,0.4,106955.5113,14400.33992,5207.994614
v4673,2.7,0.22,0.6,0.1,0.8,107508.1012,18003.86135,21375.87888
v4674,0.3,0.58,0.6,0.46,0.6,76860.07737,23610.29137,70174.44803
v4675,2.7,0.7,0.1,0.1,0.2,88309.8476,21739.85482,64609.02114
v4676,2.7,0.46,0.1,0.1,0.8,91502.86548,21528.70833,57919.9788
v4677,2.7,0.46,0.2,0.34,0.6,97644.78647,20917.73272,51013.60517
v4678,2.22,0.22,0.1,0.58,0.6,104032.9561,17775.68515,18711.05373
v4679,2.22,0.22,0.1,0.46,0.8,101912.0261,18180.77029,21394.96737
v4680,2.22,0.7,0.6,0.7,0.2,99550.60172,21631.06957,64625.55569
v4681,2.7,0.7,0.3,0.7,0.8,95263.88802,23019.29615,98485.96391
v4682,2.7,0.46,0.6,0.22,0.2,103879.5426,19515.31622,37200.85791
v4683,2.7,0.58,0.3,0.58,0.6,98523.55521,21877.94271,69972.57456
v4684,2.7,0.34,0.6,0.46,0.8,108068.647,19852.92916,39621.84275
v4685,0.78,0.46,0.2,0.34,0.8,77812.62276,22974.72421,60239.18702
v4686,1.26,0.58,0.1,0.58,0.2,85193.55889,21681.3472,51663.95991
v4687,2.7,0.46,0.4,0.1,0.8,95770.47999,21451.5239,57919.9788
v4688,0.3,0.46,0.3,0.58,0.8,76986.65216,23243.691,60275.49823
v4689,2.7,0.22,0.2,0.1,0.8,102256.6843,17872.7919,21375.87888
v4690,1.74,0.46,0.4,0.1,0.8,86997.57455,22202.09273,58021.13167
v4691,0.3,0.22,0.3,0.58,0.8,85739.49056,20191.53616,20311.42272
v4692,1.74,0.34,0.1,0.46,0.6,93271.82952,20176.15704,34850.61461
v4693,2.22,0.58,0.4,0.46,0.4,95504.10861,21644.49043,60828.18092
v4694,1.26,0.7,0.5,0.34,0.2,84308.70564,22528.26568,64654.77007
v4695,1.74,0.1,0.2,0.34,0.2,103687.2231,14275.32407,4269.55367
v4696,2.22,0.46,0.4,0.1,0.8,91535.33987,21812.71684,57973.01691
v4697,2.7,0.22,0.5,0.46,0.6,112088.8914,17600.94701,18696.73736
v4698,1.74,0.34,0.2,0.34,0.8,92241.18462,20676.23454,39691.72485
v4699,1.74,0.22,0.3,0.22,0.6,97180.7042,18279.15545,18722.92396
v4700,2.7,0.46,0.3,0.7,0.4,105187.9313,20139.63637,44107.23154
v4701,1.26,0.22,0.3,0.34,0.8,93599.6975,19108.7634,20292.23376
v4702,2.22,0.34,0.5,0.46,0.8,102597.1714,20200.43215,39658.84068
v4703,0.3,0.22,0.2,0.46,0.8,82634.67964,20235.0719,20311.42272
v4704,0.3,0.46,0.3,0.1,0.8,69843.09762,23567.61956,60275.49823
v4705,0.3,0.1,0.6,0.1,0.6,88271.57408,16778.79514,5805.612276
v4706,1.74,0.1,0.5,0.46,0.2,109367.6122,14662.26236,4269.55367
v4707,1.26,0.22,0.3,0.34,0.8,93599.6975,19108.7634,20292.23376
v4708,1.74,0.46,0.2,0.34,0.8,87936.51999,22118.5798,58021.13167
v4709,1.74,0.1,0.6,0.1,0.8,104247.454,15528.01266,7080.190147
v4710,1.26,0.22,0.3,0.58,0.4,98355.26147,17996.84169,15080.91715
v4711,1.26,0.1,0.5,0.34,0.8,101711.6715,16028.5773,6722.342581
v4712,2.7,0.22,0.2,0.46,0.8,107671.4886,17854.51654,21375.87888
v4713,1.26,0.46,0.3,0.1,0.4,83032.25577,21580.81157,45989.50283
v4714,2.7,0.58,0.1,0.22,0.8,89384.36227,22576.48733,79148.77973
v4715,1.26,0.1,0.6,0.22,0.8,101158.9155,16037.93789,6722.342581
v4716,2.7,0.46,0.2,0.58,0.6,100987.313,20810.34492,51013.60517
v4717,1.26,0.34,0.6,0.58,0.8,96259.27093,20903.31182,37820.67863
v4718,0.3,0.22,0.6,0.46,0.8,88091.79848,20249.01291,20311.42272
v4719,1.26,0.7,0.2,0.1,0.2,76398.33548,22797.2095,64654.77007
v4720,2.22,0.58,0.4,0.58,0.8,94613.23906,22558.97326,79212.40279
v4721,0.78,0.22,0.6,0.22,0.4,91832.08369,18643.69316,15086.22993
v4722,1.26,0.22,0.6,0.1,0.4,95224.49081,18124.74752,15080.91715
v4723,1.26,0.1,0.2,0.22,0.6,96133.99372,15378.54634,5813.199007
v4724,1.74,0.1,0.3,0.22,0.8,102280.0845,15365.05517,7080.190147
v4725,0.3,0.22,0.3,0.34,0.4,83875.14217,19133.67355,15090.51163
v4726,1.26,0.7,0.2,0.58,0.2,83481.02474,22507.26595,64654.77007
v4727,0.3,0.1,0.2,0.58,0.8,89588.19763,17076.77854,6712.226939
v4728,2.22,0.58,0.6,0.22,0.2,96202.85094,20984.73391,51636.06999
v4729,1.26,0.46,0.3,0.1,0.8,80745.69402,22652.71108,60199.34066
v4730,0.3,0.58,0.6,0.58,0.4,79847.89272,23080.72716,60930.95171
v4731,2.7,0.22,0.1,0.34,0.8,104514.85,17816.63377,21375.87888
v4732,0.3,0.34,0.2,0.58,0.6,80699.17792,21561.39306,33152.69993
v4733,0.78,0.58,0.1,0.58,0.2,79998.41185,22139.71745,51676.20727
v4734,0.3,0.34,0.2,0.22,0.6,75451.69546,21776.00296,33152.69993
v4735,2.22,0.1,0.3,0.7,0.4,114096.0146,14734.88339,5207.994614
v4736,0.3,0.58,0.2,0.34,0.8,68474.87769,24230.86362,79417.94435
v4737,2.7,0.7,0.5,0.34,0.8,93047.38162,23129.52129,98485.96391
v4738,0.3,0.1,0.3,0.1,0.8,83868.04381,17025.68631,6712.226939
v4739,0.78,0.22,0.5,0.34,0.2,93228.7352,17808.12652,12477.91523
v4740,1.74,0.46,0.1,0.46,0.6,89145.01796,21628.42055,51089.46982
v4741,0.3,0.1,0.2,0.34,0.8,86203.18964,17010.89631,6712.226939
v4742,2.7,0.1,0.6,0.22,0.8,115118.919,14867.45187,7085.282183
v4743,0.78,0.34,0.5,0.46,0.8,88074.23715,21478.22245,37846.79911
v4744,0.78,0.1,0.4,0.34,0.8,94965.45883,16506.89902,6717.56098
v4745,1.74,0.7,0.4,0.46,0.4,87658.09955,22816.85279,75964.81427
v4746,0.78,0.46,0.1,0.34,0.2,80006.88287,21157.29766,38894.5455
v4747,1.26,0.1,0.3,0.46,0.6,101061.7676,15620.39452,5813.199007
v4748,0.3,0.7,0.2,0.1,0.6,62620.83677,24631.52161,87405.44408
v4749,0.78,0.22,0.4,0.46,0.6,91966.75099,19186.94501,17694.54463
v4750,0.78,0.7,0.1,0.1,0.4,67973.92885,23899.47671,76018.68246
v4751,2.7,0.58,0.3,0.7,0.6,100064.02,21819.4224,69972.57456
v4752,2.22,0.58,0.3,0.34,0.2,94072.23098,20963.01364,51636.06999
v4753,2.7,0.46,0.3,0.58,0.8,101472.9704,21219.04739,57919.9788
v4754,0.78,0.58,0.1,0.34,0.4,75026.47719,23017.20438,60908.45549
v4755,1.26,0.46,0.3,0.1,0.6,81763.44735,22212.60807,53094.42174
v4756,2.22,0.7,0.3,0.1,0.8,82505.2837,23643.46531,98552.10212
v4757,2.7,0.58,0.5,0.7,0.6,102698.8658,21764.05883,69972.57456
v4758,2.7,0.46,0.5,0.46,0.8,102486.472,21232.87484,57919.9788
v4759,2.22,0.58,0.3,0.1,0.4,88698.50724,21881.27841,60828.18092
v4760,2.7,0.58,0.6,0.7,0.8,102858.1175,22128.1596,79148.77973
v4761,2.22,0.58,0.4,0.22,0.6,90571.31361,22370.16896,70020.29186
v4762,1.26,0.58,0.3,0.22,0.4,81361.21848,22578.31493,60883.96076
v4763,2.22,0.7,0.5,0.22,0.4,89873.99056,22599.99846,75934.4045
v4764,0.78,0.1,0.1,0.34,0.4,91424.35496,15358.36422,4901.664633
v4765,2.7,0.7,0.4,0.46,0.8,93452.22704,23102.42082,98485.96391
v4766,2.22,0.22,0.6,0.7,0.2,113862.7931,16722.73232,13343.22645
v4767,0.78,0.1,0.6,0.46,0.8,99235.92717,16668.96352,6717.56098
v4768,1.26,0.1,0.1,0.22,0.8,94364.43162,15605.81957,6722.342581
v4769,1.26,0.22,0.1,0.46,0.2,94684.17687,17085.35091,12475.25884
v4770,1.74,0.7,0.1,0.7,0.2,88293.36856,22109.65068,64640.76058
v4771,0.78,0.58,0.3,0.46,0.4,79749.00254,22845.58561,60908.45549
v4772,2.22,0.46,0.6,0.22,0.8,96018.54338,21687.20707,57973.01691
v4773,1.26,0.58,0.6,0.7,0.8,89486.589,23085.70548,79323.96246
v4774,0.3,0.22,0.4,0.46,0.2,87857.85211,18336.37337,12480.05608
v4775,2.7,0.1,0.1,0.1,0.2,107524.3805,13419.43752,4270.826679
v4776,2.7,0.46,0.6,0.22,0.6,101145.579,20920.79871,51013.60517
v4777,2.7,0.58,0.3,0.22,0.2,96458.79086,20670.82807,51620.16423
v4778,1.74,0.1,0.1,0.58,0.8,104554.3057,15369.60019,7080.190147
v4779,0.78,0.7,0.3,0.7,0.4,79636.75678,23434.92218,76018.68246
v4780,1.74,0.1,0.3,0.7,0.4,109505.3997,15034.88127,5206.432496
v4781,2.7,0.58,0.2,0.34,0.8,92687.0533,22458.73854,79148.77973
v4782,0.78,0.7,0.1,0.34,0.8,69068.61742,24507.83806,98720.65804
v4783,0.78,0.22,0.4,0.46,0.8,91316.48319,19631.45863,20302.85932
v4784,1.74,0.7,0.5,0.34,0.2,89041.00746,22161.23848,64640.76058
v4785,2.7,0.7,0.2,0.1,0.6,86444.9909,23040.47417,87193.64966
v4786,0.78,0.34,0.1,0.34,0.4,82609.4406,20454.0194,28423.63911
v4787,1.26,0.34,0.1,0.22,0.4,86102.17547,19971.04925,28410.57888
v4788,2.7,0.1,0.6,0.7,0.8,121630.9222,15122.9502,7085.282183
v4789,0.78,0.7,0.5,0.22,0.2,77420.03003,22989.07684,64667.69467
v4790,2.7,0.22,0.2,0.58,0.4,110545.2426,16877.59645,16017.59584
v4791,2.22,0.46,0.5,0.46,0.2,101927.8927,19786.70681,37214.11744
v4792,2.22,0.58,0.2,0.34,0.6,89589.30025,22373.56396,70020.29186
v4793,2.22,0.58,0.1,0.34,0.2,91159.19807,20988.98508,51636.06999
v4794,0.3,0.34,0.5,0.22,0.8,78767.11211,22183.78102,37870.10687
v4795,1.74,0.46,0.3,0.1,0.6,86596.21579,21788.91685,51089.46982
v4796,2.22,0.22,0.4,0.58,0.8,107717.3985,18265.7615,21394.96737
v4797,0.3,0.34,0.4,0.58,0.8,82636.07366,21992.033,37870.10687
v4798,1.74,0.7,0.2,0.1,0.8,76634.52516,23988.99449,98612.92166
v4799,1.74,0.1,0.3,0.58,0.6,107620.5212,15298.6944,6143.311322
v4800,2.7,0.46,0.2,0.7,0.4,103792.9624,20141.00253,44107.23154
v4801,2.7,0.22,0.2,0.1,0.8,102256.6843,17872.7919,21375.87888
v4802,2.7,0.7,0.1,0.34,0.2,92038.38676,21602.45951,64609.02114
v4803,1.26,0.46,0.4,0.34,0.8,85892.16938,22455.66675,60199.34066
v4804,2.7,0.34,0.6,0.46,0.8,108068.647,19852.92916,39621.84275
v4805,1.26,0.22,0.5,0.22,0.4,95876.18488,18082.90873,15080.91715
v4806,1.26,0.7,0.3,0.46,0.2,83301.65583,22532.53749,64654.77007
v4807,0.78,0.1,0.6,0.22,0.2,96882.70826,15254.37011,3993.71646
v4808,2.7,0.7,0.1,0.46,0.4,91942.49103,22309.49376,75901.3354
v4809,2.22,0.58,0.6,0.46,0.6,96651.89719,22165.18469,70020.29186
v4810,0.3,0.22,0.2,0.46,0.8,82634.67964,20235.0719,20311.42272
v4811,0.3,0.7,0.3,0.46,0.2,72677.82048,23338.0634,64679.61928
v4812,0.78,0.46,0.2,0.7,0.8,82759.07049,22760.39432,60239.18702
v4813,1.26,0.1,0.2,0.58,0.6,101280.8774,15591.73087,5813.199007
v4814,0.3,0.1,0.6,0.1,0.8,87878.77764,17230.21681,6712.226939
v4815,2.7,0.34,0.3,0.7,0.8,107376.7689,19779.38482,39621.84275
v4816,0.3,0.34,0.5,0.34,0.8,80597.43553,22106.25411,37870.10687
v4817,2.7,0.22,0.5,0.58,0.4,114496.3468,17021.69265,16017.59584
v4818,0.78,0.58,0.1,0.7,0.2,81554.69884,22079.25625,51676.20727
v4819,2.22,0.58,0.1,0.7,0.8,91910.92407,22619.85267,79212.40279
v4820,2.7,0.46,0.3,0.58,0.8,101472.9704,21219.04739,57919.9788
v4821,2.7,0.22,0.4,0.1,0.4,106277.0725,16905.96061,16017.59584
v4822,0.78,0.58,0.2,0.7,0.4,81487.73106,22756.26508,60908.45549
v4823,1.26,0.1,0.1,0.58,0.8,99534.25993,15800.62248,6722.342581
v4824,0.78,0.7,0.5,0.58,0.4,80816.45885,23406.74807,76018.68246
v4825,0.78,0.46,0.5,0.46,0.8,83722.42905,22774.84006,60239.18702
v4826,1.74,0.34,0.2,0.1,0.8,88481.42021,20800.46337,39691.72485
v4827,0.78,0.58,0.1,0.22,0.2,74796.83811,22351.57553,51676.20727
v4828,2.7,0.22,0.4,0.7,0.6,113944.7356,17570.93917,18696.73736
v4829,2.7,0.7,0.3,0.46,0.8,92097.04487,23146.09223,98485.96391
v4830,2.22,0.7,0.2,0.22,0.4,85746.11459,22723.85226,75934.4045
v4831,1.26,0.46,0.1,0.34,0.2,85270.33092,20653.30643,38884.58391
v4832,0.78,0.7,0.1,0.7,0.2,78387.92709,22891.48046,64667.69467
v4833,0.78,0.7,0.3,0.58,0.4,78089.51692,23499.16765,76018.68246
v4834,1.26,0.34,0.1,0.46,0.6,88580.15238,20549.03034,33115.62875
v4835,1.74,0.46,0.5,0.22,0.4,92489.21745,21044.13911,44157.80798
v4836,0.78,0.22,0.5,0.1,0.2,89502.35431,17790.84134,12477.91523
v4837,0.3,0.1,0.1,0.22,0.2,84123.61686,15166.17948,3992.38295
v4838,2.7,0.34,0.4,0.22,0.2,105069.7709,18020.02375,25150.9236
v4839,0.3,0.58,0.2,0.1,0.4,67189.42477,23572.27221,60930.95171
v4840,2.7,0.34,0.5,0.34,0.2,108133.7537,18045.69112,25150.9236
v4841,1.26,0.7,0.6,0.1,0.6,78606.66572,23771.32339,87330.89644
v4842,0.78,0.34,0.3,0.7,0.2,91664.2048,19531.07397,23712.05912
v4843,2.7,0.34,0.5,0.1,0.8,101435.6792,19983.46377,39621.84275
v4844,1.26,0.58,0.6,0.34,0.4,87169.14758,22395.85603,60883.96076
v4845,0.3,0.7,0.1,0.58,0.6,68153.61279,24387.14622,87405.44408
v4846,2.7,0.22,0.6,0.58,0.2,116549.0279,16399.8422,13338.45433
v4847,1.26,0.34,0.5,0.7,0.6,97363.91014,20435.25347,33115.62875
v4848,0.3,0.58,0.2,0.34,0.8,68474.87769,24230.86362,79417.94435
v4849,0.3,0.58,0.4,0.58,0.2,78787.31883,22505.05707,51687.45538
v4850,1.26,0.1,0.5,0.7,0.8,106555.0243,16168.55605,6722.342581
v4851,2.7,0.7,0.2,0.7,0.4,96592.28765,22144.98633,75901.3354
v4852,2.7,0.46,0.2,0.7,0.4,103792.9624,20141.00253,44107.23154
v4853,0.3,0.1,0.6,0.22,0.8,89808.60421,17258.13606,6712.226939
v4854,1.26,0.1,0.4,0.46,0.2,103186.4842,14879.76248,3994.91186
v4855,2.7,0.34,0.6,0.46,0.2,111042.9506,18067.17911,25150.9236
v4856,0.78,0.58,0.4,0.58,0.8,80219.93129,23599.54782,79372.95191
v4857,2.7,0.22,0.1,0.46,0.6,106673.0609,17436.94155,18696.73736
v4858,2.7,0.46,0.3,0.1,0.8,94410.24687,21474.98721,57919.9788
v4859,1.26,0.7,0.4,0.22,0.6,77898.23068,23779.88233,87330.89644
v4860,2.7,0.7,0.6,0.7,0.6,100362.0303,22534.22133,87193.64966
v4861,0.78,0.1,0.2,0.1,0.8,88411.76092,16226.79804,6717.56098
v4862,2.7,0.34,0.2,0.22,0.4,101117.3648,18815.00203,29974.56331
v4863,1.26,0.58,0.3,0.46,0.6,83498.986,22968.10619,70103.96161
v4864,2.7,0.7,0.5,0.22,0.8,91245.82005,23200.98692,98485.96391
v4865,2.7,0.1,0.2,0.46,0.8,113426.3205,14699.48441,7085.282183
v4866,1.74,0.1,0.6,0.58,0.8,111207.3044,15761.18379,7080.190147
v4867,0.78,0.1,0.3,0.46,0.8,95321.20631,16473.84394,6717.56098
v4868,0.78,0.22,0.6,0.7,0.4,98511.27094,18587.06094,15086.22993
v4869,1.26,0.22,0.4,0.46,0.4,98086.33725,18036.24692,15080.91715
v4870,2.7,0.22,0.4,0.1,0.4,106277.0725,16905.96061,16017.59584
v4871,1.74,0.22,0.3,0.46,0.2,102375.1457,16871.09383,13347.1832
v4872,0.3,0.34,0.6,0.46,0.6,84529.16429,21545.19568,33152.69993
v4873,2.7,0.34,0.2,0.22,0.6,100014.578,19510.01851,34798.20303
v4874,0.78,0.58,0.6,0.58,0.4,85382.31002,22659.81249,60908.45549
v4875,1.26,0.34,0.1,0.1,0.8,82226.33456,21237.26001,37820.67863
v4876,1.74,0.7,0.3,0.22,0.6,81225.57787,23506.08834,87288.86797
v4877,2.7,0.1,0.5,0.22,0.8,113908.6873,14799.64035,7085.282183
v4878,1.74,0.7,0.3,0.7,0.2,91215.03034,22040.55104,64640.76058
v4879,2.7,0.7,0.6,0.46,0.8,96000.54687,23024.14289,98485.96391
v4880,0.3,0.7,0.2,0.22,0.2,67656.46279,23533.39576,64679.61928
v4881,2.22,0.58,0.5,0.34,0.6,93690.56641,22262.8994,70020.29186
v4882,2.7,0.22,0.3,0.34,0.4,108625.2621,16894.92783,16017.59584
v4883,1.74,0.34,0.1,0.1,0.2,90094.49353,18695.29751,25168.39412
v4884,1.26,0.22,0.2,0.7,0.2,99333.46642,17203.53319,12475.25884
v4885,1.26,0.22,0.3,0.1,0.6,90451.31049,18713.32885,17686.57546
v4886,0.3,0.46,0.3,0.34,0.8,73613.24959,23396.31754,60275.49823
v4887,2.7,0.46,0.2,0.1,0.6,93910.81908,21043.63055,51013.60517
v4888,2.22,0.7,0.2,0.46,0.2,91065.70565,21841.8171,64625.55569
v4889,0.3,0.46,0.1,0.58,0.4,76289.91178,22368.33763,46027.58161
v4890,2.7,0.46,0.3,0.7,0.8,103015.3274,21167.4192,57919.9788
v4891,0.3,0.46,0.4,0.58,0.4,80688.04902,22259.27215,46027.58161
v4892,0.78,0.58,0.1,0.22,0.4,73190.23212,23097.10376,60908.45549
v4893,0.78,0.7,0.6,0.7,0.4,83634.34547,23302.04631,76018.68246
v4894,0.3,0.34,0.1,0.34,0.4,76823.06692,21060.17623,28435.29299
v4895,0.3,0.58,0.6,0.1,0.8,70276.21708,24205.90605,79417.94435
v4896,2.22,0.22,0.1,0.7,0.2,107241.1798,16435.58995,13343.22645
v4897,1.26,0.46,0.5,0.7,0.8,92114.90263,22220.56159,60199.34066
v4898,1.26,0.46,0.6,0.34,0.6,89501.31858,21967.75429,53094.42174
v4899,2.7,0.7,0.2,0.34,0.8,88965.54063,23258.92261,98485.96391
v4900,0.78,0.58,0.5,0.34,0.6,79372.10358,23329.82134,70140.7037
v4901,0.78,0.1,0.6,0.22,0.6,96058.90992,16223.53663,5809.612806
v4902,2.22,0.34,0.5,0.58,0.4,106037.3648,19146.76894,29993.06228
v4903,0.3,0.7,0.4,0.22,0.8,66229.35991,24765.85109,98768.35648
v4904,2.7,0.7,0.2,0.22,0.2,91719.26754,21640.55849,64609.02114
v4905,2.22,0.1,0.1,0.1,0.6,102425.8432,14404.85859,6145.654499
v4906,2.7,0.34,0.1,0.1,0.2,98960.22137,17895.05522,25150.9236
v4907,2.7,0.7,0.5,0.34,0.8,93047.38162,23129.52129,98485.96391
v4908,2.7,0.34,0.4,0.58,0.8,107171.7433,19814.82113,39621.84275
v4909,1.74,0.22,0.2,0.46,0.8,98749.4861,18637.43198,21410.79434
v4910,1.26,0.46,0.5,0.58,0.6,91578.66705,21861.07505,53094.42174
v4911,2.22,0.58,0.5,0.34,0.2,96740.53646,20937.80098,51636.06999
v4912,0.78,0.34,0.3,0.34,0.2,86758.32204,19621.04755,23712.05912
v4913,1.74,0.22,0.3,0.7,0.4,104675.5242,17631.79932,16035.05358
v4914,2.22,0.22,0.4,0.34,0.8,104399.5553,18290.11637,21394.96737
v4915,1.26,0.58,0.2,0.22,0.8,77355.64743,23542.83318,79323.96246
v4916,0.78,0.1,0.3,0.1,0.6,90192.91583,15917.38702,5809.612806
v4917,2.7,0.46,0.2,0.1,0.2,96680.24747,19502.53657,37200.85791
v4918,2.7,0.58,0.5,0.34,0.4,99257.80974,21352.6739,60796.36939
v4919,0.3,0.34,0.4,0.46,0.6,81905.72483,21584.58185,33152.69993
v4920,0.78,0.22,0.5,0.58,0.2,96559.31646,17823.58198,12477.91523
v4921,2.7,0.34,0.4,0.58,0.8,107171.7433,19814.82113,39621.84275
v4922,1.74,0.7,0.6,0.46,0.8,87469.58772,23583.1422,98612.92166
v4923,1.74,0.22,0.2,0.1,0.6,93840.0628,18252.74762,18722.92396
v4924,0.3,0.34,0.3,0.58,0.8,81242.13464,22021.94114,37870.10687
v4925,2.7,0.1,0.3,0.7,0.8,117892.5534,14921.43109,7085.282183
v4926,1.74,0.1,0.4,0.46,0.4,107703.0207,14975.31816,5206.432496
v4927,0.78,0.34,0.6,0.1,0.8,83874.70904,21676.651,37846.79911
v4928,1.74,0.7,0.3,0.7,0.8,86690.81035,23581.96392,98612.92166
v4929,2.7,0.22,0.1,0.22,0.4,103997.4558,16744.96804,16017.59584
v4930,1.26,0.7,0.2,0.46,0.6,78589.78795,23726.21293,87330.89644
v4931,0.3,0.58,0.2,0.58,0.4,74344.67862,23261.36751,60930.95171
v4932,1.74,0.46,0.3,0.1,0.4,87874.28774,21139.36859,44157.80798
v4933,2.22,0.7,0.3,0.34,0.6,87457.09062,23127.05234,87243.25331
v4934,2.22,0.46,0.6,0.1,0.6,95055.16147,21332.26636,51053.38375
v4935,1.26,0.7,0.1,0.34,0.6,75349.97711,23848.90522,87330.89644
v4936,2.7,0.22,0.4,0.34,0.4,109949.4442,16945.69089,16017.59584
v4937,2.7,0.7,0.2,0.22,0.8,87150.67982,23331.76045,98485.96391
v4938,1.26,0.34,0.4,0.22,0.4,90427.76235,20000.85664,28410.57888
v4939,1.26,0.58,0.6,0.22,0.2,86977.18471,21755.06244,51663.95991
v4940,0.3,0.1,0.4,0.46,0.8,90761.22831,17192.87786,6712.226939
v4941,2.22,0.7,0.5,0.34,0.8,88910.23499,23402.62351,98552.10212
v4942,2.22,0.7,0.5,0.1,0.8,85200.95342,23556.98773,98552.10212
v4943,2.22,0.34,0.5,0.22,0.8,99087.83823,20294.43362,39658.84068
v4944,0.78,0.7,0.5,0.58,0.6,79319.76433,23849.87182,87369.67025
v4945,0.78,0.58,0.4,0.1,0.6,74289.20733,23538.59062,70140.7037
v4946,1.26,0.58,0.2,0.58,0.8,82545.82832,23322.81812,79323.96246
v4947,1.74,0.22,0.1,0.34,0.6,96101.03562,18183.60176,18722.92396
v4948,2.22,0.7,0.1,0.58,0.4,89415.50616,22558.50135,75934.4045
v4949,2.7,0.22,0.1,0.1,0.2,102973.6076,15918.51334,13338.45433
v4950,1.74,0.22,0.3,0.1,0.8,94707.09557,18732.71919,21410.79434
v4951,0.78,0.7,0.2,0.7,0.4,78185.30093,23485.27799,76018.68246
v4952,1.74,0.34,0.5,0.7,0.8,101214.4606,20500.32736,39691.72485
v4953,1.74,0.46,0.3,0.34,0.8,89368.54358,22083.4396,58021.13167
v4954,2.7,0.22,0.5,0.46,0.6,112088.8914,17600.94701,18696.73736
v4955,2.7,0.1,0.6,0.46,0.8,118549.8318,15004.12835,7085.282183
v4956,1.26,0.34,0.5,0.22,0.8,89835.75112,21094.82436,37820.67863
v4957,1.26,0.46,0.6,0.58,0.2,95508.86939,20542.44804,38884.58391
v4958,2.22,0.7,0.2,0.34,0.2,89355.36518,21906.52213,64625.55569
v4959,2.22,0.22,0.4,0.1,0.8,100693.4262,18323.43215,21394.96737
v4960,0.78,0.22,0.6,0.22,0.6,91017.50889,19284.90981,17694.54463
v4961,2.22,0.58,0.2,0.46,0.8,90204.64177,22705.92727,79212.40279
v4962,2.22,0.22,0.5,0.46,0.8,107383.671,18302.14221,21394.96737
v4963,1.74,0.46,0.2,0.46,0.2,93350.3565,20162.0792,37226.14613
v4964,2.22,0.7,0.1,0.22,0.6,82707.95548,23300.00995,87243.25331
v4965,0.78,0.7,0.6,0.46,0.6,78983.12111,23871.46216,87369.67025
v4966,2.7,0.7,0.4,0.34,0.8,91743.70744,23170.68822,98485.96391
v4967,2.7,0.1,0.4,0.46,0.8,116094.9088,14870.24089,7085.282183
v4968,1.74,0.58,0.2,0.58,0.2,91504.80218,21243.36268,51650.62052
v4969,2.22,0.34,0.5,0.34,0.8,100891.6656,20245.59107,39658.84068
v4970,2.7,0.22,0.5,0.34,0.6,110401.6014,17601.25758,18696.73736
v4971,2.7,0.58,0.3,0.58,0.8,97441.82514,22286.76464,79148.77973
v4972,1.74,0.22,0.2,0.1,0.4,94671.80089,17537.43935,16035.05358
v4973,2.7,0.7,0.2,0.58,0.6,93522.33647,22750.03827,87193.64966
v4974,1.74,0.46,0.2,0.46,0.8,89663.82292,22047.69804,58021.13167
v4975,0.3,0.22,0.6,0.58,0.6,90433.41786,19747.84329,17700.96718
v4976,0.78,0.1,0.4,0.1,0.8,91227.38781,16409.63175,6717.56098
v4977,1.26,0.34,0.5,0.7,0.6,97363.91014,20435.25347,33115.62875
v4978,2.22,0.34,0.3,0.34,0.8,98241.83981,20253.88663,39658.84068
v4979,1.26,0.46,0.4,0.34,0.8,85892.16938,22455.66675,60199.34066
v4980,1.26,0.58,0.5,0.34,0.8,83339.65306,23329.88412,79323.96246
v4981,2.7,0.1,0.3,0.1,0.6,109595.8116,14335.43175,6147.130349
v4982,0.3,0.22,0.2,0.22,0.4,80573.48153,19123.8816,15090.51163
v4983,1.74,0.7,0.1,0.22,0.8,77048.30242,23957.44468,98612.92166
v4984,1.26,0.58,0.4,0.46,0.4,86282.97115,22392.90999,60883.96076
v4985,2.22,0.46,0.5,0.7,0.8,101438.5776,21461.49999,57973.01691
v4986,0.78,0.22,0.3,0.46,0.4,91405.5647,18512.99294,15086.22993
v4987,1.26,0.46,0.6,0.7,0.8,93375.80939,22190.0146,60199.34066
v4988,2.7,0.7,0.6,0.34,0.4,97051.05359,22200.26294,75901.3354
v4989,0.3,0.22,0.2,0.46,0.8,82634.67964,20235.0719,20311.42272
v4990,2.7,0.58,0.6,0.22,0.8,96211.24575,22384.98421,79148.77973
v4991,1.74,0.34,0.1,0.22,0.4,90816.76425,19585.45103,30009.50436
v4992,2.7,0.7,0.2,0.46,0.8,90682.75132,23190.78404,98485.96391
v4993,2.7,0.46,0.4,0.7,0.8,104354.6069,21147.6034,57919.9788
v4994,2.22,0.22,0.5,0.58,0.4,110288.9631,17337.761,16027.14009
v4995,1.74,0.34,0.3,0.7,0.8,98567.21811,20515.77952,39691.72485
v4996,2.7,0.7,0.1,0.58,0.2,95375.14025,21482.71775,64609.02114
v4997,0.3,0.1,0.4,0.58,0.6,92783.157,16808.57674,5805.612276
v4998,1.74,0.34,0.1,0.22,0.6,89715.17925,20273.01336,34850.61461
v4999,0.78,0.1,0.5,0.58,0.2,100747.2265,15426.39877,3993.71646
v5000,2.22,0.58,0.5,0.22,0.2,94945.31891,20994.99438,51636.06999
v5001,2.22,0.46,0.6,0.22,0.6,96962.27379,21263.03155,51053.38375
v5002,2.7,0.58,0.2,0.34,0.8,92687.0533,22458.73854,79148.77973
v5003,2.7,0.7,0.3,0.46,0.6,93312.2079,22770.93655,87193.64966
v5004,1.26,0.22,0.3,0.22,0.2,94059.20559,17182.44486,12475.25884
v5005,2.22,0.7,0.3,0.46,0.6,89171.10926,23057.04381,87243.25331
v5006,0.78,0.58,0.4,0.34,0.4,79423.09989,22874.65731,60908.45549
v5007,0.3,0.7,0.4,0.58,0.8,71327.16271,24557.98897,98768.35648
v5008,0.78,0.58,0.2,0.1,0.2,74402.45971,22392.93341,51676.20727
v5009,1.26,0.7,0.2,0.58,0.6,80221.53539,23658.40934,87330.89644
v5010,1.26,0.7,0.6,0.46,0.6,84018.59467,23540.06454,87330.89644
v5011,1.74,0.46,0.1,0.34,0.4,88686.64397,21037.13978,44157.80798
v5012,1.74,0.22,0.1,0.22,0.8,93724.49317,18645.33213,21410.79434
v5013,0.3,0.1,0.2,0.34,0.8,86203.18964,17010.89631,6712.226939
v5014,2.7,0.1,0.4,0.7,0.6,119325.3353,14816.8749,6147.130349
v5015,0.3,0.22,0.6,0.46,0.6,88799.21433,19786.25875,17700.96718
v5016,2.7,0.46,0.1,0.46,0.8,96972.88752,21322.02868,57919.9788
v5017,1.74,0.34,0.3,0.34,0.6,94457.69773,20221.57897,34850.61461
v5018,0.78,0.46,0.3,0.34,0.4,81566.56088,21915.25057,46009.42601
v5019,2.22,0.46,0.2,0.1,0.8,88733.96894,21874.92676,57973.01691
v5020,2.22,0.34,0.5,0.58,0.4,106037.3648,19146.76894,29993.06228
v5021,0.78,0.58,0.6,0.1,0.8,75776.6819,23819.94345,79372.95191
v5022,2.7,0.46,0.5,0.34,0.6,101698.5677,20875.04451,51013.60517
v5023,0.78,0.58,0.5,0.34,0.6,79372.10358,23329.82134,70140.7037
v5024,2.7,0.22,0.5,0.58,0.8,113251.211,17941.59702,21375.87888
v5025,0.3,0.7,0.1,0.34,0.2,67922.36379,23512.12686,64679.61928
v5026,1.74,0.22,0.2,0.22,0.8,95209.60001,18680.48058,21410.79434
v5027,0.3,0.58,0.3,0.7,0.2,78935.69561,22481.85506,51687.45538
v5028,2.7,0.7,0.4,0.34,0.6,92961.23894,22798.45828,87193.64966
v5029,1.74,0.1,0.4,0.46,0.6,107341.8773,15315.45966,6143.311322
v5030,2.7,0.22,0.2,0.7,0.8,110818.5554,17846.08015,21375.87888
v5031,0.78,0.22,0.5,0.46,0.4,94090.69671,18582.21873,15086.22993
v5032,1.26,0.58,0.5,0.22,0.8,81527.85472,23408.25939,79323.96246
v5033,2.22,0.34,0.4,0.1,0.2,98936.58565,18389.55042,25160.17308
v5034,1.74,0.7,0.2,0.7,0.2,89787.50333,22072.42378,64640.76058
v5035,2.7,0.1,0.1,0.22,0.8,108525.9177,14425.68224,7085.282183
v5036,0.78,0.46,0.6,0.1,0.8,79540.29285,22971.26013,60239.18702
v5037,2.7,0.1,0.4,0.1,0.2,111646.7505,13770.42774,4270.826679
v5038,2.7,0.22,0.2,0.1,0.2,104427.0103,16008.10745,13338.45433
v5039,0.78,0.46,0.2,0.34,0.2,81533.64893,21148.56086,38894.5455
v5040,0.3,0.58,0.1,0.1,0.8,63180.88762,24446.3816,79417.94435
v5041,0.78,0.46,0.6,0.22,0.2,85183.75712,21167.70254,38894.5455
v5042,0.3,0.34,0.1,0.58,0.6,79171.52025,21584.15192,33152.69993
v5043,2.7,0.34,0.5,0.7,0.6,110683.9627,19399.66863,34798.20303
v5044,0.78,0.7,0.5,0.46,0.4,79197.20746,23474.12099,76018.68246
v5045,2.22,0.22,0.4,0.1,0.8,100693.4262,18323.43215,21394.96737
v5046,1.74,0.46,0.5,0.22,0.6,91218.62547,21660.74997,51089.46982
v5047,2.7,0.34,0.3,0.22,0.6,101419.8213,19518.65033,34798.20303
v5048,0.3,0.22,0.5,0.34,0.6,85792.80516,19816.49618,17700.96718
v5049,1.26,0.58,0.6,0.1,0.4,83451.42278,22547.23966,60883.96076
v5050,1.26,0.58,0.1,0.7,0.2,86747.22847,21623.89806,51663.95991
v5051,2.7,0.58,0.5,0.22,0.6,96044.15583,22017.30926,69972.57456
v5052,2.7,0.58,0.6,0.46,0.8,99711.87519,22247.41102,79148.77973
v5053,2.22,0.1,0.6,0.1,0.4,109453.6714,14567.80383,5207.994614
v5054,1.74,0.1,0.6,0.34,0.4,108514.9316,15053.08121,5206.432496
v5055,1.26,0.34,0.1,0.22,0.4,86102.17547,19971.04925,28410.57888
v5056,1.74,0.22,0.5,0.22,0.2,101515.0666,16931.00314,13347.1832
v5057,1.74,0.1,0.6,0.34,0.6,108154.5573,15392.26521,6143.311322
v5058,2.22,0.1,0.6,0.58,0.6,116011.7591,15173.21192,6145.654499
v5059,2.7,0.34,0.1,0.22,0.8,97823.27373,19937.83266,39621.84275
v5060,2.7,0.22,0.4,0.7,0.2,115594.4813,16333.02891,13338.45433
v5061,2.7,0.46,0.1,0.22,0.2,97114.13535,19446.61917,37200.85791
v5062,0.78,0.1,0.2,0.46,0.8,93899.24116,16388.6986,6717.56098
v5063,2.7,0.7,0.6,0.46,0.2,100544.6542,21429.91241,64609.02114
v5064,2.22,0.22,0.1,0.58,0.8,103539.4388,18172.21714,21394.96737
v5065,1.74,0.58,0.1,0.22,0.8,80657.05094,23237.1778,79270.60488
v5066,2.7,0.34,0.2,0.22,0.8,99295.616,19937.79108,39621.84275
v5067,1.26,0.34,0.6,0.22,0.8,91105.22901,21081.28785,37820.67863
v5068,1.74,0.22,0.1,0.1,0.6,92350.0769,18202.98582,18722.92396
v5069,0.3,0.58,0.3,0.58,0.8,73287.45943,24038.24401,79417.94435
v5070,1.26,0.46,0.4,0.34,0.8,85892.16938,22455.66675,60199.34066
v5071,0.78,0.1,0.2,0.1,0.8,88411.76092,16226.79804,6717.56098
v5072,1.74,0.7,0.5,0.1,0.8,80791.46864,23848.89345,98612.92166
v5073,1.74,0.1,0.5,0.34,0.6,106927.1816,15325.57438,6143.311322
v5074,2.22,0.1,0.6,0.58,0.2,116734.6632,14545.31539,4270.33473
v5075,2.22,0.46,0.3,0.1,0.4,92395.3711,20730.07068,44133.7506
v5076,1.26,0.58,0.3,0.58,0.6,85133.58008,22900.14088,70103.96161
v5077,2.7,0.1,0.5,0.22,0.8,113908.6873,14799.64035,7085.282183
v5078,2.22,0.34,0.1,0.22,0.8,93526.0433,20315.65693,39658.84068
v5079,1.26,0.46,0.1,0.1,0.2,81501.59131,20768.90326,38884.58391
v5080,2.7,0.22,0.1,0.1,0.8,100793.2658,17826.90108,21375.87888
v5081,1.74,0.22,0.6,0.46,0.4,105388.7703,17735.31762,16035.05358
v5082,2.7,0.46,0.1,0.1,0.4,93711.55841,20369.72363,44107.23154
v5083,0.3,0.58,0.4,0.1,0.6,68758.4006,23937.94333,70174.44803
v5084,0.78,0.58,0.3,0.7,0.6,81550.01863,23211.452,70140.7037
v5085,2.7,0.1,0.5,0.46,0.8,117347.3721,14941.98275,7085.282183
v5086,1.26,0.22,0.2,0.58,0.8,95537.44072,19034.54067,20292.23376
v5087,0.3,0.58,0.2,0.1,0.8,64731.97968,24393.36419,79417.94435
v5088,2.7,0.58,0.1,0.1,0.8,87452.05334,22656.1532,79148.77973
v5089,1.26,0.46,0.3,0.22,0.2,86404.09892,20708.03062,38884.58391
v5090,0.3,0.1,0.6,0.1,0.6,88271.57408,16778.79514,5805.612276
v5091,2.7,0.7,0.4,0.34,0.6,92961.23894,22798.45828,87193.64966
v5092,0.78,0.34,0.4,0.22,0.4,85141.83318,20517.29827,28423.63911
v5093,2.7,0.46,0.2,0.7,0.4,103792.9624,20141.00253,44107.23154
v5094,0.78,0.34,0.1,0.34,0.8,80655.71588,21642.72669,37846.79911
v5095,2.7,0.34,0.5,0.7,0.2,112935.6764,18030.62053,25150.9236
v5096,0.78,0.7,0.4,0.22,0.2,76073.72702,23029.91017,64667.69467
v5097,2.7,0.22,0.3,0.34,0.8,107354.6141,17896.41967,21375.87888
v5098,1.26,0.7,0.5,0.7,0.8,84655.07186,23798.61043,98668.95962
v5099,2.7,0.58,0.2,0.58,0.8,96033.78138,22324.64827,79148.77973
v5100,0.78,0.1,0.4,0.46,0.4,97412.04299,15752.48816,4901.664633
v5101,2.7,0.34,0.1,0.7,0.6,105244.5815,19366.87988,34798.20303
v5102,0.3,0.1,0.3,0.1,0.6,84264.86214,16544.15221,5805.612276
v5103,1.26,0.7,0.4,0.7,0.4,86103.28452,23027.97883,75992.83325
v5104,1.74,0.1,0.5,0.7,0.2,112478.2575,14820.38514,4269.55367
v5105,1.74,0.1,0.4,0.46,0.4,107703.0207,14975.31816,5206.432496
v5106,1.74,0.1,0.4,0.1,0.4,102328.1891,14715.18872,5206.432496
v5107,0.78,0.1,0.1,0.58,0.8,94050.84991,16340.72128,6717.56098
v5108,2.7,0.22,0.4,0.46,0.8,110379.2175,17920.3397,21375.87888
v5109,2.7,0.1,0.6,0.34,0.6,117020.2851,14749.13376,6147.130349
v5110,2.7,0.1,0.6,0.7,0.6,121764.2338,14948.074,6147.130349
v5111,1.74,0.34,0.1,0.22,0.8,88918.56149,20749.21043,39691.72485
v5112,1.74,0.22,0.6,0.58,0.6,106188.6934,18327.34546,18722.92396
v5113,1.26,0.1,0.6,0.34,0.2,104014.0379,14958.18646,3994.91186
v5114,0.78,0.1,0.6,0.58,0.8,100852.9316,16705.22732,6717.56098
v5115,2.22,0.22,0.5,0.46,0.8,107383.671,18302.14221,21394.96737
v5116,1.26,0.7,0.4,0.1,0.6,75982.35115,23860.70548,87330.89644
v5117,1.74,0.22,0.5,0.46,0.4,104152.8859,17699.55638,16035.05358
v5118,2.7,0.34,0.2,0.22,0.8,99295.616,19937.79108,39621.84275
v5119,0.3,0.1,0.6,0.58,0.2,96209.22034,15959.02205,3992.38295
v5120,1.26,0.7,0.6,0.22,0.8,79273.9925,24036.27185,98668.95962
v5121,0.3,0.46,0.1,0.34,0.6,71656.22576,23088.34139,53151.53992
v5122,0.78,0.1,0.6,0.46,0.4,99961.11379,15900.53142,4901.664633
v5123,2.7,0.34,0.6,0.1,0.8,102678.8357,19982.68744,39621.84275
v5124,0.78,0.22,0.6,0.46,0.2,96197.23268,17858.02256,12477.91523
v5125,0.3,0.7,0.3,0.34,0.8,66623.51308,24740.61851,98768.35648
v5126,1.26,0.34,0.6,0.34,0.2,95992.53905,19167.76096,23705.529
v5127,2.7,0.34,0.1,0.1,0.8,95896.96716,19986.0141,39621.84275
v5128,2.22,0.7,0.3,0.58,0.4,92326.18097,22472.85481,75934.4045
v5129,1.26,0.34,0.2,0.1,0.8,83745.51445,21215.6819,37820.67863
v5130,1.74,0.58,0.2,0.7,0.4,91434.0883,21944.11853,60857.28197
v5131,2.7,0.1,0.6,0.7,0.2,122469.182,14389.42201,4270.826679
v5132,0.78,0.34,0.2,0.22,0.8,80336.40872,21691.54811,37846.79911
v5133,2.22,0.34,0.3,0.7,0.6,103871.4325,19719.77024,34825.95148
v5134,0.78,0.58,0.2,0.58,0.2,81519.52528,22104.49831,51676.20727
v5135,0.78,0.46,0.4,0.58,0.8,84028.80308,22743.99845,60239.18702
v5136,0.78,0.46,0.5,0.7,0.4,89193.31524,21669.22851,46009.42601
v5137,2.7,0.1,0.3,0.7,0.2,118741.2199,14158.55676,4270.826679
v5138,1.74,0.7,0.6,0.34,0.8,85766.31773,23653.32624,98612.92166
v5139,1.74,0.46,0.5,0.34,0.2,95736.91018,20214.24342,37226.14613
v5140,2.7,0.58,0.1,0.7,0.4,98600.66835,21267.75017,60796.36939
v5141,1.26,0.46,0.1,0.1,0.8,77763.04608,22738.04885,60199.34066
v5142,2.22,0.58,0.3,0.22,0.8,88092.36613,22810.81122,79212.40279
v5143,0.78,0.7,0.6,0.22,0.8,74252.91226,24352.66247,98720.65804
v5144,0.78,0.46,0.4,0.58,0.6,85073.68095,22330.11358,53124.30651
v5145,2.7,0.7,0.6,0.34,0.2,98853.79514,21486.98328,64609.02114
v5146,2.7,0.34,0.4,0.34,0.8,103850.6283,19894.3157,39621.84275
v5147,1.74,0.1,0.4,0.22,0.8,103620.5267,15451.82573,7080.190147
v5148,0.3,0.46,0.6,0.46,0.8,79377.17934,23185.31247,60275.49823
v5149,0.78,0.7,0.2,0.22,0.8,68782.18378,24533.07446,98720.65804
v5150,2.22,0.34,0.4,0.7,0.6,105210.244,19724.54121,34825.95148
v5151,1.26,0.58,0.1,0.58,0.2,85193.55889,21681.3472,51663.95991
v5152,2.7,0.7,0.4,0.58,0.6,96287.1285,22665.71471,87193.64966
v5153,0.3,0.1,0.4,0.58,0.2,93640.2042,15801.38137,3992.38295
v5154,2.22,0.1,0.4,0.46,0.8,111764.5673,15192.21085,7083.314384
v5155,2.7,0.1,0.5,0.58,0.2,119778.8098,14242.91328,4270.826679
v5156,2.7,0.1,0.3,0.22,0.4,111822.8546,14145.59884,5208.978514
v5157,1.74,0.7,0.6,0.34,0.2,90308.34146,22132.26528,64640.76058
v5158,2.7,0.58,0.6,0.34,0.6,99093.59681,21920.65,69972.57456
v5159,2.7,0.58,0.5,0.34,0.4,99257.80974,21352.6739,60796.36939
v5160,2.7,0.22,0.2,0.58,0.2,111399.7853,16176.76509,13338.45433
v5161,2.7,0.46,0.2,0.46,0.6,99360.57558,20862.12406,51013.60517
v5162,1.74,0.46,0.6,0.22,0.2,95197.81179,20263.49417,37226.14613
v5163,0.3,0.7,0.4,0.22,0.6,67424.83232,24451.03982,87405.44408
v5164,0.3,0.34,0.1,0.1,0.8,71012.32238,22404.35178,37870.10687
v5165,1.26,0.46,0.6,0.46,0.2,93892.34663,20590.26376,38884.58391
v5166,1.26,0.1,0.6,0.22,0.2,102228.8888,14864.79899,3994.91186
v5167,0.3,0.58,0.1,0.1,0.8,63180.88762,24446.3816,79417.94435
v5168,2.7,0.22,0.3,0.7,0.8,112193.5342,17879.87555,21375.87888
v5169,2.7,0.1,0.1,0.46,0.8,112001.7893,14594.69172,7085.282183
v5170,0.78,0.22,0.1,0.58,0.4,90112.92179,18413.29975,15086.22993
v5171,1.74,0.22,0.3,0.58,0.2,103988.3205,16894.99664,13347.1832
v5172,0.3,0.22,0.3,0.58,0.4,87255.69447,19089.97008,15090.51163
v5173,1.74,0.1,0.4,0.46,0.8,107108.728,15577.81739,7080.190147
v5174,2.22,0.46,0.6,0.22,0.2,99689.20458,19870.19688,37214.11744
v5175,0.78,0.58,0.2,0.58,0.6,78544.75587,23326.85405,70140.7037
v5176,1.74,0.22,0.2,0.1,0.2,95545.29279,16704.77551,13347.1832
v5177,2.22,0.22,0.1,0.46,0.4,103233.0216,17123.06808,16027.14009
v5178,1.26,0.7,0.5,0.1,0.4,78839.49314,23344.72706,75992.83325
v5179,2.22,0.34,0.3,0.1,0.4,96370.14209,19240.08152,29993.06228
v5180,2.22,0.46,0.6,0.34,0.4,100031.3447,20594.2561,44133.7506
v5181,2.7,0.34,0.6,0.34,0.2,109360.1984,18074.16678,25150.9236
v5182,0.78,0.46,0.2,0.34,0.4,80108.67557,21945.23357,46009.42601
v5183,2.7,0.58,0.6,0.58,0.6,102407.4326,21795.48335,69972.57456
v5184,2.7,0.7,0.1,0.1,0.2,88309.8476,21739.85482,64609.02114
