scenario,wall_u,window_u,window_shgc,roof_u,transmittance,heating_load,heating_load_m2 ,cooling_load,cooling_load_m2
Baseline,0.2036,0.72,0.5273,0.1183,0,3300.9,18.42,519.5,2.90
1,0.1,0.75,0.35,0.1,0.2,1917.42,10.7,984.79,5.5
2,0.1,0.75,0.35,0.1,0.4,1798.26,10.04,1248.65,6.97
3,0.1,0.75,0.35,0.1,0.6,1693.4,9.45,1540.08,8.6
4,0.1,0.75,0.35,0.1,0.8,1596.27,8.91,1853.85,10.35
5,0.1,0.75,0.35,0.17,0.2,2168.1,12.1,912.58,5.09
6,0.1,0.75,0.35,0.17,0.4,2037.04,11.37,1162.89,6.49
7,0.1,0.75,0.35,0.17,0.6,1926.93,10.75,1442.45,8.05
8,0.1,0.75,0.35,0.17,0.8,1823.71,10.18,1744.91,9.74
9,0.1,0.75,0.35,0.25,0.2,2452.98,13.69,844.62,4.71
10,0.1,0.75,0.35,0.25,0.4,2309.74,12.89,1083.22,6.05
11,0.1,0.75,0.35,0.25,0.6,2194.76,12.25,1351.54,7.54
12,0.1,0.75,0.35,0.25,0.8,2087.02,11.65,1643.17,9.17
13,0.1,0.75,0.35,0.32,0.2,2700.02,15.07,794.44,4.43
14,0.1,0.75,0.35,0.32,0.4,2549.16,14.23,1024.6,5.72
15,0.1,0.75,0.35,0.32,0.6,2429.49,13.56,1284.71,7.17
16,0.1,0.75,0.35,0.32,0.8,2318.07,12.94,1567.89,8.75
17,0.1,0.75,0.35,0.4,0.2,2975.77,16.61,746.42,4.17
18,0.1,0.75,0.35,0.4,0.4,2815.87,15.72,968.25,5.4
19,0.1,0.75,0.35,0.4,0.6,2690.56,15.02,1219.24,6.8
20,0.1,0.75,0.35,0.4,0.8,2576.68,14.38,1494.6,8.34
21,0.1,0.75,0.43,0.1,0.2,1884.03,10.52,1048.26,5.85
22,0.1,0.75,0.43,0.1,0.4,1744.52,9.74,1393.31,7.78
23,0.1,0.75,0.43,0.1,0.6,1619.25,9.04,1776.54,9.92
24,0.1,0.75,0.43,0.1,0.8,1505.51,8.4,2188.96,12.22
25,0.1,0.75,0.43,0.17,0.2,2130.71,11.89,972.61,5.43
26,0.1,0.75,0.43,0.17,0.4,1980.77,11.06,1301.38,7.26
27,0.1,0.75,0.43,0.17,0.6,1848.23,10.32,1669.99,9.32
28,0.1,0.75,0.43,0.17,0.8,1726.75,9.64,2070.87,11.56
29,0.1,0.75,0.43,0.25,0.2,2413.35,13.47,902.1,5.03
30,0.1,0.75,0.43,0.25,0.4,2250.81,12.56,1215.97,6.79
31,0.1,0.75,0.43,0.25,0.6,2112.69,11.79,1570.84,8.77
32,0.1,0.75,0.43,0.25,0.8,1984.82,11.08,1959.81,10.94
33,0.1,0.75,0.43,0.32,0.2,2659.19,14.84,850.25,4.75
34,0.1,0.75,0.43,0.32,0.4,2487.17,13.88,1152.95,6.43
35,0.1,0.75,0.43,0.32,0.6,2344.72,13.09,1497.61,8.36
36,0.1,0.75,0.43,0.32,0.8,2211.95,12.35,1876.79,10.47
37,0.1,0.75,0.43,0.4,0.2,2932.95,16.37,800.3,4.47
38,0.1,0.75,0.43,0.4,0.4,2749.61,15.35,1091.66,6.09
39,0.1,0.75,0.43,0.4,0.6,2603.9,14.53,1426.28,7.96
40,0.1,0.75,0.43,0.4,0.8,2467.5,13.77,1794.96,10.02
41,0.1,0.75,0.51,0.1,0.2,1852.57,10.34,1116.6,6.23
42,0.1,0.75,0.51,0.1,0.4,1690.83,9.44,1549.57,8.65
43,0.1,0.75,0.51,0.1,0.6,1546.98,8.63,2033.02,11.35
44,0.1,0.75,0.51,0.1,0.8,1418.19,7.92,2550.67,14.24
45,0.1,0.75,0.51,0.17,0.2,2095.49,11.7,1037.32,5.79
46,0.1,0.75,0.51,0.17,0.4,1924.23,10.74,1451.51,8.1
47,0.1,0.75,0.51,0.17,0.6,1770.84,9.88,1918.84,10.71
48,0.1,0.75,0.51,0.17,0.8,1633.78,9.12,2422.79,13.52
49,0.1,0.75,0.51,0.25,0.2,2374.28,13.25,963.51,5.38
50,0.1,0.75,0.51,0.25,0.4,2191.98,12.23,1360.18,7.59
51,0.1,0.75,0.51,0.25,0.6,2031.48,11.34,1811.65,10.11
52,0.1,0.75,0.51,0.25,0.8,1886.05,10.53,2303.49,12.86
53,0.1,0.75,0.51,0.32,0.2,2618.28,14.61,909.65,5.08
54,0.1,0.75,0.51,0.32,0.4,2426.66,13.54,1293.04,7.22
55,0.1,0.75,0.51,0.32,0.6,2260.49,12.62,1731.71,9.67
56,0.1,0.75,0.51,0.32,0.8,2109.19,11.77,2214.23,12.36
57,0.1,0.75,0.51,0.4,0.2,2890.09,16.13,857.72,4.79
58,0.1,0.75,0.51,0.4,0.4,2687.67,15,1227.26,6.85
59,0.1,0.75,0.51,0.4,0.6,2517.59,14.05,1653.75,9.23
60,0.1,0.75,0.51,0.4,0.8,2361.09,13.18,2125.73,11.86
61,0.1,0.75,0.59,0.1,0.2,1824.92,10.19,1183.06,6.6
62,0.1,0.75,0.59,0.1,0.4,1642.29,9.17,1702.02,9.5
63,0.1,0.75,0.59,0.1,0.6,1482.52,8.27,2281.72,12.73
64,0.1,0.75,0.59,0.1,0.8,1342.61,7.49,2905.1,16.21
65,0.1,0.75,0.59,0.17,0.2,2065.09,11.53,1100.25,6.14
66,0.1,0.75,0.59,0.17,0.4,1872.75,10.45,1598.11,8.92
67,0.1,0.75,0.59,0.17,0.6,1702.22,9.5,2161.16,12.06
68,0.1,0.75,0.59,0.17,0.8,1552.83,8.67,2768.06,15.45
69,0.1,0.75,0.59,0.25,0.2,2340.54,13.06,1023.4,5.71
70,0.1,0.75,0.59,0.25,0.4,2138.31,11.93,1501.39,8.38
71,0.1,0.75,0.59,0.25,0.6,1958.83,10.93,2047.97,11.43
72,0.1,0.75,0.59,0.25,0.8,1798.74,10.04,2639.56,14.73
73,0.1,0.75,0.59,0.32,0.2,2582.06,14.41,967.09,5.4
74,0.1,0.75,0.59,0.32,0.4,2371.25,13.23,1430.25,7.98
75,0.1,0.75,0.59,0.32,0.6,2184.92,12.19,1963.21,10.96
76,0.1,0.75,0.59,0.32,0.8,2018.19,11.26,2544.12,14.2
77,0.1,0.75,0.59,0.4,0.2,2851.4,15.91,913.1,5.1
78,0.1,0.75,0.59,0.4,0.4,2631.03,14.68,1360.56,7.59
79,0.1,0.75,0.59,0.4,0.6,2439.56,13.62,1879.43,10.49
80,0.1,0.75,0.59,0.4,0.8,2266.59,12.65,2449.7,13.67
81,0.1,0.75,0.67,0.1,0.2,1799.67,10.04,1244.93,6.95
82,0.1,0.75,0.67,0.1,0.4,1598.59,8.92,1845.27,10.3
83,0.1,0.75,0.67,0.1,0.6,1425.53,7.96,2515.4,14.04
84,0.1,0.75,0.67,0.1,0.8,1278.12,7.13,3239.63,18.08
85,0.1,0.75,0.67,0.17,0.2,2038.51,11.38,1159.29,6.47
86,0.1,0.75,0.67,0.17,0.4,1826.19,10.19,1736.53,9.69
87,0.1,0.75,0.67,0.17,0.6,1641.64,9.16,2388.52,13.33
88,0.1,0.75,0.67,0.17,0.8,1484.01,8.28,3095.78,17.28
89,0.1,0.75,0.67,0.25,0.2,2311.3,12.9,1079.73,6.03
90,0.1,0.75,0.67,0.25,0.4,2089.65,11.66,1634.99,9.13
91,0.1,0.75,0.67,0.25,0.6,1894.49,10.57,2270.1,12.67
92,0.1,0.75,0.67,0.25,0.8,1723.39,9.62,2959.11,16.52
93,0.1,0.75,0.67,0.32,0.2,2550.79,14.24,1021.21,5.7
94,0.1,0.75,0.67,0.32,0.4,2320.86,12.95,1559.9,8.71
95,0.1,0.75,0.67,0.32,0.6,2118.01,11.82,2181.46,12.18
96,0.1,0.75,0.67,0.32,0.8,1938.82,10.82,2858.15,15.95
97,0.1,0.75,0.67,0.4,0.2,2817.56,15.73,964.97,5.39
98,0.1,0.75,0.67,0.4,0.4,2579.55,14.4,1486.76,8.3
99,0.1,0.75,0.67,0.4,0.6,2370.21,13.23,2093.54,11.68
100,0.1,0.75,0.67,0.4,0.8,2183.69,12.19,2758.01,15.39
101,0.1,0.75,0.75,0.1,0.2,1774.02,9.9,1312.96,7.33
102,0.1,0.75,0.75,0.1,0.4,1554.75,8.68,2002.95,11.18
103,0.1,0.75,0.75,0.1,0.6,1369.15,7.64,2772.71,15.48
104,0.1,0.75,0.75,0.1,0.8,1213.84,6.77,3604.18,20.12
105,0.1,0.75,0.75,0.17,0.2,2011.6,11.23,1224.4,6.83
106,0.1,0.75,0.75,0.17,0.4,1779.16,9.93,1889.54,10.55
107,0.1,0.75,0.75,0.17,0.6,1581.32,8.83,2638.9,14.73
108,0.1,0.75,0.75,0.17,0.8,1416.72,7.91,3454.49,19.28
109,0.1,0.75,0.75,0.25,0.2,2282.99,12.74,1142.08,6.37
110,0.1,0.75,0.75,0.25,0.4,2040.27,11.39,1783.11,9.95
111,0.1,0.75,0.75,0.25,0.6,1829.74,10.21,2513.76,14.03
112,0.1,0.75,0.75,0.25,0.8,1650.37,9.21,3310.5,18.48
113,0.1,0.75,0.75,0.32,0.2,2520.45,14.07,1081.33,6.04
114,0.1,0.75,0.75,0.32,0.4,2269.63,12.67,1703.95,9.51
115,0.1,0.75,0.75,0.32,0.6,2050.52,11.44,2420.73,13.51
116,0.1,0.75,0.75,0.32,0.8,1861.64,10.39,3204.03,17.88
117,0.1,0.75,0.75,0.4,0.2,2784.81,15.54,1022.62,5.71
118,0.1,0.75,0.75,0.4,0.4,2527.01,14.1,1626.68,9.08
119,0.1,0.75,0.75,0.4,0.6,2300.3,12.84,2328.64,13
120,0.1,0.75,0.75,0.4,0.8,2102.53,11.73,3097.99,17.29
121,0.1,1.08,0.35,0.1,0.2,2464.24,13.75,801.28,4.47
122,0.1,1.08,0.35,0.1,0.4,2304.71,12.86,1029.4,5.75
123,0.1,1.08,0.35,0.1,0.6,2177.57,12.15,1287.67,7.19
124,0.1,1.08,0.35,0.1,0.8,2068.09,11.54,1573.79,8.78
125,0.1,1.08,0.35,0.17,0.2,2724,15.2,739.92,4.13
126,0.1,1.08,0.35,0.17,0.4,2558.39,14.28,960.32,5.36
127,0.1,1.08,0.35,0.17,0.6,2419.4,13.5,1206.55,6.73
128,0.1,1.08,0.35,0.17,0.8,2305.06,12.87,1482.22,8.27
129,0.1,1.08,0.35,0.25,0.2,3017.42,16.84,681.62,3.8
130,0.1,1.08,0.35,0.25,0.4,2846.4,15.89,894.3,4.99
131,0.1,1.08,0.35,0.25,0.6,2696.9,15.05,1130.65,6.31
132,0.1,1.08,0.35,0.25,0.8,2576.27,14.38,1395.71,7.79
133,0.1,1.08,0.35,0.32,0.2,3272.08,18.26,639.45,3.57
134,0.1,1.08,0.35,0.32,0.4,3095.74,17.28,845.42,4.72
135,0.1,1.08,0.35,0.32,0.6,2939.88,16.41,1074.6,6
136,0.1,1.08,0.35,0.32,0.8,2813.45,15.7,1331.61,7.43
137,0.1,1.08,0.35,0.4,0.2,3557.19,19.85,599.16,3.34
138,0.1,1.08,0.35,0.4,0.4,3373.22,18.83,798.59,4.46
139,0.1,1.08,0.35,0.4,0.6,3209.85,17.92,1020.26,5.69
140,0.1,1.08,0.35,0.4,0.8,3076.96,17.17,1269.04,7.08
141,0.1,1.08,0.43,0.1,0.2,2423.24,13.52,854.99,4.77
142,0.1,1.08,0.43,0.1,0.4,2237.93,12.49,1151.54,6.43
143,0.1,1.08,0.43,0.1,0.6,2096.35,11.7,1495.62,8.35
144,0.1,1.08,0.43,0.1,0.8,1966.72,10.98,1875.82,10.47
145,0.1,1.08,0.43,0.17,0.2,2681.83,14.97,791.8,4.42
146,0.1,1.08,0.43,0.17,0.4,2485.47,13.87,1077.07,6.01
147,0.1,1.08,0.43,0.17,0.6,2334.51,13.03,1406.83,7.85
148,0.1,1.08,0.43,0.17,0.8,2199.46,12.28,1774.3,9.9
149,0.1,1.08,0.43,0.25,0.2,2973.99,16.6,731.53,4.08
150,0.1,1.08,0.43,0.25,0.4,2768.87,15.45,1006.59,5.62
151,0.1,1.08,0.43,0.25,0.6,2606.9,14.55,1322.84,7.38
152,0.1,1.08,0.43,0.25,0.8,2466.73,13.77,1678.14,9.37
153,0.1,1.08,0.43,0.32,0.2,3226.88,18.01,687.59,3.84
154,0.1,1.08,0.43,0.32,0.4,3015.77,16.83,954.45,5.33
155,0.1,1.08,0.43,0.32,0.6,2845.05,15.88,1260.77,7.04
156,0.1,1.08,0.43,0.32,0.8,2700.55,15.07,1606.1,8.96
157,0.1,1.08,0.43,0.4,0.2,3510.42,19.59,645.77,3.6
158,0.1,1.08,0.43,0.4,0.4,3290.03,18.36,904.24,5.05
159,0.1,1.08,0.43,0.4,0.6,3109.34,17.35,1200.08,6.7
160,0.1,1.08,0.43,0.4,0.8,2960.71,16.52,1535.96,8.57
161,0.1,1.08,0.51,0.1,0.2,2382.83,13.3,910.63,5.08
162,0.1,1.08,0.51,0.1,0.4,2179.17,12.16,1283.62,7.16
163,0.1,1.08,0.51,0.1,0.6,2017.7,11.26,1718.53,9.59
164,0.1,1.08,0.51,0.1,0.8,1870.53,10.44,2197.96,12.27
165,0.1,1.08,0.51,0.17,0.2,2640.12,14.74,845.68,4.72
166,0.1,1.08,0.51,0.17,0.4,2421.07,13.51,1202.58,6.71
167,0.1,1.08,0.51,0.17,0.6,2252.61,12.57,1621.94,9.05
168,0.1,1.08,0.51,0.17,0.8,2097.92,11.71,2087.93,11.65
169,0.1,1.08,0.51,0.25,0.2,2930.97,16.36,783.49,4.37
170,0.1,1.08,0.51,0.25,0.4,2698.65,15.06,1126.8,6.29
171,0.1,1.08,0.51,0.25,0.6,2521.92,14.08,1530.49,8.54
172,0.1,1.08,0.51,0.25,0.8,2361.52,13.18,1983.49,11.07
173,0.1,1.08,0.51,0.32,0.2,3182.5,17.76,737.82,4.12
174,0.1,1.08,0.51,0.32,0.4,2941.66,16.42,1070.81,5.98
175,0.1,1.08,0.51,0.32,0.6,2757.43,15.39,1462.75,8.16
176,0.1,1.08,0.51,0.32,0.8,2592.51,14.47,1904.86,10.63
177,0.1,1.08,0.51,0.4,0.2,3463.98,19.33,694.42,3.88
178,0.1,1.08,0.51,0.4,0.4,3211.65,17.93,1016.55,5.67
179,0.1,1.08,0.51,0.4,0.6,3019.34,16.85,1396.42,7.79
180,0.1,1.08,0.51,0.4,0.8,2849.92,15.91,1826.84,10.2
181,0.1,1.08,0.59,0.1,0.2,2346.03,13.09,964.12,5.38
182,0.1,1.08,0.59,0.1,0.4,2127.36,11.87,1413.62,7.89
183,0.1,1.08,0.59,0.1,0.6,1947.06,10.87,1938.19,10.82
184,0.1,1.08,0.59,0.1,0.8,1786.2,9.97,2511.98,14.02
185,0.1,1.08,0.59,0.17,0.2,2601.99,14.52,897.48,5.01
186,0.1,1.08,0.59,0.17,0.4,2366.8,13.21,1327.63,7.41
187,0.1,1.08,0.59,0.17,0.6,2178.91,12.16,1834.89,10.24
188,0.1,1.08,0.59,0.17,0.8,2008.32,11.21,2393.87,13.36
189,0.1,1.08,0.59,0.25,0.2,2891.53,16.14,833.49,4.65
190,0.1,1.08,0.59,0.25,0.4,2640.51,14.74,1246.51,6.96
191,0.1,1.08,0.59,0.25,0.6,2445.49,13.65,1736.82,9.69
192,0.1,1.08,0.59,0.25,0.8,2267.75,12.66,2283.04,12.74
193,0.1,1.08,0.59,0.32,0.2,3141.95,17.54,786.32,4.39
194,0.1,1.08,0.59,0.32,0.4,2879.84,16.07,1186.56,6.62
195,0.1,1.08,0.59,0.32,0.6,2678.73,14.95,1663.35,9.28
196,0.1,1.08,0.59,0.32,0.8,2495.82,13.93,2199.31,12.27
197,0.1,1.08,0.59,0.4,0.2,3421.54,19.1,741.34,4.14
198,0.1,1.08,0.59,0.4,0.4,3145.88,17.56,1128.17,6.3
199,0.1,1.08,0.59,0.4,0.6,2938.23,16.4,1591.33,8.88
200,0.1,1.08,0.59,0.4,0.8,2750.84,15.35,2115.83,11.81
201,0.1,1.08,0.67,0.1,0.2,2306.69,12.87,1025.68,5.72
202,0.1,1.08,0.67,0.1,0.4,2071.18,11.56,1564.71,8.73
203,0.1,1.08,0.67,0.1,0.6,1872.08,10.45,2192.7,12.24
204,0.1,1.08,0.67,0.1,0.8,1697.4,9.47,2877.12,16.06
205,0.1,1.08,0.67,0.17,0.2,2560.45,14.29,956.71,5.34
206,0.1,1.08,0.67,0.17,0.4,2308.36,12.88,1473.36,8.22
207,0.1,1.08,0.67,0.17,0.6,2099.53,11.72,2082.74,11.62
208,0.1,1.08,0.67,0.17,0.8,1914.07,10.68,2749.56,15.35
209,0.1,1.08,0.67,0.25,0.2,2848.52,15.9,890.8,4.97
210,0.1,1.08,0.67,0.25,0.4,2579.74,14.4,1387.02,7.74
211,0.1,1.08,0.67,0.25,0.6,2363.2,13.19,1978.36,11.04
212,0.1,1.08,0.67,0.25,0.8,2168.4,12.1,2630.25,14.68
213,0.1,1.08,0.67,0.32,0.2,3097.9,17.29,842.01,4.7
214,0.1,1.08,0.67,0.32,0.4,2817.04,15.72,1323.09,7.38
215,0.1,1.08,0.67,0.32,0.6,2594.27,14.48,1899.78,10.6
216,0.1,1.08,0.67,0.32,0.8,2393.07,13.36,2541.15,14.18
217,0.1,1.08,0.67,0.4,0.2,3375.44,18.84,795.27,4.44
218,0.1,1.08,0.67,0.4,0.4,3080.66,17.19,1260.67,7.04
219,0.1,1.08,0.67,0.4,0.6,2851.72,15.92,1821.82,10.17
220,0.1,1.08,0.67,0.4,0.8,2645.48,14.77,2452.29,13.69
221,0.1,1.08,0.75,0.1,0.2,2274.84,12.7,1080.46,6.03
222,0.1,1.08,0.75,0.1,0.4,2023.95,11.3,1700.08,9.49
223,0.1,1.08,0.75,0.1,0.6,1810.55,10.11,2418.6,13.5
224,0.1,1.08,0.75,0.1,0.8,1625.25,9.07,3202.09,17.87
225,0.1,1.08,0.75,0.17,0.2,2525.95,14.1,1009.16,5.63
226,0.1,1.08,0.75,0.17,0.4,2259.13,12.61,1604.02,8.95
227,0.1,1.08,0.75,0.17,0.6,2034.11,11.35,2302.85,12.85
228,0.1,1.08,0.75,0.17,0.8,1837.54,10.26,3067.93,17.12
229,0.1,1.08,0.75,0.25,0.2,2812.29,15.7,941.38,5.25
230,0.1,1.08,0.75,0.25,0.4,2528.71,14.11,1513.18,8.45
231,0.1,1.08,0.75,0.25,0.6,2294.76,12.81,2193.82,12.24
232,0.1,1.08,0.75,0.25,0.8,2086.51,11.65,2941.14,16.42
233,0.1,1.08,0.75,0.32,0.2,3060.85,17.08,891.19,4.97
234,0.1,1.08,0.75,0.32,0.4,2764.43,15.43,1445.87,8.07
235,0.1,1.08,0.75,0.32,0.6,2523.73,14.09,2111.54,11.79
236,0.1,1.08,0.75,0.32,0.8,2307.99,12.88,2846.93,15.89
237,0.1,1.08,0.75,0.4,0.2,3336.84,18.62,842.94,4.7
238,0.1,1.08,0.75,0.4,0.4,3026.57,16.89,1379.96,7.7
239,0.1,1.08,0.75,0.4,0.6,2779.47,15.51,2029.45,11.33
240,0.1,1.08,0.75,0.4,0.8,2557.84,14.28,2753.15,15.37
241,0.1,1.41,0.35,0.1,0.2,2949.11,16.46,671.37,3.75
242,0.1,1.41,0.35,0.1,0.4,2772.45,15.47,883.65,4.93
243,0.1,1.41,0.35,0.1,0.6,2612.25,14.58,1118.9,6.24
244,0.1,1.41,0.35,0.1,0.8,2480.72,13.85,1382.93,7.72
245,0.1,1.41,0.35,0.17,0.2,3215.73,17.95,617.18,3.44
246,0.1,1.41,0.35,0.17,0.4,3033.34,16.93,821.81,4.59
247,0.1,1.41,0.35,0.17,0.6,2866.98,16,1049.64,5.86
248,0.1,1.41,0.35,0.17,0.8,2725.63,15.21,1302.41,7.27
249,0.1,1.41,0.35,0.25,0.2,3517.39,19.63,566.19,3.16
250,0.1,1.41,0.35,0.25,0.4,3328.54,18.58,762.68,4.26
251,0.1,1.41,0.35,0.25,0.6,3156.76,17.62,983.05,5.49
252,0.1,1.41,0.35,0.25,0.8,3006.66,16.78,1226.72,6.85
253,0.1,1.41,0.35,0.32,0.2,3779.36,21.09,529.56,2.96
254,0.1,1.41,0.35,0.32,0.4,3584.54,20.01,719.4,4.02
255,0.1,1.41,0.35,0.32,0.6,3407.7,19.02,933.74,5.21
256,0.1,1.41,0.35,0.32,0.8,3251.7,18.15,1170.34,6.53
257,0.1,1.41,0.35,0.4,0.2,4070.54,22.72,494.5,2.76
258,0.1,1.41,0.35,0.4,0.4,3870.81,21.6,678.15,3.78
259,0.1,1.41,0.35,0.4,0.6,3687.09,20.58,886.04,4.95
260,0.1,1.41,0.35,0.4,0.8,3523.44,19.67,1115.71,6.23
261,0.1,1.41,0.43,0.1,0.2,2905.82,16.22,719.09,4.01
262,0.1,1.41,0.43,0.1,0.4,2693.7,15.03,991.43,5.53
263,0.1,1.41,0.43,0.1,0.6,2515.52,14.04,1302.09,7.27
264,0.1,1.41,0.43,0.1,0.8,2373,13.24,1656.9,9.25
265,0.1,1.41,0.43,0.17,0.2,3170.99,17.7,662.97,3.7
266,0.1,1.41,0.43,0.17,0.4,2952.23,16.48,926.36,5.17
267,0.1,1.41,0.43,0.17,0.6,2763.26,15.42,1225.09,6.84
268,0.1,1.41,0.43,0.17,0.8,2612.89,14.58,1566.74,8.74
269,0.1,1.41,0.43,0.25,0.2,3470.88,19.37,609.91,3.4
270,0.1,1.41,0.43,0.25,0.4,3244.98,18.11,863.85,4.82
271,0.1,1.41,0.43,0.25,0.6,3046.93,17.01,1152.34,6.43
272,0.1,1.41,0.43,0.25,0.8,2887.94,16.12,1481.25,8.27
273,0.1,1.41,0.43,0.32,0.2,3731.47,20.83,571.72,3.19
274,0.1,1.41,0.43,0.32,0.4,3498.22,19.52,817.64,4.56
275,0.1,1.41,0.43,0.32,0.6,3293.82,18.38,1098.24,6.13
276,0.1,1.41,0.43,0.32,0.8,3128.46,17.46,1417.99,7.91
277,0.1,1.41,0.43,0.4,0.2,4021.59,22.45,535.04,2.99
278,0.1,1.41,0.43,0.4,0.4,3781.32,21.1,773.36,4.32
279,0.1,1.41,0.43,0.4,0.6,3567.69,19.91,1045.88,5.84
280,0.1,1.41,0.43,0.4,0.8,3394.66,18.95,1355.85,7.57
281,0.1,1.41,0.51,0.1,0.2,2861.69,15.97,770.52,4.3
282,0.1,1.41,0.51,0.1,0.4,2616.84,14.61,1109.63,6.19
283,0.1,1.41,0.51,0.1,0.6,2428.52,13.55,1509.4,8.42
284,0.1,1.41,0.51,0.1,0.8,2267.64,12.66,1963.33,10.96
285,0.1,1.41,0.51,0.17,0.2,3125.35,17.44,712.44,3.98
286,0.1,1.41,0.51,0.17,0.4,2871.77,16.03,1040.6,5.81
287,0.1,1.41,0.51,0.17,0.6,2670.9,14.91,1424.3,7.95
288,0.1,1.41,0.51,0.17,0.8,2502.75,13.97,1864.5,10.41
289,0.1,1.41,0.51,0.25,0.2,3423.65,19.11,657.33,3.67
290,0.1,1.41,0.51,0.25,0.4,3161.72,17.65,974.3,5.44
291,0.1,1.41,0.51,0.25,0.6,2948.25,16.45,1343.75,7.5
292,0.1,1.41,0.51,0.25,0.8,2773.39,15.48,1769.48,9.88
293,0.1,1.41,0.51,0.32,0.2,3682.77,20.55,617.46,3.45
294,0.1,1.41,0.51,0.32,0.4,3412.79,19.05,925.17,5.16
295,0.1,1.41,0.51,0.32,0.6,3190.37,17.81,1283.93,7.17
296,0.1,1.41,0.51,0.32,0.8,3010.55,16.8,1698.25,9.48
297,0.1,1.41,0.51,0.4,0.2,3971.72,22.17,579.26,3.23
298,0.1,1.41,0.51,0.4,0.4,3692.35,20.61,877.67,4.9
299,0.1,1.41,0.51,0.4,0.6,3458.71,19.3,1225.42,6.84
300,0.1,1.41,0.51,0.4,0.8,3274.36,18.28,1628.75,9.09
301,0.1,1.41,0.59,0.1,0.2,2822.09,15.75,818.87,4.57
302,0.1,1.41,0.59,0.1,0.4,2553.18,14.25,1223.78,6.83
303,0.1,1.41,0.59,0.1,0.6,2353.26,13.13,1710.59,9.55
304,0.1,1.41,0.59,0.1,0.8,2175.78,12.14,2257.1,12.6
305,0.1,1.41,0.59,0.17,0.2,3084.57,17.22,759.13,4.24
306,0.1,1.41,0.59,0.17,0.4,2803.83,15.65,1150.3,6.42
307,0.1,1.41,0.59,0.17,0.6,2592.26,14.47,1618.55,9.03
308,0.1,1.41,0.59,0.17,0.8,2406.69,13.43,2151.45,12.01
309,0.1,1.41,0.59,0.25,0.2,3381.35,18.87,702.19,3.92
310,0.1,1.41,0.59,0.25,0.4,3090.16,17.25,1080.23,6.03
311,0.1,1.41,0.59,0.25,0.6,2866.52,16,1531.22,8.55
312,0.1,1.41,0.59,0.25,0.8,2673.97,14.92,2049.83,11.44
313,0.1,1.41,0.59,0.32,0.2,3639.16,20.31,660.88,3.69
314,0.1,1.41,0.59,0.32,0.4,3338.66,18.63,1028.22,5.74
315,0.1,1.41,0.59,0.32,0.6,3106.49,17.34,1466.55,8.19
316,0.1,1.41,0.59,0.32,0.8,2908.04,16.23,1972.73,11.01
317,0.1,1.41,0.59,0.4,0.2,3927.03,21.92,621.33,3.47
318,0.1,1.41,0.59,0.4,0.4,3614.96,20.18,977.87,5.46
319,0.1,1.41,0.59,0.4,0.6,3372.29,18.82,1403.11,7.83
320,0.1,1.41,0.59,0.4,0.8,3169.13,17.69,1896.43,10.58
321,0.1,1.41,0.67,0.1,0.2,2778.5,15.51,874.54,4.88
322,0.1,1.41,0.67,0.1,0.4,2489.66,13.9,1360.16,7.59
323,0.1,1.41,0.67,0.1,0.6,2272.39,12.68,1947.77,10.87
324,0.1,1.41,0.67,0.1,0.8,2078.38,11.6,2599.31,14.51
325,0.1,1.41,0.67,0.17,0.2,3039.6,16.96,812.94,4.54
326,0.1,1.41,0.67,0.17,0.4,2735.05,15.27,1280.36,7.15
327,0.1,1.41,0.67,0.17,0.6,2507.73,14,1849.25,10.32
328,0.1,1.41,0.67,0.17,0.8,2304.21,12.86,2485.78,13.87
329,0.1,1.41,0.67,0.25,0.2,3334.98,18.61,754.1,4.21
330,0.1,1.41,0.67,0.25,0.4,3016.64,16.84,1205.32,6.73
331,0.1,1.41,0.67,0.25,0.6,2778.58,15.51,1754.57,9.79
332,0.1,1.41,0.67,0.25,0.8,2567.7,14.33,2378.02,13.27
333,0.1,1.41,0.67,0.32,0.2,3591.16,20.04,711.06,3.97
334,0.1,1.41,0.67,0.32,0.4,3261.99,18.21,1149.49,6.42
335,0.1,1.41,0.67,0.32,0.6,3015.9,16.83,1683.65,9.4
336,0.1,1.41,0.67,0.32,0.8,2798.82,15.62,2295.79,12.81
337,0.1,1.41,0.67,0.4,0.2,3877.6,21.64,670.03,3.74
338,0.1,1.41,0.67,0.4,0.4,3534.17,19.73,1095.46,6.11
339,0.1,1.41,0.67,0.4,0.6,3279.86,18.31,1614.51,9.01
340,0.1,1.41,0.67,0.4,0.8,3056.41,17.06,2213.29,12.35
341,0.1,1.41,0.75,0.1,0.2,2741.27,15.3,924.2,5.16
342,0.1,1.41,0.75,0.1,0.4,2438.14,13.61,1484.88,8.29
343,0.1,1.41,0.75,0.1,0.6,2204.33,12.3,2162.27,12.07
344,0.1,1.41,0.75,0.1,0.8,1997.74,11.15,2909.71,16.24
345,0.1,1.41,0.75,0.17,0.2,3001.22,16.75,861.12,4.81
346,0.1,1.41,0.75,0.17,0.4,2680.93,14.96,1400.56,7.82
347,0.1,1.41,0.75,0.17,0.6,2436.56,13.6,2058.74,11.49
348,0.1,1.41,0.75,0.17,0.8,2218.94,12.38,2788.05,15.56
349,0.1,1.41,0.75,0.25,0.2,3295.44,18.39,800.7,4.47
350,0.1,1.41,0.75,0.25,0.4,2958.71,16.51,1320.79,7.37
351,0.1,1.41,0.75,0.25,0.6,2704.91,15.1,1958.96,10.93
352,0.1,1.41,0.75,0.25,0.8,2478.71,13.83,2674.34,14.93
353,0.1,1.41,0.75,0.32,0.2,3550.27,19.82,756.17,4.22
354,0.1,1.41,0.75,0.32,0.4,3201.25,17.87,1261.55,7.04
355,0.1,1.41,0.75,0.32,0.6,2939.92,16.41,1883.6,10.51
356,0.1,1.41,0.75,0.32,0.8,2707.74,15.11,2588.38,14.45
357,0.1,1.41,0.75,0.4,0.2,3835.33,21.41,713.75,3.98
358,0.1,1.41,0.75,0.4,0.4,3470.13,19.37,1203.73,6.72
359,0.1,1.41,0.75,0.4,0.6,3201.9,17.87,1809.07,10.1
360,0.1,1.41,0.75,0.4,0.8,2963.28,16.54,2501.75,13.96
361,0.1,1.74,0.35,0.1,0.2,3454.94,19.28,560.87,3.13
362,0.1,1.74,0.35,0.1,0.4,3261.73,18.2,755.75,4.22
363,0.1,1.74,0.35,0.1,0.6,3083.78,17.21,976.76,5.45
364,0.1,1.74,0.35,0.1,0.8,2922.91,16.31,1220.51,6.81
365,0.1,1.74,0.35,0.17,0.2,3729.09,20.81,513.58,2.87
366,0.1,1.74,0.35,0.17,0.4,3529.41,19.7,700.07,3.91
367,0.1,1.74,0.35,0.17,0.6,3347.09,18.68,914.36,5.1
368,0.1,1.74,0.35,0.17,0.8,3179.93,17.75,1150.39,6.42
369,0.1,1.74,0.35,0.25,0.2,4037.36,22.53,469.79,2.62
370,0.1,1.74,0.35,0.25,0.4,3831.73,21.39,647.4,3.61
371,0.1,1.74,0.35,0.25,0.6,3644.01,20.34,854.16,4.77
372,0.1,1.74,0.35,0.25,0.8,3471.75,19.38,1083.15,6.05
373,0.1,1.74,0.35,0.32,0.2,4304.4,24.02,438.31,2.45
374,0.1,1.74,0.35,0.32,0.4,4093.97,22.85,609.32,3.4
375,0.1,1.74,0.35,0.32,0.6,3900.96,21.77,809.87,4.52
376,0.1,1.74,0.35,0.32,0.8,3724.08,20.79,1033.11,5.77
377,0.1,1.74,0.35,0.4,0.2,4600.31,25.68,408.38,2.28
378,0.1,1.74,0.35,0.4,0.4,4385.58,24.48,572.7,3.2
379,0.1,1.74,0.35,0.4,0.6,4187.84,23.37,767.42,4.28
380,0.1,1.74,0.35,0.4,0.8,4004.64,22.35,984.46,5.49
381,0.1,1.74,0.43,0.1,0.2,3408.03,19.02,603.06,3.37
382,0.1,1.74,0.43,0.1,0.4,3176.89,17.73,855.27,4.77
383,0.1,1.74,0.43,0.1,0.6,2968.49,16.57,1142.9,6.38
384,0.1,1.74,0.43,0.1,0.8,2796.28,15.61,1470.06,8.2
385,0.1,1.74,0.43,0.17,0.2,3680.69,20.54,553.7,3.09
386,0.1,1.74,0.43,0.17,0.4,3442.41,19.21,796.3,4.44
387,0.1,1.74,0.43,0.17,0.6,3227.69,18.01,1075.51,6
388,0.1,1.74,0.43,0.17,0.8,3045.06,17,1390.54,7.76
389,0.1,1.74,0.43,0.25,0.2,3987.52,22.26,507.75,2.83
390,0.1,1.74,0.43,0.25,0.4,3742.07,20.89,739.98,4.13
391,0.1,1.74,0.43,0.25,0.6,3521.48,19.65,1010.54,5.64
392,0.1,1.74,0.43,0.25,0.8,3329.86,18.58,1315.12,7.34
393,0.1,1.74,0.43,0.32,0.2,4253.46,23.74,474.66,2.65
394,0.1,1.74,0.43,0.32,0.4,4001.94,22.34,699.02,3.9
395,0.1,1.74,0.43,0.32,0.6,3775.11,21.07,962.09,5.37
396,0.1,1.74,0.43,0.32,0.8,3577.04,19.96,1259,7.03
397,0.1,1.74,0.43,0.4,0.2,4548.45,25.39,443.15,2.47
398,0.1,1.74,0.43,0.4,0.4,4291.47,23.95,659.67,3.68
399,0.1,1.74,0.43,0.4,0.6,4057.54,22.65,915.27,5.11
400,0.1,1.74,0.43,0.4,0.8,3851.35,21.5,1204.09,6.72
401,0.1,1.74,0.51,0.1,0.2,3361.32,18.76,648.02,3.62
402,0.1,1.74,0.51,0.1,0.4,3093.29,17.26,961.56,5.37
403,0.1,1.74,0.51,0.1,0.6,2863.47,15.98,1325.83,7.4
404,0.1,1.74,0.51,0.1,0.8,2683.48,14.98,1749.52,9.76
405,0.1,1.74,0.51,0.17,0.2,3632.39,20.27,596.68,3.33
406,0.1,1.74,0.51,0.17,0.4,3356.81,18.74,899.55,5.02
407,0.1,1.74,0.51,0.17,0.6,3116.84,17.4,1251.69,6.99
408,0.1,1.74,0.51,0.17,0.8,2927.4,16.34,1660.23,9.27
409,0.1,1.74,0.51,0.25,0.2,3937.92,21.98,548.53,3.06
410,0.1,1.74,0.51,0.25,0.4,3653.98,20.39,839.8,4.69
411,0.1,1.74,0.51,0.25,0.6,3405.75,19.01,1180.98,6.59
412,0.1,1.74,0.51,0.25,0.8,3206.82,17.9,1575.33,8.79
413,0.1,1.74,0.51,0.32,0.2,4202.6,23.46,513.86,2.87
414,0.1,1.74,0.51,0.32,0.4,3911.24,21.83,795.89,4.44
415,0.1,1.74,0.51,0.32,0.6,3655.89,20.4,1128.3,6.3
416,0.1,1.74,0.51,0.32,0.8,3449.44,19.25,1512.15,8.44
417,0.1,1.74,0.51,0.4,0.2,4496.54,25.1,480.7,2.68
418,0.1,1.74,0.51,0.4,0.4,4198.4,23.43,753.81,4.21
419,0.1,1.74,0.51,0.4,0.6,3933.54,21.95,1076.97,6.01
420,0.1,1.74,0.51,0.4,0.8,3718.05,20.75,1450.11,8.09
421,0.1,1.74,0.59,0.1,0.2,3318.44,18.52,692.12,3.86
422,0.1,1.74,0.59,0.1,0.4,3017.65,16.84,1066.46,5.95
423,0.1,1.74,0.59,0.1,0.6,2777.52,15.5,1511.87,8.44
424,0.1,1.74,0.59,0.1,0.8,2582.46,14.41,2030.49,11.33
425,0.1,1.74,0.59,0.17,0.2,3587.9,20.03,638.88,3.57
426,0.1,1.74,0.59,0.17,0.4,3279.03,18.3,1001.43,5.59
427,0.1,1.74,0.59,0.17,0.6,3025.14,16.88,1430.69,7.99
428,0.1,1.74,0.59,0.17,0.8,2822.67,15.75,1933.89,10.79
429,0.1,1.74,0.59,0.25,0.2,3892.19,21.72,588.82,3.29
430,0.1,1.74,0.59,0.25,0.4,3574.37,19.95,938.58,5.24
431,0.1,1.74,0.59,0.25,0.6,3308.5,18.47,1353.62,7.55
432,0.1,1.74,0.59,0.25,0.8,3098.67,17.29,1840.61,10.27
433,0.1,1.74,0.59,0.32,0.2,4155.85,23.19,552.72,3.08
434,0.1,1.74,0.59,0.32,0.4,3829.28,21.37,891.91,4.98
435,0.1,1.74,0.59,0.32,0.6,3554.79,19.84,1296.43,7.24
436,0.1,1.74,0.59,0.32,0.8,3339.09,18.64,1770.66,9.88
437,0.1,1.74,0.59,0.4,0.2,4448.79,24.83,518.02,2.89
438,0.1,1.74,0.59,0.4,0.4,4113.61,22.96,847.04,4.73
439,0.1,1.74,0.59,0.4,0.6,3827.97,21.36,1240.45,6.92
440,0.1,1.74,0.59,0.4,0.8,3605.53,20.12,1702.36,9.5
441,0.1,1.74,0.67,0.1,0.2,3272.26,18.26,742.31,4.14
442,0.1,1.74,0.67,0.1,0.4,2939.83,16.41,1187.18,6.63
443,0.1,1.74,0.67,0.1,0.6,2690.22,15.01,1729.94,9.66
444,0.1,1.74,0.67,0.1,0.8,2476.87,13.82,2352.84,13.13
445,0.1,1.74,0.67,0.17,0.2,3540.25,19.76,687.08,3.83
446,0.1,1.74,0.67,0.17,0.4,3197.53,17.85,1118.12,6.24
447,0.1,1.74,0.67,0.17,0.6,2934.39,16.38,1641.21,9.16
448,0.1,1.74,0.67,0.17,0.8,2712.58,15.14,2249.41,12.55
449,0.1,1.74,0.67,0.25,0.2,3842.88,21.45,634.9,3.54
450,0.1,1.74,0.67,0.25,0.4,3490.11,19.48,1051.79,5.87
451,0.1,1.74,0.67,0.25,0.6,3214.03,17.94,1556.82,8.69
452,0.1,1.74,0.67,0.25,0.8,2984.95,16.66,2149.04,11.99
453,0.1,1.74,0.67,0.32,0.2,4105.41,22.91,597.23,3.33
454,0.1,1.74,0.67,0.32,0.4,3742.9,20.89,1002.36,5.59
455,0.1,1.74,0.67,0.32,0.6,3456.81,19.29,1494.1,8.34
456,0.1,1.74,0.67,0.32,0.8,3222.76,17.99,2072.92,11.57
457,0.1,1.74,0.67,0.4,0.2,4397.25,24.54,560.99,3.13
458,0.1,1.74,0.67,0.4,0.4,4024.08,22.46,954.37,5.33
459,0.1,1.74,0.67,0.4,0.6,3725.62,20.79,1432.49,8
460,0.1,1.74,0.67,0.4,0.8,3486.88,19.46,1997.24,11.15
461,0.1,1.74,0.75,0.1,0.2,3233.32,18.05,786.65,4.39
462,0.1,1.74,0.75,0.1,0.4,2878.2,16.06,1296.23,7.23
463,0.1,1.74,0.75,0.1,0.6,2618.01,14.61,1926.59,10.75
464,0.1,1.74,0.75,0.1,0.8,2391.4,13.35,2639.04,14.73
465,0.1,1.74,0.75,0.17,0.2,3500.23,19.54,729.83,4.07
466,0.1,1.74,0.75,0.17,0.4,3132.49,17.48,1223.13,6.83
467,0.1,1.74,0.75,0.17,0.6,2859.58,15.96,1832.45,10.23
468,0.1,1.74,0.75,0.17,0.8,2622.55,14.64,2529.95,14.12
469,0.1,1.74,0.75,0.25,0.2,3801.65,21.22,675.95,3.77
470,0.1,1.74,0.75,0.25,0.4,3422.1,19.1,1153.33,6.44
471,0.1,1.74,0.75,0.25,0.6,3136.73,17.51,1741.79,9.72
472,0.1,1.74,0.75,0.25,0.8,2891.56,16.14,2424.83,13.53
473,0.1,1.74,0.75,0.32,0.2,4063.07,22.68,636.95,3.56
474,0.1,1.74,0.75,0.32,0.4,3672.76,20.5,1101.35,6.15
475,0.1,1.74,0.75,0.32,0.6,3378.08,18.85,1674.48,9.35
476,0.1,1.74,0.75,0.32,0.8,3126.92,17.45,2344.38,13.08
477,0.1,1.74,0.75,0.4,0.2,4353.94,24.3,599.41,3.35
478,0.1,1.74,0.75,0.4,0.4,3951.09,22.05,1050.74,5.86
479,0.1,1.74,0.75,0.4,0.6,3645.22,20.34,1608.51,8.98
480,0.1,1.74,0.75,0.4,0.8,3388.98,18.91,2263.87,12.64
481,0.1,2.07,0.35,0.1,0.2,3980.69,22.22,469.55,2.62
482,0.1,2.07,0.35,0.1,0.4,3769.69,21.04,644.39,3.6
483,0.1,2.07,0.35,0.1,0.6,3578.26,19.97,851.31,4.75
484,0.1,2.07,0.35,0.1,0.8,3400.51,18.98,1081.72,6.04
485,0.1,2.07,0.35,0.17,0.2,4260.84,23.78,428.64,2.39
486,0.1,2.07,0.35,0.17,0.4,4043.99,22.57,594.9,3.32
487,0.1,2.07,0.35,0.17,0.6,3846.66,21.47,794.32,4.43
488,0.1,2.07,0.35,0.17,0.8,3664.84,20.45,1018.37,5.68
489,0.1,2.07,0.35,0.25,0.2,4575.31,25.54,390.93,2.18
490,0.1,2.07,0.35,0.25,0.4,4352.52,24.29,548.53,3.06
491,0.1,2.07,0.35,0.25,0.6,4150.07,23.16,740.06,4.13
492,0.1,2.07,0.35,0.25,0.8,3963.34,22.12,956.94,5.34
493,0.1,2.07,0.35,0.32,0.2,4847.48,27.06,363.92,2.03
494,0.1,2.07,0.35,0.32,0.4,4619.74,25.78,515.05,2.87
495,0.1,2.07,0.35,0.32,0.6,4412.84,24.63,700.52,3.91
496,0.1,2.07,0.35,0.32,0.8,4221.38,23.56,911.52,5.09
497,0.1,2.07,0.35,0.4,0.2,5147.13,28.73,338.09,1.89
498,0.1,2.07,0.35,0.4,0.4,4915.76,27.44,483.06,2.7
499,0.1,2.07,0.35,0.4,0.6,4704.67,26.26,662.36,3.7
500,0.1,2.07,0.35,0.4,0.8,4508.4,25.16,867.69,4.84
501,0.1,2.07,0.43,0.1,0.2,3931.33,21.94,505.11,2.82
502,0.1,2.07,0.43,0.1,0.4,3681.55,20.55,732.85,4.09
503,0.1,2.07,0.43,0.1,0.6,3456.72,19.29,1002.15,5.59
504,0.1,2.07,0.43,0.1,0.8,3254.08,18.16,1305.17,7.28
505,0.1,2.07,0.43,0.17,0.2,4210.07,23.5,462.3,2.58
506,0.1,2.07,0.43,0.17,0.4,3952.86,22.06,679.83,3.79
507,0.1,2.07,0.43,0.17,0.6,3722.34,20.78,940.82,5.25
508,0.1,2.07,0.43,0.17,0.8,3513.51,19.61,1234.98,6.89
509,0.1,2.07,0.43,0.25,0.2,4523.03,25.24,422.84,2.36
510,0.1,2.07,0.43,0.25,0.4,4259.15,23.77,629.73,3.51
511,0.1,2.07,0.43,0.25,0.6,4022.18,22.45,881.65,4.92
512,0.1,2.07,0.43,0.25,0.8,3807.44,21.25,1167.23,6.51
513,0.1,2.07,0.43,0.32,0.2,4794.05,26.76,394.48,2.2
514,0.1,2.07,0.43,0.32,0.4,4524.34,25.25,593.48,3.31
515,0.1,2.07,0.43,0.32,0.6,4281.82,23.9,838.18,4.68
516,0.1,2.07,0.43,0.32,0.8,4061.55,22.67,1116.63,6.23
517,0.1,2.07,0.43,0.4,0.2,5092.99,28.43,367.34,2.05
518,0.1,2.07,0.43,0.4,0.4,4818.63,26.89,558.72,3.12
519,0.1,2.07,0.43,0.4,0.6,4570.57,25.51,796.27,4.44
520,0.1,2.07,0.43,0.4,0.8,4343.22,24.24,1067.53,5.96
521,0.1,2.07,0.51,0.1,0.2,3880.85,21.66,544.69,3.04
522,0.1,2.07,0.51,0.1,0.4,3592.45,20.05,831.74,4.64
523,0.1,2.07,0.51,0.1,0.6,3335.58,18.62,1170.97,6.54
524,0.1,2.07,0.51,0.1,0.8,3121.18,17.42,1562.4,8.72
525,0.1,2.07,0.51,0.17,0.2,4158.17,23.21,499.74,2.79
526,0.1,2.07,0.51,0.17,0.4,3861.25,21.55,775.36,4.33
527,0.1,2.07,0.51,0.17,0.6,3598.12,20.08,1105.03,6.17
528,0.1,2.07,0.51,0.17,0.8,3373.47,18.83,1483.16,8.28
529,0.1,2.07,0.51,0.25,0.2,4469.63,24.95,458.17,2.56
530,0.1,2.07,0.51,0.25,0.4,4165.01,23.25,721.71,4.03
531,0.1,2.07,0.51,0.25,0.6,3894.79,21.74,1041.12,5.81
532,0.1,2.07,0.51,0.25,0.8,3660.98,20.43,1407.82,7.86
533,0.1,2.07,0.51,0.32,0.2,4739.43,26.45,428.33,2.39
534,0.1,2.07,0.51,0.32,0.4,4428.08,24.71,682.64,3.81
535,0.1,2.07,0.51,0.32,0.6,4151.12,23.17,993.51,5.55
536,0.1,2.07,0.51,0.32,0.8,3910.78,21.83,1351.84,7.54
537,0.1,2.07,0.51,0.4,0.2,5037.51,28.12,399.84,2.23
538,0.1,2.07,0.51,0.4,0.4,4720.25,26.34,644.95,3.6
539,0.1,2.07,0.51,0.4,0.6,4435.85,24.76,947.49,5.29
540,0.1,2.07,0.51,0.4,0.8,4187.26,23.37,1296.54,7.24
541,0.1,2.07,0.59,0.1,0.2,3835.39,21.41,582.99,3.25
542,0.1,2.07,0.59,0.1,0.4,3513.02,19.61,927.61,5.18
543,0.1,2.07,0.59,0.1,0.6,3233.28,18.05,1338.3,7.47
544,0.1,2.07,0.59,0.1,0.8,3013.92,16.82,1821.59,10.17
545,0.1,2.07,0.59,0.17,0.2,4111.44,22.95,536.15,2.99
546,0.1,2.07,0.59,0.17,0.4,3779.81,21.1,868.26,4.85
547,0.1,2.07,0.59,0.17,0.6,3491.74,19.49,1266.85,7.07
548,0.1,2.07,0.59,0.17,0.8,3261.82,18.21,1733.9,9.68
549,0.1,2.07,0.59,0.25,0.2,4421.7,24.68,492.7,2.75
550,0.1,2.07,0.59,0.25,0.4,4081.31,22.78,811.43,4.53
551,0.1,2.07,0.59,0.25,0.6,3784.92,21.12,1198.15,6.69
552,0.1,2.07,0.59,0.25,0.8,3544.67,19.78,1650.11,9.21
553,0.1,2.07,0.59,0.32,0.2,4690.45,26.18,461.4,2.58
554,0.1,2.07,0.59,0.32,0.4,4342.49,24.24,769.85,4.3
555,0.1,2.07,0.59,0.32,0.6,4038.42,22.54,1146.67,6.4
556,0.1,2.07,0.59,0.32,0.8,3789.92,21.15,1587.65,8.86
557,0.1,2.07,0.59,0.4,0.2,4987.63,27.84,431.55,2.41
558,0.1,2.07,0.59,0.4,0.4,4632.76,25.86,729.8,4.07
559,0.1,2.07,0.59,0.4,0.6,4319.14,24.11,1096.7,6.12
560,0.1,2.07,0.59,0.4,0.8,4061.83,22.67,1526.53,8.52
561,0.1,2.07,0.67,0.1,0.2,3785.76,21.13,627.44,3.5
562,0.1,2.07,0.67,0.1,0.4,3427.23,19.13,1038.59,5.8
563,0.1,2.07,0.67,0.1,0.6,3131.77,17.48,1536.47,8.58
564,0.1,2.07,0.67,0.1,0.8,2900.33,16.19,2126.55,11.87
565,0.1,2.07,0.67,0.17,0.2,4060.55,22.66,578.61,3.23
566,0.1,2.07,0.67,0.17,0.4,3692.25,20.61,976.24,5.45
567,0.1,2.07,0.67,0.17,0.6,3384.67,18.89,1458.09,8.14
568,0.1,2.07,0.67,0.17,0.8,3144.46,17.55,2031.26,11.34
569,0.1,2.07,0.67,0.25,0.2,4369.46,24.39,532.99,2.97
570,0.1,2.07,0.67,0.25,0.4,3991.33,22.28,915.94,5.11
571,0.1,2.07,0.67,0.25,0.6,3672.73,20.5,1383.54,7.72
572,0.1,2.07,0.67,0.25,0.8,3423.96,19.11,1938.76,10.82
573,0.1,2.07,0.67,0.32,0.2,4637.08,25.88,500.1,2.79
574,0.1,2.07,0.67,0.32,0.4,4250.05,23.72,871.48,4.86
575,0.1,2.07,0.67,0.32,0.6,3922.91,21.89,1327.99,7.41
576,0.1,2.07,0.67,0.32,0.8,3666.92,20.47,1869.4,10.43
577,0.1,2.07,0.67,0.4,0.2,4933.37,27.53,468.71,2.62
578,0.1,2.07,0.67,0.4,0.4,4537.89,25.33,828.63,4.62
579,0.1,2.07,0.67,0.4,0.6,4199.76,23.44,1273.17,7.11
580,0.1,2.07,0.67,0.4,0.8,3936.2,21.97,1801.32,10.05
581,0.1,2.07,0.75,0.1,0.2,3743.39,20.89,667.83,3.73
582,0.1,2.07,0.75,0.1,0.4,3355.19,18.73,1139.77,6.36
583,0.1,2.07,0.75,0.1,0.6,3052.4,17.04,1722.02,9.61
584,0.1,2.07,0.75,0.1,0.8,2805.43,15.66,2405.08,13.42
585,0.1,2.07,0.75,0.17,0.2,4016.95,22.42,617.39,3.45
586,0.1,2.07,0.75,0.17,0.4,3618.32,20.19,1074.71,6
587,0.1,2.07,0.75,0.17,0.6,3301.65,18.43,1637.54,9.14
588,0.1,2.07,0.75,0.17,0.8,3046.21,17,2304.14,12.86
589,0.1,2.07,0.75,0.25,0.2,4324.87,24.14,569.97,3.18
590,0.1,2.07,0.75,0.25,0.4,3915.59,21.85,1011.59,5.65
591,0.1,2.07,0.75,0.25,0.6,3585.49,20.01,1556.52,8.69
592,0.1,2.07,0.75,0.25,0.8,3323.15,18.55,2205.83,12.31
593,0.1,2.07,0.75,0.32,0.2,4591.48,25.63,535.71,2.99
594,0.1,2.07,0.75,0.32,0.4,4172.4,23.29,964.66,5.38
595,0.1,2.07,0.75,0.32,0.6,3832.15,21.39,1496.41,8.35
596,0.1,2.07,0.75,0.32,0.8,3563.77,19.89,2131.1,11.89
597,0.1,2.07,0.75,0.4,0.2,4887.02,27.28,502.95,2.81
598,0.1,2.07,0.75,0.4,0.4,4457.82,24.88,919.34,5.13
599,0.1,2.07,0.75,0.4,0.6,4105.61,22.91,1437.58,8.02
600,0.1,2.07,0.75,0.4,0.8,3830.82,21.38,2057.2,11.48
601,0.1,2.4,0.35,0.1,0.2,4526.73,25.26,393.89,2.2
602,0.1,2.4,0.35,0.1,0.4,4297.56,23.99,548.06,3.06
603,0.1,2.4,0.35,0.1,0.6,4091.14,22.83,737.49,4.12
604,0.1,2.4,0.35,0.1,0.8,3901.28,21.77,954.64,5.33
605,0.1,2.4,0.35,0.17,0.2,4811.84,26.86,358.4,2
606,0.1,2.4,0.35,0.17,0.4,4576.9,25.54,504.36,2.81
607,0.1,2.4,0.35,0.17,0.6,4365.4,24.36,686,3.83
608,0.1,2.4,0.35,0.17,0.8,4170.86,23.28,896.35,5
609,0.1,2.4,0.35,0.25,0.2,5131.71,28.64,325.83,1.82
610,0.1,2.4,0.35,0.25,0.4,4890.42,27.29,463.98,2.59
611,0.1,2.4,0.35,0.25,0.6,4673.61,26.08,637.31,3.56
612,0.1,2.4,0.35,0.25,0.8,4474.58,24.97,840.48,4.69
613,0.1,2.4,0.35,0.32,0.2,5407.5,30.18,302.65,1.69
614,0.1,2.4,0.35,0.32,0.4,5161.87,28.81,434.9,2.43
615,0.1,2.4,0.35,0.32,0.6,4940.35,27.57,602.12,3.36
616,0.1,2.4,0.35,0.32,0.8,4737.04,26.44,799.47,4.46
617,0.1,2.4,0.35,0.4,0.2,5710.16,31.87,280.25,1.56
618,0.1,2.4,0.35,0.4,0.4,5461.24,30.48,406.97,2.27
619,0.1,2.4,0.35,0.4,0.6,5236.05,29.22,568.24,3.17
620,0.1,2.4,0.35,0.4,0.8,5028.5,28.07,759.77,4.24
621,0.1,2.4,0.43,0.1,0.2,4472.87,24.96,425.05,2.37
622,0.1,2.4,0.43,0.1,0.4,4202.06,23.45,628.26,3.51
623,0.1,2.4,0.43,0.1,0.6,3960.89,22.11,879.24,4.91
624,0.1,2.4,0.43,0.1,0.8,3740.4,20.88,1165.29,6.5
625,0.1,2.4,0.43,0.17,0.2,4756.6,26.55,387.82,2.16
626,0.1,2.4,0.43,0.17,0.4,4479.16,25,580.87,3.24
627,0.1,2.4,0.43,0.17,0.6,4231.99,23.62,823.12,4.59
628,0.1,2.4,0.43,0.17,0.8,4006.4,22.36,1101.43,6.15
629,0.1,2.4,0.43,0.25,0.2,5075,28.32,353.58,1.97
630,0.1,2.4,0.43,0.25,0.4,4790.15,26.74,536.77,3
631,0.1,2.4,0.43,0.25,0.6,4537.15,25.32,769.57,4.3
632,0.1,2.4,0.43,0.25,0.8,4306.3,24.03,1039.58,5.8
633,0.1,2.4,0.43,0.32,0.2,5349.94,29.86,329.15,1.84
634,0.1,2.4,0.43,0.32,0.4,5059.34,28.24,504.86,2.82
635,0.1,2.4,0.43,0.32,0.6,4800.9,26.8,730.39,4.08
636,0.1,2.4,0.43,0.32,0.8,4564.66,25.48,993.66,5.55
637,0.1,2.4,0.43,0.4,0.2,5651.96,31.55,305.59,1.71
638,0.1,2.4,0.43,0.4,0.4,5357.07,29.9,474.33,2.65
639,0.1,2.4,0.43,0.4,0.6,5093.75,28.43,692.58,3.87
640,0.1,2.4,0.43,0.4,0.8,4851.8,27.08,949.2,5.3
641,0.1,2.4,0.51,0.1,0.2,4420.07,24.67,458.02,2.56
642,0.1,2.4,0.51,0.1,0.4,4109.93,22.94,715,3.99
643,0.1,2.4,0.51,0.1,0.6,3836.08,21.41,1031.64,5.76
644,0.1,2.4,0.51,0.1,0.8,3592.11,20.05,1395.66,7.79
645,0.1,2.4,0.51,0.17,0.2,4702.56,26.25,419.01,2.34
646,0.1,2.4,0.51,0.17,0.4,4384.81,24.47,664.24,3.71
647,0.1,2.4,0.51,0.17,0.6,4104.3,22.91,971.25,5.42
648,0.1,2.4,0.51,0.17,0.8,3853.7,21.51,1325.09,7.4
649,0.1,2.4,0.51,0.25,0.2,5019.55,28.02,383.06,2.14
650,0.1,2.4,0.51,0.25,0.4,4693.56,26.2,616.43,3.44
651,0.1,2.4,0.51,0.25,0.6,4406.43,24.59,912.96,5.1
652,0.1,2.4,0.51,0.25,0.8,4149.3,23.16,1256.85,7.01
653,0.1,2.4,0.51,0.32,0.2,5293.45,29.54,357.29,1.99
654,0.1,2.4,0.51,0.32,0.4,4960.69,27.69,581.87,3.25
655,0.1,2.4,0.51,0.32,0.6,4667.31,26.05,870.06,4.86
656,0.1,2.4,0.51,0.32,0.8,4403.99,24.58,1205.61,6.73
657,0.1,2.4,0.51,0.4,0.2,5594.72,31.23,332.51,1.86
658,0.1,2.4,0.51,0.4,0.4,5256.72,29.34,548.64,3.06
659,0.1,2.4,0.51,0.4,0.6,4957.14,27.67,828.52,4.62
660,0.1,2.4,0.51,0.4,0.8,4685.64,26.15,1155.72,6.45
661,0.1,2.4,0.59,0.1,0.2,4371.29,24.4,491,2.74
662,0.1,2.4,0.59,0.1,0.4,4026.18,22.47,802.84,4.48
663,0.1,2.4,0.59,0.1,0.6,3723.53,20.78,1185.5,6.62
664,0.1,2.4,0.59,0.1,0.8,3467.73,19.35,1632.69,9.11
665,0.1,2.4,0.59,0.17,0.2,4652.64,25.97,450.33,2.51
666,0.1,2.4,0.59,0.17,0.4,4298.91,23.99,749.11,4.18
667,0.1,2.4,0.59,0.17,0.6,3989.01,22.26,1120.95,6.26
668,0.1,2.4,0.59,0.17,0.8,3723.56,20.78,1554.56,8.68
669,0.1,2.4,0.59,0.25,0.2,4968.27,27.73,412.74,2.3
670,0.1,2.4,0.59,0.25,0.4,4605.51,25.7,697.96,3.9
671,0.1,2.4,0.59,0.25,0.6,4288.53,23.94,1058.47,5.91
672,0.1,2.4,0.59,0.25,0.8,4014.56,22.41,1479.93,8.26
673,0.1,2.4,0.59,0.32,0.2,5241.23,29.25,385.74,2.15
674,0.1,2.4,0.59,0.32,0.4,4870.74,27.18,660.8,3.69
675,0.1,2.4,0.59,0.32,0.6,4546.42,25.37,1012.05,5.65
676,0.1,2.4,0.59,0.32,0.8,4266,23.81,1424.11,7.95
677,0.1,2.4,0.59,0.4,0.2,5541.78,30.93,359.77,2.01
678,0.1,2.4,0.59,0.4,0.4,5165.04,28.83,625.15,3.49
679,0.1,2.4,0.59,0.4,0.6,4833,26.97,967.09,5.4
680,0.1,2.4,0.59,0.4,0.8,4543.45,25.36,1369.16,7.64
681,0.1,2.4,0.67,0.1,0.2,4318.1,24.1,530,2.96
682,0.1,2.4,0.67,0.1,0.4,3935.2,21.96,906.07,5.06
683,0.1,2.4,0.67,0.1,0.6,3605.73,20.12,1369.07,7.64
684,0.1,2.4,0.67,0.1,0.8,3345.09,18.67,1919.35,10.71
685,0.1,2.4,0.67,0.17,0.2,4598.06,25.66,487.21,2.72
686,0.1,2.4,0.67,0.17,0.4,4205.63,23.47,849.08,4.74
687,0.1,2.4,0.67,0.17,0.6,3867.73,21.59,1299.12,7.25
688,0.1,2.4,0.67,0.17,0.8,3595.92,20.07,1832.45,10.23
689,0.1,2.4,0.67,0.25,0.2,4912.19,27.42,447.72,2.5
690,0.1,2.4,0.67,0.25,0.4,4510.26,25.17,794.68,4.44
691,0.1,2.4,0.67,0.25,0.6,4163.67,23.24,1231.42,6.87
692,0.1,2.4,0.67,0.25,0.8,3881.4,21.66,1748.85,9.76
693,0.1,2.4,0.67,0.32,0.2,5184.05,28.93,419.29,2.34
694,0.1,2.4,0.67,0.32,0.4,4773.42,26.64,754.81,4.21
695,0.1,2.4,0.67,0.32,0.6,4418.68,24.66,1180.7,6.59
696,0.1,2.4,0.67,0.32,0.8,4128.36,23.04,1686.59,9.41
697,0.1,2.4,0.67,0.4,0.2,5483.72,30.61,391.99,2.19
698,0.1,2.4,0.67,0.4,0.4,5065.66,28.27,716.31,4
699,0.1,2.4,0.67,0.4,0.6,4700.82,26.24,1131.42,6.31
700,0.1,2.4,0.67,0.4,0.8,4401.76,24.57,1625.6,9.07
701,0.1,2.4,0.75,0.1,0.2,4273.49,23.85,565.39,3.16
702,0.1,2.4,0.75,0.1,0.4,3859.44,21.54,999.39,5.58
703,0.1,2.4,0.75,0.1,0.6,3512.87,19.61,1537.37,8.58
704,0.1,2.4,0.75,0.1,0.8,3244.76,18.11,2182.08,12.18
705,0.1,2.4,0.75,0.17,0.2,4552.3,25.41,520.83,2.91
706,0.1,2.4,0.75,0.17,0.4,4128.12,23.04,939.83,5.25
707,0.1,2.4,0.75,0.17,0.6,3771.01,21.05,1462.25,8.16
708,0.1,2.4,0.75,0.17,0.8,3492.87,19.49,2088.6,11.66
709,0.1,2.4,0.75,0.25,0.2,4865.15,27.15,479.59,2.68
710,0.1,2.4,0.75,0.25,0.4,4430.83,24.73,882.44,4.93
711,0.1,2.4,0.75,0.25,0.6,4063.83,22.68,1390.28,7.76
712,0.1,2.4,0.75,0.25,0.8,3775.97,21.07,1998.09,11.15
713,0.1,2.4,0.75,0.32,0.2,5135.94,28.67,449.88,2.51
714,0.1,2.4,0.75,0.32,0.4,4692.27,26.19,840.32,4.69
715,0.1,2.4,0.75,0.32,0.6,4316.61,24.09,1336.32,7.46
716,0.1,2.4,0.75,0.32,0.8,4020.93,22.44,1930.05,10.77
717,0.1,2.4,0.75,0.4,0.2,5434.91,30.33,421.44,2.35
718,0.1,2.4,0.75,0.4,0.4,4982.67,27.81,799.54,4.46
719,0.1,2.4,0.75,0.4,0.6,4595.49,25.65,1283.1,7.16
720,0.1,2.4,0.75,0.4,0.8,4292.13,23.96,1863.25,10.4
721,0.18,0.75,0.35,0.1,0.2,2701.49,15.08,778.31,4.34
722,0.18,0.75,0.35,0.1,0.4,2540.4,14.18,999.99,5.58
723,0.18,0.75,0.35,0.1,0.6,2408.27,13.44,1248.18,6.97
724,0.18,0.75,0.35,0.1,0.8,2296.4,12.82,1523.67,8.5
725,0.18,0.75,0.35,0.17,0.2,2965.52,16.55,722.79,4.03
726,0.18,0.75,0.35,0.17,0.4,2798.98,15.62,937.21,5.23
727,0.18,0.75,0.35,0.17,0.6,2656.21,14.83,1175.42,6.56
728,0.18,0.75,0.35,0.17,0.8,2539.87,14.18,1441.88,8.05
729,0.18,0.75,0.35,0.25,0.2,3264.18,18.22,670.46,3.74
730,0.18,0.75,0.35,0.25,0.4,3091.59,17.25,877.21,4.9
731,0.18,0.75,0.35,0.25,0.6,2940.48,16.41,1106.27,6.17
732,0.18,0.75,0.35,0.25,0.8,2817.77,15.73,1363.21,7.61
733,0.18,0.75,0.35,0.32,0.2,3522.61,19.66,632.67,3.53
734,0.18,0.75,0.35,0.32,0.4,3343.56,18.66,833.47,4.65
735,0.18,0.75,0.35,0.32,0.6,3185.38,17.78,1055.41,5.89
736,0.18,0.75,0.35,0.32,0.8,3057.27,17.06,1304.58,7.28
737,0.18,0.75,0.35,0.4,0.2,3808.78,21.26,595.95,3.33
738,0.18,0.75,0.35,0.4,0.4,3624.44,20.23,791.24,4.42
739,0.18,0.75,0.35,0.4,0.6,3458.09,19.3,1006.79,5.62
740,0.18,0.75,0.35,0.4,0.8,3321.28,18.54,1247.48,6.96
741,0.18,0.75,0.43,0.1,0.2,2659.21,14.84,832.37,4.65
742,0.18,0.75,0.43,0.1,0.4,2469.32,13.78,1121.56,6.26
743,0.18,0.75,0.43,0.1,0.6,2323.29,12.97,1455.27,8.12
744,0.18,0.75,0.43,0.1,0.8,2189.89,12.22,1824.79,10.18
745,0.18,0.75,0.43,0.17,0.2,2922,16.31,775.02,4.33
746,0.18,0.75,0.43,0.17,0.4,2722.88,15.2,1054.18,5.88
747,0.18,0.75,0.43,0.17,0.6,2567.66,14.33,1375.47,7.68
748,0.18,0.75,0.43,0.17,0.8,2429.54,13.56,1733.53,9.68
749,0.18,0.75,0.43,0.25,0.2,3218.94,17.97,720.6,4.02
750,0.18,0.75,0.43,0.25,0.4,3011.68,16.81,989.8,5.52
751,0.18,0.75,0.43,0.25,0.6,2846.53,15.89,1298.86,7.25
752,0.18,0.75,0.43,0.25,0.8,2703.59,15.09,1645.59,9.18
753,0.18,0.75,0.43,0.32,0.2,3475.76,19.4,681.35,3.8
754,0.18,0.75,0.43,0.32,0.4,3260.28,18.2,942.81,5.26
755,0.18,0.75,0.43,0.32,0.6,3086.75,17.23,1241.96,6.93
756,0.18,0.75,0.43,0.32,0.8,2940.15,16.41,1579.87,8.82
757,0.18,0.75,0.43,0.4,0.2,3760.89,20.99,643.32,3.59
758,0.18,0.75,0.43,0.4,0.4,3537.56,19.74,897.66,5.01
759,0.18,0.75,0.43,0.4,0.6,3351.77,18.71,1186.58,6.62
760,0.18,0.75,0.43,0.4,0.8,3201.12,17.87,1515.58,8.46
761,0.18,0.75,0.51,0.1,0.2,2616.57,14.6,889.89,4.97
762,0.18,0.75,0.51,0.1,0.4,2405.58,13.43,1256.23,7.01
763,0.18,0.75,0.51,0.1,0.6,2238.92,12.5,1683.22,9.39
764,0.18,0.75,0.51,0.1,0.8,2085.27,11.64,2155.02,12.03
765,0.18,0.75,0.51,0.17,0.2,2877.95,16.06,830.63,4.64
766,0.18,0.75,0.51,0.17,0.4,2653.16,14.81,1183.07,6.6
767,0.18,0.75,0.51,0.17,0.6,2480.3,13.84,1596.14,8.91
768,0.18,0.75,0.51,0.17,0.8,2321.16,12.96,2056.39,11.48
769,0.18,0.75,0.51,0.25,0.2,3173.25,17.71,774.23,4.32
770,0.18,0.75,0.51,0.25,0.4,2936.98,16.39,1113.51,6.21
771,0.18,0.75,0.51,0.25,0.6,2756.14,15.38,1512.6,8.44
772,0.18,0.75,0.51,0.25,0.8,2591.29,14.46,1960.09,10.94
773,0.18,0.75,0.51,0.32,0.2,3428.39,19.13,733.38,4.09
774,0.18,0.75,0.51,0.32,0.4,3181.6,17.76,1062.34,5.93
775,0.18,0.75,0.51,0.32,0.6,2993.99,16.71,1450.28,8.09
776,0.18,0.75,0.51,0.32,0.8,2825.03,15.77,1887.13,10.53
777,0.18,0.75,0.51,0.4,0.2,3712.26,20.72,693.89,3.87
778,0.18,0.75,0.51,0.4,0.4,3453.92,19.28,1013.44,5.66
779,0.18,0.75,0.51,0.4,0.6,3256.33,18.17,1389.1,7.75
780,0.18,0.75,0.51,0.4,0.8,3083.55,17.21,1814.94,10.13
781,0.18,0.75,0.59,0.1,0.2,2577.49,14.39,945.23,5.28
782,0.18,0.75,0.59,0.1,0.4,2350.1,13.12,1389.69,7.76
783,0.18,0.75,0.59,0.1,0.6,2162.48,12.07,1909.26,10.66
784,0.18,0.75,0.59,0.1,0.8,1993.14,11.12,2477.55,13.83
785,0.18,0.75,0.59,0.17,0.2,2837.57,15.84,884.23,4.94
786,0.18,0.75,0.59,0.17,0.4,2595.35,14.49,1311.83,7.32
787,0.18,0.75,0.59,0.17,0.6,2401.31,13.4,1815.73,10.13
788,0.18,0.75,0.59,0.17,0.8,2224.66,12.42,2372.58,13.24
789,0.18,0.75,0.59,0.25,0.2,3131.46,17.48,826.01,4.61
790,0.18,0.75,0.59,0.25,0.4,2875.17,16.05,1237.38,6.91
791,0.18,0.75,0.59,0.25,0.6,2674.37,14.93,1725.25,9.63
792,0.18,0.75,0.59,0.25,0.8,2490.85,13.9,2270.33,12.67
793,0.18,0.75,0.59,0.32,0.2,3384.9,18.89,783.65,4.37
794,0.18,0.75,0.59,0.32,0.4,3116.09,17.39,1182.02,6.6
795,0.18,0.75,0.59,0.32,0.6,2910.22,16.24,1657.51,9.25
796,0.18,0.75,0.59,0.32,0.8,2722.33,15.19,2192.56,12.24
797,0.18,0.75,0.59,0.4,0.2,3667.38,20.47,742.78,4.15
798,0.18,0.75,0.59,0.4,0.4,3383.18,18.88,1128.72,6.3
799,0.18,0.75,0.59,0.4,0.6,3170.52,17.7,1591.05,8.88
800,0.18,0.75,0.59,0.4,0.8,2978.57,16.62,2114.64,11.8
801,0.18,0.75,0.67,0.1,0.2,2542.11,14.19,996.71,5.56
802,0.18,0.75,0.67,0.1,0.4,2299.21,12.83,1515.83,8.46
803,0.18,0.75,0.67,0.1,0.6,2093.91,11.69,2122.94,11.85
804,0.18,0.75,0.67,0.1,0.8,1912.03,10.67,2784.93,15.54
805,0.18,0.75,0.67,0.17,0.2,2800.76,15.63,934.03,5.21
806,0.18,0.75,0.67,0.17,0.4,2542.8,14.19,1434.21,8
807,0.18,0.75,0.67,0.17,0.6,2330.23,13.01,2024.98,11.3
808,0.18,0.75,0.67,0.17,0.8,2139,11.94,2672.63,14.92
809,0.18,0.75,0.67,0.25,0.2,3093.42,17.27,874.12,4.88
810,0.18,0.75,0.67,0.25,0.4,2820.82,15.74,1355.71,7.57
811,0.18,0.75,0.67,0.25,0.6,2600.7,14.52,1929.35,10.77
812,0.18,0.75,0.67,0.25,0.8,2401.53,13.4,2564.6,14.31
813,0.18,0.75,0.67,0.32,0.2,3345.43,18.67,830.45,4.63
814,0.18,0.75,0.67,0.32,0.4,3060.41,17.08,1297.25,7.24
815,0.18,0.75,0.67,0.32,0.6,2834.68,15.82,1857,10.36
816,0.18,0.75,0.67,0.32,0.8,2630.64,14.68,2482.73,13.86
817,0.18,0.75,0.67,0.4,0.2,3626.36,20.24,788.29,4.4
818,0.18,0.75,0.67,0.4,0.4,3324.49,18.55,1240.3,6.92
819,0.18,0.75,0.67,0.4,0.6,3093.37,17.26,1785.51,9.97
820,0.18,0.75,0.67,0.4,0.8,2884.97,16.1,2400.79,13.4
821,0.18,0.75,0.75,0.1,0.2,2507.3,13.99,1053.63,5.88
822,0.18,0.75,0.75,0.1,0.4,2248.06,12.55,1656.15,9.24
823,0.18,0.75,0.75,0.1,0.6,2025.79,11.31,2357.04,13.16
824,0.18,0.75,0.75,0.1,0.8,1832.5,10.23,3123.77,17.43
825,0.18,0.75,0.75,0.17,0.2,2763.72,15.43,988.79,5.52
826,0.18,0.75,0.75,0.17,0.4,2489.8,13.9,1569.88,8.76
827,0.18,0.75,0.75,0.17,0.6,2258.88,12.61,2254.55,12.58
828,0.18,0.75,0.75,0.17,0.8,2053.82,11.46,3003.61,16.76
829,0.18,0.75,0.75,0.25,0.2,3054.85,17.05,926.98,5.17
830,0.18,0.75,0.75,0.25,0.4,2765.97,15.44,1487.2,8.3
831,0.18,0.75,0.75,0.25,0.6,2526.67,14.1,2154.44,12.02
832,0.18,0.75,0.75,0.25,0.8,2312.18,12.9,2889.26,16.13
833,0.18,0.75,0.75,0.32,0.2,3305.43,18.45,881.85,4.92
834,0.18,0.75,0.75,0.32,0.4,3004.06,16.77,1425.44,7.96
835,0.18,0.75,0.75,0.32,0.6,2758.88,15.4,2078.3,11.6
836,0.18,0.75,0.75,0.32,0.8,2538.48,14.17,2802.52,15.64
837,0.18,0.75,0.75,0.4,0.2,3584.72,20.01,838.32,4.68
838,0.18,0.75,0.75,0.4,0.4,3266.66,18.23,1364.89,7.62
839,0.18,0.75,0.75,0.4,0.6,3015.95,16.83,2002.23,11.17
840,0.18,0.75,0.75,0.4,0.8,2790.3,15.57,2715.84,15.16
841,0.18,1.08,0.35,0.1,0.2,3275.46,18.28,629.23,3.51
842,0.18,1.08,0.35,0.1,0.4,3096,17.28,829.82,4.63
843,0.18,1.08,0.35,0.1,0.6,2931.89,16.36,1051.97,5.87
844,0.18,1.08,0.35,0.1,0.8,2791.25,15.58,1297.78,7.24
845,0.18,1.08,0.35,0.17,0.2,3547.35,19.8,581.64,3.25
846,0.18,1.08,0.35,0.17,0.4,3362.75,18.77,775.16,4.33
847,0.18,1.08,0.35,0.17,0.6,3193.42,17.82,990.7,5.53
848,0.18,1.08,0.35,0.17,0.8,3044.99,16.99,1228.22,6.86
849,0.18,1.08,0.35,0.25,0.2,3855.42,21.52,537.51,3
850,0.18,1.08,0.35,0.25,0.4,3664.28,20.45,723.35,4.04
851,0.18,1.08,0.35,0.25,0.6,3489.2,19.47,931.98,5.2
852,0.18,1.08,0.35,0.25,0.8,3333.91,18.61,1161.51,6.48
853,0.18,1.08,0.35,0.32,0.2,4119.77,22.99,505.36,2.82
854,0.18,1.08,0.35,0.32,0.4,3924.36,21.9,685.8,3.83
855,0.18,1.08,0.35,0.32,0.6,3743.46,20.89,888.82,4.96
856,0.18,1.08,0.35,0.32,0.8,3581.62,19.99,1112.31,6.21
857,0.18,1.08,0.35,0.4,0.2,4410.25,24.61,474.25,2.65
858,0.18,1.08,0.35,0.4,0.4,4212.05,23.51,649.36,3.62
859,0.18,1.08,0.35,0.4,0.6,4026.5,22.47,847.03,4.73
860,0.18,1.08,0.35,0.4,0.8,3857.25,21.53,1064.81,5.94
861,0.18,1.08,0.43,0.1,0.2,3230.06,18.03,676.03,3.77
862,0.18,1.08,0.43,0.1,0.4,3013.24,16.82,935.99,5.22
863,0.18,1.08,0.43,0.1,0.6,2825.51,15.77,1229.6,6.86
864,0.18,1.08,0.43,0.1,0.8,2676.28,14.94,1565.23,8.74
865,0.18,1.08,0.43,0.17,0.2,3500.62,19.54,626.6,3.5
866,0.18,1.08,0.43,0.17,0.4,3277.61,18.29,878.17,4.9
867,0.18,1.08,0.43,0.17,0.6,3081.6,17.2,1162.52,6.49
868,0.18,1.08,0.43,0.17,0.8,2924.41,16.32,1486.33,8.3
869,0.18,1.08,0.43,0.25,0.2,3806.88,21.25,580.54,3.24
870,0.18,1.08,0.43,0.25,0.4,3576.07,19.96,822.85,4.59
871,0.18,1.08,0.43,0.25,0.6,3372.49,18.82,1098.14,6.13
872,0.18,1.08,0.43,0.25,0.8,3206.75,17.9,1410.73,7.87
873,0.18,1.08,0.43,0.32,0.2,4070.39,22.72,547.01,3.05
874,0.18,1.08,0.43,0.32,0.4,3833.45,21.4,782.58,4.37
875,0.18,1.08,0.43,0.32,0.6,3621.76,20.21,1050.68,5.86
876,0.18,1.08,0.43,0.32,0.8,3448.78,19.25,1354.47,7.56
877,0.18,1.08,0.43,0.4,0.2,4360.25,24.34,514.48,2.87
878,0.18,1.08,0.43,0.4,0.4,4119.22,22.99,743.64,4.15
879,0.18,1.08,0.43,0.4,0.6,3899.34,21.76,1004.76,5.61
880,0.18,1.08,0.43,0.4,0.8,3715.82,20.74,1299.49,7.25
881,0.18,1.08,0.51,0.1,0.2,3185.05,17.78,724.96,4.05
882,0.18,1.08,0.51,0.1,0.4,2933.75,16.37,1048.27,5.85
883,0.18,1.08,0.51,0.1,0.6,2734.14,15.26,1425.39,7.96
884,0.18,1.08,0.51,0.1,0.8,2566.46,14.32,1857.14,10.37
885,0.18,1.08,0.51,0.17,0.2,3454.33,19.28,673.75,3.76
886,0.18,1.08,0.51,0.17,0.4,3195.32,17.83,987.09,5.51
887,0.18,1.08,0.51,0.17,0.6,2984.07,16.65,1350.77,7.54
888,0.18,1.08,0.51,0.17,0.8,2811.07,15.69,1769.71,9.88
889,0.18,1.08,0.51,0.25,0.2,3758.98,20.98,625.8,3.49
890,0.18,1.08,0.51,0.25,0.4,3491.15,19.49,928.44,5.18
891,0.18,1.08,0.51,0.25,0.6,3268.57,18.24,1279.49,7.14
892,0.18,1.08,0.51,0.25,0.8,3089.81,17.25,1685.03,9.4
893,0.18,1.08,0.51,0.32,0.2,4021.48,22.44,590.92,3.3
894,0.18,1.08,0.51,0.32,0.4,3745.45,20.9,885.35,4.94
895,0.18,1.08,0.51,0.32,0.6,3512.81,19.61,1226.73,6.85
896,0.18,1.08,0.51,0.32,0.8,3329.62,18.58,1622,9.05
897,0.18,1.08,0.51,0.4,0.2,4310.62,24.06,557.01,3.11
898,0.18,1.08,0.51,0.4,0.4,4028.53,22.48,843.64,4.71
899,0.18,1.08,0.51,0.4,0.6,3784.23,21.12,1175.76,6.56
900,0.18,1.08,0.51,0.4,0.8,3593.57,20.06,1560.48,8.71
901,0.18,1.08,0.59,0.1,0.2,3143.63,17.55,772.26,4.31
902,0.18,1.08,0.59,0.1,0.4,2864.73,15.99,1158.88,6.47
903,0.18,1.08,0.59,0.1,0.6,2654.08,14.81,1620.91,9.05
904,0.18,1.08,0.59,0.1,0.8,2468.35,13.78,2146.17,11.98
905,0.18,1.08,0.59,0.17,0.2,3411.7,19.04,719.38,4.02
906,0.18,1.08,0.59,0.17,0.4,3123.07,17.43,1094.18,6.11
907,0.18,1.08,0.59,0.17,0.6,2901.58,16.19,1540.22,8.6
908,0.18,1.08,0.59,0.17,0.8,2709.71,15.12,2052.35,11.45
909,0.18,1.08,0.59,0.25,0.2,3714.89,20.73,669.67,3.74
910,0.18,1.08,0.59,0.25,0.4,3415.73,19.06,1032.06,5.76
911,0.18,1.08,0.59,0.25,0.6,3183.19,17.77,1462.85,8.16
912,0.18,1.08,0.59,0.25,0.8,2985.07,16.66,1960.31,10.94
913,0.18,1.08,0.59,0.32,0.2,3976.35,22.19,633.59,3.54
914,0.18,1.08,0.59,0.32,0.4,3666.96,20.47,986.36,5.51
915,0.18,1.08,0.59,0.32,0.6,3424.85,19.12,1405.32,7.84
916,0.18,1.08,0.59,0.32,0.8,3222.62,17.99,1890.98,10.55
917,0.18,1.08,0.59,0.4,0.2,4264.94,23.8,598.48,3.34
918,0.18,1.08,0.59,0.4,0.4,3946.86,22.03,942.04,5.26
919,0.18,1.08,0.59,0.4,0.6,3691.06,20.6,1349.01,7.53
920,0.18,1.08,0.59,0.4,0.8,3484.18,19.45,1822.52,10.17
921,0.18,1.08,0.67,0.1,0.2,3098.27,17.29,826.5,4.61
922,0.18,1.08,0.67,0.1,0.4,2795.01,15.6,1289.44,7.2
923,0.18,1.08,0.67,0.1,0.6,2568.26,14.33,1852.1,10.34
924,0.18,1.08,0.67,0.1,0.8,2364.64,13.2,2481.23,13.85
925,0.18,1.08,0.67,0.17,0.2,3365.09,18.78,771.92,4.31
926,0.18,1.08,0.67,0.17,0.4,3048.87,17.02,1220.07,6.81
927,0.18,1.08,0.67,0.17,0.6,2812.96,15.7,1764.74,9.85
928,0.18,1.08,0.67,0.17,0.8,2602.09,14.52,2382.01,13.29
929,0.18,1.08,0.67,0.25,0.2,3666.66,20.46,720.18,4.02
930,0.18,1.08,0.67,0.25,0.4,3337.86,18.63,1153.54,6.44
931,0.18,1.08,0.67,0.25,0.6,3091.77,17.26,1680.16,9.38
932,0.18,1.08,0.67,0.25,0.8,2873.68,16.04,2283.87,12.75
933,0.18,1.08,0.67,0.32,0.2,3926.76,21.92,682.72,3.81
934,0.18,1.08,0.67,0.32,0.4,3585.64,20.01,1104.48,6.16
935,0.18,1.08,0.67,0.32,0.6,3331.63,18.59,1617.21,9.03
936,0.18,1.08,0.67,0.32,0.8,3108.48,17.35,2208.85,12.33
937,0.18,1.08,0.67,0.4,0.2,4214.47,23.52,646.35,3.61
938,0.18,1.08,0.67,0.4,0.4,3861.32,21.55,1057.1,5.9
939,0.18,1.08,0.67,0.4,0.6,3595.64,20.07,1555.78,8.68
940,0.18,1.08,0.67,0.4,0.8,3367.72,18.8,2134.12,11.91
941,0.18,1.08,0.75,0.1,0.2,3059.96,17.08,874.42,4.88
942,0.18,1.08,0.75,0.1,0.4,2741.3,15.3,1408.94,7.86
943,0.18,1.08,0.75,0.1,0.6,2496.79,13.94,2059.92,11.5
944,0.18,1.08,0.75,0.1,0.8,2279.23,12.72,2780.68,15.52
945,0.18,1.08,0.75,0.17,0.2,3325.66,18.56,818.35,4.57
946,0.18,1.08,0.75,0.17,0.4,2991.47,16.7,1334.81,7.45
947,0.18,1.08,0.75,0.17,0.6,2739.08,15.29,1967.69,10.98
948,0.18,1.08,0.75,0.17,0.8,2513.15,14.03,2675.73,14.93
949,0.18,1.08,0.75,0.25,0.2,3625.82,20.24,765.02,4.27
950,0.18,1.08,0.75,0.25,0.4,3276.4,18.29,1264.06,7.06
951,0.18,1.08,0.75,0.25,0.6,3015.48,16.83,1877.58,10.48
952,0.18,1.08,0.75,0.25,0.8,2781.79,15.53,2573.19,14.36
953,0.18,1.08,0.75,0.32,0.2,3884.81,21.68,726.3,4.05
954,0.18,1.08,0.75,0.32,0.4,3521.04,19.65,1211.74,6.76
955,0.18,1.08,0.75,0.32,0.6,3253.67,18.16,1809.89,10.1
956,0.18,1.08,0.75,0.32,0.8,3014.31,16.82,2494.56,13.92
957,0.18,1.08,0.75,0.4,0.2,4171.69,23.28,688.83,3.84
958,0.18,1.08,0.75,0.4,0.4,3792.93,21.17,1161.18,6.48
959,0.18,1.08,0.75,0.4,0.6,3515.96,19.62,1743.4,9.73
960,0.18,1.08,0.75,0.4,0.8,3271.81,18.26,2415.54,13.48
961,0.18,1.41,0.35,0.1,0.2,3784.8,21.12,524.06,2.92
962,0.18,1.41,0.35,0.1,0.4,3590.23,20.04,707.92,3.95
963,0.18,1.41,0.35,0.1,0.6,3410.58,19.04,917.31,5.12
964,0.18,1.41,0.35,0.1,0.8,3245.58,18.11,1147.21,6.4
965,0.18,1.41,0.35,0.17,0.2,4062.66,22.67,482.91,2.7
966,0.18,1.41,0.35,0.17,0.4,3862.6,21.56,659.01,3.68
967,0.18,1.41,0.35,0.17,0.6,3678.34,20.53,861.69,4.81
968,0.18,1.41,0.35,0.17,0.8,3508.48,19.58,1085.41,6.06
969,0.18,1.41,0.35,0.25,0.2,4376.74,24.43,444.87,2.48
970,0.18,1.41,0.35,0.25,0.4,4170.92,23.28,613.32,3.42
971,0.18,1.41,0.35,0.25,0.6,3980.83,22.22,808.81,4.51
972,0.18,1.41,0.35,0.25,0.8,3805.57,21.24,1025.76,5.73
973,0.18,1.41,0.35,0.32,0.2,4645.08,25.93,417.31,2.33
974,0.18,1.41,0.35,0.32,0.4,4435.48,24.76,579.97,3.24
975,0.18,1.41,0.35,0.32,0.6,4241.25,23.67,770.31,4.3
976,0.18,1.41,0.35,0.32,0.8,4060.71,22.66,981.83,5.48
977,0.18,1.41,0.35,0.4,0.2,4939.43,27.57,390.58,2.18
978,0.18,1.41,0.35,0.4,0.4,4726.88,26.38,547.52,3.06
979,0.18,1.41,0.35,0.4,0.6,4529.84,25.28,732.95,4.09
980,0.18,1.41,0.35,0.4,0.8,4344.48,24.25,939.16,5.24
981,0.18,1.41,0.43,0.1,0.2,3737.02,20.86,564.61,3.15
982,0.18,1.41,0.43,0.1,0.4,3503.22,19.55,803.86,4.49
983,0.18,1.41,0.43,0.1,0.6,3291,18.37,1077.44,6.01
984,0.18,1.41,0.43,0.1,0.8,3109.18,17.35,1384.8,7.73
985,0.18,1.41,0.43,0.17,0.2,4013.53,22.4,521.53,2.91
986,0.18,1.41,0.43,0.17,0.4,3773.4,21.06,751.67,4.2
987,0.18,1.41,0.43,0.17,0.6,3555.63,19.84,1017.53,5.68
988,0.18,1.41,0.43,0.17,0.8,3365.55,18.78,1315.63,7.34
989,0.18,1.41,0.43,0.25,0.2,4326.18,24.15,481.6,2.69
990,0.18,1.41,0.43,0.25,0.4,4078.97,22.77,702.61,3.92
991,0.18,1.41,0.43,0.25,0.6,3854.23,21.51,959.75,5.36
992,0.18,1.41,0.43,0.25,0.8,3657.05,20.41,1249.22,6.97
993,0.18,1.41,0.43,0.32,0.2,4593.62,25.64,452.62,2.53
994,0.18,1.41,0.43,0.32,0.4,4341.7,24.23,666.86,3.72
995,0.18,1.41,0.43,0.32,0.6,4111.03,22.94,917.34,5.12
996,0.18,1.41,0.43,0.32,0.8,3906.4,21.8,1199.66,6.7
997,0.18,1.41,0.43,0.4,0.2,4887.25,27.28,424.47,2.37
998,0.18,1.41,0.43,0.4,0.4,4631.84,25.85,632.05,3.53
999,0.18,1.41,0.43,0.4,0.6,4396.35,24.54,876.19,4.89
1000,0.18,1.41,0.43,0.4,0.8,4183.66,23.35,1151.48,6.43
1001,0.18,1.41,0.51,0.1,0.2,3688.4,20.59,608.78,3.4
1002,0.18,1.41,0.51,0.1,0.4,3415.88,19.06,908.93,5.07
1003,0.18,1.41,0.51,0.1,0.6,3177.47,17.73,1255.99,7.01
1004,0.18,1.41,0.51,0.1,0.8,2989.28,16.68,1658.2,9.25
1005,0.18,1.41,0.51,0.17,0.2,3963.47,22.12,563.76,3.15
1006,0.18,1.41,0.51,0.17,0.4,3683.77,20.56,853.54,4.76
1007,0.18,1.41,0.51,0.17,0.6,3437.7,19.19,1191.01,6.65
1008,0.18,1.41,0.51,0.17,0.8,3240.15,18.08,1579.72,8.82
1009,0.18,1.41,0.51,0.25,0.2,4274.76,23.86,521.93,2.91
1010,0.18,1.41,0.51,0.25,0.4,3986.4,22.25,800.91,4.47
1011,0.18,1.41,0.51,0.25,0.6,3732.21,20.83,1128.08,6.3
1012,0.18,1.41,0.51,0.25,0.8,3525.28,19.68,1504.5,8.4
1013,0.18,1.41,0.51,0.32,0.2,4541.2,25.35,491.47,2.74
1014,0.18,1.41,0.51,0.32,0.4,4246.94,23.7,762.6,4.26
1015,0.18,1.41,0.51,0.32,0.6,3984.34,22.24,1081.47,6.04
1016,0.18,1.41,0.51,0.32,0.8,3769.37,21.04,1448.53,8.08
1017,0.18,1.41,0.51,0.4,0.2,4834.08,26.98,461.89,2.58
1018,0.18,1.41,0.51,0.4,0.4,4535.62,25.31,725.42,4.05
1019,0.18,1.41,0.51,0.4,0.6,4264.97,23.8,1036.36,5.78
1020,0.18,1.41,0.51,0.4,0.8,4038.93,22.54,1393.59,7.78
1021,0.18,1.41,0.59,0.1,0.2,3644.89,20.34,650.87,3.63
1022,0.18,1.41,0.59,0.1,0.4,3338.86,18.64,1009.42,5.63
1023,0.18,1.41,0.59,0.1,0.6,3086.33,17.23,1431.85,7.99
1024,0.18,1.41,0.59,0.1,0.8,2885.12,16.1,1926.92,10.75
1025,0.18,1.41,0.59,0.17,0.2,3918.71,21.87,604.05,3.37
1026,0.18,1.41,0.59,0.17,0.4,3604.95,20.12,951.3,5.31
1027,0.18,1.41,0.59,0.17,0.6,3340.84,18.65,1360.81,7.6
1028,0.18,1.41,0.59,0.17,0.8,3133.36,17.49,1840.96,10.27
1029,0.18,1.41,0.59,0.25,0.2,4228.72,23.6,560.55,3.13
1030,0.18,1.41,0.59,0.25,0.4,3904.94,21.79,895.38,5
1031,0.18,1.41,0.59,0.25,0.6,3630.98,20.27,1292.91,7.22
1032,0.18,1.41,0.59,0.25,0.8,3415.29,19.06,1757.66,9.81
1033,0.18,1.41,0.59,0.32,0.2,4494.36,25.08,528.8,2.95
1034,0.18,1.41,0.59,0.32,0.4,4163.2,23.24,854.57,4.77
1035,0.18,1.41,0.59,0.32,0.6,3879.13,21.65,1242.27,6.93
1036,0.18,1.41,0.59,0.32,0.8,3657.2,20.41,1695.91,9.47
1037,0.18,1.41,0.59,0.4,0.2,4786.5,26.71,497.93,2.78
1038,0.18,1.41,0.59,0.4,0.4,4450.01,24.84,815.04,4.55
1039,0.18,1.41,0.59,0.4,0.6,4155.01,23.19,1192.93,6.66
1040,0.18,1.41,0.59,0.4,0.8,3924.21,21.9,1635.48,9.13
1041,0.18,1.41,0.67,0.1,0.2,3596.95,20.08,699.78,3.91
1042,0.18,1.41,0.67,0.1,0.4,3256.61,18.18,1126.95,6.29
1043,0.18,1.41,0.67,0.1,0.6,2994.78,16.71,1643.86,9.17
1044,0.18,1.41,0.67,0.1,0.8,2773.35,15.48,2244.4,12.53
1045,0.18,1.41,0.67,0.17,0.2,3869.49,21.6,651.12,3.63
1046,0.18,1.41,0.67,0.17,0.4,3519.9,19.65,1065.65,5.95
1047,0.18,1.41,0.67,0.17,0.6,3245.79,18.12,1565.75,8.74
1048,0.18,1.41,0.67,0.17,0.8,3018.5,16.85,2151.62,12.01
1049,0.18,1.41,0.67,0.25,0.2,4177.96,23.32,605.72,3.38
1050,0.18,1.41,0.67,0.25,0.4,3817.28,21.31,1006.46,5.62
1051,0.18,1.41,0.67,0.25,0.6,3531.11,19.71,1490.91,8.32
1052,0.18,1.41,0.67,0.25,0.8,3297.14,18.4,2060.56,11.5
1053,0.18,1.41,0.67,0.32,0.2,4442.65,24.8,572.6,3.2
1054,0.18,1.41,0.67,0.32,0.4,4072.76,22.73,962.9,5.37
1055,0.18,1.41,0.67,0.32,0.6,3775.31,21.07,1435.24,8.01
1056,0.18,1.41,0.67,0.32,0.8,3536.83,19.74,1991.83,11.12
1057,0.18,1.41,0.67,0.4,0.2,4734.13,26.42,540.35,3.02
1058,0.18,1.41,0.67,0.4,0.4,4356.91,24.32,920.6,5.14
1059,0.18,1.41,0.67,0.4,0.6,4045.08,22.58,1380.61,7.71
1060,0.18,1.41,0.67,0.4,0.8,3801.09,21.21,1924.17,10.74
1061,0.18,1.41,0.75,0.1,0.2,3555.92,19.85,743.82,4.15
1062,0.18,1.41,0.75,0.1,0.4,3189.56,17.8,1234.51,6.89
1063,0.18,1.41,0.75,0.1,0.6,2917.63,16.28,1839.43,10.27
1064,0.18,1.41,0.75,0.1,0.8,2680.36,14.96,2531.53,14.13
1065,0.18,1.41,0.75,0.17,0.2,3827.4,21.36,693.62,3.87
1066,0.18,1.41,0.75,0.17,0.4,3450.3,19.26,1170.15,6.53
1067,0.18,1.41,0.75,0.17,0.6,3166.68,17.67,1755.62,9.8
1068,0.18,1.41,0.75,0.17,0.8,2922.45,16.31,2434.42,13.59
1069,0.18,1.41,0.75,0.25,0.2,4134.6,23.08,646.65,3.61
1070,0.18,1.41,0.75,0.25,0.4,3745.2,20.9,1107.82,6.18
1071,0.18,1.41,0.75,0.25,0.6,3449.68,19.25,1674.93,9.35
1072,0.18,1.41,0.75,0.25,0.8,3198.39,17.85,2338.07,13.05
1073,0.18,1.41,0.75,0.32,0.2,4398.43,24.55,612.34,3.42
1074,0.18,1.41,0.75,0.32,0.4,3997.81,22.31,1061.71,5.93
1075,0.18,1.41,0.75,0.32,0.6,3692.22,20.61,1615.12,9.01
1076,0.18,1.41,0.75,0.32,0.8,3436.06,19.18,2264.67,12.64
1077,0.18,1.41,0.75,0.4,0.2,4689.35,26.17,578.92,3.23
1078,0.18,1.41,0.75,0.4,0.4,4279.01,23.88,1017.05,5.68
1079,0.18,1.41,0.75,0.4,0.6,3959.98,22.1,1556.36,8.69
1080,0.18,1.41,0.75,0.4,0.8,3698.23,20.64,2191.55,12.23
1081,0.18,1.74,0.35,0.1,0.2,4312,24.07,437.15,2.44
1082,0.18,1.74,0.35,0.1,0.4,4101.01,22.89,601.79,3.36
1083,0.18,1.74,0.35,0.1,0.6,3907.96,21.81,797.2,4.45
1084,0.18,1.74,0.35,0.1,0.8,3728.67,20.81,1015.65,5.67
1085,0.18,1.74,0.35,0.17,0.2,4595.77,25.65,401.92,2.24
1086,0.18,1.74,0.35,0.17,0.4,4378.87,24.44,558.62,3.12
1087,0.18,1.74,0.35,0.17,0.6,4181.14,23.34,746.99,4.17
1088,0.18,1.74,0.35,0.17,0.8,3997.55,22.31,958.99,5.35
1089,0.18,1.74,0.35,0.25,0.2,4915.96,27.44,369.3,2.06
1090,0.18,1.74,0.35,0.25,0.4,4693.42,26.2,518.45,2.89
1091,0.18,1.74,0.35,0.25,0.6,4490.12,25.06,699.77,3.91
1092,0.18,1.74,0.35,0.25,0.8,4301.02,24.01,904.83,5.05
1093,0.18,1.74,0.35,0.32,0.2,5187.87,28.95,345.63,1.93
1094,0.18,1.74,0.35,0.32,0.4,4961.95,27.69,489.17,2.73
1095,0.18,1.74,0.35,0.32,0.6,4755.13,26.54,665.21,3.71
1096,0.18,1.74,0.35,0.32,0.8,4561.67,25.46,865.17,4.83
1097,0.18,1.74,0.35,0.4,0.2,5485.79,30.62,322.57,1.8
1098,0.18,1.74,0.35,0.4,0.4,5256.65,29.34,460.69,2.57
1099,0.18,1.74,0.35,0.4,0.6,5046.83,28.17,631.44,3.52
1100,0.18,1.74,0.35,0.4,0.8,4850.46,27.07,826.63,4.61
1101,0.18,1.74,0.43,0.1,0.2,4260.81,23.78,472.01,2.63
1102,0.18,1.74,0.43,0.1,0.4,4008.92,22.37,688.85,3.84
1103,0.18,1.74,0.43,0.1,0.6,3780.92,21.1,946.16,5.28
1104,0.18,1.74,0.43,0.1,0.8,3573.67,19.95,1235.46,6.9
1105,0.18,1.74,0.43,0.17,0.2,4543.05,25.36,434.97,2.43
1106,0.18,1.74,0.43,0.17,0.4,4284.38,23.91,642.12,3.58
1107,0.18,1.74,0.43,0.17,0.6,4051.01,22.61,891.38,4.98
1108,0.18,1.74,0.43,0.17,0.8,3838.49,21.42,1173.05,6.55
1109,0.18,1.74,0.43,0.25,0.2,4861.91,27.14,400.71,2.24
1110,0.18,1.74,0.43,0.25,0.4,4596.3,25.65,598.63,3.34
1111,0.18,1.74,0.43,0.25,0.6,4356.04,24.31,839.34,4.68
1112,0.18,1.74,0.43,0.25,0.8,4137.28,23.09,1112.5,6.21
1113,0.18,1.74,0.43,0.32,0.2,5133.08,28.65,375.82,2.1
1114,0.18,1.74,0.43,0.32,0.4,4863.34,27.14,566.84,3.16
1115,0.18,1.74,0.43,0.32,0.6,4618.12,25.77,801.24,4.47
1116,0.18,1.74,0.43,0.32,0.8,4392.91,24.52,1068.01,5.96
1117,0.18,1.74,0.43,0.4,0.2,5430.15,30.31,351.53,1.96
1118,0.18,1.74,0.43,0.4,0.4,5156.62,28.78,535.87,2.99
1119,0.18,1.74,0.43,0.4,0.6,4907.97,27.39,764.27,4.27
1120,0.18,1.74,0.43,0.4,0.8,4676.9,26.1,1024.77,5.72
1121,0.18,1.74,0.51,0.1,0.2,4209.95,23.5,509.72,2.84
1122,0.18,1.74,0.51,0.1,0.4,3918.36,21.87,783.51,4.37
1123,0.18,1.74,0.51,0.1,0.6,3657.53,20.41,1108.43,6.19
1124,0.18,1.74,0.51,0.1,0.8,3433.48,19.16,1479.42,8.26
1125,0.18,1.74,0.51,0.17,0.2,4490.72,25.06,470.76,2.63
1126,0.18,1.74,0.51,0.17,0.4,4191.79,23.4,733.69,4.09
1127,0.18,1.74,0.51,0.17,0.6,3924.72,21.9,1049.32,5.86
1128,0.18,1.74,0.51,0.17,0.8,3692.44,20.61,1410.4,7.87
1129,0.18,1.74,0.51,0.25,0.2,4808.16,26.84,434.65,2.43
1130,0.18,1.74,0.51,0.25,0.4,4501,25.12,686.9,3.83
1131,0.18,1.74,0.51,0.25,0.6,4226.03,23.59,992.43,5.54
1132,0.18,1.74,0.51,0.25,0.8,3986.45,22.25,1343.7,7.5
1133,0.18,1.74,0.51,0.32,0.2,5078.57,28.34,408.49,2.28
1134,0.18,1.74,0.51,0.32,0.4,4766.18,26.6,652.63,3.64
1135,0.18,1.74,0.51,0.32,0.6,4484.55,25.03,950.67,5.31
1136,0.18,1.74,0.51,0.32,0.8,4237.48,23.65,1293.7,7.22
1137,0.18,1.74,0.51,0.4,0.2,5374.85,30,382.89,2.14
1138,0.18,1.74,0.51,0.4,0.4,5058.02,28.23,619.17,3.46
1139,0.18,1.74,0.51,0.4,0.6,4771.43,26.63,910,5.08
1140,0.18,1.74,0.51,0.4,0.8,4515.27,25.2,1244.97,6.95
1141,0.18,1.74,0.59,0.1,0.2,4163.07,23.24,547.09,3.05
1142,0.18,1.74,0.59,0.1,0.4,3835.8,21.41,877.45,4.9
1143,0.18,1.74,0.59,0.1,0.6,3549.27,19.81,1271.59,7.1
1144,0.18,1.74,0.59,0.1,0.8,3320.32,18.53,1731.9,9.67
1145,0.18,1.74,0.59,0.17,0.2,4442.58,24.8,506.35,2.83
1146,0.18,1.74,0.59,0.17,0.4,4107.33,22.92,824.74,4.6
1147,0.18,1.74,0.59,0.17,0.6,3813.42,21.28,1208.28,6.74
1148,0.18,1.74,0.59,0.17,0.8,3574.29,19.95,1654.66,9.24
1149,0.18,1.74,0.59,0.25,0.2,4758.76,26.56,468.5,2.61
1150,0.18,1.74,0.59,0.25,0.4,4414,24.64,774.86,4.32
1151,0.18,1.74,0.59,0.25,0.6,4111.48,22.95,1146.63,6.4
1152,0.18,1.74,0.59,0.25,0.8,3863.01,21.56,1580.46,8.82
1153,0.18,1.74,0.59,0.32,0.2,5028.39,28.06,441.08,2.46
1154,0.18,1.74,0.59,0.32,0.4,4677.51,26.11,738.42,4.12
1155,0.18,1.74,0.59,0.32,0.6,4366.19,24.37,1101.2,6.15
1156,0.18,1.74,0.59,0.32,0.8,4109.5,22.94,1525.05,8.51
1157,0.18,1.74,0.59,0.4,0.2,5324.01,29.71,414.27,2.31
1158,0.18,1.74,0.59,0.4,0.4,4968.18,27.73,702.94,3.92
1159,0.18,1.74,0.59,0.4,0.6,4649.06,25.95,1057.13,5.9
1160,0.18,1.74,0.59,0.4,0.8,4381.2,24.45,1470.37,8.21
1161,0.18,1.74,0.67,0.1,0.2,4112.62,22.95,590.07,3.29
1162,0.18,1.74,0.67,0.1,0.4,3748.07,20.92,985.52,5.5
1163,0.18,1.74,0.67,0.1,0.6,3441.38,19.21,1461.9,8.16
1164,0.18,1.74,0.67,0.1,0.8,3202.28,17.87,2028.01,11.32
1165,0.18,1.74,0.67,0.17,0.2,4390.8,24.51,547.39,3.06
1166,0.18,1.74,0.67,0.17,0.4,4017.38,22.42,929.56,5.19
1167,0.18,1.74,0.67,0.17,0.6,3700.71,20.65,1393.37,7.78
1168,0.18,1.74,0.67,0.17,0.8,3453.32,19.27,1942.64,10.84
1169,0.18,1.74,0.67,0.25,0.2,4705.59,26.26,507.67,2.83
1170,0.18,1.74,0.67,0.25,0.4,4321.36,24.12,876.25,4.89
1171,0.18,1.74,0.67,0.25,0.6,3995.03,22.3,1327.04,7.41
1172,0.18,1.74,0.67,0.25,0.8,3738.84,20.87,1860.05,10.38
1173,0.18,1.74,0.67,0.32,0.2,4974.31,27.76,478.8,2.67
1174,0.18,1.74,0.67,0.32,0.4,4582.49,25.58,837.21,4.67
1175,0.18,1.74,0.67,0.32,0.6,4246.29,23.7,1277.32,7.13
1176,0.18,1.74,0.67,0.32,0.8,3983.22,22.23,1798.46,10.04
1177,0.18,1.74,0.67,0.4,0.2,5269.22,29.41,450.68,2.52
1178,0.18,1.74,0.67,0.4,0.4,4871.7,27.19,799.32,4.46
1179,0.18,1.74,0.67,0.4,0.6,4524.39,25.25,1228.89,6.86
1180,0.18,1.74,0.67,0.4,0.8,4252.22,23.73,1738.23,9.7
1181,0.18,1.74,0.75,0.1,0.2,4070.13,22.72,628.49,3.51
1182,0.18,1.74,0.75,0.1,0.4,3675.23,20.51,1082.18,6.04
1183,0.18,1.74,0.75,0.1,0.6,3359.87,18.75,1637.68,9.14
1184,0.18,1.74,0.75,0.1,0.8,3105.13,17.33,2295.15,12.81
1185,0.18,1.74,0.75,0.17,0.2,4347.24,24.26,584.2,3.26
1186,0.18,1.74,0.75,0.17,0.4,3942.9,22.01,1023.68,5.71
1187,0.18,1.74,0.75,0.17,0.6,3614.84,20.18,1562.93,8.72
1188,0.18,1.74,0.75,0.17,0.8,3353.88,18.72,2204.26,12.3
1189,0.18,1.74,0.75,0.25,0.2,4660.93,26.01,542.96,3.03
1190,0.18,1.74,0.75,0.25,0.4,4244.68,23.69,967.49,5.4
1191,0.18,1.74,0.75,0.25,0.6,3904.98,21.79,1491.45,8.32
1192,0.18,1.74,0.75,0.25,0.8,3636.4,20.3,2115.17,11.81
1193,0.18,1.74,0.75,0.32,0.2,4929,27.51,512.89,2.86
1194,0.18,1.74,0.75,0.32,0.4,4503.73,25.14,926.27,5.17
1195,0.18,1.74,0.75,0.32,0.6,4152.97,23.18,1438,8.03
1196,0.18,1.74,0.75,0.32,0.8,3878.97,21.65,2048.2,11.43
1197,0.18,1.74,0.75,0.4,0.2,5223.15,29.15,483.56,2.7
1198,0.18,1.74,0.75,0.4,0.4,4791.1,26.74,886.18,4.95
1199,0.18,1.74,0.75,0.4,0.6,4426.76,24.71,1385.66,7.73
1200,0.18,1.74,0.75,0.4,0.8,4146.19,23.14,1982.23,11.06
1201,0.18,2.07,0.35,0.1,0.2,4858.23,27.12,366.16,2.04
1202,0.18,2.07,0.35,0.1,0.4,4628.11,25.83,511.54,2.86
1203,0.18,2.07,0.35,0.1,0.6,4420.42,24.67,691.11,3.86
1204,0.18,2.07,0.35,0.1,0.8,4228.55,23.6,897.57,5.01
1205,0.18,2.07,0.35,0.17,0.2,5147,28.73,335.64,1.87
1206,0.18,2.07,0.35,0.17,0.4,4911.09,27.41,473.81,2.64
1207,0.18,2.07,0.35,0.17,0.6,4698.51,26.22,645.87,3.6
1208,0.18,2.07,0.35,0.17,0.8,4502.43,25.13,845.87,4.72
1209,0.18,2.07,0.35,0.25,0.2,5471.26,30.54,307.68,1.72
1210,0.18,2.07,0.35,0.25,0.4,5230.28,29.19,438.8,2.45
1211,0.18,2.07,0.35,0.25,0.6,5012.34,27.98,603.7,3.37
1212,0.18,2.07,0.35,0.25,0.8,4811.27,26.85,796.98,4.45
1213,0.18,2.07,0.35,0.32,0.2,5745.62,32.07,287.17,1.6
1214,0.18,2.07,0.35,0.32,0.4,5501.53,30.71,413.31,2.31
1215,0.18,2.07,0.35,0.32,0.6,5280.52,29.47,572.87,3.2
1216,0.18,2.07,0.35,0.32,0.8,5075.65,28.33,761.04,4.25
1217,0.18,2.07,0.35,0.4,0.2,6046.16,33.75,267.22,1.49
1218,0.18,2.07,0.35,0.4,0.4,5799.04,32.37,388.24,2.17
1219,0.18,2.07,0.35,0.4,0.6,5575.18,31.12,542.66,3.03
1220,0.18,2.07,0.35,0.4,0.8,5367.49,29.96,725.95,4.05
1221,0.18,2.07,0.43,0.1,0.2,4804.23,26.81,395.46,2.21
1222,0.18,2.07,0.43,0.1,0.4,4532.44,25.3,587.33,3.28
1223,0.18,2.07,0.43,0.1,0.6,4289.27,23.94,825.71,4.61
1224,0.18,2.07,0.43,0.1,0.8,4066.37,22.7,1098.42,6.13
1225,0.18,2.07,0.43,0.17,0.2,5091.67,28.42,363.45,2.03
1226,0.18,2.07,0.43,0.17,0.4,4813.17,26.86,546.29,3.05
1227,0.18,2.07,0.43,0.17,0.6,4564.56,25.48,776.15,4.33
1228,0.18,2.07,0.43,0.17,0.8,4336.68,24.2,1041.36,5.81
1229,0.18,2.07,0.43,0.25,0.2,5414.83,30.22,333.93,1.86
1230,0.18,2.07,0.43,0.25,0.4,5129.96,28.63,507.95,2.83
1231,0.18,2.07,0.43,0.25,0.6,4875.02,27.21,729.43,4.07
1232,0.18,2.07,0.43,0.25,0.8,4640.89,25.9,986.61,5.51
1233,0.18,2.07,0.43,0.32,0.2,5688.5,31.75,312.36,1.74
1234,0.18,2.07,0.43,0.32,0.4,5399.77,30.14,480.08,2.68
1235,0.18,2.07,0.43,0.32,0.6,5140.62,28.69,695.14,3.88
1236,0.18,2.07,0.43,0.32,0.8,4901.27,27.36,946.35,5.28
1237,0.18,2.07,0.43,0.4,0.2,5988.47,33.42,291.33,1.63
1238,0.18,2.07,0.43,0.4,0.4,5696.02,31.79,452.72,2.53
1239,0.18,2.07,0.43,0.4,0.6,5433.29,30.32,661.66,3.69
1240,0.18,2.07,0.43,0.4,0.8,5190.05,28.97,907.04,5.06
1241,0.18,2.07,0.51,0.1,0.2,4748.96,26.51,428.05,2.39
1242,0.18,2.07,0.51,0.1,0.4,4435.77,24.76,673.65,3.76
1243,0.18,2.07,0.51,0.1,0.6,4157.87,23.21,978.03,5.46
1244,0.18,2.07,0.51,0.1,0.8,3908.86,21.82,1327.76,7.41
1245,0.18,2.07,0.51,0.17,0.2,5035.09,28.1,394.45,2.2
1246,0.18,2.07,0.51,0.17,0.4,4714.26,26.31,629.04,3.51
1247,0.18,2.07,0.51,0.17,0.6,4430.18,24.73,923.98,5.16
1248,0.18,2.07,0.51,0.17,0.8,4175.14,23.3,1264.85,7.06
1249,0.18,2.07,0.51,0.25,0.2,5357.16,29.9,363.33,2.03
1250,0.18,2.07,0.51,0.25,0.4,5028.56,28.07,587.5,3.28
1251,0.18,2.07,0.51,0.25,0.6,4737.03,26.44,872.57,4.87
1252,0.18,2.07,0.51,0.25,0.8,4474.74,24.97,1203.62,6.72
1253,0.18,2.07,0.51,0.32,0.2,5630.05,31.42,340.58,1.9
1254,0.18,2.07,0.51,0.32,0.4,5297,29.56,557.14,3.11
1255,0.18,2.07,0.51,0.32,0.6,4999.74,27.9,834.8,4.66
1256,0.18,2.07,0.51,0.32,0.8,4730.3,26.4,1158.27,6.46
1257,0.18,2.07,0.51,0.4,0.2,5929.28,33.09,318.38,1.78
1258,0.18,2.07,0.51,0.4,0.4,5591.83,31.21,527.37,2.94
1259,0.18,2.07,0.51,0.4,0.6,5290.38,29.53,798,4.45
1260,0.18,2.07,0.51,0.4,0.8,5013.82,27.98,1114.32,6.22
1261,0.18,2.07,0.59,0.1,0.2,4699.38,26.23,459.81,2.57
1262,0.18,2.07,0.59,0.1,0.4,4350.13,24.28,758.84,4.24
1263,0.18,2.07,0.59,0.1,0.6,4042.42,22.56,1127.7,6.29
1264,0.18,2.07,0.59,0.1,0.8,3778.03,21.09,1556.41,8.69
1265,0.18,2.07,0.59,0.17,0.2,4984.18,27.82,424.65,2.37
1266,0.18,2.07,0.59,0.17,0.4,4626.74,25.82,711.3,3.97
1267,0.18,2.07,0.59,0.17,0.6,4312.21,24.07,1069.8,5.97
1268,0.18,2.07,0.59,0.17,0.8,4039.74,22.55,1487.56,8.3
1269,0.18,2.07,0.59,0.25,0.2,5305.15,29.61,392.07,2.19
1270,0.18,2.07,0.59,0.25,0.4,4938.6,27.56,666.69,3.72
1271,0.18,2.07,0.59,0.25,0.6,4615.67,25.76,1014.21,5.66
1272,0.18,2.07,0.59,0.25,0.8,4335.44,24.2,1420.86,7.93
1273,0.18,2.07,0.59,0.32,0.2,5577.38,31.13,368.26,2.06
1274,0.18,2.07,0.59,0.32,0.4,5205.3,29.05,634.02,3.54
1275,0.18,2.07,0.59,0.32,0.6,4875.39,27.21,973.3,5.43
1276,0.18,2.07,0.59,0.32,0.8,4587.14,25.6,1370.9,7.65
1277,0.18,2.07,0.59,0.4,0.2,5876.03,32.8,344.96,1.93
1278,0.18,2.07,0.59,0.4,0.4,5498.96,30.69,602.17,3.36
1279,0.18,2.07,0.59,0.4,0.6,5163.5,28.82,933.38,5.21
1280,0.18,2.07,0.59,0.4,0.8,4865.59,27.16,1322.13,7.38
1281,0.18,2.07,0.67,0.1,0.2,4645.58,25.93,497.1,2.77
1282,0.18,2.07,0.67,0.1,0.4,4257.53,23.76,858.31,4.79
1283,0.18,2.07,0.67,0.1,0.6,3921.73,21.89,1304.51,7.28
1284,0.18,2.07,0.67,0.1,0.8,3650.86,20.38,1831.43,10.22
1285,0.18,2.07,0.67,0.17,0.2,4929.01,27.51,460.09,2.57
1286,0.18,2.07,0.67,0.17,0.4,4532.13,25.3,807.74,4.51
1287,0.18,2.07,0.67,0.17,0.6,4188.28,23.38,1242,6.93
1288,0.18,2.07,0.67,0.17,0.8,3907.54,21.81,1754.43,9.79
1289,0.18,2.07,0.67,0.25,0.2,5248.66,29.29,425.75,2.38
1290,0.18,2.07,0.67,0.25,0.4,4841.71,27.02,760.01,4.24
1291,0.18,2.07,0.67,0.25,0.6,4488.2,25.05,1181.29,6.59
1292,0.18,2.07,0.67,0.25,0.8,4198.14,23.43,1680.3,9.38
1293,0.18,2.07,0.67,0.32,0.2,5520.11,30.81,400.75,2.24
1294,0.18,2.07,0.67,0.32,0.4,5106.7,28.5,724.95,4.05
1295,0.18,2.07,0.67,0.32,0.6,4744.14,26.48,1136.41,6.34
1296,0.18,2.07,0.67,0.32,0.8,4445.75,24.81,1624.92,9.07
1297,0.18,2.07,0.67,0.4,0.2,5817.89,32.47,376.16,2.1
1298,0.18,2.07,0.67,0.4,0.4,5398.89,30.13,690.75,3.86
1299,0.18,2.07,0.67,0.4,0.6,5028.13,28.06,1092.93,6.1
1300,0.18,2.07,0.67,0.4,0.8,4718.22,26.33,1570.21,8.76
1301,0.18,2.07,0.75,0.1,0.2,4599.78,25.67,531.47,2.97
1302,0.18,2.07,0.75,0.1,0.4,4179.42,23.33,949.67,5.3
1303,0.18,2.07,0.75,0.1,0.6,3823.89,21.34,1468.08,8.19
1304,0.18,2.07,0.75,0.1,0.8,3546.36,19.79,2087.95,11.65
1305,0.18,2.07,0.75,0.17,0.2,4882.19,27.25,492.83,2.75
1306,0.18,2.07,0.75,0.17,0.4,4452.21,24.85,896.42,5
1307,0.18,2.07,0.75,0.17,0.6,4087.39,22.81,1401.58,7.82
1308,0.18,2.07,0.75,0.17,0.8,3800.78,21.21,2004.35,11.19
1309,0.18,2.07,0.75,0.25,0.2,5200.58,29.03,456.88,2.55
1310,0.18,2.07,0.75,0.25,0.4,4759.66,26.56,845.83,4.72
1311,0.18,2.07,0.75,0.25,0.6,4384.69,24.47,1337.05,7.46
1312,0.18,2.07,0.75,0.25,0.8,4088.92,22.82,1923.43,10.74
1313,0.18,2.07,0.75,0.32,0.2,5471.38,30.54,430.75,2.4
1314,0.18,2.07,0.75,0.32,0.4,5022.89,28.03,808.71,4.51
1315,0.18,2.07,0.75,0.32,0.6,4637.69,25.88,1288.73,7.19
1316,0.18,2.07,0.75,0.32,0.8,4334.79,24.19,1862.89,10.4
1317,0.18,2.07,0.75,0.4,0.2,5768.47,32.2,405.08,2.26
1318,0.18,2.07,0.75,0.4,0.4,5313.91,29.66,772.52,4.31
1319,0.18,2.07,0.75,0.4,0.6,4917.92,27.45,1241.64,6.93
1320,0.18,2.07,0.75,0.4,0.8,4604.75,25.7,1803.42,10.07
1321,0.18,2.4,0.35,0.1,0.2,5420.2,30.25,307.54,1.72
1322,0.18,2.4,0.35,0.1,0.4,5171.87,28.87,434.86,2.43
1323,0.18,2.4,0.35,0.1,0.6,4949.09,27.62,596.46,3.33
1324,0.18,2.4,0.35,0.1,0.8,4745.12,26.48,788.48,4.4
1325,0.18,2.4,0.35,0.17,0.2,5712.71,31.88,281.12,1.57
1326,0.18,2.4,0.35,0.17,0.4,5459.63,30.47,401.95,2.24
1327,0.18,2.4,0.35,0.17,0.6,5231.4,29.2,556.4,3.11
1328,0.18,2.4,0.35,0.17,0.8,5022.81,28.03,741.47,4.14
1329,0.18,2.4,0.35,0.25,0.2,6039.94,33.71,256.61,1.43
1330,0.18,2.4,0.35,0.25,0.4,5783.39,32.28,371.46,2.07
1331,0.18,2.4,0.35,0.25,0.6,5550.13,30.98,518.9,2.9
1332,0.18,2.4,0.35,0.25,0.8,5336.55,29.78,697.26,3.89
1333,0.18,2.4,0.35,0.32,0.2,6316.45,35.25,238.42,1.33
1334,0.18,2.4,0.35,0.32,0.4,6057.52,33.81,349.01,1.95
1335,0.18,2.4,0.35,0.32,0.6,5821.31,32.49,491.6,2.74
1336,0.18,2.4,0.35,0.32,0.8,5604.59,31.28,664.93,3.71
1337,0.18,2.4,0.35,0.4,0.2,6618.8,36.94,220.82,1.23
1338,0.18,2.4,0.35,0.4,0.4,6357.7,35.48,327.07,1.83
1339,0.18,2.4,0.35,0.4,0.6,6118.73,34.15,464.65,2.59
1340,0.18,2.4,0.35,0.4,0.8,5899.47,32.93,633.24,3.53
1341,0.18,2.4,0.43,0.1,0.2,5362.1,29.93,333.2,1.86
1342,0.18,2.4,0.43,0.1,0.4,5068.57,28.29,502.28,2.8
1343,0.18,2.4,0.43,0.1,0.6,4809.17,26.84,721.01,4.02
1344,0.18,2.4,0.43,0.1,0.8,4571.99,25.52,979.11,5.46
1345,0.18,2.4,0.43,0.17,0.2,5653.88,31.56,305.44,1.7
1346,0.18,2.4,0.43,0.17,0.4,5353.79,29.88,466.23,2.6
1347,0.18,2.4,0.43,0.17,0.6,5088.17,28.4,676.17,3.77
1348,0.18,2.4,0.43,0.17,0.8,4846.32,27.05,926.68,5.17
1349,0.18,2.4,0.43,0.25,0.2,5980.5,33.38,279.81,1.56
1350,0.18,2.4,0.43,0.25,0.4,5675.26,31.68,432.71,2.42
1351,0.18,2.4,0.43,0.25,0.6,5403.56,30.16,634.31,3.54
1352,0.18,2.4,0.43,0.25,0.8,5155.89,28.78,876.78,4.89
1353,0.18,2.4,0.43,0.32,0.2,6256.58,34.92,260.81,1.46
1354,0.18,2.4,0.43,0.32,0.4,5948.09,33.2,408.1,2.28
1355,0.18,2.4,0.43,0.32,0.6,5672.73,31.66,603.66,3.37
1356,0.18,2.4,0.43,0.32,0.8,5420.72,30.25,839.95,4.69
1357,0.18,2.4,0.43,0.4,0.2,6558.57,36.61,242.3,1.35
1358,0.18,2.4,0.43,0.4,0.4,6247.05,34.87,383.92,2.14
1359,0.18,2.4,0.43,0.4,0.6,5968.41,33.31,573.44,3.2
1360,0.18,2.4,0.43,0.4,0.8,5713.04,31.89,803.93,4.49
1361,0.18,2.4,0.51,0.1,0.2,5304.9,29.61,360.36,2.01
1362,0.18,2.4,0.51,0.1,0.4,4969.54,27.74,576.75,3.22
1363,0.18,2.4,0.51,0.1,0.6,4675.18,26.09,857.7,4.79
1364,0.18,2.4,0.51,0.1,0.8,4408.4,24.6,1186.69,6.62
1365,0.18,2.4,0.51,0.17,0.2,5595.7,31.23,331.14,1.85
1366,0.18,2.4,0.51,0.17,0.4,5252.4,29.32,537.51,3
1367,0.18,2.4,0.51,0.17,0.6,4951.67,27.64,808.57,4.51
1368,0.18,2.4,0.51,0.17,0.8,4679.16,26.12,1128.71,6.3
1369,0.18,2.4,0.51,0.25,0.2,5921.65,33.05,304.27,1.7
1370,0.18,2.4,0.51,0.25,0.4,5571.61,31.1,500.79,2.8
1371,0.18,2.4,0.51,0.25,0.6,5263.77,29.38,762.15,4.25
1372,0.18,2.4,0.51,0.25,0.8,4983.84,27.82,1073.19,5.99
1373,0.18,2.4,0.51,0.32,0.2,6197.17,34.59,284.39,1.59
1374,0.18,2.4,0.51,0.32,0.4,5843.03,32.61,474.06,2.65
1375,0.18,2.4,0.51,0.32,0.6,5530.53,30.87,728.05,4.06
1376,0.18,2.4,0.51,0.32,0.8,5244.77,29.27,1032.34,5.76
1377,0.18,2.4,0.51,0.4,0.2,6498.75,36.27,264.98,1.48
1378,0.18,2.4,0.51,0.4,0.4,6140.69,34.27,447.67,2.5
1379,0.18,2.4,0.51,0.4,0.6,5824.42,32.51,694.81,3.88
1380,0.18,2.4,0.51,0.4,0.8,5533.87,30.89,992.32,5.54
1381,0.18,2.4,0.59,0.1,0.2,5252.14,29.31,387.63,2.16
1382,0.18,2.4,0.59,0.1,0.4,4879.35,27.23,653.36,3.65
1383,0.18,2.4,0.59,0.1,0.6,4553.7,25.42,997.11,5.57
1384,0.18,2.4,0.59,0.1,0.8,4264.81,23.8,1400.2,7.81
1385,0.18,2.4,0.59,0.17,0.2,5541.67,30.93,357.03,1.99
1386,0.18,2.4,0.59,0.17,0.4,5160.03,28.8,611.06,3.41
1387,0.18,2.4,0.59,0.17,0.6,4827.62,26.94,944.15,5.27
1388,0.18,2.4,0.59,0.17,0.8,4532.02,25.29,1337.3,7.46
1389,0.18,2.4,0.59,0.25,0.2,5866.91,32.74,328.81,1.84
1390,0.18,2.4,0.59,0.25,0.4,5477.17,30.57,571.48,3.19
1391,0.18,2.4,0.59,0.25,0.6,5136.69,28.67,893.72,4.99
1392,0.18,2.4,0.59,0.25,0.8,4832.98,26.97,1276.03,7.12
1393,0.18,2.4,0.59,0.32,0.2,6141.87,34.28,307.96,1.72
1394,0.18,2.4,0.59,0.32,0.4,5747.36,32.08,542.52,3.03
1395,0.18,2.4,0.59,0.32,0.6,5401.12,30.15,856.49,4.78
1396,0.18,2.4,0.59,0.32,0.8,5089.47,28.41,1230.45,6.87
1397,0.18,2.4,0.59,0.4,0.2,6442.9,35.96,287.63,1.61
1398,0.18,2.4,0.59,0.4,0.4,6043.9,33.73,514.06,2.87
1399,0.18,2.4,0.59,0.4,0.6,5693.16,31.78,820.11,4.58
1400,0.18,2.4,0.59,0.4,0.8,5373.9,29.99,1186.24,6.62
1401,0.18,2.4,0.67,0.1,0.2,5194.46,28.99,419.86,2.34
1402,0.18,2.4,0.67,0.1,0.4,4781.75,26.69,744.79,4.16
1403,0.18,2.4,0.67,0.1,0.6,4423.58,24.69,1162.26,6.49
1404,0.18,2.4,0.67,0.1,0.8,4118.16,22.98,1655.9,9.24
1405,0.18,2.4,0.67,0.17,0.2,5482.67,30.6,387.65,2.16
1406,0.18,2.4,0.67,0.17,0.4,5060.13,28.24,699.09,3.9
1407,0.18,2.4,0.67,0.17,0.6,4694.65,26.2,1104.92,6.17
1408,0.18,2.4,0.67,0.17,0.8,4380.72,24.45,1586.67,8.86
1409,0.18,2.4,0.67,0.25,0.2,5806.84,32.41,357.92,2
1410,0.18,2.4,0.67,0.25,0.4,5374.79,30,656.36,3.66
1411,0.18,2.4,0.67,0.25,0.6,4999.73,27.9,1050.03,5.86
1412,0.18,2.4,0.67,0.25,0.8,4677.55,26.11,1519.6,8.48
1413,0.18,2.4,0.67,0.32,0.2,6081.18,33.94,335.99,1.88
1414,0.18,2.4,0.67,0.32,0.4,5643.49,31.5,625.13,3.49
1415,0.18,2.4,0.67,0.32,0.6,5261.07,29.36,1009.61,5.63
1416,0.18,2.4,0.67,0.32,0.8,4930.07,27.52,1469.19,8.2
1417,0.18,2.4,0.67,0.4,0.2,6381.59,35.62,314.57,1.76
1418,0.18,2.4,0.67,0.4,0.4,5938.78,33.15,594.37,3.32
1419,0.18,2.4,0.67,0.4,0.6,5550.58,30.98,970,5.41
1420,0.18,2.4,0.67,0.4,0.8,5209.22,29.07,1419.79,7.92
1421,0.18,2.4,0.75,0.1,0.2,5145.87,28.72,449.25,2.51
1422,0.18,2.4,0.75,0.1,0.4,4700.31,26.23,828.5,4.62
1423,0.18,2.4,0.75,0.1,0.6,4317.85,24.1,1314.32,7.34
1424,0.18,2.4,0.75,0.1,0.8,4006.43,22.36,1893.68,10.57
1425,0.18,2.4,0.75,0.17,0.2,5432.97,30.32,415.67,2.32
1426,0.18,2.4,0.75,0.17,0.4,4977.27,27.78,780.26,4.35
1427,0.18,2.4,0.75,0.17,0.6,4586.34,25.6,1253.24,6.99
1428,0.18,2.4,0.75,0.17,0.8,4264.67,23.8,1817.81,10.15
1429,0.18,2.4,0.75,0.25,0.2,5756.2,32.13,384.55,2.15
1430,0.18,2.4,0.75,0.25,0.4,5289.91,29.52,734.73,4.1
1431,0.18,2.4,0.75,0.25,0.6,4888.57,27.28,1193.89,6.66
1432,0.18,2.4,0.75,0.25,0.8,4557.31,25.44,1744.69,9.74
1433,0.18,2.4,0.75,0.32,0.2,6030.06,33.66,361.68,2.02
1434,0.18,2.4,0.75,0.32,0.4,5557.1,31.02,701.36,3.91
1435,0.18,2.4,0.75,0.32,0.6,5146.69,28.73,1150.25,6.42
1436,0.18,2.4,0.75,0.32,0.8,4806.88,26.83,1690.17,9.43
1437,0.18,2.4,0.75,0.4,0.2,6329.98,35.33,339.23,1.89
1438,0.18,2.4,0.75,0.4,0.4,5851.33,32.66,668.79,3.73
1439,0.18,2.4,0.75,0.4,0.6,5432.98,30.32,1107.85,6.18
1440,0.18,2.4,0.75,0.4,0.8,5081.48,28.36,1636.27,9.13
1441,0.26,0.75,0.35,0.1,0.2,3529.26,19.7,615.3,3.43
1442,0.26,0.75,0.35,0.1,0.4,3349.53,18.69,810.61,4.52
1443,0.26,0.75,0.35,0.1,0.6,3184.94,17.78,1026.57,5.73
1444,0.26,0.75,0.35,0.1,0.8,3042.79,16.98,1264.62,7.06
1445,0.26,0.75,0.35,0.17,0.2,3806.12,21.24,572.88,3.2
1446,0.26,0.75,0.35,0.17,0.4,3620.84,20.21,761.32,4.25
1447,0.26,0.75,0.35,0.17,0.6,3450.54,19.26,970.79,5.42
1448,0.26,0.75,0.35,0.17,0.8,3301.49,18.43,1201.44,6.71
1449,0.26,0.75,0.35,0.25,0.2,4118.39,22.99,532.98,2.97
1450,0.26,0.75,0.35,0.25,0.4,3927.83,21.92,715.05,3.99
1451,0.26,0.75,0.35,0.25,0.6,3750.77,20.93,917.9,5.12
1452,0.26,0.75,0.35,0.25,0.8,3593.63,20.06,1140.83,6.37
1453,0.26,0.75,0.35,0.32,0.2,4381.7,24.46,503.6,2.81
1454,0.26,0.75,0.35,0.32,0.4,4188.16,23.38,680.92,3.8
1455,0.26,0.75,0.35,0.32,0.6,4006.87,22.36,878.92,4.91
1456,0.26,0.75,0.35,0.32,0.8,3842.92,21.45,1096.4,6.12
1457,0.26,0.75,0.35,0.4,0.2,4669.4,26.06,474.54,2.65
1458,0.26,0.75,0.35,0.4,0.4,4473.38,24.97,647.32,3.61
1459,0.26,0.75,0.35,0.4,0.6,4289.37,23.94,840.84,4.69
1460,0.26,0.75,0.35,0.4,0.8,4119.51,22.99,1053.1,5.88
1461,0.26,0.75,0.43,0.1,0.2,3482.64,19.44,662.51,3.7
1462,0.26,0.75,0.43,0.1,0.4,3264.46,18.22,917.41,5.12
1463,0.26,0.75,0.43,0.1,0.6,3075.18,17.16,1204.69,6.72
1464,0.26,0.75,0.43,0.1,0.8,2921.97,16.31,1531.35,8.55
1465,0.26,0.75,0.43,0.17,0.2,3758,20.97,618.33,3.45
1466,0.26,0.75,0.43,0.17,0.4,3532.92,19.72,864.82,4.83
1467,0.26,0.75,0.43,0.17,0.6,3335.57,18.62,1143.36,6.38
1468,0.26,0.75,0.43,0.17,0.8,3175.22,17.72,1459.38,8.15
1469,0.26,0.75,0.43,0.25,0.2,4069.04,22.71,576.77,3.22
1470,0.26,0.75,0.43,0.25,0.4,3836.64,21.41,815.18,4.55
1471,0.26,0.75,0.43,0.25,0.6,3629.58,20.26,1084.72,6.05
1472,0.26,0.75,0.43,0.25,0.8,3461.26,19.32,1390.36,7.76
1473,0.26,0.75,0.43,0.32,0.2,4331.65,24.18,546.1,3.05
1474,0.26,0.75,0.43,0.32,0.4,4095.04,22.86,778.64,4.35
1475,0.26,0.75,0.43,0.32,0.6,3880.44,21.66,1041.75,5.81
1476,0.26,0.75,0.43,0.32,0.8,3703.5,20.67,1339.08,7.47
1477,0.26,0.75,0.43,0.4,0.2,4618.59,25.78,515.8,2.88
1478,0.26,0.75,0.43,0.4,0.4,4379.06,24.44,742.86,4.15
1479,0.26,0.75,0.43,0.4,0.6,4158.7,23.21,999.85,5.58
1480,0.26,0.75,0.43,0.4,0.8,3972.04,22.17,1289.33,7.2
1481,0.26,0.75,0.51,0.1,0.2,3435.3,19.17,713.09,3.98
1482,0.26,0.75,0.51,0.1,0.4,3180.84,17.75,1033.23,5.77
1483,0.26,0.75,0.51,0.1,0.6,2976.92,16.61,1405.07,7.84
1484,0.26,0.75,0.51,0.1,0.8,2804.66,15.65,1831.05,10.22
1485,0.26,0.75,0.51,0.17,0.2,3709.18,20.7,667.04,3.72
1486,0.26,0.75,0.51,0.17,0.4,3446.19,19.23,977.23,5.45
1487,0.26,0.75,0.51,0.17,0.6,3232.03,18.04,1337.05,7.46
1488,0.26,0.75,0.51,0.17,0.8,3054.99,17.05,1750.61,9.77
1489,0.26,0.75,0.51,0.25,0.2,4018.87,22.43,623.84,3.48
1490,0.26,0.75,0.51,0.25,0.4,3746.15,20.91,924.1,5.16
1491,0.26,0.75,0.51,0.25,0.6,3520.11,19.65,1271.77,7.1
1492,0.26,0.75,0.51,0.25,0.8,3337.95,18.63,1672.65,9.34
1493,0.26,0.75,0.51,0.32,0.2,4280.73,23.89,591.95,3.3
1494,0.26,0.75,0.51,0.32,0.4,4002.04,22.34,884.95,4.94
1495,0.26,0.75,0.51,0.32,0.6,3765.07,21.01,1223.67,6.83
1496,0.26,0.75,0.51,0.32,0.8,3576.92,19.96,1614.86,9.01
1497,0.26,0.75,0.51,0.4,0.2,4567.11,25.49,560.46,3.13
1498,0.26,0.75,0.51,0.4,0.4,4284.41,23.91,846.71,4.73
1499,0.26,0.75,0.51,0.4,0.6,4037.26,22.53,1177,6.57
1500,0.26,0.75,0.51,0.4,0.8,3840.46,21.43,1558.31,8.7
1501,0.26,0.75,0.59,0.1,0.2,3391.62,18.93,762.08,4.25
1502,0.26,0.75,0.59,0.1,0.4,3108.37,17.35,1147.61,6.41
1503,0.26,0.75,0.59,0.1,0.6,2891.63,16.14,1606.99,8.97
1504,0.26,0.75,0.59,0.1,0.8,2699.57,15.07,2130.05,11.89
1505,0.26,0.75,0.59,0.17,0.2,3664.16,20.45,714.3,3.99
1506,0.26,0.75,0.59,0.17,0.4,3370.35,18.81,1088.12,6.07
1507,0.26,0.75,0.59,0.17,0.6,3144.18,17.55,1532.66,8.55
1508,0.26,0.75,0.59,0.17,0.8,2946.56,16.45,2042.72,11.4
1509,0.26,0.75,0.59,0.25,0.2,3972.46,22.17,669.54,3.74
1510,0.26,0.75,0.59,0.25,0.4,3666.08,20.46,1031.38,5.76
1511,0.26,0.75,0.59,0.25,0.6,3429.29,19.14,1461.41,8.16
1512,0.26,0.75,0.59,0.25,0.8,3226.92,18.01,1957.04,10.92
1513,0.26,0.75,0.59,0.32,0.2,4233.57,23.63,636.51,3.55
1514,0.26,0.75,0.59,0.32,0.4,3918.68,21.87,989.67,5.52
1515,0.26,0.75,0.59,0.32,0.6,3670.39,20.49,1408.42,7.86
1516,0.26,0.75,0.59,0.32,0.8,3463.88,19.33,1892.7,10.56
1517,0.26,0.75,0.59,0.4,0.2,4519.38,25.22,603.93,3.37
1518,0.26,0.75,0.59,0.4,0.4,4198.59,23.43,949,5.3
1519,0.26,0.75,0.59,0.4,0.6,3937.23,21.97,1356.69,7.57
1520,0.26,0.75,0.59,0.4,0.8,3724.42,20.79,1829.17,10.21
1521,0.26,0.75,0.67,0.1,0.2,3351.43,18.71,807.67,4.51
1522,0.26,0.75,0.67,0.1,0.4,3045.98,17,1257.51,7.02
1523,0.26,0.75,0.67,0.1,0.6,2814.3,15.71,1801.67,10.06
1524,0.26,0.75,0.67,0.1,0.8,2606.08,14.55,2414.49,13.48
1525,0.26,0.75,0.67,0.17,0.2,3622.77,20.22,758.46,4.23
1526,0.26,0.75,0.67,0.17,0.4,3304.79,18.44,1194.51,6.67
1527,0.26,0.75,0.67,0.17,0.6,3064.89,17.11,1722.01,9.61
1528,0.26,0.75,0.67,0.17,0.8,2850.2,15.91,2322.83,12.96
1529,0.26,0.75,0.67,0.25,0.2,3929.81,21.93,712.26,3.98
1530,0.26,0.75,0.67,0.25,0.4,3597.03,20.08,1134.06,6.33
1531,0.26,0.75,0.67,0.25,0.6,3348.07,18.69,1644.91,9.18
1532,0.26,0.75,0.67,0.25,0.8,3127.6,17.46,2231.9,12.46
1533,0.26,0.75,0.67,0.32,0.2,4190.18,23.39,678.19,3.79
1534,0.26,0.75,0.67,0.32,0.4,3846.41,21.47,1089.74,6.08
1535,0.26,0.75,0.67,0.32,0.6,3587.29,20.02,1587.88,8.86
1536,0.26,0.75,0.67,0.32,0.8,3362.92,18.77,2162.44,12.07
1537,0.26,0.75,0.67,0.4,0.2,4475.41,24.98,644.65,3.6
1538,0.26,0.75,0.67,0.4,0.4,4123.1,23.01,1046.59,5.84
1539,0.26,0.75,0.67,0.4,0.6,3851.19,21.49,1532,8.55
1540,0.26,0.75,0.67,0.4,0.8,3621.4,20.21,2093.47,11.68
1541,0.26,0.75,0.75,0.1,0.2,3310.8,18.48,857.9,4.79
1542,0.26,0.75,0.75,0.1,0.4,2987.23,16.67,1381.02,7.71
1543,0.26,0.75,0.75,0.1,0.6,2736.95,15.28,2018.09,11.26
1544,0.26,0.75,0.75,0.1,0.8,2512.65,14.02,2726.71,15.22
1545,0.26,0.75,0.75,0.17,0.2,3580.71,19.98,807.06,4.5
1546,0.26,0.75,0.75,0.17,0.4,3242.75,18.1,1313.76,7.33
1547,0.26,0.75,0.75,0.17,0.6,2985.13,16.66,1932.96,10.79
1548,0.26,0.75,0.75,0.17,0.8,2753.76,15.37,2630.17,14.68
1549,0.26,0.75,0.75,0.25,0.2,3886.33,21.69,759.3,4.24
1550,0.26,0.75,0.75,0.25,0.4,3531.36,19.71,1249.24,6.97
1551,0.26,0.75,0.75,0.25,0.6,3266.54,18.23,1849.98,10.33
1552,0.26,0.75,0.75,0.25,0.8,3028.16,16.9,2534.68,14.15
1553,0.26,0.75,0.75,0.32,0.2,4145.81,23.14,724.1,4.04
1554,0.26,0.75,0.75,0.32,0.4,3776.96,21.08,1201.76,6.71
1555,0.26,0.75,0.75,0.32,0.6,3504.14,19.56,1787.91,9.98
1556,0.26,0.75,0.75,0.32,0.8,3262.01,18.21,2461.36,13.74
1557,0.26,0.75,0.75,0.4,0.2,4430.52,24.73,689.52,3.85
1558,0.26,0.75,0.75,0.4,0.4,4049.89,22.6,1155.67,6.45
1559,0.26,0.75,0.75,0.4,0.6,3765.62,21.02,1726.95,9.64
1560,0.26,0.75,0.75,0.4,0.8,3518.72,19.64,2387.55,13.33
1561,0.26,1.08,0.35,0.1,0.2,4126.73,23.03,494.49,2.76
1562,0.26,1.08,0.35,0.1,0.4,3930.9,21.94,668.07,3.73
1563,0.26,1.08,0.35,0.1,0.6,3749.42,20.93,866.16,4.83
1564,0.26,1.08,0.35,0.1,0.8,3582.05,19.99,1084.22,6.05
1565,0.26,1.08,0.35,0.17,0.2,4409.82,24.61,458.79,2.56
1566,0.26,1.08,0.35,0.17,0.4,4209.16,23.49,625.81,3.49
1567,0.26,1.08,0.35,0.17,0.6,4022.56,22.45,817.36,4.56
1568,0.26,1.08,0.35,0.17,0.8,3850.08,21.49,1029.24,5.74
1569,0.26,1.08,0.35,0.25,0.2,4727.43,26.39,425.32,2.37
1570,0.26,1.08,0.35,0.25,0.4,4522.71,25.24,585.84,3.27
1571,0.26,1.08,0.35,0.25,0.6,4331.51,24.18,771.47,4.31
1572,0.26,1.08,0.35,0.25,0.8,4152.83,23.18,977.04,5.45
1573,0.26,1.08,0.35,0.32,0.2,4994.4,27.88,400.63,2.24
1574,0.26,1.08,0.35,0.32,0.4,4787.06,26.72,556.18,3.1
1575,0.26,1.08,0.35,0.32,0.6,4593.24,25.64,737.54,4.12
1576,0.26,1.08,0.35,0.32,0.8,4410.54,24.62,938.47,5.24
1577,0.26,1.08,0.35,0.4,0.2,5286.34,29.5,376.57,2.1
1578,0.26,1.08,0.35,0.4,0.4,5075.79,28.33,526.75,2.94
1579,0.26,1.08,0.35,0.4,0.6,4879.68,27.23,704.05,3.93
1580,0.26,1.08,0.35,0.4,0.8,4694.14,26.2,900.59,5.03
1581,0.26,1.08,0.43,0.1,0.2,4077.05,22.76,534.33,2.98
1582,0.26,1.08,0.43,0.1,0.4,3840.06,21.43,762.35,4.25
1583,0.26,1.08,0.43,0.1,0.6,3624.4,20.23,1024.19,5.72
1584,0.26,1.08,0.43,0.1,0.8,3436.56,19.18,1317.62,7.35
1585,0.26,1.08,0.43,0.17,0.2,4359.04,24.33,496.95,2.77
1586,0.26,1.08,0.43,0.17,0.4,4115.87,22.97,716.89,4
1587,0.26,1.08,0.43,0.17,0.6,3893.84,21.73,970.83,5.42
1588,0.26,1.08,0.43,0.17,0.8,3699.29,20.65,1256.35,7.01
1589,0.26,1.08,0.43,0.25,0.2,4675.54,26.1,461.76,2.58
1590,0.26,1.08,0.43,0.25,0.4,4427.27,24.71,674.09,3.76
1591,0.26,1.08,0.43,0.25,0.6,4198.42,23.43,920.24,5.14
1592,0.26,1.08,0.43,0.25,0.8,3995.03,22.3,1197.23,6.68
1593,0.26,1.08,0.43,0.32,0.2,4941.85,27.58,435.78,2.43
1594,0.26,1.08,0.43,0.32,0.4,4690.46,26.18,642.4,3.59
1595,0.26,1.08,0.43,0.32,0.6,4457.27,24.88,882.89,4.93
1596,0.26,1.08,0.43,0.32,0.8,4246.85,23.7,1153.57,6.44
1597,0.26,1.08,0.43,0.4,0.2,5232.98,29.21,410.25,2.29
1598,0.26,1.08,0.43,0.4,0.4,4978.07,27.78,610.84,3.41
1599,0.26,1.08,0.43,0.4,0.6,4741.76,26.47,846.19,4.72
1600,0.26,1.08,0.43,0.4,0.8,4525.36,25.26,1110.91,6.2
1601,0.26,1.08,0.51,0.1,0.2,4027.88,22.48,576.35,3.22
1602,0.26,1.08,0.51,0.1,0.4,3751.5,20.94,862.77,4.82
1603,0.26,1.08,0.51,0.1,0.6,3508.29,19.58,1195.13,6.67
1604,0.26,1.08,0.51,0.1,0.8,3311.2,18.48,1576.28,8.8
1605,0.26,1.08,0.51,0.17,0.2,4308.69,24.05,537.39,3
1606,0.26,1.08,0.51,0.17,0.4,4024.65,22.46,814.06,4.54
1607,0.26,1.08,0.51,0.17,0.6,3773.73,21.06,1136.92,6.35
1608,0.26,1.08,0.51,0.17,0.8,3568.05,19.91,1507.3,8.41
1609,0.26,1.08,0.51,0.25,0.2,4624.19,25.81,500.58,2.79
1610,0.26,1.08,0.51,0.25,0.4,4333.61,24.19,768.24,4.29
1611,0.26,1.08,0.51,0.25,0.6,4072.65,22.73,1081.26,6.03
1612,0.26,1.08,0.51,0.25,0.8,3857.68,21.53,1440.75,8.04
1613,0.26,1.08,0.51,0.32,0.2,4889.82,27.29,473.33,2.64
1614,0.26,1.08,0.51,0.32,0.4,4595.36,25.65,734.38,4.1
1615,0.26,1.08,0.51,0.32,0.6,4327.51,24.15,1040.34,5.81
1616,0.26,1.08,0.51,0.32,0.8,4103.11,22.9,1391.08,7.76
1617,0.26,1.08,0.51,0.4,0.2,5180.16,28.91,446.42,2.49
1618,0.26,1.08,0.51,0.4,0.4,4881.83,27.25,700.96,3.91
1619,0.26,1.08,0.51,0.4,0.6,4608.96,25.72,1000.39,5.58
1620,0.26,1.08,0.51,0.4,0.8,4374.91,24.42,1342.91,7.5
1621,0.26,1.08,0.59,0.1,0.2,3982.78,22.23,617.45,3.45
1622,0.26,1.08,0.59,0.1,0.4,3671.57,20.49,961.45,5.37
1623,0.26,1.08,0.59,0.1,0.6,3410.07,19.03,1366.21,7.63
1624,0.26,1.08,0.59,0.1,0.8,3202.8,17.88,1839.11,10.26
1625,0.26,1.08,0.59,0.17,0.2,4262.32,23.79,576.96,3.22
1626,0.26,1.08,0.59,0.17,0.4,3942.35,22,909.8,5.08
1627,0.26,1.08,0.59,0.17,0.6,3671.51,20.49,1303.57,7.28
1628,0.26,1.08,0.59,0.17,0.8,3456.42,19.29,1762.48,9.84
1629,0.26,1.08,0.59,0.25,0.2,4576.99,25.55,538.66,3.01
1630,0.26,1.08,0.59,0.25,0.4,4248.67,23.71,860.98,4.81
1631,0.26,1.08,0.59,0.25,0.6,3965.78,22.13,1243.02,6.94
1632,0.26,1.08,0.59,0.25,0.8,3743.06,20.89,1688.78,9.43
1633,0.26,1.08,0.59,0.32,0.2,4841.98,27.02,510.29,2.85
1634,0.26,1.08,0.59,0.32,0.4,4508.66,25.16,824.97,4.6
1635,0.26,1.08,0.59,0.32,0.6,4216.37,23.53,1198.36,6.69
1636,0.26,1.08,0.59,0.32,0.8,3985.65,22.24,1634.13,9.12
1637,0.26,1.08,0.59,0.4,0.2,5131.61,28.64,482.16,2.69
1638,0.26,1.08,0.59,0.4,0.4,4794,26.76,789.55,4.41
1639,0.26,1.08,0.59,0.4,0.6,4493.68,25.08,1154.67,6.44
1640,0.26,1.08,0.59,0.4,0.8,4252.48,23.73,1580.28,8.82
1641,0.26,1.08,0.67,0.1,0.2,3933.39,21.95,665.07,3.71
1642,0.26,1.08,0.67,0.1,0.4,3586.24,20.02,1076.55,6.01
1643,0.26,1.08,0.67,0.1,0.6,3313.29,18.49,1571.55,8.77
1644,0.26,1.08,0.67,0.1,0.8,3086.74,17.23,2150.74,12
1645,0.26,1.08,0.67,0.17,0.2,4211.67,23.51,622.91,3.48
1646,0.26,1.08,0.67,0.17,0.4,3854.32,21.51,1021.71,5.7
1647,0.26,1.08,0.67,0.17,0.6,3570.21,19.93,1502.68,8.39
1648,0.26,1.08,0.67,0.17,0.8,3337.43,18.63,2066.6,11.53
1649,0.26,1.08,0.67,0.25,0.2,4525.25,25.26,583.03,3.25
1650,0.26,1.08,0.67,0.25,0.4,4157.15,23.2,969.64,5.41
1651,0.26,1.08,0.67,0.25,0.6,3859.89,21.54,1436.22,8.02
1652,0.26,1.08,0.67,0.25,0.8,3621.13,20.21,1984.71,11.08
1653,0.26,1.08,0.67,0.32,0.2,4789.61,26.73,553.45,3.09
1654,0.26,1.08,0.67,0.32,0.4,4414.92,24.64,931.18,5.2
1655,0.26,1.08,0.67,0.32,0.6,4105.35,22.91,1386.62,7.74
1656,0.26,1.08,0.67,0.32,0.8,3861.14,21.55,1923.3,10.73
1657,0.26,1.08,0.67,0.4,0.2,5078.39,28.34,524.09,2.93
1658,0.26,1.08,0.67,0.4,0.4,4698.57,26.22,893.41,4.99
1659,0.26,1.08,0.67,0.4,0.6,4377.19,24.43,1338.5,7.47
1660,0.26,1.08,0.67,0.4,0.8,4124.96,23.02,1863,10.4
1661,0.26,1.08,0.75,0.1,0.2,3891.46,21.72,707.48,3.95
1662,0.26,1.08,0.75,0.1,0.4,3517.21,19.63,1180.62,6.59
1663,0.26,1.08,0.75,0.1,0.6,3234.37,18.05,1759.92,9.82
1664,0.26,1.08,0.75,0.1,0.8,2990.32,16.69,2431.2,13.57
1665,0.26,1.08,0.75,0.17,0.2,4168.65,23.27,663.86,3.71
1666,0.26,1.08,0.75,0.17,0.4,3782.89,21.11,1122.79,6.27
1667,0.26,1.08,0.75,0.17,0.6,3488.82,19.47,1685.27,9.41
1668,0.26,1.08,0.75,0.17,0.8,3238.72,18.08,2342.2,13.07
1669,0.26,1.08,0.75,0.25,0.2,4481.24,25.01,622.67,3.48
1670,0.26,1.08,0.75,0.25,0.4,4082.22,22.78,1067.56,5.96
1671,0.26,1.08,0.75,0.25,0.6,3776.32,21.08,1613.95,9.01
1672,0.26,1.08,0.75,0.25,0.8,3520.14,19.65,2254.43,12.58
1673,0.26,1.08,0.75,0.32,0.2,4745.18,26.48,592.12,3.3
1674,0.26,1.08,0.75,0.32,0.4,4337.43,24.21,1026.93,5.73
1675,0.26,1.08,0.75,0.32,0.6,4019.5,22.43,1560.73,8.71
1676,0.26,1.08,0.75,0.32,0.8,3758.12,20.98,2187.98,12.21
1677,0.26,1.08,0.75,0.4,0.2,5033.34,28.09,561.71,3.14
1678,0.26,1.08,0.75,0.4,0.4,4619.15,25.78,987.24,5.51
1679,0.26,1.08,0.75,0.4,0.6,4287.38,23.93,1508.33,8.42
1680,0.26,1.08,0.75,0.4,0.8,4019.73,22.44,2122.04,11.84
1681,0.26,1.41,0.35,0.1,0.2,4656.18,25.99,411.5,2.3
1682,0.26,1.41,0.35,0.1,0.4,4444.52,24.81,566.96,3.16
1683,0.26,1.41,0.35,0.1,0.6,4250.3,23.72,751.51,4.19
1684,0.26,1.41,0.35,0.1,0.8,4069.11,22.71,958.18,5.35
1685,0.26,1.41,0.35,0.17,0.2,4944.37,27.6,380.92,2.13
1686,0.26,1.41,0.35,0.17,0.4,4727.83,26.39,529.57,2.96
1687,0.26,1.41,0.35,0.17,0.6,4528.91,25.28,707.97,3.95
1688,0.26,1.41,0.35,0.17,0.8,4342.63,24.24,908.35,5.07
1689,0.26,1.41,0.35,0.25,0.2,5266.34,29.39,352.35,1.97
1690,0.26,1.41,0.35,0.25,0.4,5045.56,28.16,494.3,2.76
1691,0.26,1.41,0.35,0.25,0.6,4842.91,27.03,666.77,3.72
1692,0.26,1.41,0.35,0.25,0.8,4651.89,25.96,861.21,4.81
1693,0.26,1.41,0.35,0.32,0.2,5536.42,30.9,331.19,1.85
1694,0.26,1.41,0.35,0.32,0.4,5312.86,29.65,468.09,2.61
1695,0.26,1.41,0.35,0.32,0.6,5107.5,28.51,636.08,3.55
1696,0.26,1.41,0.35,0.32,0.8,4913.93,27.43,826.34,4.61
1697,0.26,1.41,0.35,0.4,0.2,5831.22,32.55,310.54,1.73
1698,0.26,1.41,0.35,0.4,0.4,5605.03,31.28,442.35,2.47
1699,0.26,1.41,0.35,0.4,0.6,5396.81,30.12,605.45,3.38
1700,0.26,1.41,0.35,0.4,0.8,5200.89,29.03,791.8,4.42
1701,0.26,1.41,0.43,0.1,0.2,4603.99,25.7,445.08,2.48
1702,0.26,1.41,0.43,0.1,0.4,4350.53,24.28,650.71,3.63
1703,0.26,1.41,0.43,0.1,0.6,4119.88,22.99,895.16,5
1704,0.26,1.41,0.43,0.1,0.8,3909.71,21.82,1170.94,6.54
1705,0.26,1.41,0.43,0.17,0.2,4890.92,27.3,412.84,2.3
1706,0.26,1.41,0.43,0.17,0.4,4631.54,25.85,610.38,3.41
1707,0.26,1.41,0.43,0.17,0.6,4394.74,24.53,847.16,4.73
1708,0.26,1.41,0.43,0.17,0.8,4178.74,23.32,1115.08,6.22
1709,0.26,1.41,0.43,0.25,0.2,5211.98,29.09,382.78,2.14
1710,0.26,1.41,0.43,0.25,0.4,4947.44,27.61,572.09,3.19
1711,0.26,1.41,0.43,0.25,0.6,4705.62,26.26,801.8,4.48
1712,0.26,1.41,0.43,0.25,0.8,4481.8,25.01,1062.11,5.93
1713,0.26,1.41,0.43,0.32,0.2,5481.27,30.59,360.47,2.01
1714,0.26,1.41,0.43,0.32,0.4,5213.4,29.1,543.74,3.03
1715,0.26,1.41,0.43,0.32,0.6,4968.51,27.73,768.24,4.29
1716,0.26,1.41,0.43,0.32,0.8,4739.76,26.45,1023.02,5.71
1717,0.26,1.41,0.43,0.4,0.2,5775.42,32.23,338.72,1.89
1718,0.26,1.41,0.43,0.4,0.4,5504.25,30.72,515.57,2.88
1719,0.26,1.41,0.43,0.4,0.6,5256.12,29.34,734.94,4.1
1720,0.26,1.41,0.43,0.4,0.8,5023.78,28.04,984.61,5.5
1721,0.26,1.41,0.51,0.1,0.2,4551.16,25.4,482.18,2.69
1722,0.26,1.41,0.51,0.1,0.4,4256.04,23.75,743.97,4.15
1723,0.26,1.41,0.51,0.1,0.6,3990.93,22.27,1055.62,5.89
1724,0.26,1.41,0.51,0.1,0.8,3760.7,20.99,1411.74,7.88
1725,0.26,1.41,0.51,0.17,0.2,4836.81,27,448.23,2.5
1726,0.26,1.41,0.51,0.17,0.4,4534.76,25.31,700.66,3.91
1727,0.26,1.41,0.51,0.17,0.6,4262.25,23.79,1003.05,5.6
1728,0.26,1.41,0.51,0.17,0.8,4025.34,22.47,1350.17,7.54
1729,0.26,1.41,0.51,0.25,0.2,5156.84,28.78,416.5,2.32
1730,0.26,1.41,0.51,0.25,0.4,4848.88,27.06,659.65,3.68
1731,0.26,1.41,0.51,0.25,0.6,4568.72,25.5,953.26,5.32
1732,0.26,1.41,0.51,0.25,0.8,4322.48,24.12,1290.59,7.2
1733,0.26,1.41,0.51,0.32,0.2,5425.42,30.28,392.95,2.19
1734,0.26,1.41,0.51,0.32,0.4,5113.52,28.54,629.09,3.51
1735,0.26,1.41,0.51,0.32,0.6,4829.07,26.95,916.34,5.11
1736,0.26,1.41,0.51,0.32,0.8,4574.65,25.53,1246.47,6.96
1737,0.26,1.41,0.51,0.4,0.2,5718.84,31.92,369.95,2.06
1738,0.26,1.41,0.51,0.4,0.4,5402.91,30.16,598.62,3.34
1739,0.26,1.41,0.51,0.4,0.6,5114.77,28.55,879.93,4.91
1740,0.26,1.41,0.51,0.4,0.8,4853.68,27.09,1203.35,6.72
1741,0.26,1.41,0.59,0.1,0.2,4503.92,25.14,517.91,2.89
1742,0.26,1.41,0.59,0.1,0.4,4172.32,23.29,833.84,4.65
1743,0.26,1.41,0.59,0.1,0.6,3880.92,21.66,1212.44,6.77
1744,0.26,1.41,0.59,0.1,0.8,3642.54,20.33,1651.54,9.22
1745,0.26,1.41,0.59,0.17,0.2,4788.45,26.73,482.41,2.69
1746,0.26,1.41,0.59,0.17,0.4,4448.68,24.83,787.74,4.4
1747,0.26,1.41,0.59,0.17,0.6,4149.12,23.16,1155.51,6.45
1748,0.26,1.41,0.59,0.17,0.8,3902.45,21.78,1583.44,8.84
1749,0.26,1.41,0.59,0.25,0.2,5107.47,28.51,449.14,2.51
1750,0.26,1.41,0.59,0.25,0.4,4761,26.57,744.16,4.15
1751,0.26,1.41,0.59,0.25,0.6,4450.93,24.84,1101.12,6.15
1752,0.26,1.41,0.59,0.25,0.8,4194.19,23.41,1517.37,8.47
1753,0.26,1.41,0.59,0.32,0.2,5375.58,30,424.46,2.37
1754,0.26,1.41,0.59,0.32,0.4,5024.61,28.04,711.85,3.97
1755,0.26,1.41,0.59,0.32,0.6,4707.75,26.28,1061.17,5.92
1756,0.26,1.41,0.59,0.32,0.8,4441.25,24.79,1468.04,8.19
1757,0.26,1.41,0.59,0.4,0.2,5668.43,31.64,400.25,2.23
1758,0.26,1.41,0.59,0.4,0.4,5312.89,29.65,679.66,3.79
1759,0.26,1.41,0.59,0.4,0.6,4990.98,27.86,1021.98,5.7
1760,0.26,1.41,0.59,0.4,0.8,4714.41,26.31,1419.98,7.93
1761,0.26,1.41,0.67,0.1,0.2,4451.86,24.85,559.85,3.12
1762,0.26,1.41,0.67,0.1,0.4,4081.41,22.78,939.67,5.24
1763,0.26,1.41,0.67,0.1,0.6,3767.15,21.03,1398.86,7.81
1764,0.26,1.41,0.67,0.1,0.8,3519.99,19.65,1940.95,10.83
1765,0.26,1.41,0.67,0.17,0.2,4735.32,26.43,522.72,2.92
1766,0.26,1.41,0.67,0.17,0.4,4355.17,24.31,890.29,4.97
1767,0.26,1.41,0.67,0.17,0.6,4031.97,22.5,1337.56,7.47
1768,0.26,1.41,0.67,0.17,0.8,3776.72,21.08,1864.83,10.41
1769,0.26,1.41,0.67,0.25,0.2,5053.2,28.2,487.72,2.72
1770,0.26,1.41,0.67,0.25,0.4,4664.78,26.04,843.61,4.71
1771,0.26,1.41,0.67,0.25,0.6,4329.34,24.16,1278.24,7.13
1772,0.26,1.41,0.67,0.25,0.8,4065.86,22.69,1791.57,10
1773,0.26,1.41,0.67,0.32,0.2,5320.61,29.7,461.75,2.58
1774,0.26,1.41,0.67,0.32,0.4,4927,27.5,809.09,4.52
1775,0.26,1.41,0.67,0.32,0.6,4581.71,25.57,1234.34,6.89
1776,0.26,1.41,0.67,0.32,0.8,4309.79,24.05,1736.91,9.69
1777,0.26,1.41,0.67,0.4,0.2,5612.86,31.33,436.24,2.43
1778,0.26,1.41,0.67,0.4,0.4,5214.13,29.1,774.94,4.33
1779,0.26,1.41,0.67,0.4,0.6,4860.95,27.13,1191.41,6.65
1780,0.26,1.41,0.67,0.4,0.8,4577.66,25.55,1683.06,9.39
1781,0.26,1.41,0.75,0.1,0.2,4407.37,24.6,598.01,3.34
1782,0.26,1.41,0.75,0.1,0.4,4004.88,22.35,1036.29,5.78
1783,0.26,1.41,0.75,0.1,0.6,3678.4,20.53,1572.56,8.78
1784,0.26,1.41,0.75,0.1,0.8,3417.47,19.07,2208.52,12.33
1785,0.26,1.41,0.75,0.17,0.2,4689.86,26.18,559.52,3.12
1786,0.26,1.41,0.75,0.17,0.4,4276.55,23.87,984.21,5.49
1787,0.26,1.41,0.75,0.17,0.6,3939.44,21.99,1506.54,8.41
1788,0.26,1.41,0.75,0.17,0.8,3671.39,20.49,2126.31,11.87
1789,0.26,1.41,0.75,0.25,0.2,5006.84,27.94,523.11,2.92
1790,0.26,1.41,0.75,0.25,0.4,4583.49,25.58,934.9,5.22
1791,0.26,1.41,0.75,0.25,0.6,4232.78,23.62,1442.47,8.05
1792,0.26,1.41,0.75,0.25,0.8,3958.29,22.09,2046.23,11.42
1793,0.26,1.41,0.75,0.32,0.2,5273.62,29.43,496.08,2.77
1794,0.26,1.41,0.75,0.32,0.4,4844.14,27.04,898.34,5.01
1795,0.26,1.41,0.75,0.32,0.6,4481.46,25.01,1394.9,7.79
1796,0.26,1.41,0.75,0.32,0.8,4200.68,23.45,1986.42,11.09
1797,0.26,1.41,0.75,0.4,0.2,5565.31,31.06,469.31,2.62
1798,0.26,1.41,0.75,0.4,0.4,5130.08,28.63,862.29,4.81
1799,0.26,1.41,0.75,0.4,0.6,4756.46,26.55,1348.57,7.53
1800,0.26,1.41,0.75,0.4,0.8,4466.15,24.93,1927.17,10.76
1801,0.26,1.74,0.35,0.1,0.2,5202.94,29.04,343.91,1.92
1802,0.26,1.74,0.35,0.1,0.4,4972.98,27.76,480.9,2.68
1803,0.26,1.74,0.35,0.1,0.6,4764.76,26.59,650.14,3.63
1804,0.26,1.74,0.35,0.1,0.8,4571.44,25.51,845.21,4.72
1805,0.26,1.74,0.35,0.17,0.2,5495.19,30.67,317.68,1.77
1806,0.26,1.74,0.35,0.17,0.4,5260.62,29.36,448.18,2.5
1807,0.26,1.74,0.35,0.17,0.6,5047.9,28.17,611.06,3.41
1808,0.26,1.74,0.35,0.17,0.8,4850.37,27.07,800.26,4.47
1809,0.26,1.74,0.35,0.25,0.2,5820.36,32.49,292.89,1.63
1810,0.26,1.74,0.35,0.25,0.4,5582.03,31.15,417.49,2.33
1811,0.26,1.74,0.35,0.25,0.6,5365.74,29.95,574.03,3.2
1812,0.26,1.74,0.35,0.25,0.8,5164.32,28.82,757.5,4.23
1813,0.26,1.74,0.35,0.32,0.2,6092.6,34,274.49,1.53
1814,0.26,1.74,0.35,0.32,0.4,5851.5,32.66,394.62,2.2
1815,0.26,1.74,0.35,0.32,0.6,5632.83,31.44,546.47,3.05
1816,0.26,1.74,0.35,0.32,0.8,5428.97,30.3,725.73,4.05
1817,0.26,1.74,0.35,0.4,0.2,6389.18,35.66,256.57,1.43
1818,0.26,1.74,0.35,0.4,0.4,6145.65,34.3,372.22,2.08
1819,0.26,1.74,0.35,0.4,0.6,5924.61,33.07,519.14,2.9
1820,0.26,1.74,0.35,0.4,0.8,5718.28,31.92,694,3.87
1821,0.26,1.74,0.43,0.1,0.2,5147.06,28.73,372.71,2.08
1822,0.26,1.74,0.43,0.1,0.4,4873.64,27.2,555.42,3.1
1823,0.26,1.74,0.43,0.1,0.6,4627.95,25.83,782.74,4.37
1824,0.26,1.74,0.43,0.1,0.8,4401.89,24.57,1043.67,5.83
1825,0.26,1.74,0.43,0.17,0.2,5438.26,30.35,345.05,1.93
1826,0.26,1.74,0.43,0.17,0.4,5159.29,28.8,519.67,2.9
1827,0.26,1.74,0.43,0.17,0.6,4908.3,27.39,739.63,4.13
1828,0.26,1.74,0.43,0.17,0.8,4676.08,26.1,993.2,5.54
1829,0.26,1.74,0.43,0.25,0.2,5762.61,32.16,318.98,1.78
1830,0.26,1.74,0.43,0.25,0.4,5478.96,30.58,486.03,2.71
1831,0.26,1.74,0.43,0.25,0.6,5223.35,29.15,698.62,3.9
1832,0.26,1.74,0.43,0.25,0.8,4985.57,27.83,945.26,5.28
1833,0.26,1.74,0.43,0.32,0.2,6034.21,33.68,299.62,1.67
1834,0.26,1.74,0.43,0.32,0.4,5747.29,32.08,460.96,2.57
1835,0.26,1.74,0.43,0.32,0.6,5488.7,30.63,668.09,3.73
1836,0.26,1.74,0.43,0.32,0.8,5247.57,29.29,909.56,5.08
1837,0.26,1.74,0.43,0.4,0.2,6330.28,35.33,280.69,1.57
1838,0.26,1.74,0.43,0.4,0.4,6040.28,33.71,436.24,2.43
1839,0.26,1.74,0.43,0.4,0.6,5778.74,32.25,637.58,3.56
1840,0.26,1.74,0.43,0.4,0.8,5534.88,30.89,874.13,4.88
1841,0.26,1.74,0.51,0.1,0.2,5091.34,28.42,403.77,2.25
1842,0.26,1.74,0.51,0.1,0.4,4775.91,26.66,637.9,3.56
1843,0.26,1.74,0.51,0.1,0.6,4494.41,25.08,928.84,5.18
1844,0.26,1.74,0.51,0.1,0.8,4241.67,23.67,1264.42,7.06
1845,0.26,1.74,0.51,0.17,0.2,5381.56,30.04,374.67,2.09
1846,0.26,1.74,0.51,0.17,0.4,5059.4,28.24,599.22,3.34
1847,0.26,1.74,0.51,0.17,0.6,4771.21,26.63,881.44,4.92
1848,0.26,1.74,0.51,0.17,0.8,4511.31,25.18,1207.95,6.74
1849,0.26,1.74,0.51,0.25,0.2,5705.02,31.84,347.29,1.94
1850,0.26,1.74,0.51,0.25,0.4,5377.48,30.01,562.62,3.14
1851,0.26,1.74,0.51,0.25,0.6,5083.32,28.37,836.38,4.67
1852,0.26,1.74,0.51,0.25,0.8,4814.74,26.87,1153.92,6.44
1853,0.26,1.74,0.51,0.32,0.2,5976.06,33.35,326.93,1.82
1854,0.26,1.74,0.51,0.32,0.4,5644.66,31.5,535.37,2.99
1855,0.26,1.74,0.51,0.32,0.6,5347,29.84,802.91,4.48
1856,0.26,1.74,0.51,0.32,0.8,5072.34,28.31,1114.13,6.22
1857,0.26,1.74,0.51,0.4,0.2,6271.55,35,306.99,1.71
1858,0.26,1.74,0.51,0.4,0.4,5936.59,33.13,508.37,2.84
1859,0.26,1.74,0.51,0.4,0.6,5635.34,31.45,769.59,4.3
1860,0.26,1.74,0.51,0.4,0.8,5356.3,29.89,1075.01,6
1861,0.26,1.74,0.59,0.1,0.2,5040.25,28.13,434.85,2.43
1862,0.26,1.74,0.59,0.1,0.4,4687.38,26.16,721.41,4.03
1863,0.26,1.74,0.59,0.1,0.6,4374.64,24.42,1076.05,6.01
1864,0.26,1.74,0.59,0.1,0.8,4104.34,22.91,1488.88,8.31
1865,0.26,1.74,0.59,0.17,0.2,5329.41,29.74,404.24,2.26
1866,0.26,1.74,0.59,0.17,0.4,4968.87,27.73,680.07,3.8
1867,0.26,1.74,0.59,0.17,0.6,4648.02,25.94,1024.69,5.72
1868,0.26,1.74,0.59,0.17,0.8,4370.34,24.39,1427.32,7.97
1869,0.26,1.74,0.59,0.25,0.2,5651.97,31.55,375.52,2.1
1870,0.26,1.74,0.59,0.25,0.4,5285.03,29.5,640.76,3.58
1871,0.26,1.74,0.59,0.25,0.6,4956.57,27.66,975.94,5.45
1872,0.26,1.74,0.59,0.25,0.8,4668.91,26.06,1367.68,7.63
1873,0.26,1.74,0.59,0.32,0.2,5922.35,33.05,354.14,1.98
1874,0.26,1.74,0.59,0.32,0.4,5551.14,30.98,611.49,3.41
1875,0.26,1.74,0.59,0.32,0.6,5217.97,29.12,939.62,5.24
1876,0.26,1.74,0.59,0.32,0.8,4921.8,27.47,1323.52,7.39
1877,0.26,1.74,0.59,0.4,0.2,6217.37,34.7,333.26,1.86
1878,0.26,1.74,0.59,0.4,0.4,5841.94,32.61,582.38,3.25
1879,0.26,1.74,0.59,0.4,0.6,5504.87,30.72,903.61,5.04
1880,0.26,1.74,0.59,0.4,0.8,5200.98,29.03,1280.33,7.15
1881,0.26,1.74,0.67,0.1,0.2,4985.63,27.83,470.95,2.63
1882,0.26,1.74,0.67,0.1,0.4,4592.45,25.63,817.9,4.56
1883,0.26,1.74,0.67,0.1,0.6,4250.83,23.73,1248.39,6.97
1884,0.26,1.74,0.67,0.1,0.8,3971.13,22.16,1754.78,9.79
1885,0.26,1.74,0.67,0.17,0.2,5273.51,29.43,438.68,2.45
1886,0.26,1.74,0.67,0.17,0.4,4871.86,27.19,773.71,4.32
1887,0.26,1.74,0.67,0.17,0.6,4520.65,25.23,1192.21,6.65
1888,0.26,1.74,0.67,0.17,0.8,4232.41,23.62,1686.41,9.41
1889,0.26,1.74,0.67,0.25,0.2,5595.14,31.23,408.44,2.28
1890,0.26,1.74,0.67,0.25,0.4,5186.24,28.95,731.74,4.08
1891,0.26,1.74,0.67,0.25,0.6,4824.39,26.93,1138.57,6.35
1892,0.26,1.74,0.67,0.25,0.8,4525.78,25.26,1620.32,9.04
1893,0.26,1.74,0.67,0.32,0.2,5864.79,32.73,385.89,2.15
1894,0.26,1.74,0.67,0.32,0.4,5451.14,30.42,700.52,3.91
1895,0.26,1.74,0.67,0.32,0.6,5082.29,28.37,1099.05,6.13
1896,0.26,1.74,0.67,0.32,0.8,4773.5,26.64,1570.8,8.77
1897,0.26,1.74,0.67,0.4,0.2,6159.08,34.38,363.82,2.03
1898,0.26,1.74,0.67,0.4,0.4,5740.73,32.04,669.32,3.74
1899,0.26,1.74,0.67,0.4,0.6,5366.46,29.95,1060.22,5.92
1900,0.26,1.74,0.67,0.4,0.8,5046.82,28.17,1522.49,8.5
1901,0.26,1.74,0.75,0.1,0.2,4939.84,27.57,503.6,2.81
1902,0.26,1.74,0.75,0.1,0.4,4513.69,25.19,904.99,5.05
1903,0.26,1.74,0.75,0.1,0.6,4151.63,23.17,1404.67,7.84
1904,0.26,1.74,0.75,0.1,0.8,3865.51,21.57,1999.05,11.16
1905,0.26,1.74,0.75,0.17,0.2,5226.77,29.17,469.89,2.62
1906,0.26,1.74,0.75,0.17,0.4,4791,26.74,858.24,4.79
1907,0.26,1.74,0.75,0.17,0.6,4419.05,24.66,1345.09,7.51
1908,0.26,1.74,0.75,0.17,0.8,4124.68,23.02,1924.71,10.74
1909,0.26,1.74,0.75,0.25,0.2,5547.66,30.96,438.34,2.45
1910,0.26,1.74,0.75,0.25,0.4,5103.6,28.48,813.8,4.54
1911,0.26,1.74,0.75,0.25,0.6,4719.38,26.34,1287.54,7.19
1912,0.26,1.74,0.75,0.25,0.8,4415.75,24.65,1852.57,10.34
1913,0.26,1.74,0.75,0.32,0.2,5816.69,32.46,414.75,2.31
1914,0.26,1.74,0.75,0.32,0.4,5367.54,29.96,780.82,4.36
1915,0.26,1.74,0.75,0.32,0.6,4973.74,27.76,1244.91,6.95
1916,0.26,1.74,0.75,0.32,0.8,4660.9,26.01,1798.65,10.04
1917,0.26,1.74,0.75,0.4,0.2,6110.4,34.1,391.63,2.19
1918,0.26,1.74,0.75,0.4,0.4,5656.1,31.57,748,4.17
1919,0.26,1.74,0.75,0.4,0.6,5254.61,29.33,1203.12,6.71
1920,0.26,1.74,0.75,0.4,0.8,4930.03,27.52,1745.58,9.74
1921,0.26,2.07,0.35,0.1,0.2,5762.81,32.16,288.7,1.61
1922,0.26,2.07,0.35,0.1,0.4,5514.7,30.78,409.15,2.28
1923,0.26,2.07,0.35,0.1,0.6,5291.33,29.53,562.23,3.14
1924,0.26,2.07,0.35,0.1,0.8,5085.99,28.39,744.36,4.15
1925,0.26,2.07,0.35,0.17,0.2,6057.82,33.81,265.84,1.48
1926,0.26,2.07,0.35,0.17,0.4,5806.23,32.41,380.71,2.12
1927,0.26,2.07,0.35,0.17,0.6,5578.29,31.13,527.37,2.94
1928,0.26,2.07,0.35,0.17,0.8,5368.79,29.96,703.56,3.93
1929,0.26,2.07,0.35,0.25,0.2,6385.47,35.64,243.8,1.36
1930,0.26,2.07,0.35,0.25,0.4,6131.04,34.22,353.78,1.97
1931,0.26,2.07,0.35,0.25,0.6,5899.31,32.93,494.64,2.76
1932,0.26,2.07,0.35,0.25,0.8,5686.22,31.74,664.73,3.71
1933,0.26,2.07,0.35,0.32,0.2,6659.71,37.17,227.48,1.27
1934,0.26,2.07,0.35,0.32,0.4,6403.25,35.74,333.71,1.86
1935,0.26,2.07,0.35,0.32,0.6,6168.74,34.43,470.1,2.62
1936,0.26,2.07,0.35,0.32,0.8,5953.36,33.23,635.83,3.55
1937,0.26,2.07,0.35,0.4,0.2,6957.95,38.83,211.8,1.18
1938,0.26,2.07,0.35,0.4,0.4,6699.67,37.39,313.95,1.75
1939,0.26,2.07,0.35,0.4,0.6,6462.79,36.07,445.83,2.49
1940,0.26,2.07,0.35,0.4,0.8,6245.13,34.86,606.99,3.39
1941,0.26,2.07,0.43,0.1,0.2,5705.1,31.84,312.89,1.75
1942,0.26,2.07,0.43,0.1,0.4,5411.63,30.2,472.96,2.64
1943,0.26,2.07,0.43,0.1,0.6,5150.85,28.75,680.16,3.8
1944,0.26,2.07,0.43,0.1,0.8,4911.64,27.41,925.64,5.17
1945,0.26,2.07,0.43,0.17,0.2,5999.52,33.48,289.02,1.61
1946,0.26,2.07,0.43,0.17,0.4,5700.78,31.82,441.73,2.47
1947,0.26,2.07,0.43,0.17,0.6,5435.02,30.33,641.35,3.58
1948,0.26,2.07,0.43,0.17,0.8,5190.72,28.97,879.71,4.91
1949,0.26,2.07,0.43,0.25,0.2,6326.68,35.31,266.03,1.48
1950,0.26,2.07,0.43,0.25,0.4,6023.85,33.62,412.25,2.3
1951,0.26,2.07,0.43,0.25,0.6,5753.71,32.11,604.52,3.37
1952,0.26,2.07,0.43,0.25,0.8,5505.04,30.73,835.85,4.67
1953,0.26,2.07,0.43,0.32,0.2,6600.56,36.84,248.93,1.39
1954,0.26,2.07,0.43,0.32,0.4,6294.74,35.13,390.13,2.18
1955,0.26,2.07,0.43,0.32,0.6,6021.65,33.61,577.02,3.22
1956,0.26,2.07,0.43,0.32,0.8,5769.98,32.2,803.22,4.48
1957,0.26,2.07,0.43,0.4,0.2,6898.45,38.5,232.37,1.3
1958,0.26,2.07,0.43,0.4,0.4,6590.18,36.78,368.51,2.06
1959,0.26,2.07,0.43,0.4,0.6,6314.14,35.24,549.72,3.07
1960,0.26,2.07,0.43,0.4,0.8,6059.78,33.82,770.57,4.3
1961,0.26,2.07,0.51,0.1,0.2,5645.59,31.51,339.8,1.9
1962,0.26,2.07,0.51,0.1,0.4,5308.09,29.63,547.03,3.05
1963,0.26,2.07,0.51,0.1,0.6,5010.14,27.96,816.42,4.56
1964,0.26,2.07,0.51,0.1,0.8,4739.17,26.45,1133.17,6.32
1965,0.26,2.07,0.51,0.17,0.2,5939.3,33.15,314.65,1.76
1966,0.26,2.07,0.51,0.17,0.4,5595.32,31.23,512.73,2.86
1967,0.26,2.07,0.51,0.17,0.6,5291.62,29.53,773.51,4.32
1968,0.26,2.07,0.51,0.17,0.8,5013.54,27.98,1081.79,6.04
1969,0.26,2.07,0.51,0.25,0.2,6265.77,34.97,290.59,1.62
1970,0.26,2.07,0.51,0.25,0.4,5916.61,33.02,480.55,2.68
1971,0.26,2.07,0.51,0.25,0.6,5607.68,31.3,732.62,4.09
1972,0.26,2.07,0.51,0.25,0.8,5323.05,29.71,1033.06,5.77
1973,0.26,2.07,0.51,0.32,0.2,6539.19,36.5,272.67,1.52
1974,0.26,2.07,0.51,0.32,0.4,6186.24,34.53,456.42,2.55
1975,0.26,2.07,0.51,0.32,0.6,5873.91,32.78,702.17,3.92
1976,0.26,2.07,0.51,0.32,0.8,5585.41,31.17,996.64,5.56
1977,0.26,2.07,0.51,0.4,0.2,6836.69,38.16,255.21,1.42
1978,0.26,2.07,0.51,0.4,0.4,6480.47,36.17,432.57,2.41
1979,0.26,2.07,0.51,0.4,0.6,6164.88,34.41,671.82,3.75
1980,0.26,2.07,0.51,0.4,0.8,5873.22,32.78,960.47,5.36
1981,0.26,2.07,0.59,0.1,0.2,5592.05,31.21,366.19,2.04
1982,0.26,2.07,0.59,0.1,0.4,5215.95,29.11,621.04,3.47
1983,0.26,2.07,0.59,0.1,0.6,4885.78,27.27,952.01,5.31
1984,0.26,2.07,0.59,0.1,0.8,4591.96,25.63,1341.37,7.49
1985,0.26,2.07,0.59,0.17,0.2,5884.9,32.85,339.77,1.9
1986,0.26,2.07,0.59,0.17,0.4,5501.55,30.71,584.13,3.26
1987,0.26,2.07,0.59,0.17,0.6,5164.16,28.82,905.38,5.05
1988,0.26,2.07,0.59,0.17,0.8,4862.65,27.14,1284.82,7.17
1989,0.26,2.07,0.59,0.25,0.2,6210.71,34.66,314.61,1.76
1990,0.26,2.07,0.59,0.25,0.4,5821.38,32.49,549.27,3.07
1991,0.26,2.07,0.59,0.25,0.6,5477.92,30.57,860.82,4.8
1992,0.26,2.07,0.59,0.25,0.8,5166.68,28.84,1230.56,6.87
1993,0.26,2.07,0.59,0.32,0.2,6483.59,36.19,295.81,1.65
1994,0.26,2.07,0.59,0.32,0.4,6089.97,33.99,523.24,2.92
1995,0.26,2.07,0.59,0.32,0.6,5742.57,32.05,827.67,4.62
1996,0.26,2.07,0.59,0.32,0.8,5424.88,30.28,1190.46,6.64
1997,0.26,2.07,0.59,0.4,0.2,6780.68,37.84,277.44,1.55
1998,0.26,2.07,0.59,0.4,0.4,6383.22,35.63,497.49,2.78
1999,0.26,2.07,0.59,0.4,0.6,6032.07,33.67,794.53,4.43
2000,0.26,2.07,0.59,0.4,0.8,5709.58,31.87,1150.89,6.42
2001,0.26,2.07,0.67,0.1,0.2,5533.82,30.89,397.14,2.22
2002,0.26,2.07,0.67,0.1,0.4,5117.15,28.56,709.16,3.96
2003,0.26,2.07,0.67,0.1,0.6,4753.32,26.53,1111.71,6.2
2004,0.26,2.07,0.67,0.1,0.8,4441.38,24.79,1588.75,8.87
2005,0.26,2.07,0.67,0.17,0.2,5825.66,32.51,369.28,2.06
2006,0.26,2.07,0.67,0.17,0.4,5400.53,30.14,669.36,3.74
2007,0.26,2.07,0.67,0.17,0.6,5028.07,28.06,1060.95,5.92
2008,0.26,2.07,0.67,0.17,0.8,4708.36,26.28,1526.81,8.52
2009,0.26,2.07,0.67,0.25,0.2,6150.73,34.33,342.87,1.91
2010,0.26,2.07,0.67,0.25,0.4,5718.57,31.92,631.64,3.53
2011,0.26,2.07,0.67,0.25,0.6,5338,29.79,1012.67,5.65
2012,0.26,2.07,0.67,0.25,0.8,5007.56,27.95,1466.6,8.19
2013,0.26,2.07,0.67,0.32,0.2,6423.08,35.85,323.17,1.8
2014,0.26,2.07,0.67,0.32,0.4,5986.1,33.41,603.48,3.37
2015,0.26,2.07,0.67,0.32,0.6,5600.66,31.26,976.6,5.45
2016,0.26,2.07,0.67,0.32,0.8,5261.01,29.36,1421.87,7.94
2017,0.26,2.07,0.67,0.4,0.2,6719.64,37.5,303.78,1.7
2018,0.26,2.07,0.67,0.4,0.4,6278.25,35.04,575.46,3.21
2019,0.26,2.07,0.67,0.4,0.6,5888.67,32.87,940.74,5.25
2020,0.26,2.07,0.67,0.4,0.8,5540.73,30.92,1378.06,7.69
2021,0.26,2.07,0.75,0.1,0.2,5484.22,30.61,425.77,2.38
2022,0.26,2.07,0.75,0.1,0.4,5033.39,28.09,790.91,4.41
2023,0.26,2.07,0.75,0.1,0.6,4644.3,25.92,1260.96,7.04
2024,0.26,2.07,0.75,0.1,0.8,4323.81,24.13,1820.4,10.16
2025,0.26,2.07,0.75,0.17,0.2,5775,32.23,396.61,2.21
2026,0.26,2.07,0.75,0.17,0.4,5315.28,29.67,748.72,4.18
2027,0.26,2.07,0.75,0.17,0.6,4916.13,27.44,1206.11,6.73
2028,0.26,2.07,0.75,0.17,0.8,4586.81,25.6,1752.88,9.78
2029,0.26,2.07,0.75,0.25,0.2,6099.32,34.04,369,2.06
2030,0.26,2.07,0.75,0.25,0.4,5631.79,31.43,708.56,3.95
2031,0.26,2.07,0.75,0.25,0.6,5222.04,29.15,1153.88,6.44
2032,0.26,2.07,0.75,0.25,0.8,4882.22,27.25,1687.7,9.42
2033,0.26,2.07,0.75,0.32,0.2,6371.23,35.56,348.46,1.94
2034,0.26,2.07,0.75,0.32,0.4,5898.3,32.92,678.66,3.79
2035,0.26,2.07,0.75,0.32,0.6,5481.94,30.6,1115.28,6.22
2036,0.26,2.07,0.75,0.32,0.8,5131.45,28.64,1638.9,9.15
2037,0.26,2.07,0.75,0.4,0.2,6667.45,37.21,328.22,1.83
2038,0.26,2.07,0.75,0.4,0.4,6189.51,34.55,648.85,3.62
2039,0.26,2.07,0.75,0.4,0.6,5767.95,32.19,1077.05,6.01
2040,0.26,2.07,0.75,0.4,0.8,5406.52,30.18,1591.1,8.88
2041,0.26,2.4,0.35,0.1,0.2,6333.44,35.35,242.04,1.35
2042,0.26,2.4,0.35,0.1,0.4,6071.81,33.89,348.65,1.95
2043,0.26,2.4,0.35,0.1,0.6,5831.52,32.55,484.93,2.71
2044,0.26,2.4,0.35,0.1,0.8,5613.84,31.33,652.06,3.64
2045,0.26,2.4,0.35,0.17,0.2,6630.77,37.01,221.53,1.24
2046,0.26,2.4,0.35,0.17,0.4,6366.44,35.53,323.74,1.81
2047,0.26,2.4,0.35,0.17,0.6,6122.13,34.17,454.27,2.54
2048,0.26,2.4,0.35,0.17,0.8,5900.27,32.93,615.34,3.43
2049,0.26,2.4,0.35,0.25,0.2,6960.79,38.85,201.93,1.13
2050,0.26,2.4,0.35,0.25,0.4,6693.95,37.36,299.77,1.67
2051,0.26,2.4,0.35,0.25,0.6,6446.46,35.98,425.1,2.37
2052,0.26,2.4,0.35,0.25,0.8,6220.97,34.72,580.58,3.24
2053,0.26,2.4,0.35,0.32,0.2,7236.9,40.39,187.64,1.05
2054,0.26,2.4,0.35,0.32,0.4,6967.99,38.89,281.82,1.57
2055,0.26,2.4,0.35,0.32,0.6,6718.17,37.5,403.24,2.25
2056,0.26,2.4,0.35,0.32,0.8,6490.25,36.22,554.55,3.1
2057,0.26,2.4,0.35,0.4,0.2,7536.97,42.07,174.26,0.97
2058,0.26,2.4,0.35,0.4,0.4,7266.03,40.55,264.33,1.48
2059,0.26,2.4,0.35,0.4,0.6,7014.11,39.15,381.67,2.13
2060,0.26,2.4,0.35,0.4,0.8,6783.82,37.86,528.74,2.95
2061,0.26,2.4,0.43,0.1,0.2,6273.22,35.01,263.76,1.47
2062,0.26,2.4,0.43,0.1,0.4,5960.54,33.27,404.87,2.26
2063,0.26,2.4,0.43,0.1,0.6,5682.32,31.71,592.77,3.31
2064,0.26,2.4,0.43,0.1,0.8,5430.15,30.31,822.27,4.59
2065,0.26,2.4,0.43,0.17,0.2,6569.99,36.67,242.3,1.35
2066,0.26,2.4,0.43,0.17,0.4,6253.65,34.9,377.58,2.11
2067,0.26,2.4,0.43,0.17,0.6,5969.98,33.32,557.97,3.11
2068,0.26,2.4,0.43,0.17,0.8,5713.07,31.89,780.34,4.36
2069,0.26,2.4,0.43,0.25,0.2,6899.42,38.51,221.7,1.24
2070,0.26,2.4,0.43,0.25,0.4,6579.87,36.72,351.44,1.96
2071,0.26,2.4,0.43,0.25,0.6,6291.79,35.12,525.24,2.93
2072,0.26,2.4,0.43,0.25,0.8,6030.69,33.66,740.31,4.13
2073,0.26,2.4,0.43,0.32,0.2,7175.1,40.05,206.57,1.15
2074,0.26,2.4,0.43,0.32,0.4,6852.97,38.25,331.84,1.85
2075,0.26,2.4,0.43,0.32,0.6,6561.83,36.62,500.63,2.79
2076,0.26,2.4,0.43,0.32,0.8,6297.98,35.15,710.52,3.97
2077,0.26,2.4,0.43,0.4,0.2,7474.74,41.72,192.19,1.07
2078,0.26,2.4,0.43,0.4,0.4,7150.04,39.91,312.55,1.74
2079,0.26,2.4,0.43,0.4,0.6,6856.09,38.27,476.16,2.66
2080,0.26,2.4,0.43,0.4,0.8,6589.51,36.78,680.73,3.8
2081,0.26,2.4,0.51,0.1,0.2,6213.44,34.68,286.58,1.6
2082,0.26,2.4,0.51,0.1,0.4,5853.71,32.67,468.07,2.61
2083,0.26,2.4,0.51,0.1,0.6,5539.74,30.92,713.14,3.98
2084,0.26,2.4,0.51,0.1,0.8,5254.77,29.33,1010.74,5.64
2085,0.26,2.4,0.51,0.17,0.2,6509.64,36.33,264.27,1.47
2086,0.26,2.4,0.51,0.17,0.4,6144.75,34.3,438.07,2.44
2087,0.26,2.4,0.51,0.17,0.6,5824.78,32.51,674.46,3.76
2088,0.26,2.4,0.51,0.17,0.8,5534.25,30.89,963.96,5.38
2089,0.26,2.4,0.51,0.25,0.2,6838.56,38.17,242.73,1.35
2090,0.26,2.4,0.51,0.25,0.4,6469.44,36.11,409.55,2.29
2091,0.26,2.4,0.51,0.25,0.6,6144.33,34.29,637.79,3.56
2092,0.26,2.4,0.51,0.25,0.8,5848.54,32.64,919.1,5.13
2093,0.26,2.4,0.51,0.32,0.2,7113.76,39.7,226.78,1.27
2094,0.26,2.4,0.51,0.32,0.4,6741.41,37.63,388.15,2.17
2095,0.26,2.4,0.51,0.32,0.6,6412.82,35.79,610.29,3.41
2096,0.26,2.4,0.51,0.32,0.8,6113.61,34.12,885.62,4.94
2097,0.26,2.4,0.51,0.4,0.2,7412.96,41.37,211.43,1.18
2098,0.26,2.4,0.51,0.4,0.4,7037.57,39.28,367.05,2.05
2099,0.26,2.4,0.51,0.4,0.6,6705.54,37.43,583.02,3.25
2100,0.26,2.4,0.51,0.4,0.8,6403.29,35.74,852.12,4.76
2101,0.26,2.4,0.59,0.1,0.2,6157.59,34.37,309.37,1.73
2102,0.26,2.4,0.59,0.1,0.4,5757.28,32.13,533.88,2.98
2103,0.26,2.4,0.59,0.1,0.6,5410.86,30.2,838.43,4.68
2104,0.26,2.4,0.59,0.1,0.8,5098.09,28.45,1205.28,6.73
2105,0.26,2.4,0.59,0.17,0.2,6453.24,36.02,286.18,1.6
2106,0.26,2.4,0.59,0.17,0.4,6046.34,33.75,501.29,2.8
2107,0.26,2.4,0.59,0.17,0.6,5693.42,31.78,796.06,4.44
2108,0.26,2.4,0.59,0.17,0.8,5373.25,29.99,1153.46,6.44
2109,0.26,2.4,0.59,0.25,0.2,6781.58,37.85,263.72,1.47
2110,0.26,2.4,0.59,0.25,0.4,6369.47,35.55,470.5,2.63
2111,0.26,2.4,0.59,0.25,0.6,6010.67,33.55,755.59,4.22
2112,0.26,2.4,0.59,0.25,0.8,5683.4,31.72,1104.2,6.16
2113,0.26,2.4,0.59,0.32,0.2,7056.37,39.38,247.01,1.38
2114,0.26,2.4,0.59,0.32,0.4,6640.36,37.06,447.29,2.5
2115,0.26,2.4,0.59,0.32,0.6,6277.72,35.04,725.47,4.05
2116,0.26,2.4,0.59,0.32,0.8,5946.04,33.19,1067.43,5.96
2117,0.26,2.4,0.59,0.4,0.2,7355.14,41.05,230.83,1.29
2118,0.26,2.4,0.59,0.4,0.4,6935.42,38.71,424.44,2.37
2119,0.26,2.4,0.59,0.4,0.6,6569.09,36.66,695.38,3.88
2120,0.26,2.4,0.59,0.4,0.8,6234.04,34.79,1030.79,5.75
2121,0.26,2.4,0.67,0.1,0.2,6096,34.02,336.2,1.88
2122,0.26,2.4,0.67,0.1,0.4,5653.3,31.55,613.42,3.42
2123,0.26,2.4,0.67,0.1,0.6,5271.29,29.42,988.42,5.52
2124,0.26,2.4,0.67,0.1,0.8,4934.75,27.54,1438.98,8.03
2125,0.26,2.4,0.67,0.17,0.2,6390.94,35.67,311.88,1.74
2126,0.26,2.4,0.67,0.17,0.4,5940.41,33.16,577.89,3.23
2127,0.26,2.4,0.67,0.17,0.6,5551.1,30.98,942.12,5.26
2128,0.26,2.4,0.67,0.17,0.8,5206.01,29.06,1381.72,7.71
2129,0.26,2.4,0.67,0.25,0.2,6718.71,37.5,288.41,1.61
2130,0.26,2.4,0.67,0.25,0.4,6261.73,34.95,544.42,3.04
2131,0.26,2.4,0.67,0.25,0.6,5865.71,32.74,897.77,5.01
2132,0.26,2.4,0.67,0.25,0.8,5510.37,30.75,1326.63,7.4
2133,0.26,2.4,0.67,0.32,0.2,6993,39.03,270.87,1.51
2134,0.26,2.4,0.67,0.32,0.4,6531.46,36.45,519.34,2.9
2135,0.26,2.4,0.67,0.32,0.6,6130.99,34.22,864.69,4.83
2136,0.26,2.4,0.67,0.32,0.8,5768.4,32.19,1285.82,7.18
2137,0.26,2.4,0.67,0.4,0.2,7291.3,40.69,253.78,1.42
2138,0.26,2.4,0.67,0.4,0.4,6825.4,38.09,494.38,2.76
2139,0.26,2.4,0.67,0.4,0.6,6420.85,35.84,831.58,4.64
2140,0.26,2.4,0.67,0.4,0.8,6052.82,33.78,1245.51,6.95
2141,0.26,2.4,0.75,0.1,0.2,6043.98,33.73,360.67,2.01
2142,0.26,2.4,0.75,0.1,0.4,5566.51,31.07,687.19,3.84
2143,0.26,2.4,0.75,0.1,0.6,5156.17,28.78,1126.48,6.29
2144,0.26,2.4,0.75,0.1,0.8,4804.6,26.82,1655.1,9.24
2145,0.26,2.4,0.75,0.17,0.2,6338.25,35.38,335.27,1.87
2146,0.26,2.4,0.75,0.17,0.4,5852.09,32.66,649.31,3.62
2147,0.26,2.4,0.75,0.17,0.6,5433.02,30.32,1076.75,6.01
2148,0.26,2.4,0.75,0.17,0.8,5073.05,28.31,1593.77,8.9
2149,0.26,2.4,0.75,0.25,0.2,6665.45,37.2,310.83,1.73
2150,0.26,2.4,0.75,0.25,0.4,6172.02,34.45,613.41,3.42
2151,0.26,2.4,0.75,0.25,0.6,5744.89,32.06,1029.28,5.74
2152,0.26,2.4,0.75,0.25,0.8,5373.8,29.99,1534.05,8.56
2153,0.26,2.4,0.75,0.32,0.2,6939.28,38.73,292.55,1.63
2154,0.26,2.4,0.75,0.32,0.4,6440.78,35.95,586.5,3.27
2155,0.26,2.4,0.75,0.32,0.6,6008.68,33.54,993.79,5.55
2156,0.26,2.4,0.75,0.32,0.8,5628.27,31.41,1489.5,8.31
2157,0.26,2.4,0.75,0.4,0.2,7237.06,40.39,274.67,1.53
2158,0.26,2.4,0.75,0.4,0.4,6733.82,37.58,559.85,3.12
2159,0.26,2.4,0.75,0.4,0.6,6297.33,35.15,958.35,5.35
2160,0.26,2.4,0.75,0.4,0.8,5908.47,32.98,1445.82,8.07
2161,0.34,0.75,0.35,0.1,0.2,4395.29,24.53,488.1,2.72
2162,0.34,0.75,0.35,0.1,0.4,4200.11,23.44,658.15,3.67
2163,0.34,0.75,0.35,0.1,0.6,4017.35,22.42,850.42,4.75
2164,0.34,0.75,0.35,0.1,0.8,3848.3,21.48,1061.89,5.93
2165,0.34,0.75,0.35,0.17,0.2,4681.4,26.13,455.68,2.54
2166,0.34,0.75,0.35,0.17,0.4,4482.4,25.02,619.98,3.46
2167,0.34,0.75,0.35,0.17,0.6,4296.01,23.98,806.78,4.5
2168,0.34,0.75,0.35,0.17,0.8,4121.17,23,1012.49,5.65
2169,0.34,0.75,0.35,0.25,0.2,4997.38,27.89,424.76,2.37
2170,0.34,0.75,0.35,0.25,0.4,4795.05,26.76,583.48,3.26
2171,0.34,0.75,0.35,0.25,0.6,4605.15,25.7,765.11,4.27
2172,0.34,0.75,0.35,0.25,0.8,4426.11,24.7,965.34,5.39
2173,0.34,0.75,0.35,0.32,0.2,5262.03,29.37,401.71,2.24
2174,0.34,0.75,0.35,0.32,0.4,5057.14,28.23,555.86,3.1
2175,0.34,0.75,0.35,0.32,0.6,4865.15,27.15,733.87,4.1
2176,0.34,0.75,0.35,0.32,0.8,4683.22,26.14,930.21,5.19
2177,0.34,0.75,0.35,0.4,0.2,5550.35,30.98,379.19,2.12
2178,0.34,0.75,0.35,0.4,0.4,5342.87,29.82,528.31,2.95
2179,0.34,0.75,0.35,0.4,0.6,5148.39,28.73,702.57,3.92
2180,0.34,0.75,0.35,0.4,0.8,4964.02,27.71,895.05,5
2181,0.34,0.75,0.43,0.1,0.2,4344.64,24.25,528.61,2.95
2182,0.34,0.75,0.43,0.1,0.4,4106.46,22.92,752.9,4.2
2183,0.34,0.75,0.43,0.1,0.6,3887.68,21.7,1008.82,5.63
2184,0.34,0.75,0.43,0.1,0.8,3698.87,20.64,1296.5,7.24
2185,0.34,0.75,0.43,0.17,0.2,4629.78,25.84,494.64,2.76
2186,0.34,0.75,0.43,0.17,0.4,4386.98,24.48,712.02,3.97
2187,0.34,0.75,0.43,0.17,0.6,4162.25,23.23,960.89,5.36
2188,0.34,0.75,0.43,0.17,0.8,3964.74,22.13,1240.22,6.92
2189,0.34,0.75,0.43,0.25,0.2,4944.84,27.6,462.2,2.58
2190,0.34,0.75,0.43,0.25,0.4,4697.85,26.22,672.97,3.76
2191,0.34,0.75,0.43,0.25,0.6,4468.46,24.94,915.04,5.11
2192,0.34,0.75,0.43,0.25,0.8,4262.16,23.79,1186.62,6.62
2193,0.34,0.75,0.43,0.32,0.2,5208.78,29.07,437.88,2.44
2194,0.34,0.75,0.43,0.32,0.4,4958.98,27.68,643.54,3.59
2195,0.34,0.75,0.43,0.32,0.6,4726.44,26.38,880.81,4.92
2196,0.34,0.75,0.43,0.32,0.8,4514.05,25.19,1146.78,6.4
2197,0.34,0.75,0.43,0.4,0.2,5496.51,30.68,413.98,2.31
2198,0.34,0.75,0.43,0.4,0.4,5243.44,29.27,614.04,3.43
2199,0.34,0.75,0.43,0.4,0.6,5007.87,27.95,846.53,4.72
2200,0.34,0.75,0.43,0.4,0.8,4790.67,26.74,1107.48,6.18
2201,0.34,0.75,0.51,0.1,0.2,4293.15,23.96,572.49,3.2
2202,0.34,0.75,0.51,0.1,0.4,4012.53,22.39,856.31,4.78
2203,0.34,0.75,0.51,0.1,0.6,3765.77,21.02,1185.28,6.62
2204,0.34,0.75,0.51,0.1,0.8,3565.42,19.9,1562.97,8.72
2205,0.34,0.75,0.51,0.17,0.2,4577.34,25.55,536.97,3
2206,0.34,0.75,0.51,0.17,0.4,4291.02,23.95,812.46,4.53
2207,0.34,0.75,0.51,0.17,0.6,4034.48,22.52,1132.05,6.32
2208,0.34,0.75,0.51,0.17,0.8,3826.26,21.36,1499.68,8.37
2209,0.34,0.75,0.51,0.25,0.2,4891.52,27.3,503.04,2.81
2210,0.34,0.75,0.51,0.25,0.4,4600.04,25.67,770.62,4.3
2211,0.34,0.75,0.51,0.25,0.6,4335.41,24.2,1081.4,6.04
2212,0.34,0.75,0.51,0.25,0.8,4116.67,22.98,1438.36,8.03
2213,0.34,0.75,0.51,0.32,0.2,5154.78,28.77,477.45,2.66
2214,0.34,0.75,0.51,0.32,0.4,4859.94,27.12,739.27,4.13
2215,0.34,0.75,0.51,0.32,0.6,4589.9,25.62,1043.79,5.83
2216,0.34,0.75,0.51,0.32,0.8,4362.2,24.35,1392.74,7.77
2217,0.34,0.75,0.51,0.4,0.2,5441.81,30.37,452.2,2.52
2218,0.34,0.75,0.51,0.4,0.4,5143.1,28.7,707.84,3.95
2219,0.34,0.75,0.51,0.4,0.6,4868.82,27.17,1006.61,5.62
2220,0.34,0.75,0.51,0.4,0.8,4632.6,25.86,1348.01,7.52
2221,0.34,0.75,0.59,0.1,0.2,4245.78,23.7,615.33,3.43
2222,0.34,0.75,0.59,0.1,0.4,3927.48,21.92,958.17,5.35
2223,0.34,0.75,0.59,0.1,0.6,3663.17,20.45,1363.05,7.61
2224,0.34,0.75,0.59,0.1,0.8,3450.3,19.26,1833.92,10.24
2225,0.34,0.75,0.59,0.17,0.2,4528.98,25.28,578.43,3.23
2226,0.34,0.75,0.59,0.17,0.4,4203.55,23.46,911.57,5.09
2227,0.34,0.75,0.59,0.17,0.6,3927.21,21.92,1304.75,7.28
2228,0.34,0.75,0.59,0.17,0.8,3707.8,20.69,1763.07,9.84
2229,0.34,0.75,0.59,0.25,0.2,4842.38,27.03,543.19,3.03
2230,0.34,0.75,0.59,0.25,0.4,4510.81,25.18,867.01,4.84
2231,0.34,0.75,0.59,0.25,0.6,4222.6,23.57,1249.19,6.97
2232,0.34,0.75,0.59,0.25,0.8,3994.36,22.29,1695.05,9.46
2233,0.34,0.75,0.59,0.32,0.2,5104.96,28.49,516.51,2.88
2234,0.34,0.75,0.59,0.32,0.4,4769.44,26.62,833.7,4.65
2235,0.34,0.75,0.59,0.32,0.6,4472.66,24.96,1208.01,6.74
2236,0.34,0.75,0.59,0.32,0.8,4236.04,23.64,1644.42,9.18
2237,0.34,0.75,0.59,0.4,0.2,5391.35,30.09,490.04,2.74
2238,0.34,0.75,0.59,0.4,0.4,5051.36,28.19,800.39,4.47
2239,0.34,0.75,0.59,0.4,0.6,4747.67,26.5,1167.39,6.52
2240,0.34,0.75,0.59,0.4,0.8,4502.04,25.13,1594.83,8.9
2241,0.34,0.75,0.67,0.1,0.2,4202.15,23.45,655.51,3.66
2242,0.34,0.75,0.67,0.1,0.4,3851.88,21.5,1055.41,5.89
2243,0.34,0.75,0.67,0.1,0.6,3575.97,19.96,1536.81,8.58
2244,0.34,0.75,0.67,0.1,0.8,3346.94,18.68,2097.53,11.71
2245,0.34,0.75,0.67,0.17,0.2,4484.47,25.03,617.41,3.45
2246,0.34,0.75,0.67,0.17,0.4,4124.83,23.02,1006.15,5.62
2247,0.34,0.75,0.67,0.17,0.6,3837.16,21.42,1474.12,8.23
2248,0.34,0.75,0.67,0.17,0.8,3602.32,20.11,2020.62,11.28
2249,0.34,0.75,0.67,0.25,0.2,4797.16,26.77,580.99,3.24
2250,0.34,0.75,0.67,0.25,0.4,4429.85,24.72,959.11,5.35
2251,0.34,0.75,0.67,0.25,0.6,4128.02,23.04,1413.51,7.89
2252,0.34,0.75,0.67,0.25,0.8,3886.39,21.69,1945.8,10.86
2253,0.34,0.75,0.67,0.32,0.2,5059.26,28.24,553.42,3.09
2254,0.34,0.75,0.67,0.32,0.4,4687,26.16,924.09,5.16
2255,0.34,0.75,0.67,0.32,0.6,4374.02,24.41,1368.51,7.64
2256,0.34,0.75,0.67,0.32,0.8,4125.44,23.03,1889.89,10.55
2257,0.34,0.75,0.67,0.4,0.2,5345.02,29.83,525.94,2.94
2258,0.34,0.75,0.67,0.4,0.4,4967.83,27.73,889.01,4.96
2259,0.34,0.75,0.67,0.4,0.6,4645.01,25.93,1324.42,7.39
2260,0.34,0.75,0.67,0.4,0.8,4388.11,24.49,1835.14,10.24
2261,0.34,0.75,0.75,0.1,0.2,4157.57,23.2,699.92,3.91
2262,0.34,0.75,0.75,0.1,0.4,3778.55,21.09,1164.08,6.5
2263,0.34,0.75,0.75,0.1,0.6,3490.99,19.48,1731.58,9.66
2264,0.34,0.75,0.75,0.1,0.8,3243.63,18.1,2390,13.34
2265,0.34,0.75,0.75,0.17,0.2,4439.08,24.78,660.56,3.69
2266,0.34,0.75,0.75,0.17,0.4,4047.83,22.59,1111.42,6.2
2267,0.34,0.75,0.75,0.17,0.6,3749.53,20.93,1663.54,9.28
2268,0.34,0.75,0.75,0.17,0.8,3496.86,19.52,2307.47,12.88
2269,0.34,0.75,0.75,0.25,0.2,4750.91,26.52,622.91,3.48
2270,0.34,0.75,0.75,0.25,0.4,4349.42,24.28,1061.35,5.92
2271,0.34,0.75,0.75,0.25,0.6,4037.4,22.53,1598.28,8.92
2272,0.34,0.75,0.75,0.25,0.8,3778.94,21.09,2226.15,12.42
2273,0.34,0.75,0.75,0.32,0.2,5012.61,27.98,594.47,3.32
2274,0.34,0.75,0.75,0.32,0.4,4604.42,25.7,1024.24,5.72
2275,0.34,0.75,0.75,0.32,0.6,4280.45,23.89,1549.68,8.65
2276,0.34,0.75,0.75,0.32,0.8,4016.07,22.41,2164.84,12.08
2277,0.34,0.75,0.75,0.4,0.2,5297.74,29.57,566,3.16
2278,0.34,0.75,0.75,0.4,0.4,4883.7,27.26,987.44,5.51
2279,0.34,0.75,0.75,0.4,0.6,4547.99,25.38,1501.83,8.38
2280,0.34,0.75,0.75,0.4,0.8,4275.4,23.86,2104.18,11.74
2281,0.34,1.08,0.35,0.1,0.2,5010.94,27.97,391.85,2.19
2282,0.34,1.08,0.35,0.1,0.4,4799.91,26.79,539.55,3.01
2283,0.34,1.08,0.35,0.1,0.6,4605.08,25.7,714.56,3.99
2284,0.34,1.08,0.35,0.1,0.8,4421.51,24.68,910.14,5.08
2285,0.34,1.08,0.35,0.17,0.2,5301.87,29.59,365.14,2.04
2286,0.34,1.08,0.35,0.17,0.4,5086.82,28.39,506.67,2.83
2287,0.34,1.08,0.35,0.17,0.6,4888.63,27.28,676.43,3.78
2288,0.34,1.08,0.35,0.17,0.8,4701.45,26.24,866.71,4.84
2289,0.34,1.08,0.35,0.25,0.2,5621.8,31.38,339.53,1.9
2290,0.34,1.08,0.35,0.25,0.4,5403.6,30.16,475.12,2.65
2291,0.34,1.08,0.35,0.25,0.6,5202.14,29.03,639.77,3.57
2292,0.34,1.08,0.35,0.25,0.8,5011.72,27.97,825.06,4.6
2293,0.34,1.08,0.35,0.32,0.2,5889.21,32.87,320.44,1.79
2294,0.34,1.08,0.35,0.32,0.4,5668.81,31.64,451.42,2.52
2295,0.34,1.08,0.35,0.32,0.6,5464.94,30.5,611.87,3.42
2296,0.34,1.08,0.35,0.32,0.8,5272.53,29.43,793.71,4.43
2297,0.34,1.08,0.35,0.4,0.2,6179.79,34.49,301.85,1.68
2298,0.34,1.08,0.35,0.4,0.4,5957.38,33.25,428.17,2.39
2299,0.34,1.08,0.35,0.4,0.6,5751.35,32.1,584,3.26
2300,0.34,1.08,0.35,0.4,0.8,5556.71,31.01,762.24,4.25
2301,0.34,1.08,0.43,0.1,0.2,4957.28,27.67,425.07,2.37
2302,0.34,1.08,0.43,0.1,0.4,4702.65,26.25,622.35,3.47
2303,0.34,1.08,0.43,0.1,0.6,4468.62,24.94,856,4.78
2304,0.34,1.08,0.43,0.1,0.8,4253.45,23.74,1119.4,6.25
2305,0.34,1.08,0.43,0.17,0.2,5247.2,29.29,396.78,2.21
2306,0.34,1.08,0.43,0.17,0.4,4987.79,27.84,586.7,3.27
2307,0.34,1.08,0.43,0.17,0.6,4749.58,26.51,813.97,4.54
2308,0.34,1.08,0.43,0.17,0.8,4528.02,25.27,1070.57,5.98
2309,0.34,1.08,0.43,0.25,0.2,5566.28,31.07,369.75,2.06
2310,0.34,1.08,0.43,0.25,0.4,5302.77,29.6,552.46,3.08
2311,0.34,1.08,0.43,0.25,0.6,5060.68,28.25,773.76,4.32
2312,0.34,1.08,0.43,0.25,0.8,4834.18,26.98,1024.01,5.72
2313,0.34,1.08,0.43,0.32,0.2,5833.15,32.56,349.66,1.95
2314,0.34,1.08,0.43,0.32,0.4,5566.78,31.07,526.58,2.94
2315,0.34,1.08,0.43,0.32,0.6,5322.11,29.7,743.42,4.15
2316,0.34,1.08,0.43,0.32,0.8,5092.32,28.42,989.12,5.52
2317,0.34,1.08,0.43,0.4,0.2,6123.16,34.18,329.98,1.84
2318,0.34,1.08,0.43,0.4,0.4,5854.42,32.68,500.94,2.8
2319,0.34,1.08,0.43,0.4,0.6,5606.86,31.29,712.91,3.98
2320,0.34,1.08,0.43,0.4,0.8,5374.07,29.99,954.14,5.33
2321,0.34,1.08,0.51,0.1,0.2,4904.39,27.37,460.65,2.57
2322,0.34,1.08,0.51,0.1,0.4,4607.26,25.71,711.51,3.97
2323,0.34,1.08,0.51,0.1,0.6,4336.9,24.21,1009.31,5.63
2324,0.34,1.08,0.51,0.1,0.8,4102.02,22.89,1350.62,7.54
2325,0.34,1.08,0.51,0.17,0.2,5193.31,28.99,430.82,2.4
2326,0.34,1.08,0.51,0.17,0.4,4890.87,27.3,673.45,3.76
2327,0.34,1.08,0.51,0.17,0.6,4614.61,25.76,963.54,5.38
2328,0.34,1.08,0.51,0.17,0.8,4370.33,24.39,1295.65,7.23
2329,0.34,1.08,0.51,0.25,0.2,5511.68,30.76,402.27,2.25
2330,0.34,1.08,0.51,0.25,0.4,5204.41,29.05,636.86,3.55
2331,0.34,1.08,0.51,0.25,0.6,4923.07,27.48,919.46,5.13
2332,0.34,1.08,0.51,0.25,0.8,4669.71,26.06,1243.22,6.94
2333,0.34,1.08,0.51,0.32,0.2,5777.97,32.25,381.09,2.13
2334,0.34,1.08,0.51,0.32,0.4,5467.22,30.51,609.02,3.4
2335,0.34,1.08,0.51,0.32,0.6,5182.74,28.93,886.33,4.95
2336,0.34,1.08,0.51,0.32,0.8,4923.54,27.48,1204.27,6.72
2337,0.34,1.08,0.51,0.4,0.2,6067.48,33.86,360.31,2.01
2338,0.34,1.08,0.51,0.4,0.4,5753.66,32.11,581.2,3.24
2339,0.34,1.08,0.51,0.4,0.6,5465.8,30.51,853.03,4.76
2340,0.34,1.08,0.51,0.4,0.8,5201.66,29.03,1165.49,6.5
2341,0.34,1.08,0.59,0.1,0.2,4855.8,27.1,495.79,2.77
2342,0.34,1.08,0.59,0.1,0.4,4520.27,25.23,799.62,4.46
2343,0.34,1.08,0.59,0.1,0.6,4221.88,23.56,1163.13,6.49
2344,0.34,1.08,0.59,0.1,0.8,3976.8,22.2,1585.83,8.85
2345,0.34,1.08,0.59,0.17,0.2,5143.82,28.71,464.55,2.59
2346,0.34,1.08,0.59,0.17,0.4,4802.31,26.8,759.1,4.24
2347,0.34,1.08,0.59,0.17,0.6,4494.97,25.09,1112.94,6.21
2348,0.34,1.08,0.59,0.17,0.8,4240.41,23.67,1524.95,8.51
2349,0.34,1.08,0.59,0.25,0.2,5461.48,30.48,434.57,2.43
2350,0.34,1.08,0.59,0.25,0.4,5114.35,28.54,720.35,4.02
2351,0.34,1.08,0.59,0.25,0.6,4799.85,26.79,1065.18,5.95
2352,0.34,1.08,0.59,0.25,0.8,4533.47,25.3,1466.13,8.18
2353,0.34,1.08,0.59,0.32,0.2,5727.26,31.97,412.25,2.3
2354,0.34,1.08,0.59,0.32,0.4,5376.31,30.01,690.97,3.86
2355,0.34,1.08,0.59,0.32,0.6,5057.26,28.23,1029.5,5.75
2356,0.34,1.08,0.59,0.32,0.8,4781.95,26.69,1422.47,7.94
2357,0.34,1.08,0.59,0.4,0.2,6016.34,33.58,390.35,2.18
2358,0.34,1.08,0.59,0.4,0.4,5661.73,31.6,661.46,3.69
2359,0.34,1.08,0.59,0.4,0.6,5338.38,29.79,993.82,5.55
2360,0.34,1.08,0.59,0.4,0.8,5055.12,28.21,1379.56,7.7
2361,0.34,1.08,0.67,0.1,0.2,4802.6,26.8,536.92,3
2362,0.34,1.08,0.67,0.1,0.4,4425.96,24.7,903.02,5.04
2363,0.34,1.08,0.67,0.1,0.6,4104.35,22.91,1346.24,7.51
2364,0.34,1.08,0.67,0.1,0.8,3848.84,21.48,1867.88,10.43
2365,0.34,1.08,0.67,0.17,0.2,5089.6,28.41,504.15,2.81
2366,0.34,1.08,0.67,0.17,0.4,4705.97,26.27,859.73,4.8
2367,0.34,1.08,0.67,0.17,0.6,4372.69,24.41,1291.34,7.21
2368,0.34,1.08,0.67,0.17,0.8,4109.82,22.94,1800.09,10.05
2369,0.34,1.08,0.67,0.25,0.2,5406.4,30.17,472.69,2.64
2370,0.34,1.08,0.67,0.25,0.4,5016.28,28,818.25,4.57
2371,0.34,1.08,0.67,0.25,0.6,4672.11,26.08,1238.96,6.91
2372,0.34,1.08,0.67,0.25,0.8,4398.73,24.55,1734.85,9.68
2373,0.34,1.08,0.67,0.32,0.2,5671.64,31.65,449.07,2.51
2374,0.34,1.08,0.67,0.32,0.4,5277.14,29.45,787.05,4.39
2375,0.34,1.08,0.67,0.32,0.6,4925.95,27.49,1200.06,6.7
2376,0.34,1.08,0.67,0.32,0.8,4642.49,25.91,1686.24,9.41
2377,0.34,1.08,0.67,0.4,0.2,5960.24,33.27,425.92,2.38
2378,0.34,1.08,0.67,0.4,0.4,5561.38,31.04,755.72,4.22
2379,0.34,1.08,0.67,0.4,0.6,5204.11,29.05,1161.32,6.48
2380,0.34,1.08,0.67,0.4,0.8,4910.73,27.41,1638.3,9.14
2381,0.34,1.08,0.75,0.1,0.2,4757.64,26.55,573.94,3.2
2382,0.34,1.08,0.75,0.1,0.4,4347.07,24.26,996.24,5.56
2383,0.34,1.08,0.75,0.1,0.6,4012.13,22.39,1514.48,8.45
2384,0.34,1.08,0.75,0.1,0.8,3744.03,20.9,2126.98,11.87
2385,0.34,1.08,0.75,0.17,0.2,5043.75,28.15,539.85,3.01
2386,0.34,1.08,0.75,0.17,0.4,4625.04,25.81,950.76,5.31
2387,0.34,1.08,0.75,0.17,0.6,4276.85,23.87,1455.09,8.12
2388,0.34,1.08,0.75,0.17,0.8,4002.79,22.34,2053.17,11.46
2389,0.34,1.08,0.75,0.25,0.2,5359.77,29.91,507.17,2.83
2390,0.34,1.08,0.75,0.25,0.4,4933.74,27.54,906.97,5.06
2391,0.34,1.08,0.75,0.25,0.6,4571.64,25.52,1398.12,7.8
2392,0.34,1.08,0.75,0.25,0.8,4289.66,23.94,1981.56,11.06
2393,0.34,1.08,0.75,0.32,0.2,5624.5,31.39,482.54,2.69
2394,0.34,1.08,0.75,0.32,0.4,5193.55,28.99,874.05,4.88
2395,0.34,1.08,0.75,0.32,0.6,4821.66,26.91,1356.01,7.57
2396,0.34,1.08,0.75,0.32,0.8,4530.73,25.29,1927.93,10.76
2397,0.34,1.08,0.75,0.4,0.2,5912.68,33,458.21,2.56
2398,0.34,1.08,0.75,0.4,0.4,5476.74,30.57,840.98,4.69
2399,0.34,1.08,0.75,0.4,0.6,5096.31,28.44,1314.4,7.34
2400,0.34,1.08,0.75,0.4,0.8,4795.44,26.76,1875.16,10.47
2401,0.34,1.41,0.35,0.1,0.2,5556.27,31.01,327.08,1.83
2402,0.34,1.41,0.35,0.1,0.4,5328.1,29.74,456.85,2.55
2403,0.34,1.41,0.35,0.1,0.6,5120.18,28.58,617.36,3.45
2404,0.34,1.41,0.35,0.1,0.8,4926.12,27.49,802.1,4.48
2405,0.34,1.41,0.35,0.17,0.2,5850.44,32.65,303.86,1.7
2406,0.34,1.41,0.35,0.17,0.4,5618.78,31.36,428.29,2.39
2407,0.34,1.41,0.35,0.17,0.6,5407.23,30.18,582.91,3.25
2408,0.34,1.41,0.35,0.17,0.8,5209.95,29.08,762.65,4.26
2409,0.34,1.41,0.35,0.25,0.2,6173.16,34.45,281.5,1.57
2410,0.34,1.41,0.35,0.25,0.4,5938.42,33.14,400.75,2.24
2411,0.34,1.41,0.35,0.25,0.6,5723.98,31.95,549.88,3.07
2412,0.34,1.41,0.35,0.25,0.8,5523.74,30.83,724.78,4.05
2413,0.34,1.41,0.35,0.32,0.2,6442.41,35.96,264.86,1.48
2414,0.34,1.41,0.35,0.32,0.4,6205.39,34.63,380.2,2.12
2415,0.34,1.41,0.35,0.32,0.6,5989.02,33.43,524.93,2.93
2416,0.34,1.41,0.35,0.32,0.8,5786.69,32.3,695.92,3.88
2417,0.34,1.41,0.35,0.4,0.2,6734.51,37.59,248.74,1.39
2418,0.34,1.41,0.35,0.4,0.4,6495.31,36.25,360.02,2.01
2419,0.34,1.41,0.35,0.4,0.6,6277.09,35.03,500.26,2.79
2420,0.34,1.41,0.35,0.4,0.8,6072.86,33.89,666.95,3.72
2421,0.34,1.41,0.43,0.1,0.2,5499.96,30.7,354.92,1.98
2422,0.34,1.41,0.43,0.1,0.4,5227.42,29.18,528.9,2.95
2423,0.34,1.41,0.43,0.1,0.6,4980.88,27.8,745.54,4.16
2424,0.34,1.41,0.43,0.1,0.8,4751.46,26.52,993.91,5.55
2425,0.34,1.41,0.43,0.17,0.2,5793.4,32.33,330.57,1.84
2426,0.34,1.41,0.43,0.17,0.4,5516.36,30.79,497.58,2.78
2427,0.34,1.41,0.43,0.17,0.6,5265.62,29.39,707.61,3.95
2428,0.34,1.41,0.43,0.17,0.8,5031.79,28.08,949.82,5.3
2429,0.34,1.41,0.43,0.25,0.2,6115.4,34.13,307.1,1.71
2430,0.34,1.41,0.43,0.25,0.4,5834.7,32.57,467.41,2.61
2431,0.34,1.41,0.43,0.25,0.6,5580.27,31.14,671.05,3.75
2432,0.34,1.41,0.43,0.25,0.8,5342.48,29.82,907.25,5.06
2433,0.34,1.41,0.43,0.32,0.2,6384.17,35.63,289.57,1.62
2434,0.34,1.41,0.43,0.32,0.4,6100.76,34.05,444.81,2.48
2435,0.34,1.41,0.43,0.32,0.6,5843.82,32.62,643.25,3.59
2436,0.34,1.41,0.43,0.32,0.8,5603.51,31.27,875.1,4.88
2437,0.34,1.41,0.43,0.4,0.2,6675.72,37.26,272.48,1.52
2438,0.34,1.41,0.43,0.4,0.4,6389.68,35.66,422.53,2.36
2439,0.34,1.41,0.43,0.4,0.6,6130.54,34.22,615.5,3.44
2440,0.34,1.41,0.43,0.4,0.8,5887.75,32.86,842.7,4.7
2441,0.34,1.41,0.51,0.1,0.2,5442.87,30.38,385.59,2.15
2442,0.34,1.41,0.51,0.1,0.4,5126.37,28.61,610.6,3.41
2443,0.34,1.41,0.51,0.1,0.6,4841.34,27.02,889.88,4.97
2444,0.34,1.41,0.51,0.1,0.8,4582.53,25.58,1211.8,6.76
2445,0.34,1.41,0.51,0.17,0.2,5735.35,32.01,360.01,2.01
2446,0.34,1.41,0.51,0.17,0.4,5413.54,30.21,576.36,3.22
2447,0.34,1.41,0.51,0.17,0.6,5123.53,28.6,848.14,4.73
2448,0.34,1.41,0.51,0.17,0.8,4857.37,27.11,1162.17,6.49
2449,0.34,1.41,0.51,0.25,0.2,6056.63,33.8,335.36,1.87
2450,0.34,1.41,0.51,0.25,0.4,5730.41,31.98,543.54,3.03
2451,0.34,1.41,0.51,0.25,0.6,5435.92,30.34,808.04,4.51
2452,0.34,1.41,0.51,0.25,0.8,5163.49,28.82,1114.69,6.22
2453,0.34,1.41,0.51,0.32,0.2,6324.89,35.3,316.98,1.77
2454,0.34,1.41,0.51,0.32,0.4,5995.51,33.46,518.77,2.9
2455,0.34,1.41,0.51,0.32,0.6,5697.96,31.8,777.66,4.34
2456,0.34,1.41,0.51,0.32,0.8,5421.59,30.26,1079.05,6.02
2457,0.34,1.41,0.51,0.4,0.2,6615.91,36.93,298.93,1.67
2458,0.34,1.41,0.51,0.4,0.4,6283.64,35.07,494.28,2.76
2459,0.34,1.41,0.51,0.4,0.6,5983.18,33.39,747.15,4.17
2460,0.34,1.41,0.51,0.4,0.8,5703.42,31.83,1043.29,5.82
2461,0.34,1.41,0.59,0.1,0.2,5391.91,30.09,415.4,2.32
2462,0.34,1.41,0.59,0.1,0.4,5037.19,28.11,690.71,3.86
2463,0.34,1.41,0.59,0.1,0.6,4718.97,26.34,1031.02,5.75
2464,0.34,1.41,0.59,0.1,0.8,4442.76,24.8,1427.82,7.97
2465,0.34,1.41,0.59,0.17,0.2,5683.58,31.72,388.54,2.17
2466,0.34,1.41,0.59,0.17,0.4,5322.84,29.71,654.19,3.65
2467,0.34,1.41,0.59,0.17,0.6,4998.45,27.9,986.1,5.5
2468,0.34,1.41,0.59,0.17,0.8,4712.64,26.3,1372.78,7.66
2469,0.34,1.41,0.59,0.25,0.2,6004.13,33.51,362.66,2.02
2470,0.34,1.41,0.59,0.25,0.4,5638.32,31.47,618.98,3.45
2471,0.34,1.41,0.59,0.25,0.6,5308.47,29.63,942.72,5.26
2472,0.34,1.41,0.59,0.25,0.8,5013.17,27.98,1320.33,7.37
2473,0.34,1.41,0.59,0.32,0.2,6271.83,35,343.33,1.92
2474,0.34,1.41,0.59,0.32,0.4,5902.41,32.94,592.3,3.31
2475,0.34,1.41,0.59,0.32,0.6,5569.07,31.08,909.95,5.08
2476,0.34,1.41,0.59,0.32,0.8,5267.4,29.4,1281.27,7.15
2477,0.34,1.41,0.59,0.4,0.2,6562.35,36.63,324.44,1.81
2478,0.34,1.41,0.59,0.4,0.4,6189.71,34.55,565.8,3.16
2479,0.34,1.41,0.59,0.4,0.6,5852.91,32.67,876.94,4.89
2480,0.34,1.41,0.59,0.4,0.8,5545.79,30.95,1242.26,6.93
2481,0.34,1.41,0.67,0.1,0.2,5336.07,29.78,450.82,2.52
2482,0.34,1.41,0.67,0.1,0.4,4939.38,27.57,785.35,4.38
2483,0.34,1.41,0.67,0.1,0.6,4589.77,25.62,1199.92,6.7
2484,0.34,1.41,0.67,0.1,0.8,4303.06,24.02,1688.75,9.43
2485,0.34,1.41,0.67,0.17,0.2,5626.86,31.41,422.53,2.36
2486,0.34,1.41,0.67,0.17,0.4,5223.43,29.15,746.38,4.17
2487,0.34,1.41,0.67,0.17,0.6,4864.82,27.15,1150.53,6.42
2488,0.34,1.41,0.67,0.17,0.8,4567.84,25.49,1627.72,9.08
2489,0.34,1.41,0.67,0.25,0.2,5946.59,33.19,395.23,2.21
2490,0.34,1.41,0.67,0.25,0.4,5537.42,30.91,708.89,3.96
2491,0.34,1.41,0.67,0.25,0.6,5171.18,28.86,1103.29,6.16
2492,0.34,1.41,0.67,0.25,0.8,4862.12,27.14,1568.79,8.76
2493,0.34,1.41,0.67,0.32,0.2,6213.66,34.68,374.86,2.09
2494,0.34,1.41,0.67,0.32,0.4,5800.54,32.37,680.33,3.8
2495,0.34,1.41,0.67,0.32,0.6,5429.43,30.3,1067.82,5.96
2496,0.34,1.41,0.67,0.32,0.8,5111.02,28.53,1525.01,8.51
2497,0.34,1.41,0.67,0.4,0.2,6503.65,36.3,354.89,1.98
2498,0.34,1.41,0.67,0.4,0.4,6086.86,33.97,651.72,3.64
2499,0.34,1.41,0.67,0.4,0.6,5711.37,31.88,1032.24,5.76
2500,0.34,1.41,0.67,0.4,0.8,5384.36,30.05,1481.72,8.27
2501,0.34,1.41,0.75,0.1,0.2,5288.43,29.52,483.47,2.7
2502,0.34,1.41,0.75,0.1,0.4,4856.51,27.11,872.35,4.87
2503,0.34,1.41,0.75,0.1,0.6,4485.39,25.03,1356.68,7.57
2504,0.34,1.41,0.75,0.1,0.8,4191.21,23.39,1932.37,10.79
2505,0.34,1.41,0.75,0.17,0.2,5578.42,31.13,453.82,2.53
2506,0.34,1.41,0.75,0.17,0.4,5138.98,28.68,831.04,4.64
2507,0.34,1.41,0.75,0.17,0.6,4756.81,26.55,1303.45,7.27
2508,0.34,1.41,0.75,0.17,0.8,4453.77,24.86,1865.71,10.41
2509,0.34,1.41,0.75,0.25,0.2,5897.57,32.92,425.3,2.37
2510,0.34,1.41,0.75,0.25,0.4,5451.64,30.43,791.37,4.42
2511,0.34,1.41,0.75,0.25,0.6,5059.06,28.24,1252.64,6.99
2512,0.34,1.41,0.75,0.25,0.8,4744.59,26.48,1801.15,10.05
2513,0.34,1.41,0.75,0.32,0.2,6164.17,34.4,404,2.25
2514,0.34,1.41,0.75,0.32,0.4,5713.82,31.89,761.33,4.25
2515,0.34,1.41,0.75,0.32,0.6,5314.51,29.66,1214.66,6.78
2516,0.34,1.41,0.75,0.32,0.8,4989.66,27.85,1753.13,9.78
2517,0.34,1.41,0.75,0.4,0.2,6453.68,36.02,383.01,2.14
2518,0.34,1.41,0.75,0.4,0.4,5999.23,33.48,731.15,4.08
2519,0.34,1.41,0.75,0.4,0.6,5594.11,31.22,1176.63,6.57
2520,0.34,1.41,0.75,0.4,0.8,5258.69,29.35,1705.9,9.52
2521,0.34,1.74,0.35,0.1,0.2,6114.02,34.12,273.82,1.53
2522,0.34,1.74,0.35,0.1,0.4,5868.8,32.76,388.15,2.17
2523,0.34,1.74,0.35,0.1,0.6,5646.34,31.51,532.86,2.97
2524,0.34,1.74,0.35,0.1,0.8,5441.09,30.37,705.22,3.94
2525,0.34,1.74,0.35,0.17,0.2,6410.35,35.78,253.2,1.41
2526,0.34,1.74,0.35,0.17,0.4,6162.47,34.39,363.11,2.03
2527,0.34,1.74,0.35,0.17,0.6,5936.51,33.13,502.56,2.8
2528,0.34,1.74,0.35,0.17,0.8,5727.86,31.97,669.33,3.74
2529,0.34,1.74,0.35,0.25,0.2,6735.18,37.59,233.38,1.3
2530,0.34,1.74,0.35,0.25,0.4,6484.77,36.19,338.95,1.89
2531,0.34,1.74,0.35,0.25,0.6,6255.56,34.91,473.2,2.64
2532,0.34,1.74,0.35,0.25,0.8,6044.22,33.73,634.78,3.54
2533,0.34,1.74,0.35,0.32,0.2,7006.14,39.1,218.83,1.22
2534,0.34,1.74,0.35,0.32,0.4,6753.91,37.7,320.8,1.79
2535,0.34,1.74,0.35,0.32,0.6,6522.47,36.4,451.11,2.52
2536,0.34,1.74,0.35,0.32,0.8,6309.11,35.21,608.62,3.4
2537,0.34,1.74,0.35,0.4,0.2,7300.27,40.74,205.05,1.14
2538,0.34,1.74,0.35,0.4,0.4,7046.22,39.33,302.96,1.69
2539,0.34,1.74,0.35,0.4,0.6,6812.52,38.02,429.25,2.4
2540,0.34,1.74,0.35,0.4,0.8,6597.27,36.82,582.55,3.25
2541,0.34,1.74,0.43,0.1,0.2,6054.97,33.79,297.91,1.66
2542,0.34,1.74,0.43,0.1,0.4,5762.36,32.16,451.17,2.52
2543,0.34,1.74,0.43,0.1,0.6,5500.92,30.7,649.33,3.62
2544,0.34,1.74,0.43,0.1,0.8,5259.55,29.35,884.38,4.94
2545,0.34,1.74,0.43,0.17,0.2,6350.77,35.45,276.34,1.54
2546,0.34,1.74,0.43,0.17,0.4,6054.33,33.79,423.77,2.37
2547,0.34,1.74,0.43,0.17,0.6,5788.7,32.31,615.08,3.43
2548,0.34,1.74,0.43,0.17,0.8,5543.61,30.94,843.8,4.71
2549,0.34,1.74,0.43,0.25,0.2,6675.07,37.26,255.53,1.43
2550,0.34,1.74,0.43,0.25,0.4,6375.05,35.58,397.15,2.22
2551,0.34,1.74,0.43,0.25,0.6,6105.92,34.08,582.14,3.25
2552,0.34,1.74,0.43,0.25,0.8,5857.35,32.69,804.75,4.49
2553,0.34,1.74,0.43,0.32,0.2,6945.71,38.77,240.16,1.34
2554,0.34,1.74,0.43,0.32,0.4,6643.12,37.08,377.28,2.11
2555,0.34,1.74,0.43,0.32,0.6,6371.39,35.56,557.23,3.11
2556,0.34,1.74,0.43,0.32,0.8,6120.42,34.16,775.04,4.33
2557,0.34,1.74,0.43,0.4,0.2,7239.45,40.41,225.46,1.26
2558,0.34,1.74,0.43,0.4,0.4,6934.44,38.7,357.7,2
2559,0.34,1.74,0.43,0.4,0.6,6660.17,37.17,532.52,2.97
2560,0.34,1.74,0.43,0.4,0.8,6406.79,35.76,745.18,4.16
2561,0.34,1.74,0.51,0.1,0.2,5995.8,33.46,323.88,1.81
2562,0.34,1.74,0.51,0.1,0.4,5658.53,31.58,522.24,2.91
2563,0.34,1.74,0.51,0.1,0.6,5359.06,29.91,780.33,4.36
2564,0.34,1.74,0.51,0.1,0.8,5083.37,28.37,1083.98,6.05
2565,0.34,1.74,0.51,0.17,0.2,6290.94,35.11,301.35,1.68
2566,0.34,1.74,0.51,0.17,0.4,5948.82,33.2,492.3,2.75
2567,0.34,1.74,0.51,0.17,0.6,5644.65,31.5,742.43,4.14
2568,0.34,1.74,0.51,0.17,0.8,5363.62,29.94,1038.99,5.8
2569,0.34,1.74,0.51,0.25,0.2,6614.63,36.92,279.48,1.56
2570,0.34,1.74,0.51,0.25,0.4,6268.03,34.98,463.29,2.59
2571,0.34,1.74,0.51,0.25,0.6,5959.82,33.26,705.91,3.94
2572,0.34,1.74,0.51,0.25,0.8,5674.46,31.67,995.52,5.56
2573,0.34,1.74,0.51,0.32,0.2,6884.79,38.43,263.23,1.47
2574,0.34,1.74,0.51,0.32,0.4,6535.04,36.47,441.44,2.46
2575,0.34,1.74,0.51,0.32,0.6,6223.94,34.74,678.16,3.78
2576,0.34,1.74,0.51,0.32,0.8,5935.63,33.13,962.62,5.37
2577,0.34,1.74,0.51,0.4,0.2,7178.14,40.06,247.57,1.38
2578,0.34,1.74,0.51,0.4,0.4,6825.23,38.09,419.9,2.34
2579,0.34,1.74,0.51,0.4,0.6,6511.4,36.34,650.53,3.63
2580,0.34,1.74,0.51,0.4,0.8,6220.37,34.72,929.42,5.19
2581,0.34,1.74,0.59,0.1,0.2,5941.26,33.16,349.78,1.95
2582,0.34,1.74,0.59,0.1,0.4,5563.94,31.05,594.91,3.32
2583,0.34,1.74,0.59,0.1,0.6,5230.07,29.19,913.71,5.1
2584,0.34,1.74,0.59,0.1,0.8,4929.77,27.51,1288.67,7.19
2585,0.34,1.74,0.59,0.17,0.2,6235.77,34.8,326.3,1.82
2586,0.34,1.74,0.59,0.17,0.4,5852.84,32.67,562.42,3.14
2587,0.34,1.74,0.59,0.17,0.6,5513.58,30.77,872.44,4.87
2588,0.34,1.74,0.59,0.17,0.8,5205.02,29.05,1238.83,6.91
2589,0.34,1.74,0.59,0.25,0.2,6558.82,36.61,303.47,1.69
2590,0.34,1.74,0.59,0.25,0.4,6170.87,34.44,531.13,2.96
2591,0.34,1.74,0.59,0.25,0.6,5826.92,32.52,832.67,4.65
2592,0.34,1.74,0.59,0.25,0.8,5511.4,30.76,1191.06,6.65
2593,0.34,1.74,0.59,0.32,0.2,6828.53,38.11,286.38,1.6
2594,0.34,1.74,0.59,0.32,0.4,6436.91,35.93,507.53,2.83
2595,0.34,1.74,0.59,0.32,0.6,6089.71,33.99,802.45,4.48
2596,0.34,1.74,0.59,0.32,0.8,5769.88,32.2,1155.05,6.45
2597,0.34,1.74,0.59,0.4,0.2,7121.4,39.75,269.76,1.51
2598,0.34,1.74,0.59,0.4,0.4,6726.27,37.54,484.17,2.7
2599,0.34,1.74,0.59,0.4,0.6,6375.77,35.58,772.05,4.31
2600,0.34,1.74,0.59,0.4,0.8,6052.36,33.78,1118.8,6.24
2601,0.34,1.74,0.67,0.1,0.2,5882.49,32.83,379.86,2.12
2602,0.34,1.74,0.67,0.1,0.4,5463.58,30.49,680.7,3.8
2603,0.34,1.74,0.67,0.1,0.6,5093.51,28.43,1069.22,5.97
2604,0.34,1.74,0.67,0.1,0.8,4775.13,26.65,1530.32,8.54
2605,0.34,1.74,0.67,0.17,0.2,6176.32,34.47,355.19,1.98
2606,0.34,1.74,0.67,0.17,0.4,5750.69,32.1,645.49,3.6
2607,0.34,1.74,0.67,0.17,0.6,5374.01,29.99,1024.59,5.72
2608,0.34,1.74,0.67,0.17,0.8,5045.64,28.16,1474.72,8.23
2609,0.34,1.74,0.67,0.25,0.2,6498.76,36.27,331.37,1.85
2610,0.34,1.74,0.67,0.25,0.4,6067.33,33.86,611.63,3.41
2611,0.34,1.74,0.67,0.25,0.6,5685.04,31.73,981.42,5.48
2612,0.34,1.74,0.67,0.25,0.8,5346.1,29.84,1421.5,7.93
2613,0.34,1.74,0.67,0.32,0.2,6767.99,37.77,313.44,1.75
2614,0.34,1.74,0.67,0.32,0.4,6332.43,35.34,585.99,3.27
2615,0.34,1.74,0.67,0.32,0.6,5946.37,33.19,948.72,5.3
2616,0.34,1.74,0.67,0.32,0.8,5600.41,31.26,1381.78,7.71
2617,0.34,1.74,0.67,0.4,0.2,7060.39,39.41,295.83,1.65
2618,0.34,1.74,0.67,0.4,0.4,6620.8,36.95,560.51,3.13
2619,0.34,1.74,0.67,0.4,0.6,6231.2,34.78,915.72,5.11
2620,0.34,1.74,0.67,0.4,0.8,5879.13,32.81,1342.08,7.49
2621,0.34,1.74,0.75,0.1,0.2,5833.23,32.56,407.25,2.27
2622,0.34,1.74,0.75,0.1,0.4,5379.76,30.03,758.84,4.24
2623,0.34,1.74,0.75,0.1,0.6,4982.88,27.81,1211.76,6.76
2624,0.34,1.74,0.75,0.1,0.8,4655.25,25.98,1751.79,9.78
2625,0.34,1.74,0.75,0.17,0.2,6126.3,34.19,381.45,2.13
2626,0.34,1.74,0.75,0.17,0.4,5665.65,31.62,721.5,4.03
2627,0.34,1.74,0.75,0.17,0.6,5259.94,29.36,1163.66,6.49
2628,0.34,1.74,0.75,0.17,0.8,4922.02,27.47,1691.58,9.44
2629,0.34,1.74,0.75,0.25,0.2,6448.1,35.99,356.55,1.99
2630,0.34,1.74,0.75,0.25,0.4,5981.09,33.38,685.51,3.83
2631,0.34,1.74,0.75,0.25,0.6,5568.16,31.08,1117.46,6.24
2632,0.34,1.74,0.75,0.25,0.8,5217.74,29.12,1633.57,9.12
2633,0.34,1.74,0.75,0.32,0.2,6716.96,37.49,337.9,1.89
2634,0.34,1.74,0.75,0.32,0.4,6245.45,34.86,658.26,3.67
2635,0.34,1.74,0.75,0.32,0.6,5827.71,32.53,1082.58,6.04
2636,0.34,1.74,0.75,0.32,0.8,5467.9,30.52,1590.35,8.88
2637,0.34,1.74,0.75,0.4,0.2,7009,39.12,319.53,1.78
2638,0.34,1.74,0.75,0.4,0.4,6533.1,36.46,631.06,3.52
2639,0.34,1.74,0.75,0.4,0.6,6111.07,34.11,1047.45,5.85
2640,0.34,1.74,0.75,0.4,0.8,5742.78,32.05,1547.4,8.64
2641,0.34,2.07,0.35,0.1,0.2,6680.46,37.29,228.81,1.28
2642,0.34,2.07,0.35,0.1,0.4,6421.15,35.84,331.05,1.85
2643,0.34,2.07,0.35,0.1,0.6,6181.79,34.5,461.01,2.57
2644,0.34,2.07,0.35,0.1,0.8,5963.86,33.29,619.75,3.46
2645,0.34,2.07,0.35,0.17,0.2,6979.16,38.95,210.37,1.17
2646,0.34,2.07,0.35,0.17,0.4,6717.47,37.49,308.68,1.72
2647,0.34,2.07,0.35,0.17,0.6,6475.09,36.14,434.02,2.42
2648,0.34,2.07,0.35,0.17,0.8,6253.71,34.9,587.58,3.28
2649,0.34,2.07,0.35,0.25,0.2,7306.44,40.78,192.98,1.08
2650,0.34,2.07,0.35,0.25,0.4,7042.35,39.31,286.93,1.6
2651,0.34,2.07,0.35,0.25,0.6,6797.17,37.94,407.74,2.28
2652,0.34,2.07,0.35,0.25,0.8,6572.82,36.68,556.51,3.11
2653,0.34,2.07,0.35,0.32,0.2,7579.19,42.3,180.55,1.01
2654,0.34,2.07,0.35,0.32,0.4,7313.25,40.82,270.79,1.51
2655,0.34,2.07,0.35,0.32,0.6,7066.18,39.44,387.99,2.17
2656,0.34,2.07,0.35,0.32,0.8,6839.75,38.17,533.06,2.98
2657,0.34,2.07,0.35,0.4,0.2,7874.87,43.95,168.94,0.94
2658,0.34,2.07,0.35,0.4,0.4,7607.06,42.46,255.15,1.42
2659,0.34,2.07,0.35,0.4,0.6,7358.03,41.07,368.47,2.06
2660,0.34,2.07,0.35,0.4,0.8,7129.51,39.79,509.68,2.84
2661,0.34,2.07,0.43,0.1,0.2,6620.94,36.95,249.63,1.39
2662,0.34,2.07,0.43,0.1,0.4,6310.86,35.22,384.81,2.15
2663,0.34,2.07,0.43,0.1,0.6,6032.91,33.67,563.32,3.14
2664,0.34,2.07,0.43,0.1,0.8,5780.25,32.26,781.56,4.36
2665,0.34,2.07,0.43,0.17,0.2,6919.14,38.62,230.31,1.29
2666,0.34,2.07,0.43,0.17,0.4,6606.03,36.87,360.53,2.01
2667,0.34,2.07,0.43,0.17,0.6,6323.78,35.29,533.03,2.97
2668,0.34,2.07,0.43,0.17,0.8,6067.14,33.86,744.56,4.16
2669,0.34,2.07,0.43,0.25,0.2,7245.87,40.44,211.89,1.18
2670,0.34,2.07,0.43,0.25,0.4,6929.81,38.68,336.87,1.88
2671,0.34,2.07,0.43,0.25,0.6,6643.82,37.08,503.64,2.81
2672,0.34,2.07,0.43,0.25,0.8,6383.76,35.63,709.01,3.96
2673,0.34,2.07,0.43,0.32,0.2,7518.21,41.96,198.54,1.11
2674,0.34,2.07,0.43,0.32,0.4,7199.9,40.18,319.07,1.78
2675,0.34,2.07,0.43,0.32,0.6,6911.41,38.57,481.38,2.69
2676,0.34,2.07,0.43,0.32,0.8,6649.01,37.11,682.04,3.81
2677,0.34,2.07,0.43,0.4,0.2,7813.44,43.61,186.01,1.04
2678,0.34,2.07,0.43,0.4,0.4,7492.83,41.82,301.64,1.68
2679,0.34,2.07,0.43,0.4,0.6,7201.79,40.2,459.34,2.56
2680,0.34,2.07,0.43,0.4,0.8,6937.15,38.72,655.02,3.66
2681,0.34,2.07,0.51,0.1,0.2,6559.09,36.61,272.63,1.52
2682,0.34,2.07,0.51,0.1,0.4,6199.75,34.6,447.94,2.5
2683,0.34,2.07,0.51,0.1,0.6,5884.27,32.84,683.46,3.81
2684,0.34,2.07,0.51,0.1,0.8,5596.21,31.23,970.35,5.42
2685,0.34,2.07,0.51,0.17,0.2,6856.79,38.27,252.43,1.41
2686,0.34,2.07,0.51,0.17,0.4,6493.31,36.24,421.4,2.35
2687,0.34,2.07,0.51,0.17,0.6,6172.77,34.45,649.4,3.62
2688,0.34,2.07,0.51,0.17,0.8,5880.28,32.82,928.85,5.18
2689,0.34,2.07,0.51,0.25,0.2,7183.05,40.09,233.01,1.3
2690,0.34,2.07,0.51,0.25,0.4,6815.64,38.04,395.59,2.21
2691,0.34,2.07,0.51,0.25,0.6,6490.81,36.23,616.43,3.44
2692,0.34,2.07,0.51,0.25,0.8,6194.22,34.57,888.72,4.96
2693,0.34,2.07,0.51,0.32,0.2,7454.97,41.61,218.73,1.22
2694,0.34,2.07,0.51,0.32,0.4,7084.85,39.54,376.2,2.1
2695,0.34,2.07,0.51,0.32,0.6,6756.97,37.71,591.49,3.3
2696,0.34,2.07,0.51,0.32,0.8,6457.56,36.04,858.17,4.79
2697,0.34,2.07,0.51,0.4,0.2,7749.74,43.25,205.25,1.15
2698,0.34,2.07,0.51,0.4,0.4,7376.88,41.17,356.99,1.99
2699,0.34,2.07,0.51,0.4,0.6,7046.02,39.33,566.75,3.16
2700,0.34,2.07,0.51,0.4,0.8,6744.01,37.64,827.47,4.62
2701,0.34,2.07,0.59,0.1,0.2,6502.87,36.29,294.97,1.65
2702,0.34,2.07,0.59,0.1,0.4,6102.06,34.06,511.88,2.86
2703,0.34,2.07,0.59,0.1,0.6,5753.05,32.11,805.41,4.5
2704,0.34,2.07,0.59,0.1,0.8,5434.46,30.33,1159.96,6.47
2705,0.34,2.07,0.59,0.17,0.2,6800.01,37.95,273.93,1.53
2706,0.34,2.07,0.59,0.17,0.4,6394,35.69,483.26,2.7
2707,0.34,2.07,0.59,0.17,0.6,6039.55,33.71,767.8,4.29
2708,0.34,2.07,0.59,0.17,0.8,5715.22,31.9,1114.36,6.22
2709,0.34,2.07,0.59,0.25,0.2,7125.78,39.77,253.62,1.42
2710,0.34,2.07,0.59,0.25,0.4,6715,37.48,455.33,2.54
2711,0.34,2.07,0.59,0.25,0.6,6355.75,35.47,731.58,4.08
2712,0.34,2.07,0.59,0.25,0.8,6026.47,33.64,1070.29,5.97
2713,0.34,2.07,0.59,0.32,0.2,7397.34,41.29,238.58,1.33
2714,0.34,2.07,0.59,0.32,0.4,6983.24,38.98,434.31,2.42
2715,0.34,2.07,0.59,0.32,0.6,6620.72,36.95,704.17,3.93
2716,0.34,2.07,0.59,0.32,0.8,6288.06,35.1,1036.8,5.79
2717,0.34,2.07,0.59,0.4,0.2,7691.77,42.93,224.19,1.25
2718,0.34,2.07,0.59,0.4,0.4,7274.32,40.6,413.56,2.31
2719,0.34,2.07,0.59,0.4,0.6,6908.66,38.56,676.71,3.78
2720,0.34,2.07,0.59,0.4,0.8,6572.86,36.68,1003.04,5.6
2721,0.34,2.07,0.67,0.1,0.2,6441.4,35.95,321.05,1.79
2722,0.34,2.07,0.67,0.1,0.4,5997.33,33.47,588.57,3.28
2723,0.34,2.07,0.67,0.1,0.6,5611.61,31.32,950.77,5.31
2724,0.34,2.07,0.67,0.1,0.8,5267.71,29.4,1386.36,7.74
2725,0.34,2.07,0.67,0.17,0.2,6737.9,37.61,299.04,1.67
2726,0.34,2.07,0.67,0.17,0.4,6287.61,35.09,557.4,3.11
2727,0.34,2.07,0.67,0.17,0.6,5895.93,32.91,909.64,5.08
2728,0.34,2.07,0.67,0.17,0.8,5543.09,30.94,1335.62,7.45
2729,0.34,2.07,0.67,0.25,0.2,7063.01,39.42,277.73,1.55
2730,0.34,2.07,0.67,0.25,0.4,6607.12,36.88,527.26,2.94
2731,0.34,2.07,0.67,0.25,0.6,6210.06,34.66,869.96,4.86
2732,0.34,2.07,0.67,0.25,0.8,5849.43,32.65,1287.05,7.18
2733,0.34,2.07,0.67,0.32,0.2,7334.08,40.93,261.89,1.46
2734,0.34,2.07,0.67,0.32,0.4,6874.38,38.37,504.47,2.82
2735,0.34,2.07,0.67,0.32,0.6,6473.56,36.13,839.73,4.69
2736,0.34,2.07,0.67,0.32,0.8,6107.96,34.09,1250.41,6.98
2737,0.34,2.07,0.67,0.4,0.2,7628.11,42.57,246.59,1.38
2738,0.34,2.07,0.67,0.4,0.4,7164.45,39.99,481.8,2.69
2739,0.34,2.07,0.67,0.4,0.6,6760.18,37.73,809.39,4.52
2740,0.34,2.07,0.67,0.4,0.8,6390.62,35.67,1213.45,6.77
2741,0.34,2.07,0.75,0.1,0.2,6388.73,35.66,345.11,1.93
2742,0.34,2.07,0.75,0.1,0.4,5908.81,32.98,660.75,3.69
2743,0.34,2.07,0.75,0.1,0.6,5492.37,30.65,1086.24,6.06
2744,0.34,2.07,0.75,0.1,0.8,5133.61,28.65,1599.15,8.93
2745,0.34,2.07,0.75,0.17,0.2,6684.66,37.31,322.26,1.8
2746,0.34,2.07,0.75,0.17,0.4,6197.76,34.59,627.36,3.5
2747,0.34,2.07,0.75,0.17,0.6,5774.53,32.23,1042.26,5.82
2748,0.34,2.07,0.75,0.17,0.8,5405.4,30.17,1544.03,8.62
2749,0.34,2.07,0.75,0.25,0.2,7009.25,39.12,299.97,1.67
2750,0.34,2.07,0.75,0.25,0.4,6516.09,36.37,595,3.32
2751,0.34,2.07,0.75,0.25,0.6,6086.84,33.97,999.62,5.58
2752,0.34,2.07,0.75,0.25,0.8,5707.27,31.85,1490.92,8.32
2753,0.34,2.07,0.75,0.32,0.2,7279.91,40.63,283.37,1.58
2754,0.34,2.07,0.75,0.32,0.4,6782.47,37.85,570.6,3.18
2755,0.34,2.07,0.75,0.32,0.6,6349.14,35.44,967.27,5.4
2756,0.34,2.07,0.75,0.32,0.8,5962.28,33.28,1451.27,8.1
2757,0.34,2.07,0.75,0.4,0.2,7573.52,42.27,267.25,1.49
2758,0.34,2.07,0.75,0.4,0.4,7071.77,39.47,546.35,3.05
2759,0.34,2.07,0.75,0.4,0.6,6634.5,37.03,934.6,5.22
2760,0.34,2.07,0.75,0.4,0.8,6241.54,34.84,1411.49,7.88
2761,0.34,2.4,0.35,0.1,0.2,7256.7,40.5,190.35,1.06
2762,0.34,2.4,0.35,0.1,0.4,6985.72,38.99,282.06,1.57
2763,0.34,2.4,0.35,0.1,0.6,6732.23,37.57,398.19,2.22
2764,0.34,2.4,0.35,0.1,0.8,6499.24,36.27,542.99,3.03
2765,0.34,2.4,0.35,0.17,0.2,7557.73,42.18,174.05,0.97
2766,0.34,2.4,0.35,0.17,0.4,7284.43,40.66,261.81,1.46
2767,0.34,2.4,0.35,0.17,0.6,7028.46,39.23,373.88,2.09
2768,0.34,2.4,0.35,0.17,0.8,6792.36,37.91,514.3,2.87
2769,0.34,2.4,0.35,0.25,0.2,7886.96,44.02,159.1,0.89
2770,0.34,2.4,0.35,0.25,0.4,7611.29,42.48,242.31,1.35
2771,0.34,2.4,0.35,0.25,0.6,7352.7,41.04,350.13,1.95
2772,0.34,2.4,0.35,0.25,0.8,7113.77,39.7,486.21,2.71
2773,0.34,2.4,0.35,0.32,0.2,8161.23,45.55,148.59,0.83
2774,0.34,2.4,0.35,0.32,0.4,7883.82,44,227.95,1.27
2775,0.34,2.4,0.35,0.32,0.6,7623.19,42.55,332.29,1.85
2776,0.34,2.4,0.35,0.32,0.8,7382.11,41.2,464.96,2.6
2777,0.34,2.4,0.35,0.4,0.2,8458.51,47.21,139.11,0.78
2778,0.34,2.4,0.35,0.4,0.4,8179.5,45.65,214.38,1.2
2779,0.34,2.4,0.35,0.4,0.6,7917.09,44.19,314.83,1.76
2780,0.34,2.4,0.35,0.4,0.8,7673.77,42.83,443.91,2.48
2781,0.34,2.4,0.43,0.1,0.2,7194.65,40.16,208.99,1.17
2782,0.34,2.4,0.43,0.1,0.4,6869.24,38.34,329.96,1.84
2783,0.34,2.4,0.43,0.1,0.6,6572.23,36.68,491.31,2.74
2784,0.34,2.4,0.43,0.1,0.8,6305.61,35.19,692.86,3.87
2785,0.34,2.4,0.43,0.17,0.2,7495.12,41.83,191.77,1.07
2786,0.34,2.4,0.43,0.17,0.4,7166.8,40,308.04,1.72
2787,0.34,2.4,0.43,0.17,0.6,6866.41,38.32,464.11,2.59
2788,0.34,2.4,0.43,0.17,0.8,6595.78,36.81,659.58,3.68
2789,0.34,2.4,0.43,0.25,0.2,7823.83,43.67,175.71,0.98
2790,0.34,2.4,0.43,0.25,0.4,7492.51,41.82,286.75,1.6
2791,0.34,2.4,0.43,0.25,0.6,7188.76,40.12,437.51,2.44
2792,0.34,2.4,0.43,0.25,0.8,6914.47,38.59,627.26,3.5
2793,0.34,2.4,0.43,0.32,0.2,8097.7,45.2,164.37,0.92
2794,0.34,2.4,0.43,0.32,0.4,7764.17,43.33,270.87,1.51
2795,0.34,2.4,0.43,0.32,0.6,7457.8,41.62,417.4,2.33
2796,0.34,2.4,0.43,0.32,0.8,7180.94,40.08,602.88,3.36
2797,0.34,2.4,0.43,0.4,0.2,8394.63,46.85,153.95,0.86
2798,0.34,2.4,0.43,0.4,0.4,8059.05,44.98,255.5,1.43
2799,0.34,2.4,0.43,0.4,0.6,7750.14,43.26,397.45,2.22
2800,0.34,2.4,0.43,0.4,0.8,7470.59,41.7,578.54,3.23
2801,0.34,2.4,0.51,0.1,0.2,7132.98,39.81,228.66,1.28
2802,0.34,2.4,0.51,0.1,0.4,6756.09,37.71,383.71,2.14
2803,0.34,2.4,0.51,0.1,0.6,6421.49,35.84,596.46,3.33
2804,0.34,2.4,0.51,0.1,0.8,6121.26,34.16,862.93,4.82
2805,0.34,2.4,0.51,0.17,0.2,7432.95,41.49,210.55,1.18
2806,0.34,2.4,0.51,0.17,0.4,7052.51,39.36,359.89,2.01
2807,0.34,2.4,0.51,0.17,0.6,6713.27,37.47,566.04,3.16
2808,0.34,2.4,0.51,0.17,0.8,6408.54,35.77,824.89,4.6
2809,0.34,2.4,0.51,0.25,0.2,7761.13,43.32,193.46,1.08
2810,0.34,2.4,0.51,0.25,0.4,7376.99,41.17,336.64,1.88
2811,0.34,2.4,0.51,0.25,0.6,7033.61,39.26,536.51,2.99
2812,0.34,2.4,0.51,0.25,0.8,6725.03,37.53,788.21,4.4
2813,0.34,2.4,0.51,0.32,0.2,8034.63,44.84,181.27,1.01
2814,0.34,2.4,0.51,0.32,0.4,7647.68,42.68,319.22,1.78
2815,0.34,2.4,0.51,0.32,0.6,7301.22,40.75,514.09,2.87
2816,0.34,2.4,0.51,0.32,0.8,6989.87,39.01,760.3,4.24
2817,0.34,2.4,0.51,0.4,0.2,8331.2,46.5,169.88,0.95
2818,0.34,2.4,0.51,0.4,0.4,7941.75,44.33,302.17,1.69
2819,0.34,2.4,0.51,0.4,0.6,7591.98,42.37,491.78,2.74
2820,0.34,2.4,0.51,0.4,0.8,7277.65,40.62,732.32,4.09
2821,0.34,2.4,0.59,0.1,0.2,7075.2,39.49,248.35,1.39
2822,0.34,2.4,0.59,0.1,0.4,6652.54,37.13,440.26,2.46
2823,0.34,2.4,0.59,0.1,0.6,6285.43,35.08,707.19,3.95
2824,0.34,2.4,0.59,0.1,0.8,5954.22,33.23,1040.35,5.81
2825,0.34,2.4,0.59,0.17,0.2,7374.67,41.16,229.4,1.28
2826,0.34,2.4,0.59,0.17,0.4,6947.82,38.78,414.66,2.31
2827,0.34,2.4,0.59,0.17,0.6,6575.3,36.7,673.54,3.76
2828,0.34,2.4,0.59,0.17,0.8,6238.88,34.82,998.35,5.57
2829,0.34,2.4,0.59,0.25,0.2,7702.36,42.99,211.37,1.18
2830,0.34,2.4,0.59,0.25,0.4,7271.19,40.58,389.63,2.17
2831,0.34,2.4,0.59,0.25,0.6,6893.7,38.48,640.82,3.58
2832,0.34,2.4,0.59,0.25,0.8,6552.93,36.57,957.63,5.34
2833,0.34,2.4,0.59,0.32,0.2,7975.48,44.51,198.34,1.11
2834,0.34,2.4,0.59,0.32,0.4,7540.97,42.09,370.74,2.07
2835,0.34,2.4,0.59,0.32,0.6,7159.94,39.96,616.09,3.44
2836,0.34,2.4,0.59,0.32,0.8,6816.19,38.04,926.58,5.17
2837,0.34,2.4,0.59,0.4,0.2,8271.7,46.17,186.1,1.04
2838,0.34,2.4,0.59,0.4,0.4,7834.09,43.72,352.11,1.97
2839,0.34,2.4,0.59,0.4,0.6,7449.38,41.58,591.47,3.3
2840,0.34,2.4,0.59,0.4,0.8,7102.38,39.64,895.4,5
2841,0.34,2.4,0.67,0.1,0.2,7011.19,39.13,271.47,1.52
2842,0.34,2.4,0.67,0.1,0.4,6541.43,36.51,509.17,2.84
2843,0.34,2.4,0.67,0.1,0.6,6138.79,34.26,842.5,4.7
2844,0.34,2.4,0.67,0.1,0.8,5775.36,32.23,1254.43,7
2845,0.34,2.4,0.67,0.17,0.2,7310.15,40.8,251.59,1.4
2846,0.34,2.4,0.67,0.17,0.4,6835.12,38.15,481.47,2.69
2847,0.34,2.4,0.67,0.17,0.6,6426.35,35.87,804.97,4.49
2848,0.34,2.4,0.67,0.17,0.8,6056.28,33.8,1207.98,6.74
2849,0.34,2.4,0.67,0.25,0.2,7637.27,42.63,232.57,1.3
2850,0.34,2.4,0.67,0.25,0.4,7157.07,39.95,454.39,2.54
2851,0.34,2.4,0.67,0.25,0.6,6743.07,37.63,768.78,4.29
2852,0.34,2.4,0.67,0.25,0.8,6367.37,35.54,1163,6.49
2853,0.34,2.4,0.67,0.32,0.2,7909.96,44.15,218.64,1.22
2854,0.34,2.4,0.67,0.32,0.4,7425.79,41.45,433.92,2.42
2855,0.34,2.4,0.67,0.32,0.6,7008.03,39.11,741.29,4.14
2856,0.34,2.4,0.67,0.32,0.8,6628.49,37,1128.79,6.3
2857,0.34,2.4,0.67,0.4,0.2,8205.81,45.8,205.48,1.15
2858,0.34,2.4,0.67,0.4,0.4,7717.79,43.08,413.56,2.31
2859,0.34,2.4,0.67,0.4,0.6,7295.94,40.72,713.74,3.98
2860,0.34,2.4,0.67,0.4,0.8,6912.99,38.58,1094.25,6.11
2861,0.34,2.4,0.75,0.1,0.2,6956.91,38.83,292.45,1.63
2862,0.34,2.4,0.75,0.1,0.4,6449.85,36,573.53,3.2
2863,0.34,2.4,0.75,0.1,0.6,6016.84,33.58,968.4,5.4
2864,0.34,2.4,0.75,0.1,0.8,5632.69,31.44,1454.09,8.12
2865,0.34,2.4,0.75,0.17,0.2,7255.33,40.49,271.86,1.52
2866,0.34,2.4,0.75,0.17,0.4,6742.05,37.63,543.87,3.04
2867,0.34,2.4,0.75,0.17,0.6,6302.5,35.18,927.91,5.18
2868,0.34,2.4,0.75,0.17,0.8,5909.29,32.98,1403.34,7.83
2869,0.34,2.4,0.75,0.25,0.2,7581.94,42.32,251.95,1.41
2870,0.34,2.4,0.75,0.25,0.4,7062.73,39.42,514.96,2.87
2871,0.34,2.4,0.75,0.25,0.6,6617.41,36.93,888.73,4.96
2872,0.34,2.4,0.75,0.25,0.8,6216.29,34.69,1354.55,7.56
2873,0.34,2.4,0.75,0.32,0.2,7854.24,43.84,237.22,1.32
2874,0.34,2.4,0.75,0.32,0.4,7330.58,40.91,493.03,2.75
2875,0.34,2.4,0.75,0.32,0.6,6881.28,38.41,858.93,4.79
2876,0.34,2.4,0.75,0.32,0.8,6475,36.14,1317.74,7.35
2877,0.34,2.4,0.75,0.4,0.2,8149.75,45.49,223.21,1.25
2878,0.34,2.4,0.75,0.4,0.4,7621.61,42.54,471.27,2.63
2879,0.34,2.4,0.75,0.4,0.6,7168.12,40.01,829.02,4.63
2880,0.34,2.4,0.75,0.4,0.8,6757.67,37.72,1280.5,7.15
2881,0.42,0.75,0.35,0.1,0.2,5286.83,29.51,390.26,2.18
2882,0.42,0.75,0.35,0.1,0.4,5078.27,28.34,536.11,2.99
2883,0.42,0.75,0.35,0.1,0.6,4884.49,27.26,707.19,3.95
2884,0.42,0.75,0.35,0.1,0.8,4701.24,26.24,897.56,5.01
2885,0.42,0.75,0.35,0.17,0.2,5577.31,31.13,365.46,2.04
2886,0.42,0.75,0.35,0.17,0.4,5365.84,29.95,505.93,2.82
2887,0.42,0.75,0.35,0.17,0.6,5168.91,28.85,672.47,3.75
2888,0.42,0.75,0.35,0.17,0.8,4982.64,27.81,858.08,4.79
2889,0.42,0.75,0.35,0.25,0.2,5893.84,32.9,341.58,1.91
2890,0.42,0.75,0.35,0.25,0.4,5679.79,31.7,476.5,2.66
2891,0.42,0.75,0.35,0.25,0.6,5480.2,30.59,638.42,3.56
2892,0.42,0.75,0.35,0.25,0.8,5291.28,29.53,819.77,4.58
2893,0.42,0.75,0.35,0.32,0.2,6157.52,34.37,323.76,1.81
2894,0.42,0.75,0.35,0.32,0.4,5941.66,33.16,454.37,2.54
2895,0.42,0.75,0.35,0.32,0.6,5740.04,32.04,612.42,3.42
2896,0.42,0.75,0.35,0.32,0.8,5549.13,30.97,790.51,4.41
2897,0.42,0.75,0.35,0.4,0.2,6444.04,35.97,306.42,1.71
2898,0.42,0.75,0.35,0.4,0.4,6226.53,34.75,432.67,2.41
2899,0.42,0.75,0.35,0.4,0.6,6023.24,33.62,586.36,3.27
2900,0.42,0.75,0.35,0.4,0.8,5830.41,32.54,761.05,4.25
2901,0.42,0.75,0.43,0.1,0.2,5232.82,29.21,424.39,2.37
2902,0.42,0.75,0.43,0.1,0.4,4979.06,27.79,619.97,3.46
2903,0.42,0.75,0.43,0.1,0.6,4744.89,26.48,849.62,4.74
2904,0.42,0.75,0.43,0.1,0.8,4527.12,25.27,1107.73,6.18
2905,0.42,0.75,0.43,0.17,0.2,5522.56,30.82,398.1,2.22
2906,0.42,0.75,0.43,0.17,0.4,5265.06,29.39,587.4,3.28
2907,0.42,0.75,0.43,0.17,0.6,5027,28.06,811.32,4.53
2908,0.42,0.75,0.43,0.17,0.8,4804.76,26.82,1063.49,5.94
2909,0.42,0.75,0.43,0.25,0.2,5838.4,32.59,372.92,2.08
2910,0.42,0.75,0.43,0.25,0.4,5577.61,31.13,555.44,3.1
2911,0.42,0.75,0.43,0.25,0.6,5336.27,29.78,774.13,4.32
2912,0.42,0.75,0.43,0.25,0.8,5109.77,28.52,1020.58,5.7
2913,0.42,0.75,0.43,0.32,0.2,6101.59,34.05,354.05,1.98
2914,0.42,0.75,0.43,0.32,0.4,5838.45,32.59,531.17,2.96
2915,0.42,0.75,0.43,0.32,0.6,5594.62,31.23,745.7,4.16
2916,0.42,0.75,0.43,0.32,0.8,5365.4,29.95,988,5.51
2917,0.42,0.75,0.43,0.4,0.2,6387.49,35.65,335.62,1.87
2918,0.42,0.75,0.43,0.4,0.4,6122.52,34.17,507.1,2.83
2919,0.42,0.75,0.43,0.4,0.6,5876.41,32.8,717.02,4
2920,0.42,0.75,0.43,0.4,0.8,5644.4,31.5,955.2,5.33
2921,0.42,0.75,0.51,0.1,0.2,5177.88,28.9,461.82,2.58
2922,0.42,0.75,0.51,0.1,0.4,4879.4,27.23,712.44,3.98
2923,0.42,0.75,0.51,0.1,0.6,4606.08,25.71,1007.96,5.63
2924,0.42,0.75,0.51,0.1,0.8,4366.4,24.37,1345.66,7.51
2925,0.42,0.75,0.51,0.17,0.2,5466.96,30.51,434.09,2.42
2926,0.42,0.75,0.51,0.17,0.4,5163.69,28.82,677.59,3.78
2927,0.42,0.75,0.51,0.17,0.6,4885.69,27.27,966.05,5.39
2928,0.42,0.75,0.51,0.17,0.8,4637.23,25.88,1295.55,7.23
2929,0.42,0.75,0.51,0.25,0.2,5782.11,32.27,407.35,2.27
2930,0.42,0.75,0.51,0.25,0.4,5474.91,30.56,643.4,3.59
2931,0.42,0.75,0.51,0.25,0.6,5192.51,28.98,925.38,5.16
2932,0.42,0.75,0.51,0.25,0.8,4936.71,27.55,1247.48,6.96
2933,0.42,0.75,0.51,0.32,0.2,6044.9,33.74,387.4,2.16
2934,0.42,0.75,0.51,0.32,0.4,5734.7,32.01,617.31,3.45
2935,0.42,0.75,0.51,0.32,0.6,5449.36,30.41,894.31,4.99
2936,0.42,0.75,0.51,0.32,0.8,5188.6,28.96,1211.2,6.76
2937,0.42,0.75,0.51,0.4,0.2,6330.42,35.33,367.85,2.05
2938,0.42,0.75,0.51,0.4,0.4,6017.85,33.59,591.14,3.3
2939,0.42,0.75,0.51,0.4,0.6,5729.48,31.98,862.95,4.82
2940,0.42,0.75,0.51,0.4,0.8,5464.33,30.5,1174.84,6.56
2941,0.42,0.75,0.59,0.1,0.2,5127.1,28.62,498.78,2.78
2942,0.42,0.75,0.59,0.1,0.4,4788.25,26.72,803.99,4.49
2943,0.42,0.75,0.59,0.1,0.6,4483.62,25.02,1167.14,6.51
2944,0.42,0.75,0.59,0.1,0.8,4235.29,23.64,1590.11,8.87
2945,0.42,0.75,0.59,0.17,0.2,5415.48,30.23,469.8,2.62
2946,0.42,0.75,0.59,0.17,0.4,5071.05,28.3,766.86,4.28
2947,0.42,0.75,0.59,0.17,0.6,4759.7,26.57,1121.47,6.26
2948,0.42,0.75,0.59,0.17,0.8,4500.51,25.12,1533.87,8.56
2949,0.42,0.75,0.59,0.25,0.2,5730.07,31.98,441.64,2.46
2950,0.42,0.75,0.59,0.25,0.4,5380.96,30.03,730.66,4.08
2951,0.42,0.75,0.59,0.25,0.6,5063.54,28.26,1077.29,6.01
2952,0.42,0.75,0.59,0.25,0.8,4793.3,26.75,1479.53,8.26
2953,0.42,0.75,0.59,0.32,0.2,5992.38,33.45,420.59,2.35
2954,0.42,0.75,0.59,0.32,0.4,5639.77,31.48,702.97,3.92
2955,0.42,0.75,0.59,0.32,0.6,5318.33,29.68,1043.69,5.83
2956,0.42,0.75,0.59,0.32,0.8,5040.05,28.13,1438.8,8.03
2957,0.42,0.75,0.59,0.4,0.2,6277.61,35.04,399.98,2.23
2958,0.42,0.75,0.59,0.4,0.4,5922.02,33.05,675.07,3.77
2959,0.42,0.75,0.59,0.4,0.6,5596.54,31.24,1009.89,5.64
2960,0.42,0.75,0.59,0.4,0.8,5310.8,29.64,1398.3,7.8
2961,0.42,0.75,0.67,0.1,0.2,5080.44,28.36,533.79,2.98
2962,0.42,0.75,0.67,0.1,0.4,4705.07,26.26,891.6,4.98
2963,0.42,0.75,0.67,0.1,0.6,4378.91,24.44,1322.28,7.38
2964,0.42,0.75,0.67,0.1,0.8,4120.75,23,1828.94,10.21
2965,0.42,0.75,0.67,0.17,0.2,5368.04,29.96,503.69,2.81
2966,0.42,0.75,0.67,0.17,0.4,4986.51,27.83,852.25,4.76
2967,0.42,0.75,0.67,0.17,0.6,4650.52,25.96,1272.87,7.1
2968,0.42,0.75,0.67,0.17,0.8,4383.06,24.46,1767.43,9.86
2969,0.42,0.75,0.67,0.25,0.2,5682.01,31.71,474.35,2.65
2970,0.42,0.75,0.67,0.25,0.4,5295.19,29.55,814.07,4.54
2971,0.42,0.75,0.67,0.25,0.6,4950.66,27.63,1225.4,6.84
2972,0.42,0.75,0.67,0.25,0.8,4672.26,26.08,1708.42,9.54
2973,0.42,0.75,0.67,0.32,0.2,5943.91,33.17,452.28,2.52
2974,0.42,0.75,0.67,0.32,0.4,5553.06,30.99,784.93,4.38
2975,0.42,0.75,0.67,0.32,0.6,5202.97,29.04,1189.53,6.64
2976,0.42,0.75,0.67,0.32,0.8,4915.92,27.44,1664.15,9.29
2977,0.42,0.75,0.67,0.4,0.2,6228.8,34.76,430.67,2.4
2978,0.42,0.75,0.67,0.4,0.4,5834.38,32.56,755.55,4.22
2979,0.42,0.75,0.67,0.4,0.6,5479.01,30.58,1153.54,6.44
2980,0.42,0.75,0.67,0.4,0.8,5182.84,28.93,1619.94,9.04
2981,0.42,0.75,0.75,0.1,0.2,5033.22,28.09,572.91,3.2
2982,0.42,0.75,0.75,0.1,0.4,4620.99,25.79,988.98,5.52
2983,0.42,0.75,0.75,0.1,0.6,4280.97,23.89,1497.73,8.36
2984,0.42,0.75,0.75,0.1,0.8,4009.25,22.38,2097.85,11.71
2985,0.42,0.75,0.75,0.17,0.2,5320.04,29.69,541.61,3.02
2986,0.42,0.75,0.75,0.17,0.4,4900.9,27.35,947.45,5.29
2987,0.42,0.75,0.75,0.17,0.6,4547.76,25.38,1443.44,8.06
2988,0.42,0.75,0.75,0.17,0.8,4268.95,23.83,2029.7,11.33
2989,0.42,0.75,0.75,0.25,0.2,5633.31,31.44,510.99,2.85
2990,0.42,0.75,0.75,0.25,0.4,5208.03,29.07,907.17,5.06
2991,0.42,0.75,0.75,0.25,0.6,4842.81,27.03,1391.37,7.77
2992,0.42,0.75,0.75,0.25,0.8,4554.27,25.42,1963.93,10.96
2993,0.42,0.75,0.75,0.32,0.2,5894.73,32.9,487.89,2.72
2994,0.42,0.75,0.75,0.32,0.4,5465.06,30.5,876.4,4.89
2995,0.42,0.75,0.75,0.32,0.6,5091.45,28.42,1352.51,7.55
2996,0.42,0.75,0.75,0.32,0.8,4794.63,26.76,1915.05,10.69
2997,0.42,0.75,0.75,0.4,0.2,6179.25,34.49,465.15,2.6
2998,0.42,0.75,0.75,0.4,0.4,5745.37,32.07,845.32,4.72
2999,0.42,0.75,0.75,0.4,0.6,5364.14,29.94,1313.66,7.33
3000,0.42,0.75,0.75,0.4,0.8,5058.07,28.23,1866.47,10.42
3001,0.42,1.08,0.35,0.1,0.2,5915.41,33.02,314.55,1.76
3002,0.42,1.08,0.35,0.1,0.4,5690.66,31.76,438.75,2.45
3003,0.42,1.08,0.35,0.1,0.6,5483.69,30.61,591.23,3.3
3004,0.42,1.08,0.35,0.1,0.8,5289.58,29.52,766.67,4.28
3005,0.42,1.08,0.35,0.17,0.2,6208.88,34.65,293.52,1.64
3006,0.42,1.08,0.35,0.17,0.4,5981.22,33.38,413.04,2.31
3007,0.42,1.08,0.35,0.17,0.6,5771.57,32.21,560.6,3.13
3008,0.42,1.08,0.35,0.17,0.8,5574.84,31.11,731.74,4.08
3009,0.42,1.08,0.35,0.25,0.2,6528.45,36.44,273.26,1.53
3010,0.42,1.08,0.35,0.25,0.4,6297.87,35.15,388.19,2.17
3011,0.42,1.08,0.35,0.25,0.6,6085.82,33.97,530.66,2.96
3012,0.42,1.08,0.35,0.25,0.8,5886.77,32.86,697.39,3.89
3013,0.42,1.08,0.35,0.32,0.2,6794,37.92,258.27,1.44
3014,0.42,1.08,0.35,0.32,0.4,6561.46,36.62,369.56,2.06
3015,0.42,1.08,0.35,0.32,0.6,6347.67,35.43,508.05,2.84
3016,0.42,1.08,0.35,0.32,0.8,6146.79,34.31,671.11,3.75
3017,0.42,1.08,0.35,0.4,0.2,7082.23,39.53,243.94,1.36
3018,0.42,1.08,0.35,0.4,0.4,6847.68,38.22,351.29,1.96
3019,0.42,1.08,0.35,0.4,0.6,6632.3,37.02,485.8,2.71
3020,0.42,1.08,0.35,0.4,0.8,6429.84,35.89,644.75,3.6
3021,0.42,1.08,0.43,0.1,0.2,5857.97,32.69,342.37,1.91
3022,0.42,1.08,0.43,0.1,0.4,5586.99,31.18,510.09,2.85
3023,0.42,1.08,0.43,0.1,0.6,5339.52,29.8,717.94,4.01
3024,0.42,1.08,0.43,0.1,0.8,5108.72,28.51,956.68,5.34
3025,0.42,1.08,0.43,0.17,0.2,6150.67,34.33,320.31,1.79
3026,0.42,1.08,0.43,0.17,0.4,5876.38,32.8,481.95,2.69
3027,0.42,1.08,0.43,0.17,0.6,5625.55,31.4,684.14,3.82
3028,0.42,1.08,0.43,0.17,0.8,5391.14,30.09,917.4,5.12
3029,0.42,1.08,0.43,0.25,0.2,6469.57,36.11,298.98,1.67
3030,0.42,1.08,0.43,0.25,0.4,6191.9,34.56,454.64,2.54
3031,0.42,1.08,0.43,0.25,0.6,5938.04,33.14,650.9,3.63
3032,0.42,1.08,0.43,0.25,0.8,5700.57,31.82,878.95,4.91
3033,0.42,1.08,0.43,0.32,0.2,6734.67,37.59,283.1,1.58
3034,0.42,1.08,0.43,0.32,0.4,6454.6,36.02,434.11,2.42
3035,0.42,1.08,0.43,0.32,0.6,6198.49,34.6,625.54,3.49
3036,0.42,1.08,0.43,0.32,0.8,5958.84,33.26,849.46,4.74
3037,0.42,1.08,0.43,0.4,0.2,7022.44,39.19,267.75,1.49
3038,0.42,1.08,0.43,0.4,0.4,6740.07,37.62,413.92,2.31
3039,0.42,1.08,0.43,0.4,0.6,6481.99,36.18,600.22,3.35
3040,0.42,1.08,0.43,0.4,0.8,6240.26,34.83,819.7,4.57
3041,0.42,1.08,0.51,0.1,0.2,5801.55,32.38,371.99,2.08
3042,0.42,1.08,0.51,0.1,0.4,5486.1,30.62,588.47,3.28
3043,0.42,1.08,0.51,0.1,0.6,5199.71,29.02,856.63,4.78
3044,0.42,1.08,0.51,0.1,0.8,4936.42,27.55,1165.78,6.51
3045,0.42,1.08,0.51,0.17,0.2,6093.49,34.01,348.87,1.95
3046,0.42,1.08,0.51,0.17,0.4,5774,32.23,557.93,3.11
3047,0.42,1.08,0.51,0.17,0.6,5483.56,30.61,819.5,4.57
3048,0.42,1.08,0.51,0.17,0.8,5215.02,29.11,1122.02,6.26
3049,0.42,1.08,0.51,0.25,0.2,6411.59,35.78,326.48,1.82
3050,0.42,1.08,0.51,0.25,0.4,6088.26,33.98,528.07,2.95
3051,0.42,1.08,0.51,0.25,0.6,5794.18,32.34,783.13,4.37
3052,0.42,1.08,0.51,0.25,0.8,5521.05,30.81,1079.42,6.02
3053,0.42,1.08,0.51,0.32,0.2,6676.2,37.26,309.78,1.73
3054,0.42,1.08,0.51,0.32,0.4,6350.14,35.44,505.53,2.82
3055,0.42,1.08,0.51,0.32,0.6,6053.31,33.79,755.35,4.22
3056,0.42,1.08,0.51,0.32,0.8,5777.31,32.24,1046.9,5.84
3057,0.42,1.08,0.51,0.4,0.2,6963.46,38.86,293.5,1.64
3058,0.42,1.08,0.51,0.4,0.4,6634.78,37.03,483.35,2.7
3059,0.42,1.08,0.51,0.4,0.6,6335.66,35.36,727.36,4.06
3060,0.42,1.08,0.51,0.4,0.8,6056.67,33.8,1014,5.66
3061,0.42,1.08,0.59,0.1,0.2,5749.98,32.09,401.56,2.24
3062,0.42,1.08,0.59,0.1,0.4,5394.22,30.11,667.28,3.72
3063,0.42,1.08,0.59,0.1,0.6,5073.28,28.32,995.92,5.56
3064,0.42,1.08,0.59,0.1,0.8,4788.73,26.73,1377.8,7.69
3065,0.42,1.08,0.59,0.17,0.2,6041.17,33.72,377.22,2.11
3066,0.42,1.08,0.59,0.17,0.4,5681.02,31.71,634.68,3.54
3067,0.42,1.08,0.59,0.17,0.6,5355.03,29.89,955.81,5.33
3068,0.42,1.08,0.59,0.17,0.8,5062.61,28.26,1329.58,7.42
3069,0.42,1.08,0.59,0.25,0.2,6358.57,35.49,353.74,1.97
3070,0.42,1.08,0.59,0.25,0.4,5994.07,33.45,602.64,3.36
3071,0.42,1.08,0.59,0.25,0.6,5663.91,31.61,916.64,5.12
3072,0.42,1.08,0.59,0.25,0.8,5364.37,29.94,1282.97,7.16
3073,0.42,1.08,0.59,0.32,0.2,6622.72,36.96,336.17,1.88
3074,0.42,1.08,0.59,0.32,0.4,6255.09,34.91,578.29,3.23
3075,0.42,1.08,0.59,0.32,0.6,5921.87,33.05,886.55,4.95
3076,0.42,1.08,0.59,0.32,0.8,5617.67,31.35,1247.49,6.96
3077,0.42,1.08,0.59,0.4,0.2,6909.51,38.56,319,1.78
3078,0.42,1.08,0.59,0.4,0.4,6539.05,36.5,554.11,3.09
3079,0.42,1.08,0.59,0.4,0.6,6202.9,34.62,856.13,4.78
3080,0.42,1.08,0.59,0.4,0.8,5894.54,32.9,1211.78,6.76
3081,0.42,1.08,0.67,0.1,0.2,5693.6,31.78,436.54,2.44
3082,0.42,1.08,0.67,0.1,0.4,5294.38,29.55,760.24,4.24
3083,0.42,1.08,0.67,0.1,0.6,4938.9,27.57,1161.67,6.48
3084,0.42,1.08,0.67,0.1,0.8,4642.7,25.91,1634.22,9.12
3085,0.42,1.08,0.67,0.17,0.2,5984.18,33.4,410.93,2.29
3086,0.42,1.08,0.67,0.17,0.4,5579.7,31.14,725.47,4.05
3087,0.42,1.08,0.67,0.17,0.6,5217.54,29.12,1117.96,6.24
3088,0.42,1.08,0.67,0.17,0.8,4910.48,27.41,1579.81,8.82
3089,0.42,1.08,0.67,0.25,0.2,6300.86,35.17,386.16,2.16
3090,0.42,1.08,0.67,0.25,0.4,5891.66,32.88,691.26,3.86
3091,0.42,1.08,0.67,0.25,0.6,5523.61,30.83,1075.41,6
3092,0.42,1.08,0.67,0.25,0.8,5205.92,29.06,1527.59,8.53
3093,0.42,1.08,0.67,0.32,0.2,6564.46,36.64,367.61,2.05
3094,0.42,1.08,0.67,0.32,0.4,6151.72,34.33,665.11,3.71
3095,0.42,1.08,0.67,0.32,0.6,5779.9,32.26,1042.94,5.82
3096,0.42,1.08,0.67,0.32,0.8,5454.62,30.44,1488.26,8.31
3097,0.42,1.08,0.67,0.4,0.2,6850.71,38.24,349.42,1.95
3098,0.42,1.08,0.67,0.4,0.4,6434.81,35.91,638.9,3.57
3099,0.42,1.08,0.67,0.4,0.6,6059.29,33.82,1010.08,5.64
3100,0.42,1.08,0.67,0.4,0.8,5727.26,31.97,1448.74,8.09
3101,0.42,1.08,0.75,0.1,0.2,5645.73,31.51,468.34,2.61
3102,0.42,1.08,0.75,0.1,0.4,5210.59,29.08,844.7,4.71
3103,0.42,1.08,0.75,0.1,0.6,4830.48,26.96,1313.3,7.33
3104,0.42,1.08,0.75,0.1,0.8,4527.6,25.27,1870.04,10.44
3105,0.42,1.08,0.75,0.17,0.2,5935.83,33.13,441.57,2.46
3106,0.42,1.08,0.75,0.17,0.4,5494.59,30.67,807.86,4.51
3107,0.42,1.08,0.75,0.17,0.6,5105.9,28.5,1266.48,7.07
3108,0.42,1.08,0.75,0.17,0.8,4792.22,26.75,1810.46,10.1
3109,0.42,1.08,0.75,0.25,0.2,6251.95,34.89,415.68,2.32
3110,0.42,1.08,0.75,0.25,0.4,5805.37,32.4,771.78,4.31
3111,0.42,1.08,0.75,0.25,0.6,5409.03,30.19,1221.11,6.82
3112,0.42,1.08,0.75,0.25,0.8,5083.66,28.37,1753.31,9.79
3113,0.42,1.08,0.75,0.32,0.2,6515.16,36.36,396.23,2.21
3114,0.42,1.08,0.75,0.32,0.4,6064.6,33.85,744.2,4.15
3115,0.42,1.08,0.75,0.32,0.6,5663.23,31.61,1186.49,6.62
3116,0.42,1.08,0.75,0.32,0.8,5328.87,29.74,1710.45,9.55
3117,0.42,1.08,0.75,0.4,0.2,6801.05,37.96,377.16,2.11
3118,0.42,1.08,0.75,0.4,0.4,6347.04,35.42,716.4,4
3119,0.42,1.08,0.75,0.4,0.6,5940.88,33.16,1151.63,6.43
3120,0.42,1.08,0.75,0.4,0.8,5597.22,31.24,1667.55,9.31
3121,0.42,1.41,0.35,0.1,0.2,6470.02,36.11,262.27,1.46
3122,0.42,1.41,0.35,0.1,0.4,6228.37,34.76,372.12,2.08
3123,0.42,1.41,0.35,0.1,0.6,6007.98,33.53,510.03,2.85
3124,0.42,1.41,0.35,0.1,0.8,5803.31,32.39,673.35,3.76
3125,0.42,1.41,0.35,0.17,0.2,6765.32,37.76,243.66,1.36
3126,0.42,1.41,0.35,0.17,0.4,6521.28,36.4,349.5,1.95
3127,0.42,1.41,0.35,0.17,0.6,6298.17,35.15,482.84,2.69
3128,0.42,1.41,0.35,0.17,0.8,6090.93,34,641.48,3.58
3129,0.42,1.41,0.35,0.25,0.2,7086.74,39.55,225.97,1.26
3130,0.42,1.41,0.35,0.25,0.4,6840.36,38.18,327.54,1.83
3131,0.42,1.41,0.35,0.25,0.6,6614.58,36.92,456.33,2.55
3132,0.42,1.41,0.35,0.25,0.8,6404.8,35.75,610.3,3.41
3133,0.42,1.41,0.35,0.32,0.2,7353.87,41.04,213.19,1.19
3134,0.42,1.41,0.35,0.32,0.4,7105.84,39.66,311.08,1.74
3135,0.42,1.41,0.35,0.32,0.6,6878.05,38.39,436.37,2.44
3136,0.42,1.41,0.35,0.32,0.8,6666.53,37.21,586.57,3.27
3137,0.42,1.41,0.35,0.4,0.2,7644.02,42.66,201.16,1.12
3138,0.42,1.41,0.35,0.4,0.4,7394.21,41.27,295.06,1.65
3139,0.42,1.41,0.35,0.4,0.6,7164.65,39.99,416.7,2.33
3140,0.42,1.41,0.35,0.4,0.8,6951.47,38.8,563,3.14
3141,0.42,1.41,0.43,0.1,0.2,6410.89,35.78,285.94,1.6
3142,0.42,1.41,0.43,0.1,0.4,6121.59,34.17,433.58,2.42
3143,0.42,1.41,0.43,0.1,0.6,5860.84,32.71,622.7,3.48
3144,0.42,1.41,0.43,0.1,0.8,5619.33,31.36,846.9,4.73
3145,0.42,1.41,0.43,0.17,0.2,6705.72,37.43,266.36,1.49
3146,0.42,1.41,0.43,0.17,0.4,6413.09,35.79,408.82,2.28
3147,0.42,1.41,0.43,0.17,0.6,6149.19,34.32,592.23,3.31
3148,0.42,1.41,0.43,0.17,0.8,5904.54,32.95,810.85,4.53
3149,0.42,1.41,0.43,0.25,0.2,7026.76,39.22,247.62,1.38
3150,0.42,1.41,0.43,0.25,0.4,6730.8,37.57,384.78,2.15
3151,0.42,1.41,0.43,0.25,0.6,6463.74,36.08,562.35,3.14
3152,0.42,1.41,0.43,0.25,0.8,6216.28,34.69,775.44,4.33
3153,0.42,1.41,0.43,0.32,0.2,7293.46,40.71,233.94,1.31
3154,0.42,1.41,0.43,0.32,0.4,6995.35,39.04,366.7,2.05
3155,0.42,1.41,0.43,0.32,0.6,6725.98,37.54,539.72,3.01
3156,0.42,1.41,0.43,0.32,0.8,6476.21,36.15,748.34,4.18
3157,0.42,1.41,0.43,0.4,0.2,7583.16,42.32,220.98,1.23
3158,0.42,1.41,0.43,0.4,0.4,7282.8,40.65,348.93,1.95
3159,0.42,1.41,0.43,0.4,0.6,7011.36,39.13,517.32,2.89
3160,0.42,1.41,0.43,0.4,0.8,6759.52,37.73,721.18,4.03
3161,0.42,1.41,0.51,0.1,0.2,6350.38,35.44,312.02,1.74
3162,0.42,1.41,0.51,0.1,0.4,6014.68,33.57,504.16,2.81
3163,0.42,1.41,0.51,0.1,0.6,5714.24,31.89,752.27,4.2
3164,0.42,1.41,0.51,0.1,0.8,5436.25,30.34,1045.29,5.83
3165,0.42,1.41,0.51,0.17,0.2,6644.62,37.09,291.48,1.63
3166,0.42,1.41,0.51,0.17,0.4,6304.94,35.19,477.15,2.66
3167,0.42,1.41,0.51,0.17,0.6,6000.75,33.49,718.53,4.01
3168,0.42,1.41,0.51,0.17,0.8,5718.76,31.92,1005.07,5.61
3169,0.42,1.41,0.51,0.25,0.2,6965.08,38.87,271.65,1.52
3170,0.42,1.41,0.51,0.25,0.4,6621.41,36.96,450.83,2.52
3171,0.42,1.41,0.51,0.25,0.6,6313.55,35.24,685.3,3.82
3172,0.42,1.41,0.51,0.25,0.8,6028.12,33.64,965.75,5.39
3173,0.42,1.41,0.51,0.32,0.2,7231.46,40.36,257.04,1.43
3174,0.42,1.41,0.51,0.32,0.4,6884.95,38.43,431.01,2.41
3175,0.42,1.41,0.51,0.32,0.6,6574.4,36.69,660.03,3.68
3176,0.42,1.41,0.51,0.32,0.8,6286.68,35.09,935.53,5.22
3177,0.42,1.41,0.51,0.4,0.2,7520.74,41.98,243.08,1.36
3178,0.42,1.41,0.51,0.4,0.4,7171.59,40.03,411.49,2.3
3179,0.42,1.41,0.51,0.4,0.6,6858.64,38.28,634.8,3.54
3180,0.42,1.41,0.51,0.4,0.8,6568.33,36.66,904.94,5.05
3181,0.42,1.41,0.59,0.1,0.2,6296.35,35.14,337.22,1.88
3182,0.42,1.41,0.59,0.1,0.4,5920.15,33.04,574.05,3.2
3183,0.42,1.41,0.59,0.1,0.6,5584.92,31.17,880.86,4.92
3184,0.42,1.41,0.59,0.1,0.8,5279.12,29.46,1242.41,6.93
3185,0.42,1.41,0.59,0.17,0.2,6589.96,36.78,315.84,1.76
3186,0.42,1.41,0.59,0.17,0.4,6209.28,34.66,544.91,3.04
3187,0.42,1.41,0.59,0.17,0.6,5869.67,32.76,844.05,4.71
3188,0.42,1.41,0.59,0.17,0.8,5558.04,31.02,1198.38,6.69
3189,0.42,1.41,0.59,0.25,0.2,6909.8,38.57,295.06,1.65
3190,0.42,1.41,0.59,0.25,0.4,6524.63,36.42,516.46,2.88
3191,0.42,1.41,0.59,0.25,0.6,6181.02,34.5,807.87,4.51
3192,0.42,1.41,0.59,0.25,0.8,5864.08,32.73,1155.38,6.45
3193,0.42,1.41,0.59,0.32,0.2,7175.74,40.05,279.61,1.56
3194,0.42,1.41,0.59,0.32,0.4,6787.4,37.88,494.97,2.76
3195,0.42,1.41,0.59,0.32,0.6,6440.65,35.95,780.19,4.35
3196,0.42,1.41,0.59,0.32,0.8,6120.64,34.16,1122.37,6.26
3197,0.42,1.41,0.59,0.4,0.2,7464.65,41.66,264.73,1.48
3198,0.42,1.41,0.59,0.4,0.4,7073.23,39.48,473.78,2.64
3199,0.42,1.41,0.59,0.4,0.6,6723.61,37.53,752.33,4.2
3200,0.42,1.41,0.59,0.4,0.8,6400.6,35.72,1089.02,6.08
3201,0.42,1.41,0.67,0.1,0.2,6236.89,34.81,367.08,2.05
3202,0.42,1.41,0.67,0.1,0.4,5817.48,32.47,658.33,3.67
3203,0.42,1.41,0.67,0.1,0.6,5444.25,30.39,1034.33,5.77
3204,0.42,1.41,0.67,0.1,0.8,5117.13,28.56,1479.89,8.26
3205,0.42,1.41,0.67,0.17,0.2,6529.89,36.45,344.66,1.92
3206,0.42,1.41,0.67,0.17,0.4,6105.27,34.08,626.86,3.5
3207,0.42,1.41,0.67,0.17,0.6,5726.91,31.96,994.38,5.55
3208,0.42,1.41,0.67,0.17,0.8,5391,30.09,1430.86,7.99
3209,0.42,1.41,0.67,0.25,0.2,6849.06,38.23,322.89,1.8
3210,0.42,1.41,0.67,0.25,0.4,6419.31,35.83,596.07,3.33
3211,0.42,1.41,0.67,0.25,0.6,6036.39,33.69,955.26,5.33
3212,0.42,1.41,0.67,0.25,0.8,5692.64,31.77,1383.52,7.72
3213,0.42,1.41,0.67,0.32,0.2,7114.58,39.71,306.58,1.71
3214,0.42,1.41,0.67,0.32,0.4,6681.14,37.29,572.62,3.2
3215,0.42,1.41,0.67,0.32,0.6,6295.01,35.13,925.18,5.16
3216,0.42,1.41,0.67,0.32,0.8,5945.7,33.18,1347.44,7.52
3217,0.42,1.41,0.67,0.4,0.2,7402.99,41.32,290.72,1.62
3218,0.42,1.41,0.67,0.4,0.4,6966.16,38.88,549.4,3.07
3219,0.42,1.41,0.67,0.4,0.6,6576.73,36.71,894.74,4.99
3220,0.42,1.41,0.67,0.4,0.8,6222.84,34.73,1311.06,7.32
3221,0.42,1.41,0.75,0.1,0.2,6186.27,34.53,394.75,2.2
3222,0.42,1.41,0.75,0.1,0.4,5730.28,31.98,736.5,4.11
3223,0.42,1.41,0.75,0.1,0.6,5327.29,29.73,1177.49,6.57
3224,0.42,1.41,0.75,0.1,0.8,4990,27.85,1702.1,9.5
3225,0.42,1.41,0.75,0.17,0.2,6478.62,36.16,371.34,2.07
3226,0.42,1.41,0.75,0.17,0.4,6016.98,33.58,703.11,3.92
3227,0.42,1.41,0.75,0.17,0.6,5607.47,31.3,1134.63,6.33
3228,0.42,1.41,0.75,0.17,0.8,5259.09,29.35,1648.49,9.2
3229,0.42,1.41,0.75,0.25,0.2,6797.14,37.94,348.58,1.95
3230,0.42,1.41,0.75,0.25,0.4,6329.95,35.33,670.27,3.74
3231,0.42,1.41,0.75,0.25,0.6,5914.66,33.01,1092.72,6.1
3232,0.42,1.41,0.75,0.25,0.8,5555.79,31.01,1596.84,8.91
3233,0.42,1.41,0.75,0.32,0.2,7062.25,39.42,331.51,1.85
3234,0.42,1.41,0.75,0.32,0.4,6590.97,36.79,645.35,3.6
3235,0.42,1.41,0.75,0.32,0.6,6172,34.45,1060.62,5.92
3236,0.42,1.41,0.75,0.32,0.8,5805.32,32.4,1557.79,8.69
3237,0.42,1.41,0.75,0.4,0.2,7350.29,41.02,314.82,1.76
3238,0.42,1.41,0.75,0.4,0.4,6875.34,38.37,620.42,3.46
3239,0.42,1.41,0.75,0.4,0.6,6452.55,36.01,1028.08,5.74
3240,0.42,1.41,0.75,0.4,0.8,6079.05,33.93,1518.41,8.47
3241,0.42,1.74,0.35,0.1,0.2,7033.46,39.26,218.39,1.22
3242,0.42,1.74,0.35,0.1,0.4,6777.79,37.83,316.32,1.77
3243,0.42,1.74,0.35,0.1,0.6,6541.58,36.51,440.66,2.46
3244,0.42,1.74,0.35,0.1,0.8,6324.5,35.3,591.26,3.3
3245,0.42,1.74,0.35,0.17,0.2,7331.17,40.92,202,1.13
3246,0.42,1.74,0.35,0.17,0.4,7073.1,39.48,295.98,1.65
3247,0.42,1.74,0.35,0.17,0.6,6834.35,38.14,416.27,2.32
3248,0.42,1.74,0.35,0.17,0.8,6614.63,36.92,562.54,3.14
3249,0.42,1.74,0.35,0.25,0.2,7655.26,42.73,186.77,1.04
3250,0.42,1.74,0.35,0.25,0.4,7394.8,41.27,276.38,1.54
3251,0.42,1.74,0.35,0.25,0.6,7153.49,39.93,392.54,2.19
3252,0.42,1.74,0.35,0.25,0.8,6931.22,38.68,534.49,2.98
3253,0.42,1.74,0.35,0.32,0.2,7924.09,44.23,175.93,0.98
3254,0.42,1.74,0.35,0.32,0.4,7661.97,42.76,261.93,1.46
3255,0.42,1.74,0.35,0.32,0.6,7418.91,41.41,374.62,2.09
3256,0.42,1.74,0.35,0.32,0.8,7194.8,40.16,513.24,2.86
3257,0.42,1.74,0.35,0.4,0.2,8215.73,45.85,165.98,0.93
3258,0.42,1.74,0.35,0.4,0.4,7951.82,44.38,248.14,1.38
3259,0.42,1.74,0.35,0.4,0.6,7707.09,43.02,356.97,1.99
3260,0.42,1.74,0.35,0.4,0.8,7481.3,41.76,492.17,2.75
3261,0.42,1.74,0.43,0.1,0.2,6972.53,38.92,239.1,1.33
3262,0.42,1.74,0.43,0.1,0.4,6665.04,37.2,370.14,2.07
3263,0.42,1.74,0.43,0.1,0.6,6388,35.65,542.11,3.03
3264,0.42,1.74,0.43,0.1,0.8,6134.87,34.24,750.92,4.19
3265,0.42,1.74,0.43,0.17,0.2,7269.63,40.57,221.8,1.24
3266,0.42,1.74,0.43,0.17,0.4,6959.35,38.84,348.04,1.94
3267,0.42,1.74,0.43,0.17,0.6,6678.87,37.28,514.84,2.87
3268,0.42,1.74,0.43,0.17,0.8,6422.35,35.84,718.04,4.01
3269,0.42,1.74,0.43,0.25,0.2,7593.14,42.38,205.49,1.15
3270,0.42,1.74,0.43,0.25,0.4,7279.89,40.63,326.47,1.82
3271,0.42,1.74,0.43,0.25,0.6,6996.22,39.05,488.18,2.72
3272,0.42,1.74,0.43,0.25,0.8,6736.62,37.6,685.87,3.83
3273,0.42,1.74,0.43,0.32,0.2,7861.61,43.88,193.81,1.08
3274,0.42,1.74,0.43,0.32,0.4,7546.27,42.12,310.33,1.73
3275,0.42,1.74,0.43,0.32,0.6,7260.35,40.52,467.97,2.61
3276,0.42,1.74,0.43,0.32,0.8,6998.63,39.06,661.27,3.69
3277,0.42,1.74,0.43,0.4,0.2,8152.94,45.5,182.97,1.02
3278,0.42,1.74,0.43,0.4,0.4,7835.32,43.73,294.66,1.64
3279,0.42,1.74,0.43,0.4,0.6,7547.3,42.12,448.02,2.5
3280,0.42,1.74,0.43,0.4,0.8,7283.56,40.65,636.67,3.55
3281,0.42,1.74,0.51,0.1,0.2,6911.05,38.57,261.39,1.46
3282,0.42,1.74,0.51,0.1,0.4,6554.53,36.58,431.46,2.41
3283,0.42,1.74,0.51,0.1,0.6,6238.83,34.82,657.75,3.67
3284,0.42,1.74,0.51,0.1,0.8,5949.82,33.21,933.23,5.21
3285,0.42,1.74,0.51,0.17,0.2,7207.65,40.23,243.2,1.36
3286,0.42,1.74,0.51,0.17,0.4,6847.44,38.22,407.38,2.27
3287,0.42,1.74,0.51,0.17,0.6,6527.69,36.43,627.28,3.5
3288,0.42,1.74,0.51,0.17,0.8,6235.2,34.8,896.2,5
3289,0.42,1.74,0.51,0.25,0.2,7530.65,42.03,225.85,1.26
3290,0.42,1.74,0.51,0.25,0.4,7166.74,40,383.93,2.14
3291,0.42,1.74,0.51,0.25,0.6,6843.26,38.19,597.31,3.33
3292,0.42,1.74,0.51,0.25,0.8,6547.13,36.54,859.7,4.8
3293,0.42,1.74,0.51,0.32,0.2,7798.6,43.53,213.33,1.19
3294,0.42,1.74,0.51,0.32,0.4,7432.25,41.48,366.23,2.04
3295,0.42,1.74,0.51,0.32,0.6,7106.03,39.66,574.59,3.21
3296,0.42,1.74,0.51,0.32,0.8,6807.35,37.99,831.73,4.64
3297,0.42,1.74,0.51,0.4,0.2,8089.47,45.15,201.55,1.12
3298,0.42,1.74,0.51,0.4,0.4,7720.53,43.09,348.82,1.95
3299,0.42,1.74,0.51,0.4,0.6,7391.81,41.26,552.13,3.08
3300,0.42,1.74,0.51,0.4,0.8,7090.7,39.58,803.67,4.49
3301,0.42,1.74,0.59,0.1,0.2,6853.89,38.25,283.61,1.58
3302,0.42,1.74,0.59,0.1,0.4,6454.65,36.03,494.7,2.76
3303,0.42,1.74,0.59,0.1,0.6,6104.21,34.07,777.5,4.34
3304,0.42,1.74,0.59,0.1,0.8,5782.55,32.27,1120.71,6.26
3305,0.42,1.74,0.59,0.17,0.2,7149.97,39.91,264.53,1.48
3306,0.42,1.74,0.59,0.17,0.4,6746.37,37.65,468.78,2.62
3307,0.42,1.74,0.59,0.17,0.6,6391.3,35.67,743.95,4.15
3308,0.42,1.74,0.59,0.17,0.8,6065.6,33.85,1079.93,6.03
3309,0.42,1.74,0.59,0.25,0.2,7472.48,41.71,246.24,1.37
3310,0.42,1.74,0.59,0.25,0.4,7064.49,39.43,443.4,2.47
3311,0.42,1.74,0.59,0.25,0.6,6705.13,37.42,711.09,3.97
3312,0.42,1.74,0.59,0.25,0.8,6375.4,35.58,1039.79,5.8
3313,0.42,1.74,0.59,0.32,0.2,7740.17,43.2,232.91,1.3
3314,0.42,1.74,0.59,0.32,0.4,7329.13,40.91,424.24,2.37
3315,0.42,1.74,0.59,0.32,0.6,6966.86,38.88,686.06,3.83
3316,0.42,1.74,0.59,0.32,0.8,6634.3,37.03,1009.02,5.63
3317,0.42,1.74,0.59,0.4,0.2,8030.54,44.82,220.25,1.23
3318,0.42,1.74,0.59,0.4,0.4,7616.64,42.51,405.36,2.26
3319,0.42,1.74,0.59,0.4,0.6,7251.6,40.47,660.91,3.69
3320,0.42,1.74,0.59,0.4,0.8,6916.11,38.6,977.87,5.46
3321,0.42,1.74,0.67,0.1,0.2,6792.18,37.91,309.31,1.73
3322,0.42,1.74,0.67,0.1,0.4,6348.56,35.43,569.5,3.18
3323,0.42,1.74,0.67,0.1,0.6,5960.71,33.27,919.7,5.13
3324,0.42,1.74,0.67,0.1,0.8,5609.98,31.31,1342.03,7.49
3325,0.42,1.74,0.67,0.17,0.2,7087.64,39.56,289.25,1.61
3326,0.42,1.74,0.67,0.17,0.4,6638.91,37.05,541.4,3.02
3327,0.42,1.74,0.67,0.17,0.6,6246.22,34.86,882.94,4.93
3328,0.42,1.74,0.67,0.17,0.8,5888.92,32.87,1297.14,7.24
3329,0.42,1.74,0.67,0.25,0.2,7409.51,41.35,269.95,1.51
3330,0.42,1.74,0.67,0.25,0.4,6955.74,38.82,513.96,2.87
3331,0.42,1.74,0.67,0.25,0.6,6558.25,36.6,846.71,4.73
3332,0.42,1.74,0.67,0.25,0.8,6195.32,34.58,1253.33,7
3333,0.42,1.74,0.67,0.32,0.2,7676.81,42.85,255.74,1.43
3334,0.42,1.74,0.67,0.32,0.4,7219.54,40.29,493.16,2.75
3335,0.42,1.74,0.67,0.32,0.6,6818.55,38.06,818.98,4.57
3336,0.42,1.74,0.67,0.32,0.8,6452.15,36.01,1219.68,6.81
3337,0.42,1.74,0.67,0.4,0.2,7966.77,44.46,242.19,1.35
3338,0.42,1.74,0.67,0.4,0.4,7506.22,41.89,472.62,2.64
3339,0.42,1.74,0.67,0.4,0.6,7102.01,39.64,791.17,4.42
3340,0.42,1.74,0.67,0.4,0.8,6732.22,37.57,1185.59,6.62
3341,0.42,1.74,0.75,0.1,0.2,6740.32,37.62,332.67,1.86
3342,0.42,1.74,0.75,0.1,0.4,6260.53,34.94,638.61,3.56
3343,0.42,1.74,0.75,0.1,0.6,5841.27,32.6,1049.9,5.86
3344,0.42,1.74,0.75,0.1,0.8,5473.48,30.55,1545.83,8.63
3345,0.42,1.74,0.75,0.17,0.2,7035.26,39.27,311.79,1.74
3346,0.42,1.74,0.75,0.17,0.4,6549.66,36.56,608.6,3.4
3347,0.42,1.74,0.75,0.17,0.6,6125.22,34.19,1010.45,5.64
3348,0.42,1.74,0.75,0.17,0.8,5748.48,32.08,1497.07,8.36
3349,0.42,1.74,0.75,0.25,0.2,7356.54,41.06,291.55,1.63
3350,0.42,1.74,0.75,0.25,0.4,6865.5,38.32,579.16,3.23
3351,0.42,1.74,0.75,0.25,0.6,6435.83,35.92,971.7,5.42
3352,0.42,1.74,0.75,0.25,0.8,6051.38,33.77,1449.79,8.09
3353,0.42,1.74,0.75,0.32,0.2,7623.42,42.55,276.56,1.54
3354,0.42,1.74,0.75,0.32,0.4,7128.46,39.79,556.88,3.11
3355,0.42,1.74,0.75,0.32,0.6,6695.22,37.37,941.97,5.26
3356,0.42,1.74,0.75,0.32,0.8,6305.31,35.19,1413.67,7.89
3357,0.42,1.74,0.75,0.4,0.2,7913.06,44.16,262.15,1.46
3358,0.42,1.74,0.75,0.4,0.4,7414.44,41.38,534.83,2.99
3359,0.42,1.74,0.75,0.4,0.6,6977.62,38.94,911.84,5.09
3360,0.42,1.74,0.75,0.4,0.8,6583.19,36.74,1377.13,7.69
3361,0.42,2.07,0.35,0.1,0.2,7606.03,42.45,181.33,1.01
3362,0.42,2.07,0.35,0.1,0.4,7337.52,40.95,269.35,1.5
3363,0.42,2.07,0.35,0.1,0.6,7086.59,39.55,381.19,2.13
3364,0.42,2.07,0.35,0.1,0.8,6855.18,38.26,520.23,2.9
3365,0.42,2.07,0.35,0.17,0.2,7905.74,44.12,167.16,0.93
3366,0.42,2.07,0.35,0.17,0.4,7635.08,42.61,251.13,1.4
3367,0.42,2.07,0.35,0.17,0.6,7381.81,41.2,359.12,2
3368,0.42,2.07,0.35,0.17,0.8,7147.79,39.89,494.26,2.76
3369,0.42,2.07,0.35,0.25,0.2,8231.46,45.94,154.21,0.86
3370,0.42,2.07,0.35,0.25,0.4,7958.63,44.42,233.72,1.3
3371,0.42,2.07,0.35,0.25,0.6,7703.02,42.99,337.61,1.88
3372,0.42,2.07,0.35,0.25,0.8,7466.46,41.67,468.77,2.62
3373,0.42,2.07,0.35,0.32,0.2,8501.43,47.45,145.24,0.81
3374,0.42,2.07,0.35,0.32,0.4,8227.16,45.92,221.15,1.23
3375,0.42,2.07,0.35,0.32,0.6,7969.79,44.48,321.49,1.79
3376,0.42,2.07,0.35,0.32,0.8,7731.32,43.15,449.47,2.51
3377,0.42,2.07,0.35,0.4,0.2,8794.6,49.09,137.15,0.77
3378,0.42,2.07,0.35,0.4,0.4,8518.81,47.55,209.27,1.17
3379,0.42,2.07,0.35,0.4,0.6,8259.56,46.1,305.82,1.71
3380,0.42,2.07,0.35,0.4,0.8,8019.34,44.76,430.45,2.4
3381,0.42,2.07,0.43,0.1,0.2,7544.59,42.11,199.06,1.11
3382,0.42,2.07,0.43,0.1,0.4,7222.45,40.31,315.41,1.76
3383,0.42,2.07,0.43,0.1,0.6,6928.28,38.67,470.68,2.63
3384,0.42,2.07,0.43,0.1,0.8,6661.66,37.18,662.9,3.7
3385,0.42,2.07,0.43,0.17,0.2,7843.9,43.78,183.94,1.03
3386,0.42,2.07,0.43,0.17,0.4,7518.97,41.97,295.51,1.65
3387,0.42,2.07,0.43,0.17,0.6,7221.8,40.31,446.01,2.49
3388,0.42,2.07,0.43,0.17,0.8,6951.84,38.8,633.11,3.53
3389,0.42,2.07,0.43,0.25,0.2,8169.14,45.59,170.05,0.95
3390,0.42,2.07,0.43,0.25,0.4,7841.47,43.77,276.33,1.54
3391,0.42,2.07,0.43,0.25,0.6,7541.31,42.09,421.9,2.35
3392,0.42,2.07,0.43,0.25,0.8,7268.23,40.57,603.95,3.37
3393,0.42,2.07,0.43,0.32,0.2,8438.82,47.1,160.26,0.89
3394,0.42,2.07,0.43,0.32,0.4,8109.1,45.26,262.17,1.46
3395,0.42,2.07,0.43,0.32,0.6,7806.78,43.57,403.65,2.25
3396,0.42,2.07,0.43,0.32,0.8,7531.51,42.04,581.82,3.25
3397,0.42,2.07,0.43,0.4,0.2,8731.67,48.73,151.37,0.84
3398,0.42,2.07,0.43,0.4,0.4,8399.87,46.88,248.64,1.39
3399,0.42,2.07,0.43,0.4,0.6,8095.34,45.18,385.63,2.15
3400,0.42,2.07,0.43,0.4,0.8,7817.94,43.63,559.8,3.12
3401,0.42,2.07,0.51,0.1,0.2,7480.84,41.75,218.83,1.22
3402,0.42,2.07,0.51,0.1,0.4,7105.72,39.66,369.86,2.06
3403,0.42,2.07,0.51,0.1,0.6,6771.22,37.79,576.19,3.22
3404,0.42,2.07,0.51,0.1,0.8,6469.61,36.11,832.89,4.65
3405,0.42,2.07,0.51,0.17,0.2,7779.62,43.42,202.73,1.13
3406,0.42,2.07,0.51,0.17,0.4,7401.12,41.31,348.14,1.94
3407,0.42,2.07,0.51,0.17,0.6,7062.81,39.42,548.78,3.06
3408,0.42,2.07,0.51,0.17,0.8,6757.31,37.71,798.95,4.46
3409,0.42,2.07,0.51,0.25,0.2,8104.38,45.23,187.79,1.05
3410,0.42,2.07,0.51,0.25,0.4,7722.51,43.1,326.99,1.83
3411,0.42,2.07,0.51,0.25,0.6,7380.58,41.19,521.81,2.91
3412,0.42,2.07,0.51,0.25,0.8,7071.48,39.47,765.57,4.27
3413,0.42,2.07,0.51,0.32,0.2,8373.74,46.74,177.14,0.99
3414,0.42,2.07,0.51,0.32,0.4,7989.4,44.59,311.19,1.74
3415,0.42,2.07,0.51,0.32,0.6,7644.73,42.67,501.32,2.8
3416,0.42,2.07,0.51,0.32,0.8,7333,40.93,740.06,4.13
3417,0.42,2.07,0.51,0.4,0.2,8666.26,48.37,167.4,0.93
3418,0.42,2.07,0.51,0.4,0.4,8279.25,46.21,295.86,1.65
3419,0.42,2.07,0.51,0.4,0.6,7932.04,44.27,481.05,2.68
3420,0.42,2.07,0.51,0.4,0.8,7617.76,42.52,714.48,3.99
3421,0.42,2.07,0.59,0.1,0.2,7422.73,41.43,238.12,1.33
3422,0.42,2.07,0.59,0.1,0.4,7001.84,39.08,425.55,2.38
3423,0.42,2.07,0.59,0.1,0.6,6633.32,37.02,684.08,3.82
3424,0.42,2.07,0.59,0.1,0.8,6299.9,35.16,1006.38,5.62
3425,0.42,2.07,0.59,0.17,0.2,7721.06,43.09,221.15,1.23
3426,0.42,2.07,0.59,0.17,0.4,7296.13,40.72,402.18,2.24
3427,0.42,2.07,0.59,0.17,0.6,6923.16,38.64,653.78,3.65
3428,0.42,2.07,0.59,0.17,0.8,6585.71,36.76,968.76,5.41
3429,0.42,2.07,0.59,0.25,0.2,8045.33,44.9,205.22,1.15
3430,0.42,2.07,0.59,0.25,0.4,7616.44,42.51,379.3,2.12
3431,0.42,2.07,0.59,0.25,0.6,7239.14,40.4,623.99,3.48
3432,0.42,2.07,0.59,0.25,0.8,6897.74,38.5,931.6,5.2
3433,0.42,2.07,0.59,0.32,0.2,8314.34,46.4,193.79,1.08
3434,0.42,2.07,0.59,0.32,0.4,7882.48,43.99,362.09,2.02
3435,0.42,2.07,0.59,0.32,0.6,7502.11,41.87,601.42,3.36
3436,0.42,2.07,0.59,0.32,0.8,7157.81,39.95,903.09,5.04
3437,0.42,2.07,0.59,0.4,0.2,8606.54,48.04,183.21,1.02
3438,0.42,2.07,0.59,0.4,0.4,8171.65,45.61,345.24,1.93
3439,0.42,2.07,0.59,0.4,0.6,7788.3,43.47,578.98,3.23
3440,0.42,2.07,0.59,0.4,0.8,7440.98,41.53,874.43,4.88
3441,0.42,2.07,0.67,0.1,0.2,7358.88,41.07,260.76,1.46
3442,0.42,2.07,0.67,0.1,0.4,6890.66,38.46,492.82,2.75
3443,0.42,2.07,0.67,0.1,0.6,6485.78,36.2,815,4.55
3444,0.42,2.07,0.67,0.1,0.8,6118.29,34.15,1215.04,6.78
3445,0.42,2.07,0.67,0.17,0.2,7656.65,42.73,242.85,1.36
3446,0.42,2.07,0.67,0.17,0.4,7183.68,40.09,467.58,2.61
3447,0.42,2.07,0.67,0.17,0.6,6773.68,37.81,781.45,4.36
3448,0.42,2.07,0.67,0.17,0.8,6401.62,35.73,1173.49,6.55
3449,0.42,2.07,0.67,0.25,0.2,7980.41,44.54,225.8,1.26
3450,0.42,2.07,0.67,0.25,0.4,7502.74,41.87,442.84,2.47
3451,0.42,2.07,0.67,0.25,0.6,7088.06,39.56,748.52,4.18
3452,0.42,2.07,0.67,0.25,0.8,6711.24,37.46,1132.47,6.32
3453,0.42,2.07,0.67,0.32,0.2,8249.06,46.04,213.54,1.19
3454,0.42,2.07,0.67,0.32,0.4,7767.92,43.35,424.15,2.37
3455,0.42,2.07,0.67,0.32,0.6,7349.71,41.02,723.36,4.04
3456,0.42,2.07,0.67,0.32,0.8,6969.9,38.9,1100.96,6.14
3457,0.42,2.07,0.67,0.4,0.2,8540.84,47.67,202.03,1.13
3458,0.42,2.07,0.67,0.4,0.4,8056.18,44.96,405.68,2.26
3459,0.42,2.07,0.67,0.4,0.6,7634.6,42.61,698.12,3.9
3460,0.42,2.07,0.67,0.4,0.8,7251.32,40.47,1068.97,5.97
3461,0.42,2.07,0.75,0.1,0.2,7303.92,40.77,281.49,1.57
3462,0.42,2.07,0.75,0.1,0.4,6797.25,37.94,556.07,3.1
3463,0.42,2.07,0.75,0.1,0.6,6361.28,35.5,938.84,5.24
3464,0.42,2.07,0.75,0.1,0.8,5969.83,33.32,1411.45,7.88
3465,0.42,2.07,0.75,0.17,0.2,7601.25,42.42,262.84,1.47
3466,0.42,2.07,0.75,0.17,0.4,7089.13,39.57,529.19,2.95
3467,0.42,2.07,0.75,0.17,0.6,6647.77,37.1,902.53,5.04
3468,0.42,2.07,0.75,0.17,0.8,6249.85,34.88,1366.42,7.63
3469,0.42,2.07,0.75,0.25,0.2,7924.49,44.23,244.95,1.37
3470,0.42,2.07,0.75,0.25,0.4,7407.16,41.34,502.76,2.81
3471,0.42,2.07,0.75,0.25,0.6,6960.53,38.85,866.74,4.84
3472,0.42,2.07,0.75,0.25,0.8,6556.68,36.59,1322.35,7.38
3473,0.42,2.07,0.75,0.32,0.2,8192.8,45.73,231.93,1.29
3474,0.42,2.07,0.75,0.32,0.4,7671.53,42.82,482.71,2.69
3475,0.42,2.07,0.75,0.32,0.6,7221.09,40.3,839.41,4.68
3476,0.42,2.07,0.75,0.32,0.8,6813.47,38.03,1288.39,7.19
3477,0.42,2.07,0.75,0.4,0.2,8484.21,47.35,219.59,1.23
3478,0.42,2.07,0.75,0.4,0.4,7959.03,44.42,462.92,2.58
3479,0.42,2.07,0.75,0.4,0.6,7504.85,41.89,811.97,4.53
3480,0.42,2.07,0.75,0.4,0.8,7093.5,39.59,1254,7
3481,0.42,2.4,0.35,0.1,0.2,8188.18,45.7,149.78,0.84
3482,0.42,2.4,0.35,0.1,0.4,7908.72,44.14,228.31,1.27
3483,0.42,2.4,0.35,0.1,0.6,7644.77,42.67,328.79,1.84
3484,0.42,2.4,0.35,0.1,0.8,7399.29,41.3,455.89,2.54
3485,0.42,2.4,0.35,0.17,0.2,8489.96,47.38,137.73,0.77
3486,0.42,2.4,0.35,0.17,0.4,8208.52,45.81,212.09,1.18
3487,0.42,2.4,0.35,0.17,0.6,7942.39,44.33,308.78,1.72
3488,0.42,2.4,0.35,0.17,0.8,7694.26,42.94,432.14,2.41
3489,0.42,2.4,0.35,0.25,0.2,8817.8,49.21,127.02,0.71
3490,0.42,2.4,0.35,0.25,0.4,8534.44,47.63,197.01,1.1
3491,0.42,2.4,0.35,0.25,0.6,8266.17,46.14,289.39,1.62
3492,0.42,2.4,0.35,0.25,0.8,8015.71,44.74,408.89,2.28
3493,0.42,2.4,0.35,0.32,0.2,9089.48,50.73,119.86,0.67
3494,0.42,2.4,0.35,0.32,0.4,8804.7,49.14,186.22,1.04
3495,0.42,2.4,0.35,0.32,0.6,8534.99,47.64,275.04,1.54
3496,0.42,2.4,0.35,0.32,0.8,8282.87,46.23,391.33,2.18
3497,0.42,2.4,0.35,0.4,0.2,9384.66,52.38,113.4,0.63
3498,0.42,2.4,0.35,0.4,0.4,9098.19,50.78,176.31,0.98
3499,0.42,2.4,0.35,0.4,0.6,8826.84,49.26,261.31,1.46
3500,0.42,2.4,0.35,0.4,0.8,8573.14,47.85,374.09,2.09
3501,0.42,2.4,0.43,0.1,0.2,8124.32,45.34,165.62,0.92
3502,0.42,2.4,0.43,0.1,0.4,7787.8,43.47,269.96,1.51
3503,0.42,2.4,0.43,0.1,0.6,7476.74,41.73,410.2,2.29
3504,0.42,2.4,0.43,0.1,0.8,7194.07,40.15,588.34,3.28
3505,0.42,2.4,0.43,0.17,0.2,8425.66,47.03,152.64,0.85
3506,0.42,2.4,0.43,0.17,0.4,8086.67,45.13,252.02,1.41
3507,0.42,2.4,0.43,0.17,0.6,7772.65,43.38,387.71,2.16
3508,0.42,2.4,0.43,0.17,0.8,7486.59,41.78,561.33,3.13
3509,0.42,2.4,0.43,0.25,0.2,8753.02,48.85,140.87,0.79
3510,0.42,2.4,0.43,0.25,0.4,8411.71,46.95,234.94,1.31
3511,0.42,2.4,0.43,0.25,0.6,8094.92,45.18,365.79,2.04
3512,0.42,2.4,0.43,0.25,0.8,7805.58,43.57,534.67,2.98
3513,0.42,2.4,0.43,0.32,0.2,9024.32,50.37,132.93,0.74
3514,0.42,2.4,0.43,0.32,0.4,8681.38,48.45,222.61,1.24
3515,0.42,2.4,0.43,0.32,0.6,8362.63,46.67,349.34,1.95
3516,0.42,2.4,0.43,0.32,0.8,8071.01,45.05,514.38,2.87
3517,0.42,2.4,0.43,0.4,0.2,9319.02,52.01,125.76,0.7
3518,0.42,2.4,0.43,0.4,0.4,8974.15,50.09,210.95,1.18
3519,0.42,2.4,0.43,0.4,0.6,8653.39,48.3,333.26,1.86
3520,0.42,2.4,0.43,0.4,0.8,8359.75,46.66,494.34,2.76
3521,0.42,2.4,0.51,0.1,0.2,8060.81,44.99,182.43,1.02
3522,0.42,2.4,0.51,0.1,0.4,7669.76,42.81,316.32,1.77
3523,0.42,2.4,0.51,0.1,0.6,7316.61,40.84,503.01,2.81
3524,0.42,2.4,0.51,0.1,0.8,7000.72,39.07,739.5,4.13
3525,0.42,2.4,0.51,0.17,0.2,8361.77,46.67,168.49,0.94
3526,0.42,2.4,0.51,0.17,0.4,7967.59,44.47,296.72,1.66
3527,0.42,2.4,0.51,0.17,0.6,7610.56,42.48,478.07,2.67
3528,0.42,2.4,0.51,0.17,0.8,7290.62,40.69,708.59,3.95
3529,0.42,2.4,0.51,0.25,0.2,8688.74,48.49,155.75,0.87
3530,0.42,2.4,0.51,0.25,0.4,8291.61,46.28,277.78,1.55
3531,0.42,2.4,0.51,0.25,0.6,7931.02,44.27,453.6,2.53
3532,0.42,2.4,0.51,0.25,0.8,7607.22,42.46,678.17,3.79
3533,0.42,2.4,0.51,0.32,0.2,8959.71,50.01,146.95,0.82
3534,0.42,2.4,0.51,0.32,0.4,8560.59,47.78,263.81,1.47
3535,0.42,2.4,0.51,0.32,0.6,8197.44,45.75,435.09,2.43
3536,0.42,2.4,0.51,0.32,0.8,7870.81,43.93,655.1,3.66
3537,0.42,2.4,0.51,0.4,0.2,9254.03,51.65,139.07,0.78
3538,0.42,2.4,0.51,0.4,0.4,8852.63,49.41,250.49,1.4
3539,0.42,2.4,0.51,0.4,0.6,8487.11,47.37,416.79,2.33
3540,0.42,2.4,0.51,0.4,0.8,8157.91,45.53,632.11,3.53
3541,0.42,2.4,0.59,0.1,0.2,8001.25,44.66,199.29,1.11
3542,0.42,2.4,0.59,0.1,0.4,7561.61,42.2,365.56,2.04
3543,0.42,2.4,0.59,0.1,0.6,7172.92,40.03,600.95,3.35
3544,0.42,2.4,0.59,0.1,0.8,6826.6,38.1,900.49,5.03
3545,0.42,2.4,0.59,0.17,0.2,8301.74,46.33,184.47,1.03
3546,0.42,2.4,0.59,0.17,0.4,7858.3,43.86,344.39,1.92
3547,0.42,2.4,0.59,0.17,0.6,7465.12,41.66,573.66,3.2
3548,0.42,2.4,0.59,0.17,0.8,7114.33,39.71,865.98,4.83
3549,0.42,2.4,0.59,0.25,0.2,8628.38,48.16,170.84,0.95
3550,0.42,2.4,0.59,0.25,0.4,8181.39,45.66,323.77,1.81
3551,0.42,2.4,0.59,0.25,0.6,7783.8,43.44,546.71,3.05
3552,0.42,2.4,0.59,0.25,0.8,7428.85,41.46,831.97,4.64
3553,0.42,2.4,0.59,0.32,0.2,8899.08,49.67,161.21,0.9
3554,0.42,2.4,0.59,0.32,0.4,8449.63,47.16,308.37,1.72
3555,0.42,2.4,0.59,0.32,0.6,8049.03,44.92,526.16,2.94
3556,0.42,2.4,0.59,0.32,0.8,7690.83,42.92,805.94,4.5
3557,0.42,2.4,0.59,0.4,0.2,9193.04,51.31,152.54,0.85
3558,0.42,2.4,0.59,0.4,0.4,8740.93,48.79,293.45,1.64
3559,0.42,2.4,0.59,0.4,0.6,8337.6,46.53,505.83,2.82
3560,0.42,2.4,0.59,0.4,0.8,7976.25,44.52,779.69,4.35
3561,0.42,2.4,0.67,0.1,0.2,7935.29,44.29,219.17,1.22
3562,0.42,2.4,0.67,0.1,0.4,7444.09,41.55,426.02,2.38
3563,0.42,2.4,0.67,0.1,0.6,7019.16,39.18,721.14,4.02
3564,0.42,2.4,0.67,0.1,0.8,6638.51,37.05,1097.27,6.12
3565,0.42,2.4,0.67,0.17,0.2,8235.28,45.96,203.36,1.14
3566,0.42,2.4,0.67,0.17,0.4,7739.58,43.2,403.07,2.25
3567,0.42,2.4,0.67,0.17,0.6,7309.24,40.79,690.69,3.85
3568,0.42,2.4,0.67,0.17,0.8,6924.05,38.64,1058.64,5.91
3569,0.42,2.4,0.67,0.25,0.2,8561.41,47.78,188.73,1.05
3570,0.42,2.4,0.67,0.25,0.4,8061.5,44.99,380.66,2.12
3571,0.42,2.4,0.67,0.25,0.6,7626.03,42.56,660.78,3.69
3572,0.42,2.4,0.67,0.25,0.8,7236.1,40.39,1020.49,5.7
3573,0.42,2.4,0.67,0.32,0.2,8831.85,49.29,178.29,1
3574,0.42,2.4,0.67,0.32,0.4,8328.97,46.49,363.83,2.03
3575,0.42,2.4,0.67,0.32,0.6,7889.74,44.03,638.08,3.56
3576,0.42,2.4,0.67,0.32,0.8,7496.41,41.84,991.25,5.53
3577,0.42,2.4,0.67,0.4,0.2,9125.5,50.93,168.76,0.94
3578,0.42,2.4,0.67,0.4,0.4,8619.51,48.11,347.34,1.94
3579,0.42,2.4,0.67,0.4,0.6,8177.02,45.64,615.44,3.43
3580,0.42,2.4,0.67,0.4,0.8,7780.08,43.42,961.74,5.37
3581,0.42,2.4,0.75,0.1,0.2,7879.11,43.98,237.35,1.32
3582,0.42,2.4,0.75,0.1,0.4,7346.74,41,482.8,2.69
3583,0.42,2.4,0.75,0.1,0.6,6891.96,38.47,834.91,4.66
3584,0.42,2.4,0.75,0.1,0.8,6483.56,36.19,1281.98,7.16
3585,0.42,2.4,0.75,0.17,0.2,8178.7,45.65,220.7,1.23
3586,0.42,2.4,0.75,0.17,0.4,7641.01,42.65,458.4,2.56
3587,0.42,2.4,0.75,0.17,0.6,7180.5,40.08,801.85,4.48
3588,0.42,2.4,0.75,0.17,0.8,6766.99,37.77,1240.14,6.92
3589,0.42,2.4,0.75,0.25,0.2,8504.41,47.47,205.12,1.14
3590,0.42,2.4,0.75,0.25,0.4,7961.81,44.44,434.45,2.42
3591,0.42,2.4,0.75,0.25,0.6,7495.77,41.84,769.22,4.29
3592,0.42,2.4,0.75,0.25,0.8,7076.92,39.5,1198.82,6.69
3593,0.42,2.4,0.75,0.32,0.2,8774.54,48.97,193.98,1.08
3594,0.42,2.4,0.75,0.32,0.4,8228.47,45.93,416.33,2.32
3595,0.42,2.4,0.75,0.32,0.6,7758.27,43.3,744.21,4.15
3596,0.42,2.4,0.75,0.32,0.8,7335.9,40.94,1166.92,6.51
3597,0.42,2.4,0.75,0.4,0.2,9067.86,50.61,183.68,1.03
3598,0.42,2.4,0.75,0.4,0.4,8518.32,47.54,398.43,2.22
3599,0.42,2.4,0.75,0.4,0.6,8044.31,44.9,719.23,4.01
3600,0.42,2.4,0.75,0.4,0.8,7617.79,42.52,1134.63,6.33
3601,0.5,0.75,0.35,0.1,0.2,6176.39,34.47,313.27,1.75
3602,0.5,0.75,0.35,0.1,0.4,5958.28,33.25,439.27,2.45
3603,0.5,0.75,0.35,0.1,0.6,5755.61,32.12,590.94,3.3
3604,0.5,0.75,0.35,0.1,0.8,5565.07,31.06,764.54,4.27
3605,0.5,0.75,0.35,0.17,0.2,6467.34,36.1,293.79,1.64
3606,0.5,0.75,0.35,0.17,0.4,6246.45,34.86,415.57,2.32
3607,0.5,0.75,0.35,0.17,0.6,6041.18,33.72,562.64,3.14
3608,0.5,0.75,0.35,0.17,0.8,5848.42,32.64,732.17,4.09
3609,0.5,0.75,0.35,0.25,0.2,6782.98,37.86,274.86,1.53
3610,0.5,0.75,0.35,0.25,0.4,6559.67,36.61,392.34,2.19
3611,0.5,0.75,0.35,0.25,0.6,6351.89,35.45,534.8,2.98
3612,0.5,0.75,0.35,0.25,0.8,6156.7,34.36,700.12,3.91
3613,0.5,0.75,0.35,0.32,0.2,7045.02,39.32,260.87,1.46
3614,0.5,0.75,0.35,0.32,0.4,6820.17,38.07,374.94,2.09
3615,0.5,0.75,0.35,0.32,0.6,6610.9,36.9,513.81,2.87
3616,0.5,0.75,0.35,0.32,0.8,6413.88,35.8,675.59,3.77
3617,0.5,0.75,0.35,0.4,0.2,7329.96,40.91,247.59,1.38
3618,0.5,0.75,0.35,0.4,0.4,7103.37,39.65,358.01,2
3619,0.5,0.75,0.35,0.4,0.6,6892.62,38.47,493.17,2.75
3620,0.5,0.75,0.35,0.4,0.8,6694.05,37.36,651.12,3.63
3621,0.5,0.75,0.43,0.1,0.2,6119.64,34.16,342.51,1.91
3622,0.5,0.75,0.43,0.1,0.4,5854.38,32.67,512.82,2.86
3623,0.5,0.75,0.43,0.1,0.6,5610.57,31.31,720.75,4.02
3624,0.5,0.75,0.43,0.1,0.8,5382.87,30.04,957.73,5.35
3625,0.5,0.75,0.43,0.17,0.2,6409.91,35.78,322.08,1.8
3626,0.5,0.75,0.43,0.17,0.4,6141.2,34.28,486.76,2.72
3627,0.5,0.75,0.43,0.17,0.6,5894.44,32.9,689.32,3.85
3628,0.5,0.75,0.43,0.17,0.8,5663.84,31.61,921.45,5.14
3629,0.5,0.75,0.43,0.25,0.2,6725.03,37.53,302.18,1.69
3630,0.5,0.75,0.43,0.25,0.4,6453.39,36.02,461.4,2.58
3631,0.5,0.75,0.43,0.25,0.6,6203.3,34.62,658.28,3.67
3632,0.5,0.75,0.43,0.25,0.8,5969.85,33.32,885.41,4.94
3633,0.5,0.75,0.43,0.32,0.2,6986.61,38.99,287.27,1.6
3634,0.5,0.75,0.43,0.32,0.4,6713.19,37.47,442.26,2.47
3635,0.5,0.75,0.43,0.32,0.6,6460.95,36.06,634.61,3.54
3636,0.5,0.75,0.43,0.32,0.8,6225.18,34.74,857.66,4.79
3637,0.5,0.75,0.43,0.4,0.2,7271.04,40.58,272.94,1.52
3638,0.5,0.75,0.43,0.4,0.4,6995.61,39.04,423.34,2.36
3639,0.5,0.75,0.43,0.4,0.6,6741.49,37.63,610.96,3.41
3640,0.5,0.75,0.43,0.4,0.8,6503.57,36.3,829.61,4.63
3641,0.5,0.75,0.51,0.1,0.2,6062.11,33.83,374.76,2.09
3642,0.5,0.75,0.51,0.1,0.4,5750.46,32.09,595.73,3.32
3643,0.5,0.75,0.51,0.1,0.6,5466.36,30.51,866.09,4.83
3644,0.5,0.75,0.51,0.1,0.8,5204.74,29.05,1176.33,6.57
3645,0.5,0.75,0.51,0.17,0.2,6351.62,35.45,353.13,1.97
3646,0.5,0.75,0.51,0.17,0.4,6035.96,33.69,567.31,3.17
3647,0.5,0.75,0.51,0.17,0.6,5748.48,32.08,831.52,4.64
3648,0.5,0.75,0.51,0.17,0.8,5482.48,30.6,1135.77,6.34
3649,0.5,0.75,0.51,0.25,0.2,6666.19,37.21,332.19,1.85
3650,0.5,0.75,0.51,0.25,0.4,6346.57,35.42,539.33,3.01
3651,0.5,0.75,0.51,0.25,0.6,6055.47,33.8,797.3,4.45
3652,0.5,0.75,0.51,0.25,0.8,5785.87,32.29,1095.72,6.12
3653,0.5,0.75,0.51,0.32,0.2,6927.42,38.66,316.48,1.77
3654,0.5,0.75,0.51,0.32,0.4,6605.51,36.87,518.22,2.89
3655,0.5,0.75,0.51,0.32,0.6,6311.62,35.23,771.03,4.3
3656,0.5,0.75,0.51,0.32,0.8,6039.32,33.71,1064.9,5.94
3657,0.5,0.75,0.51,0.4,0.2,7211.39,40.25,301.21,1.68
3658,0.5,0.75,0.51,0.4,0.4,6887.18,38.44,497.47,2.78
3659,0.5,0.75,0.51,0.4,0.6,6590.76,36.78,744.56,4.16
3660,0.5,0.75,0.51,0.4,0.8,6315.89,35.25,1033.59,5.77
3661,0.5,0.75,0.59,0.1,0.2,6009.27,33.54,406.77,2.27
3662,0.5,0.75,0.59,0.1,0.4,5655.72,31.57,679.1,3.79
3663,0.5,0.75,0.59,0.1,0.6,5335.97,29.78,1012.28,5.65
3664,0.5,0.75,0.59,0.1,0.8,5051.22,28.19,1398.27,7.8
3665,0.5,0.75,0.59,0.17,0.2,6298.03,35.15,384.1,2.14
3666,0.5,0.75,0.59,0.17,0.4,5940.11,33.15,648.6,3.62
3667,0.5,0.75,0.59,0.17,0.6,5616.22,31.35,974.92,5.44
3668,0.5,0.75,0.59,0.17,0.8,5324.67,29.72,1353.39,7.55
3669,0.5,0.75,0.59,0.25,0.2,6611.88,36.9,362,2.02
3670,0.5,0.75,0.59,0.25,0.4,6249.58,34.88,618.58,3.45
3671,0.5,0.75,0.59,0.25,0.6,5921.63,33.05,937.91,5.23
3672,0.5,0.75,0.59,0.25,0.8,5624.11,31.39,1309.44,7.31
3673,0.5,0.75,0.59,0.32,0.2,6872.82,38.36,345.51,1.93
3674,0.5,0.75,0.59,0.32,0.4,6507.64,36.32,595.7,3.32
3675,0.5,0.75,0.59,0.32,0.6,6176.47,34.47,909.36,5.08
3676,0.5,0.75,0.59,0.32,0.8,5874.97,32.79,1275.77,7.12
3677,0.5,0.75,0.59,0.4,0.2,7156.4,39.94,329.39,1.84
3678,0.5,0.75,0.59,0.4,0.4,6788.5,37.89,572.86,3.2
3679,0.5,0.75,0.59,0.4,0.6,6454.4,36.02,880.42,4.91
3680,0.5,0.75,0.59,0.4,0.8,6149.49,34.32,1241.7,6.93
3681,0.5,0.75,0.67,0.1,0.2,5960.53,33.27,437.29,2.44
3682,0.5,0.75,0.67,0.1,0.4,5568.93,31.08,759.11,4.24
3683,0.5,0.75,0.67,0.1,0.6,5218.85,29.13,1154.87,6.45
3684,0.5,0.75,0.67,0.1,0.8,4921.43,27.47,1617.38,9.03
3685,0.5,0.75,0.67,0.17,0.2,6248.71,34.88,413.66,2.31
3686,0.5,0.75,0.67,0.17,0.4,5852.3,32.66,726.86,4.06
3687,0.5,0.75,0.67,0.17,0.6,5496.9,30.68,1114.72,6.22
3688,0.5,0.75,0.67,0.17,0.8,5190.32,28.97,1568.22,8.75
3689,0.5,0.75,0.67,0.25,0.2,6561.95,36.62,390.51,2.18
3690,0.5,0.75,0.67,0.25,0.4,6160.63,34.38,694.95,3.88
3691,0.5,0.75,0.67,0.25,0.6,5800.54,32.37,1075.05,6
3692,0.5,0.75,0.67,0.25,0.8,5485.64,30.62,1520.38,8.49
3693,0.5,0.75,0.67,0.32,0.2,6822.47,38.08,373.18,2.08
3694,0.5,0.75,0.67,0.32,0.4,6417.86,35.82,670.54,3.74
3695,0.5,0.75,0.67,0.32,0.6,6054.13,33.79,1044.52,5.83
3696,0.5,0.75,0.67,0.32,0.8,5733.09,32,1483.77,8.28
3697,0.5,0.75,0.67,0.4,0.2,7105.69,39.66,356.3,1.99
3698,0.5,0.75,0.67,0.4,0.4,6698.07,37.38,646.19,3.61
3699,0.5,0.75,0.67,0.4,0.6,6330.87,35.33,1013.57,5.66
3700,0.5,0.75,0.67,0.4,0.8,6004.96,33.52,1446.94,8.08
3701,0.5,0.75,0.75,0.1,0.2,5911.16,32.99,471.44,2.63
3702,0.5,0.75,0.75,0.1,0.4,5481.86,30.6,848.57,4.74
3703,0.5,0.75,0.75,0.1,0.6,5104.84,28.49,1314.21,7.33
3704,0.5,0.75,0.75,0.1,0.8,4799.14,26.79,1863.75,10.4
3705,0.5,0.75,0.75,0.17,0.2,6198.76,34.6,446.75,2.49
3706,0.5,0.75,0.75,0.17,0.4,5764.16,32.17,814.34,4.55
3707,0.5,0.75,0.75,0.17,0.6,5379.98,30.03,1271.1,7.09
3708,0.5,0.75,0.75,0.17,0.8,5063.97,28.26,1809.43,10.1
3709,0.5,0.75,0.75,0.25,0.2,6511.54,36.34,422.62,2.36
3710,0.5,0.75,0.75,0.25,0.4,6071.34,33.89,780.52,4.36
3711,0.5,0.75,0.75,0.25,0.6,5680.98,31.71,1228.67,6.86
3712,0.5,0.75,0.75,0.25,0.8,5355.08,29.89,1756.79,9.81
3713,0.5,0.75,0.75,0.32,0.2,6771.67,37.79,404.37,2.26
3714,0.5,0.75,0.75,0.32,0.4,6327.64,35.32,754.55,4.21
3715,0.5,0.75,0.75,0.32,0.6,5933,33.11,1196.13,6.68
3716,0.5,0.75,0.75,0.32,0.8,5598.58,31.25,1716.88,9.58
3717,0.5,0.75,0.75,0.4,0.2,7054.5,39.37,386.54,2.16
3718,0.5,0.75,0.75,0.4,0.4,6606.95,36.88,728.39,4.07
3719,0.5,0.75,0.75,0.4,0.6,6208.39,34.65,1163.11,6.49
3720,0.5,0.75,0.75,0.4,0.8,5866.81,32.74,1676.82,9.36
3721,0.5,1.08,0.35,0.1,0.2,6812.87,38.02,251.72,1.4
3722,0.5,1.08,0.35,0.1,0.4,6578.01,36.71,359.92,2.01
3723,0.5,1.08,0.35,0.1,0.6,6361.54,35.51,493.92,2.76
3724,0.5,1.08,0.35,0.1,0.8,6159.37,34.38,651.28,3.63
3725,0.5,1.08,0.35,0.17,0.2,7106.19,39.66,235.01,1.31
3726,0.5,1.08,0.35,0.17,0.4,6869.21,38.34,339.51,1.89
3727,0.5,1.08,0.35,0.17,0.6,6650.44,37.12,469.54,2.62
3728,0.5,1.08,0.35,0.17,0.8,6445.77,35.98,622.63,3.48
3729,0.5,1.08,0.35,0.25,0.2,7423.67,41.43,219.13,1.22
3730,0.5,1.08,0.35,0.25,0.4,7184.71,40.1,319.55,1.78
3731,0.5,1.08,0.35,0.25,0.6,6963.93,38.87,445.55,2.49
3732,0.5,1.08,0.35,0.25,0.8,6756.97,37.71,594.27,3.32
3733,0.5,1.08,0.35,0.32,0.2,7687.44,42.91,207.77,1.16
3734,0.5,1.08,0.35,0.32,0.4,7446.75,41.56,304.61,1.7
3735,0.5,1.08,0.35,0.32,0.6,7224.45,40.32,427.43,2.39
3736,0.5,1.08,0.35,0.32,0.8,7015.93,39.16,572.8,3.2
3737,0.5,1.08,0.35,0.4,0.2,7974.27,44.51,197.11,1.1
3738,0.5,1.08,0.35,0.4,0.4,7731.69,43.15,290.19,1.62
3739,0.5,1.08,0.35,0.4,0.6,7507.69,41.9,409.67,2.29
3740,0.5,1.08,0.35,0.4,0.8,7297.68,40.73,551.59,3.08
3741,0.5,1.08,0.43,0.1,0.2,6753.45,37.69,275.82,1.54
3742,0.5,1.08,0.43,0.1,0.4,6469.71,36.11,422.51,2.36
3743,0.5,1.08,0.43,0.1,0.6,6211.25,34.67,607.1,3.39
3744,0.5,1.08,0.43,0.1,0.8,5971.97,33.33,825.16,4.61
3745,0.5,1.08,0.43,0.17,0.2,7046.31,39.33,258.21,1.44
3746,0.5,1.08,0.43,0.17,0.4,6759.72,37.73,400.06,2.23
3747,0.5,1.08,0.43,0.17,0.6,6498.2,36.27,579.47,3.23
3748,0.5,1.08,0.43,0.17,0.8,6255.93,34.92,792.6,4.42
3749,0.5,1.08,0.43,0.25,0.2,7363.33,41.1,241.35,1.35
3750,0.5,1.08,0.43,0.25,0.4,7074.16,39.48,378.25,2.11
3751,0.5,1.08,0.43,0.25,0.6,6810.01,38.01,552.32,3.08
3752,0.5,1.08,0.43,0.25,0.8,6564.82,36.64,760.32,4.24
3753,0.5,1.08,0.43,0.32,0.2,7626.63,42.57,229.12,1.28
3754,0.5,1.08,0.43,0.32,0.4,7335.4,40.94,361.82,2.02
3755,0.5,1.08,0.43,0.32,0.6,7069.44,39.46,531.87,2.97
3756,0.5,1.08,0.43,0.32,0.8,6822.16,38.08,735.58,4.11
3757,0.5,1.08,0.43,0.4,0.2,7913,44.16,217.58,1.21
3758,0.5,1.08,0.43,0.4,0.4,7619.44,42.53,345.74,1.93
3759,0.5,1.08,0.43,0.4,0.6,7351.59,41.03,511.59,2.86
3760,0.5,1.08,0.43,0.4,0.8,7102.41,39.64,710.76,3.97
3761,0.5,1.08,0.51,0.1,0.2,6694.55,37.36,301.79,1.68
3762,0.5,1.08,0.51,0.1,0.4,6364.12,35.52,491.53,2.74
3763,0.5,1.08,0.51,0.1,0.6,6066.12,33.86,733.44,4.09
3764,0.5,1.08,0.51,0.1,0.8,5791.46,32.32,1018.05,5.68
3765,0.5,1.08,0.51,0.17,0.2,6986.81,39,283.15,1.58
3766,0.5,1.08,0.51,0.17,0.4,6653.05,37.13,467.23,2.61
3767,0.5,1.08,0.51,0.17,0.6,6351.28,35.45,702.78,3.92
3768,0.5,1.08,0.51,0.17,0.8,6073.16,33.9,981.72,5.48
3769,0.5,1.08,0.51,0.25,0.2,7303.36,40.76,265.22,1.48
3770,0.5,1.08,0.51,0.25,0.4,6966.56,38.88,443.32,2.47
3771,0.5,1.08,0.51,0.25,0.6,6661.47,37.18,672.6,3.75
3772,0.5,1.08,0.51,0.25,0.8,6380.03,35.61,945.67,5.28
3773,0.5,1.08,0.51,0.32,0.2,7566.18,42.23,252.11,1.41
3774,0.5,1.08,0.51,0.32,0.4,7227.08,40.34,425.27,2.37
3775,0.5,1.08,0.51,0.32,0.6,6919.73,38.62,649.49,3.63
3776,0.5,1.08,0.51,0.32,0.8,6635.7,37.04,917.89,5.12
3777,0.5,1.08,0.51,0.4,0.2,7852.1,43.82,239.72,1.34
3778,0.5,1.08,0.51,0.4,0.4,7510.35,41.92,407.57,2.27
3779,0.5,1.08,0.51,0.4,0.6,7200.7,40.19,626.4,3.5
3780,0.5,1.08,0.51,0.4,0.8,6914.25,38.59,889.7,4.97
3781,0.5,1.08,0.59,0.1,0.2,6640.51,37.06,327.55,1.83
3782,0.5,1.08,0.59,0.1,0.4,6268.17,34.98,561.42,3.13
3783,0.5,1.08,0.59,0.1,0.6,5935.36,33.13,861.35,4.81
3784,0.5,1.08,0.59,0.1,0.8,5630.93,31.43,1214.4,6.78
3785,0.5,1.08,0.59,0.17,0.2,6932.22,38.69,308.13,1.72
3786,0.5,1.08,0.59,0.17,0.4,6555.85,36.59,535.06,2.99
3787,0.5,1.08,0.59,0.17,0.6,6218.81,34.71,828.03,4.62
3788,0.5,1.08,0.59,0.17,0.8,5909.88,32.98,1174.6,6.56
3789,0.5,1.08,0.59,0.25,0.2,7248.26,40.45,289.21,1.61
3790,0.5,1.08,0.59,0.25,0.4,6868.34,38.33,509.31,2.84
3791,0.5,1.08,0.59,0.25,0.6,6527.3,36.43,795.03,4.44
3792,0.5,1.08,0.59,0.25,0.8,6214.31,34.68,1135.07,6.34
3793,0.5,1.08,0.59,0.32,0.2,7510.71,41.92,275.17,1.54
3794,0.5,1.08,0.59,0.32,0.4,7128.22,39.78,489.75,2.73
3795,0.5,1.08,0.59,0.32,0.6,6784.24,37.86,769.69,4.3
3796,0.5,1.08,0.59,0.32,0.8,6468.61,36.1,1104.61,6.17
3797,0.5,1.08,0.59,0.4,0.2,7796.14,43.51,261.84,1.46
3798,0.5,1.08,0.59,0.4,0.4,7410.87,41.36,470.44,2.63
3799,0.5,1.08,0.59,0.4,0.6,7064.16,39.43,744.25,4.15
3800,0.5,1.08,0.59,0.4,0.8,6745.82,37.65,1073.64,5.99
3801,0.5,1.08,0.67,0.1,0.2,6581.16,36.73,358.07,2
3802,0.5,1.08,0.67,0.1,0.4,6164.43,34.41,645.53,3.6
3803,0.5,1.08,0.67,0.1,0.6,5794.11,32.34,1014.24,5.66
3804,0.5,1.08,0.67,0.1,0.8,5464.75,30.5,1450.33,8.09
3805,0.5,1.08,0.67,0.17,0.2,6872.39,38.36,337.73,1.88
3806,0.5,1.08,0.67,0.17,0.4,6450.88,36,617.04,3.44
3807,0.5,1.08,0.67,0.17,0.6,6075.83,33.91,977.98,5.46
3808,0.5,1.08,0.67,0.17,0.8,5739.94,32.04,1406.47,7.85
3809,0.5,1.08,0.67,0.25,0.2,7187.9,40.12,317.83,1.77
3810,0.5,1.08,0.67,0.25,0.4,6762.1,37.74,588.82,3.29
3811,0.5,1.08,0.67,0.25,0.6,6382.71,35.62,941.99,5.26
3812,0.5,1.08,0.67,0.25,0.8,6040.47,33.71,1363.16,7.61
3813,0.5,1.08,0.67,0.32,0.2,7449.96,41.58,302.93,1.69
3814,0.5,1.08,0.67,0.32,0.4,7021.09,39.19,567.48,3.17
3815,0.5,1.08,0.67,0.32,0.6,6638.4,37.05,914.26,5.1
3816,0.5,1.08,0.67,0.32,0.8,6292.26,35.12,1329.88,7.42
3817,0.5,1.08,0.67,0.4,0.2,7734.91,43.17,288.57,1.61
3818,0.5,1.08,0.67,0.4,0.4,7302.89,40.76,546.42,3.05
3819,0.5,1.08,0.67,0.4,0.6,6916.98,38.61,886.13,4.95
3820,0.5,1.08,0.67,0.4,0.8,6567.37,36.65,1296.08,7.23
3821,0.5,1.08,0.75,0.1,0.2,6530.96,36.45,385.82,2.15
3822,0.5,1.08,0.75,0.1,0.4,6077.44,33.92,722.57,4.03
3823,0.5,1.08,0.75,0.1,0.6,5676.87,31.68,1154.66,6.44
3824,0.5,1.08,0.75,0.1,0.8,5333.13,29.77,1667.09,9.3
3825,0.5,1.08,0.75,0.17,0.2,6821.69,38.07,364.63,2.04
3826,0.5,1.08,0.75,0.17,0.4,6362.74,35.51,692.17,3.86
3827,0.5,1.08,0.75,0.17,0.6,5956.69,33.25,1115.87,6.23
3828,0.5,1.08,0.75,0.17,0.8,5604.66,31.28,1619.57,9.04
3829,0.5,1.08,0.75,0.25,0.2,7136.7,39.83,343.88,1.92
3830,0.5,1.08,0.75,0.25,0.4,6673.07,37.24,662.24,3.7
3831,0.5,1.08,0.75,0.25,0.6,6261.96,34.95,1077.34,6.01
3832,0.5,1.08,0.75,0.25,0.8,5901.65,32.94,1572.96,8.78
3833,0.5,1.08,0.75,0.32,0.2,7398.39,41.29,328.28,1.83
3834,0.5,1.08,0.75,0.32,0.4,6931.41,38.69,639.33,3.57
3835,0.5,1.08,0.75,0.32,0.6,6516.72,36.37,1047.64,5.85
3836,0.5,1.08,0.75,0.32,0.8,6150.6,34.33,1537.14,8.58
3837,0.5,1.08,0.75,0.4,0.2,7682.94,42.88,313.18,1.75
3838,0.5,1.08,0.75,0.4,0.4,7212.47,40.25,616.47,3.44
3839,0.5,1.08,0.75,0.4,0.6,6794.36,37.92,1017.52,5.68
3840,0.5,1.08,0.75,0.4,0.8,6423.51,35.85,1501.01,8.38
3841,0.5,1.41,0.35,0.1,0.2,7375.19,41.16,208.53,1.16
3842,0.5,1.41,0.35,0.1,0.4,7125.61,39.77,305.11,1.7
3843,0.5,1.41,0.35,0.1,0.6,6894.76,38.48,427.02,2.38
3844,0.5,1.41,0.35,0.1,0.8,6680.65,37.29,572.39,3.19
3845,0.5,1.41,0.35,0.17,0.2,7670.63,42.81,193.97,1.08
3846,0.5,1.41,0.35,0.17,0.4,7418.87,41.41,286.73,1.6
3847,0.5,1.41,0.35,0.17,0.6,7185.83,40.11,405.05,2.26
3848,0.5,1.41,0.35,0.17,0.8,6969.47,38.9,546.62,3.05
3849,0.5,1.41,0.35,0.25,0.2,7990.32,44.6,180.49,1.01
3850,0.5,1.41,0.35,0.25,0.4,7736.53,43.18,269.04,1.5
3851,0.5,1.41,0.35,0.25,0.6,7501.37,41.87,383.57,2.14
3852,0.5,1.41,0.35,0.25,0.8,7283.04,40.65,521.21,2.91
3853,0.5,1.41,0.35,0.32,0.2,8255.78,46.08,171,0.95
3854,0.5,1.41,0.35,0.32,0.4,8000.36,44.65,256.11,1.43
3855,0.5,1.41,0.35,0.32,0.6,7763.49,43.33,367.35,2.05
3856,0.5,1.41,0.35,0.32,0.8,7543.79,42.1,501.96,2.8
3857,0.5,1.41,0.35,0.4,0.2,8544.44,47.69,162.19,0.91
3858,0.5,1.41,0.35,0.4,0.4,8287.22,46.25,243.84,1.36
3859,0.5,1.41,0.35,0.4,0.6,8048.43,44.92,351.49,1.96
3860,0.5,1.41,0.35,0.4,0.8,7827.18,43.69,482.89,2.7
3861,0.5,1.41,0.43,0.1,0.2,7314.49,40.82,229.35,1.28
3862,0.5,1.41,0.43,0.1,0.4,7013.93,39.15,359.41,2.01
3863,0.5,1.41,0.43,0.1,0.6,6741.05,37.62,527.21,2.94
3864,0.5,1.41,0.43,0.1,0.8,6489.63,36.22,729.7,4.07
3865,0.5,1.41,0.43,0.17,0.2,7609.52,42.47,213.88,1.19
3866,0.5,1.41,0.43,0.17,0.4,7306.21,40.78,339.4,1.89
3867,0.5,1.41,0.43,0.17,0.6,7030.57,39.24,502.61,2.81
3868,0.5,1.41,0.43,0.17,0.8,6776.07,37.82,700.01,3.91
3869,0.5,1.41,0.43,0.25,0.2,7928.83,44.25,199.39,1.11
3870,0.5,1.41,0.43,0.25,0.4,7622.82,42.54,319.82,1.78
3871,0.5,1.41,0.43,0.25,0.6,7344.71,40.99,478.33,2.67
3872,0.5,1.41,0.43,0.25,0.8,7087.44,39.56,670.6,3.74
3873,0.5,1.41,0.43,0.32,0.2,8193.89,45.73,189.12,1.06
3874,0.5,1.41,0.43,0.32,0.4,7885.74,44.01,305.17,1.7
3875,0.5,1.41,0.43,0.32,0.6,7605.82,42.45,459.96,2.57
3876,0.5,1.41,0.43,0.32,0.8,7346.7,41,648.1,3.62
3877,0.5,1.41,0.43,0.4,0.2,8482.13,47.34,179.52,1
3878,0.5,1.41,0.43,0.4,0.4,8171.67,45.61,291.14,1.62
3879,0.5,1.41,0.43,0.4,0.6,7889.59,44.03,441.9,2.47
3880,0.5,1.41,0.43,0.4,0.8,7628.85,42.58,625.88,3.49
3881,0.5,1.41,0.51,0.1,0.2,7252.24,40.48,252.33,1.41
3882,0.5,1.41,0.51,0.1,0.4,6901.84,38.52,421.84,2.35
3883,0.5,1.41,0.51,0.1,0.6,6588.06,36.77,643.67,3.59
3884,0.5,1.41,0.51,0.1,0.8,6301.02,35.17,912.02,5.09
3885,0.5,1.41,0.51,0.17,0.2,7546.69,42.12,235.9,1.32
3886,0.5,1.41,0.51,0.17,0.4,7193,40.15,400.05,2.23
3887,0.5,1.41,0.51,0.17,0.6,6875.57,38.37,615.94,3.44
3888,0.5,1.41,0.51,0.17,0.8,6584.9,36.75,878.52,4.9
3889,0.5,1.41,0.51,0.25,0.2,7865.55,43.9,220.34,1.23
3890,0.5,1.41,0.51,0.25,0.4,7508.61,41.91,378.72,2.11
3891,0.5,1.41,0.51,0.25,0.6,7188.09,40.12,588.72,3.29
3892,0.5,1.41,0.51,0.25,0.8,6893.93,38.48,845.32,4.72
3893,0.5,1.41,0.51,0.32,0.2,8130.29,45.38,209.26,1.17
3894,0.5,1.41,0.51,0.32,0.4,7770.77,43.37,362.6,2.02
3895,0.5,1.41,0.51,0.32,0.6,7448.23,41.57,568.08,3.17
3896,0.5,1.41,0.51,0.32,0.8,7151.41,39.91,819.83,4.58
3897,0.5,1.41,0.51,0.4,0.2,8418.1,46.98,198.85,1.11
3898,0.5,1.41,0.51,0.4,0.4,8055.76,44.96,346.88,1.94
3899,0.5,1.41,0.51,0.4,0.6,7731.02,43.15,547.58,3.06
3900,0.5,1.41,0.51,0.4,0.8,7431.93,41.48,794.12,4.43
3901,0.5,1.41,0.59,0.1,0.2,7196.25,40.16,274.37,1.53
3902,0.5,1.41,0.59,0.1,0.4,6803.21,37.97,484.03,2.7
3903,0.5,1.41,0.59,0.1,0.6,6454.12,36.02,760.76,4.25
3904,0.5,1.41,0.59,0.1,0.8,6135.95,34.25,1094.54,6.11
3905,0.5,1.41,0.59,0.17,0.2,7490.17,41.8,257.18,1.44
3906,0.5,1.41,0.59,0.17,0.4,7093.35,39.59,460.53,2.57
3907,0.5,1.41,0.59,0.17,0.6,6740.07,37.62,730.36,4.08
3908,0.5,1.41,0.59,0.17,0.8,6417.75,35.82,1057.54,5.9
3909,0.5,1.41,0.59,0.25,0.2,7808.55,43.58,240.7,1.34
3910,0.5,1.41,0.59,0.25,0.4,7408.03,41.35,437.39,2.44
3911,0.5,1.41,0.59,0.25,0.6,7051.03,39.35,700.3,3.91
3912,0.5,1.41,0.59,0.25,0.8,6724.96,37.53,1020.88,5.7
3913,0.5,1.41,0.59,0.32,0.2,8072.91,45.06,228.79,1.28
3914,0.5,1.41,0.59,0.32,0.4,7669.51,42.81,419.99,2.34
3915,0.5,1.41,0.59,0.32,0.6,7310,40.8,677.24,3.78
3916,0.5,1.41,0.59,0.32,0.8,6980.94,38.96,992.6,5.54
3917,0.5,1.41,0.59,0.4,0.2,8360.35,46.66,217.6,1.21
3918,0.5,1.41,0.59,0.4,0.4,7953.67,44.39,402.85,2.25
3919,0.5,1.41,0.59,0.4,0.6,7591.85,42.37,654.25,3.65
3920,0.5,1.41,0.59,0.4,0.8,7259.88,40.52,963.99,5.38
3921,0.5,1.41,0.67,0.1,0.2,7134.56,39.82,300.67,1.68
3922,0.5,1.41,0.67,0.1,0.4,6695.63,37.37,558.94,3.12
3923,0.5,1.41,0.67,0.1,0.6,6309.36,35.21,902.01,5.03
3924,0.5,1.41,0.67,0.1,0.8,5960.14,33.27,1315.11,7.34
3925,0.5,1.41,0.67,0.17,0.2,7427.9,41.46,282.46,1.58
3926,0.5,1.41,0.67,0.17,0.4,6984.61,38.98,533.56,2.98
3927,0.5,1.41,0.67,0.17,0.6,6593.31,36.8,868.68,4.85
3928,0.5,1.41,0.67,0.17,0.8,6239.07,34.82,1274.51,7.11
3929,0.5,1.41,0.67,0.25,0.2,7745.64,43.23,264.95,1.48
3930,0.5,1.41,0.67,0.25,0.4,7298.34,40.73,508.51,2.84
3931,0.5,1.41,0.67,0.25,0.6,6902.45,38.52,835.69,4.66
3932,0.5,1.41,0.67,0.25,0.8,6543.5,36.52,1234.11,6.89
3933,0.5,1.41,0.67,0.32,0.2,8009.55,44.7,252.16,1.41
3934,0.5,1.41,0.67,0.32,0.4,7559.2,42.19,489.5,2.73
3935,0.5,1.41,0.67,0.32,0.6,7160.01,39.96,810.35,4.52
3936,0.5,1.41,0.67,0.32,0.8,6797.98,37.94,1203.03,6.71
3937,0.5,1.41,0.67,0.4,0.2,8296.5,46.3,240.05,1.34
3938,0.5,1.41,0.67,0.4,0.4,7842.71,43.77,470.75,2.63
3939,0.5,1.41,0.67,0.4,0.6,7440.61,41.53,784.79,4.38
3940,0.5,1.41,0.67,0.4,0.8,7075.41,39.49,1171.45,6.54
3941,0.5,1.41,0.75,0.1,0.2,7081.79,39.53,325.12,1.81
3942,0.5,1.41,0.75,0.1,0.4,6604.74,36.86,629.38,3.51
3943,0.5,1.41,0.75,0.1,0.6,6187.26,34.53,1034.12,5.77
3944,0.5,1.41,0.75,0.1,0.8,5817.04,32.47,1521.66,8.49
3945,0.5,1.41,0.75,0.17,0.2,7374.62,41.16,306.09,1.71
3946,0.5,1.41,0.75,0.17,0.4,6892.45,38.47,602.01,3.36
3947,0.5,1.41,0.75,0.17,0.6,6469.72,36.11,998.27,5.57
3948,0.5,1.41,0.75,0.17,0.8,6093.02,34.01,1477.9,8.25
3949,0.5,1.41,0.75,0.25,0.2,7691.82,42.93,287.63,1.61
3950,0.5,1.41,0.75,0.25,0.4,7205.18,40.21,575.19,3.21
3951,0.5,1.41,0.75,0.25,0.6,6777.48,37.83,962.73,5.37
3952,0.5,1.41,0.75,0.25,0.8,6394.25,35.69,1434.6,8.01
3953,0.5,1.41,0.75,0.32,0.2,7955.31,44.4,274.02,1.53
3954,0.5,1.41,0.75,0.32,0.4,7465.45,41.67,554.83,3.1
3955,0.5,1.41,0.75,0.32,0.6,7033.9,39.26,935.33,5.22
3956,0.5,1.41,0.75,0.32,0.8,6646.81,37.1,1401.24,7.82
3957,0.5,1.41,0.75,0.4,0.2,8241.83,46,261.1,1.46
3958,0.5,1.41,0.75,0.4,0.4,7748.34,43.25,534.63,2.98
3959,0.5,1.41,0.75,0.4,0.6,7313.38,40.82,907.66,5.07
3960,0.5,1.41,0.75,0.4,0.8,6922.49,38.64,1367.25,7.63
3961,0.5,1.74,0.35,0.1,0.2,7947.85,44.36,172.13,0.96
3962,0.5,1.74,0.35,0.1,0.4,7684.86,42.89,258.8,1.44
3963,0.5,1.74,0.35,0.1,0.6,7438.89,41.52,369.21,2.06
3964,0.5,1.74,0.35,0.1,0.8,7211.65,40.25,503.99,2.81
3965,0.5,1.74,0.35,0.17,0.2,8245.28,46.02,159.71,0.89
3966,0.5,1.74,0.35,0.17,0.4,7980.54,44.54,242.48,1.35
3967,0.5,1.74,0.35,0.17,0.6,7732.26,43.16,349.28,1.95
3968,0.5,1.74,0.35,0.17,0.8,7502.7,41.87,480.51,2.68
3969,0.5,1.74,0.35,0.25,0.2,8566.84,47.81,148.55,0.83
3970,0.5,1.74,0.35,0.25,0.4,8300.45,46.33,227.04,1.27
3971,0.5,1.74,0.35,0.25,0.6,8049.97,44.93,329.82,1.84
3972,0.5,1.74,0.35,0.25,0.8,7818.18,43.64,457.4,2.55
3973,0.5,1.74,0.35,0.32,0.2,8833.63,49.3,140.85,0.79
3974,0.5,1.74,0.35,0.32,0.4,8565.82,47.81,215.99,1.21
3975,0.5,1.74,0.35,0.32,0.6,8313.76,46.4,315.3,1.76
3976,0.5,1.74,0.35,0.32,0.8,8080.27,45.1,439.99,2.46
3977,0.5,1.74,0.35,0.4,0.2,9123.86,50.92,133.87,0.75
3978,0.5,1.74,0.35,0.4,0.4,8854.35,49.42,205.61,1.15
3979,0.5,1.74,0.35,0.4,0.6,8600.6,48,301.35,1.68
3980,0.5,1.74,0.35,0.4,0.8,8365.29,46.69,422.82,2.36
3981,0.5,1.74,0.43,0.1,0.2,7885.46,44.01,190.39,1.06
3982,0.5,1.74,0.43,0.1,0.4,7567.71,42.24,306.42,1.71
3983,0.5,1.74,0.43,0.1,0.6,7277.9,40.62,459.99,2.57
3984,0.5,1.74,0.43,0.1,0.8,7012.91,39.14,647.66,3.61
3985,0.5,1.74,0.43,0.17,0.2,8182.49,45.67,177.03,0.99
3986,0.5,1.74,0.43,0.17,0.4,7862.34,43.88,288.35,1.61
3987,0.5,1.74,0.43,0.17,0.6,7569.62,42.25,437.67,2.44
3988,0.5,1.74,0.43,0.17,0.8,7301.87,40.75,620.65,3.46
3989,0.5,1.74,0.43,0.25,0.2,8503.67,47.46,164.82,0.92
3990,0.5,1.74,0.43,0.25,0.4,8181.36,45.66,270.93,1.51
3991,0.5,1.74,0.43,0.25,0.6,7885.83,44.01,415.75,2.32
3992,0.5,1.74,0.43,0.25,0.8,7615.54,42.5,594.11,3.32
3993,0.5,1.74,0.43,0.32,0.2,8770.12,48.95,156.3,0.87
3994,0.5,1.74,0.43,0.32,0.4,8446.09,47.14,258.21,1.44
3995,0.5,1.74,0.43,0.32,0.6,8148.39,45.48,399.22,2.23
3996,0.5,1.74,0.43,0.32,0.8,7876.24,43.96,573.94,3.2
3997,0.5,1.74,0.43,0.4,0.2,9059.93,50.57,148.51,0.83
3998,0.5,1.74,0.43,0.4,0.4,8733.95,48.75,246.18,1.37
3999,0.5,1.74,0.43,0.4,0.6,8433.88,47.07,382.96,2.14
4000,0.5,1.74,0.43,0.4,0.8,8159.75,45.54,553.82,3.09
4001,0.5,1.74,0.51,0.1,0.2,7822.44,43.66,210.2,1.17
4002,0.5,1.74,0.51,0.1,0.4,7452.59,41.59,361.05,2.02
4003,0.5,1.74,0.51,0.1,0.6,7121.88,39.75,563.61,3.15
4004,0.5,1.74,0.51,0.1,0.8,6821.24,38.07,813.97,4.54
4005,0.5,1.74,0.51,0.17,0.2,8119.05,45.31,195.87,1.09
4006,0.5,1.74,0.51,0.17,0.4,7746.05,43.23,341.36,1.91
4007,0.5,1.74,0.51,0.17,0.6,7412.09,41.37,538.76,3.01
4008,0.5,1.74,0.51,0.17,0.8,7107.86,39.67,783.28,4.37
4009,0.5,1.74,0.51,0.25,0.2,8439.84,47.1,182.65,1.02
4010,0.5,1.74,0.51,0.25,0.4,8063.88,45.01,322.14,1.8
4011,0.5,1.74,0.51,0.25,0.6,7726.78,43.13,514.18,2.87
4012,0.5,1.74,0.51,0.25,0.8,7419.4,41.41,752.8,4.2
4013,0.5,1.74,0.51,0.32,0.2,8705.97,48.59,173.33,0.97
4014,0.5,1.74,0.51,0.32,0.4,8327.72,46.48,307.8,1.72
4015,0.5,1.74,0.51,0.32,0.6,7988.21,44.58,495.54,2.77
4016,0.5,1.74,0.51,0.32,0.8,7678.51,42.86,729.38,4.07
4017,0.5,1.74,0.51,0.4,0.2,8995.41,50.21,164.76,0.92
4018,0.5,1.74,0.51,0.4,0.4,8614.65,48.08,294.06,1.64
4019,0.5,1.74,0.51,0.4,0.6,8272.55,46.17,477.14,2.66
4020,0.5,1.74,0.51,0.4,0.8,7960.61,44.43,705.97,3.94
4021,0.5,1.74,0.59,0.1,0.2,7763.72,43.33,229.85,1.28
4022,0.5,1.74,0.59,0.1,0.4,7347.73,41.01,417.51,2.33
4023,0.5,1.74,0.59,0.1,0.6,6981.11,38.96,671.82,3.75
4024,0.5,1.74,0.59,0.1,0.8,6649.03,37.11,986.51,5.51
4025,0.5,1.74,0.59,0.17,0.2,8059.96,44.98,214.71,1.2
4026,0.5,1.74,0.59,0.17,0.4,7640.23,42.64,396.33,2.21
4027,0.5,1.74,0.59,0.17,0.6,7269.64,40.57,644.16,3.6
4028,0.5,1.74,0.59,0.17,0.8,6933.37,38.7,952.39,5.32
4029,0.5,1.74,0.59,0.25,0.2,8380.35,46.77,200.53,1.12
4030,0.5,1.74,0.59,0.25,0.4,7957.06,44.41,375.53,2.1
4031,0.5,1.74,0.59,0.25,0.6,7582.94,42.32,616.99,3.44
4032,0.5,1.74,0.59,0.25,0.8,7242.99,40.43,918.6,5.13
4033,0.5,1.74,0.59,0.32,0.2,8646.16,48.26,190.51,1.06
4034,0.5,1.74,0.59,0.32,0.4,8220.15,45.88,359.85,2.01
4035,0.5,1.74,0.59,0.32,0.6,7843.39,43.78,596.38,3.33
4036,0.5,1.74,0.59,0.32,0.8,7500.53,41.86,892.57,4.98
4037,0.5,1.74,0.59,0.4,0.2,8935.21,49.87,181.19,1.01
4038,0.5,1.74,0.59,0.4,0.4,8506.28,47.48,344.62,1.92
4039,0.5,1.74,0.59,0.4,0.6,8126.68,45.36,575.83,3.21
4040,0.5,1.74,0.59,0.4,0.8,7781.17,43.43,866.3,4.84
4041,0.5,1.74,0.67,0.1,0.2,7700,42.98,252.6,1.41
4042,0.5,1.74,0.67,0.1,0.4,7236.86,40.39,484.57,2.7
4043,0.5,1.74,0.67,0.1,0.6,6832.52,38.13,801.64,4.47
4044,0.5,1.74,0.67,0.1,0.8,6467.75,36.1,1192.5,6.66
4045,0.5,1.74,0.67,0.17,0.2,7995.82,44.63,236.54,1.32
4046,0.5,1.74,0.67,0.17,0.4,7528.09,42.02,461.6,2.58
4047,0.5,1.74,0.67,0.17,0.6,7119.26,39.73,771.19,4.3
4048,0.5,1.74,0.67,0.17,0.8,6749.56,37.67,1154.67,6.44
4049,0.5,1.74,0.67,0.25,0.2,8315.83,46.41,221.35,1.24
4050,0.5,1.74,0.67,0.25,0.4,7843.86,43.78,439.05,2.45
4051,0.5,1.74,0.67,0.25,0.6,7430.91,41.47,740.95,4.14
4052,0.5,1.74,0.67,0.25,0.8,7057.02,39.39,1116.99,6.23
4053,0.5,1.74,0.67,0.32,0.2,8581.26,47.89,210.5,1.17
4054,0.5,1.74,0.67,0.32,0.4,8106.13,45.24,422.03,2.36
4055,0.5,1.74,0.67,0.32,0.6,7690.12,42.92,717.74,4.01
4056,0.5,1.74,0.67,0.32,0.8,7312.98,40.82,1087.94,6.07
4057,0.5,1.74,0.67,0.4,0.2,8869.9,49.51,200.34,1.12
4058,0.5,1.74,0.67,0.4,0.4,8391.33,46.83,405.28,2.26
4059,0.5,1.74,0.67,0.4,0.6,7972.29,44.5,694.58,3.88
4060,0.5,1.74,0.67,0.4,0.8,7591.79,42.37,1058.5,5.91
4061,0.5,1.74,0.75,0.1,0.2,7646.15,42.68,273.18,1.52
4062,0.5,1.74,0.75,0.1,0.4,7144.73,39.88,546.41,3.05
4063,0.5,1.74,0.75,0.1,0.6,6709.68,37.45,921.31,5.14
4064,0.5,1.74,0.75,0.1,0.8,6320.63,35.28,1382.89,7.72
4065,0.5,1.74,0.75,0.17,0.2,7941.51,44.32,256.32,1.43
4066,0.5,1.74,0.75,0.17,0.4,7435.16,41.5,521.98,2.91
4067,0.5,1.74,0.75,0.17,0.6,6994.81,39.04,888.46,4.96
4068,0.5,1.74,0.75,0.17,0.8,6600.05,36.84,1342.14,7.49
4069,0.5,1.74,0.75,0.25,0.2,8261.18,46.11,240.25,1.34
4070,0.5,1.74,0.75,0.25,0.4,7750.04,43.26,497.81,2.78
4071,0.5,1.74,0.75,0.25,0.6,7305.08,40.77,855.92,4.78
4072,0.5,1.74,0.75,0.25,0.8,6905.18,38.54,1301.55,7.26
4073,0.5,1.74,0.75,0.32,0.2,8526.37,47.59,228.72,1.28
4074,0.5,1.74,0.75,0.32,0.4,8011.62,44.71,479.51,2.68
4075,0.5,1.74,0.75,0.32,0.6,7563.2,42.21,830.86,4.64
4076,0.5,1.74,0.75,0.32,0.8,7159.85,39.96,1270.23,7.09
4077,0.5,1.74,0.75,0.4,0.2,8814.68,49.2,217.86,1.22
4078,0.5,1.74,0.75,0.4,0.4,8296.13,46.3,461.45,2.58
4079,0.5,1.74,0.75,0.4,0.6,7844.41,43.78,805.57,4.5
4080,0.5,1.74,0.75,0.4,0.8,7437.31,41.51,1238.37,6.91
4081,0.5,2.07,0.35,0.1,0.2,8530.34,47.61,142.15,0.79
4082,0.5,2.07,0.35,0.1,0.4,8255.46,46.08,219.58,1.23
4083,0.5,2.07,0.35,0.1,0.6,7995.25,44.62,319.23,1.78
4084,0.5,2.07,0.35,0.1,0.8,7752.91,43.27,444.15,2.48
4085,0.5,2.07,0.35,0.17,0.2,8829.44,49.28,132,0.74
4086,0.5,2.07,0.35,0.17,0.4,8552.94,47.74,205.21,1.15
4087,0.5,2.07,0.35,0.17,0.6,8290.96,46.27,301.09,1.68
4088,0.5,2.07,0.35,0.17,0.8,8046.3,44.91,422.73,2.36
4089,0.5,2.07,0.35,0.25,0.2,9152.85,51.08,123.13,0.69
4090,0.5,2.07,0.35,0.25,0.4,8874.66,49.53,191.91,1.07
4091,0.5,2.07,0.35,0.25,0.6,8611.12,48.06,283.57,1.58
4092,0.5,2.07,0.35,0.25,0.8,8364.26,46.68,401.66,2.24
4093,0.5,2.07,0.35,0.32,0.2,9421.39,52.58,117.07,0.65
4094,0.5,2.07,0.35,0.32,0.4,9141.65,51.02,182.53,1.02
4095,0.5,2.07,0.35,0.32,0.6,8876.83,49.54,270.76,1.51
4096,0.5,2.07,0.35,0.32,0.8,8628.48,48.16,385.77,2.15
4097,0.5,2.07,0.35,0.4,0.2,9713.46,54.21,111.53,0.62
4098,0.5,2.07,0.35,0.4,0.4,9431.97,52.64,173.88,0.97
4099,0.5,2.07,0.35,0.4,0.6,9165.62,51.16,258.64,1.44
4100,0.5,2.07,0.35,0.4,0.8,8915.71,49.76,370.29,2.07
4101,0.5,2.07,0.43,0.1,0.2,8467.51,47.26,157.45,0.88
4102,0.5,2.07,0.43,0.1,0.4,8136.92,45.41,260.52,1.45
4103,0.5,2.07,0.43,0.1,0.6,7829.86,43.7,399.62,2.23
4104,0.5,2.07,0.43,0.1,0.8,7550.3,42.14,572.94,3.2
4105,0.5,2.07,0.43,0.17,0.2,8766.23,48.93,146.22,0.82
4106,0.5,2.07,0.43,0.17,0.4,8433.64,47.07,244.53,1.36
4107,0.5,2.07,0.43,0.17,0.6,8124.04,45.34,379.28,2.12
4108,0.5,2.07,0.43,0.17,0.8,7841.57,43.77,548.42,3.06
4109,0.5,2.07,0.43,0.25,0.2,9089.2,50.73,136.31,0.76
4110,0.5,2.07,0.43,0.25,0.4,8754.68,48.86,229.39,1.28
4111,0.5,2.07,0.43,0.25,0.6,8442.75,47.12,359.36,2.01
4112,0.5,2.07,0.43,0.25,0.8,8157.43,45.53,524.15,2.93
4113,0.5,2.07,0.43,0.32,0.2,9357.35,52.23,129.61,0.72
4114,0.5,2.07,0.43,0.32,0.4,9021.04,50.35,218.53,1.22
4115,0.5,2.07,0.43,0.32,0.6,8707.44,48.6,344.43,1.92
4116,0.5,2.07,0.43,0.32,0.8,8420.15,47,505.77,2.82
4117,0.5,2.07,0.43,0.4,0.2,9649.01,53.85,123.5,0.69
4118,0.5,2.07,0.43,0.4,0.4,9310.61,51.97,208.4,1.16
4119,0.5,2.07,0.43,0.4,0.6,8995.2,50.2,330.03,1.84
4120,0.5,2.07,0.43,0.4,0.8,8705.86,48.59,487.64,2.72
4121,0.5,2.07,0.51,0.1,0.2,8402.35,46.9,174.76,0.98
4122,0.5,2.07,0.51,0.1,0.4,8015.41,44.74,309.09,1.73
4123,0.5,2.07,0.51,0.1,0.6,7664.98,42.78,494.65,2.76
4124,0.5,2.07,0.51,0.1,0.8,7349.26,41.02,727.31,4.06
4125,0.5,2.07,0.51,0.17,0.2,8700.67,48.56,162.52,0.91
4126,0.5,2.07,0.51,0.17,0.4,8311.29,46.39,291.26,1.63
4127,0.5,2.07,0.51,0.17,0.6,7957.48,44.41,471.98,2.63
4128,0.5,2.07,0.51,0.17,0.8,7638.42,42.63,699.11,3.9
4129,0.5,2.07,0.51,0.25,0.2,9023.21,50.36,151.52,0.85
4130,0.5,2.07,0.51,0.25,0.4,8631.58,48.18,274.09,1.53
4131,0.5,2.07,0.51,0.25,0.6,8274.49,46.18,449.68,2.51
4132,0.5,2.07,0.51,0.25,0.8,7952.15,44.38,671.29,3.75
4133,0.5,2.07,0.51,0.32,0.2,9290.96,51.86,143.97,0.8
4134,0.5,2.07,0.51,0.32,0.4,8897.4,49.66,261.6,1.46
4135,0.5,2.07,0.51,0.32,0.6,8538.03,47.65,432.84,2.42
4136,0.5,2.07,0.51,0.32,0.8,8213.35,45.84,650.15,3.63
4137,0.5,2.07,0.51,0.4,0.2,9582.23,53.48,137.11,0.77
4138,0.5,2.07,0.51,0.4,0.4,9186.29,51.27,249.8,1.39
4139,0.5,2.07,0.51,0.4,0.6,8824.59,49.25,416.25,2.32
4140,0.5,2.07,0.51,0.4,0.8,8497.58,47.43,629.05,3.51
4141,0.5,2.07,0.59,0.1,0.2,8342.96,46.56,191.77,1.07
4142,0.5,2.07,0.59,0.1,0.4,7907.04,44.13,359.04,2
4143,0.5,2.07,0.59,0.1,0.6,7520.55,41.97,592.07,3.3
4144,0.5,2.07,0.59,0.1,0.8,7173.81,40.04,886.35,4.95
4145,0.5,2.07,0.59,0.17,0.2,8640.99,48.23,178.68,1
4146,0.5,2.07,0.59,0.17,0.4,8201.85,45.78,339.77,1.9
4147,0.5,2.07,0.59,0.17,0.6,7811.52,43.6,567.17,3.17
4148,0.5,2.07,0.59,0.17,0.8,7460.78,41.64,855,4.77
4149,0.5,2.07,0.59,0.25,0.2,8963.16,50.03,166.74,0.93
4150,0.5,2.07,0.59,0.25,0.4,8521.2,47.56,320.98,1.79
4151,0.5,2.07,0.59,0.25,0.6,8127.06,45.36,542.46,3.03
4152,0.5,2.07,0.59,0.25,0.8,7772.64,43.38,823.82,4.6
4153,0.5,2.07,0.59,0.32,0.2,9230.55,51.52,158.45,0.88
4154,0.5,2.07,0.59,0.32,0.4,8786.35,49.04,307.02,1.71
4155,0.5,2.07,0.59,0.32,0.6,8389.55,46.82,523.68,2.92
4156,0.5,2.07,0.59,0.32,0.8,8032.13,44.83,799.77,4.46
4157,0.5,2.07,0.59,0.4,0.2,9521.41,53.14,150.88,0.84
4158,0.5,2.07,0.59,0.4,0.4,9074.61,50.65,293.68,1.64
4159,0.5,2.07,0.59,0.4,0.6,8675.06,48.42,505.15,2.82
4160,0.5,2.07,0.59,0.4,0.8,8314.89,46.41,775.62,4.33
4161,0.5,2.07,0.67,0.1,0.2,8277.57,46.2,211.87,1.18
4162,0.5,2.07,0.67,0.1,0.4,7790.31,43.48,419.56,2.34
4163,0.5,2.07,0.67,0.1,0.6,7366.15,41.11,710.99,3.97
4164,0.5,2.07,0.67,0.1,0.8,6986.29,38.99,1079.02,6.02
4165,0.5,2.07,0.67,0.17,0.2,8575.22,47.86,197.83,1.1
4166,0.5,2.07,0.67,0.17,0.4,8084.1,45.12,398.76,2.23
4167,0.5,2.07,0.67,0.17,0.6,7655.45,42.73,683.15,3.81
4168,0.5,2.07,0.67,0.17,0.8,7270.83,40.58,1043.89,5.83
4169,0.5,2.07,0.67,0.25,0.2,8897.08,49.66,184.86,1.03
4170,0.5,2.07,0.67,0.25,0.4,8402.44,46.9,378.31,2.11
4171,0.5,2.07,0.67,0.25,0.6,7969.37,44.48,655.79,3.66
4172,0.5,2.07,0.67,0.25,0.8,7580.7,42.31,1009.12,5.63
4173,0.5,2.07,0.67,0.32,0.2,9164.17,51.15,175.77,0.98
4174,0.5,2.07,0.67,0.32,0.4,8666.87,48.37,362.92,2.03
4175,0.5,2.07,0.67,0.32,0.6,8230.68,45.94,634.96,3.54
4176,0.5,2.07,0.67,0.32,0.8,7838.55,43.75,982.29,5.48
4177,0.5,2.07,0.67,0.4,0.2,9454.63,52.77,167.4,0.93
4178,0.5,2.07,0.67,0.4,0.4,8954.36,49.98,348.03,1.94
4179,0.5,2.07,0.67,0.4,0.6,8515.01,47.52,614.15,3.43
4180,0.5,2.07,0.67,0.4,0.8,8119.66,45.32,955.19,5.33
4181,0.5,2.07,0.75,0.1,0.2,8221.19,45.88,230.34,1.29
4182,0.5,2.07,0.75,0.1,0.4,7692.24,42.93,476.55,2.66
4183,0.5,2.07,0.75,0.1,0.6,7237.06,40.39,824.39,4.6
4184,0.5,2.07,0.75,0.1,0.8,6830.29,38.12,1262.35,7.05
4185,0.5,2.07,0.75,0.17,0.2,8518.44,47.54,215.47,1.2
4186,0.5,2.07,0.75,0.17,0.4,7985.01,44.57,454.35,2.54
4187,0.5,2.07,0.75,0.17,0.6,7524.83,42,794.2,4.43
4188,0.5,2.07,0.75,0.17,0.8,7112.56,39.7,1224.2,6.83
4189,0.5,2.07,0.75,0.25,0.2,8839.97,49.34,201.64,1.13
4190,0.5,2.07,0.75,0.25,0.4,8302.29,46.34,432.5,2.41
4191,0.5,2.07,0.75,0.25,0.6,7837.29,43.74,764.15,4.26
4192,0.5,2.07,0.75,0.25,0.8,7420.47,41.42,1186.19,6.62
4193,0.5,2.07,0.75,0.32,0.2,9106.79,50.83,191.87,1.07
4194,0.5,2.07,0.75,0.32,0.4,8566.01,47.81,415.99,2.32
4195,0.5,2.07,0.75,0.32,0.6,8097.31,45.19,741.1,4.14
4196,0.5,2.07,0.75,0.32,0.8,7676.77,42.85,1156.85,6.46
4197,0.5,2.07,0.75,0.4,0.2,9396.93,52.45,182.85,1.02
4198,0.5,2.07,0.75,0.4,0.4,8852.76,49.41,399.75,2.23
4199,0.5,2.07,0.75,0.4,0.6,8380.66,46.77,718.24,4.01
4200,0.5,2.07,0.75,0.4,0.8,7956.27,44.41,1127.05,6.29
4201,0.5,2.4,0.35,0.1,0.2,9124.35,50.93,117.83,0.66
4202,0.5,2.4,0.35,0.1,0.4,8838.28,49.33,185.51,1.04
4203,0.5,2.4,0.35,0.1,0.6,8567.3,47.82,274.93,1.53
4204,0.5,2.4,0.35,0.1,0.8,8311.48,46.39,389.49,2.17
4205,0.5,2.4,0.35,0.17,0.2,9425.56,52.61,109.68,0.61
4206,0.5,2.4,0.35,0.17,0.4,9137.47,51,173.09,0.97
4207,0.5,2.4,0.35,0.17,0.6,8865.13,49.48,258.69,1.44
4208,0.5,2.4,0.35,0.17,0.8,8607.61,48.04,369.82,2.06
4209,0.5,2.4,0.35,0.25,0.2,9750.78,54.42,102.6,0.57
4210,0.5,2.4,0.35,0.25,0.4,9460.78,52.8,161.82,0.9
4211,0.5,2.4,0.35,0.25,0.6,9187.02,51.28,243.28,1.36
4212,0.5,2.4,0.35,0.25,0.8,8927.91,49.83,350.61,1.96
4213,0.5,2.4,0.35,0.32,0.2,10020.61,55.93,97.76,0.55
4214,0.5,2.4,0.35,0.32,0.4,9728.95,54.3,154.08,0.86
4215,0.5,2.4,0.35,0.32,0.6,9453.92,52.76,232.22,1.3
4216,0.5,2.4,0.35,0.32,0.8,9193.54,51.31,336.27,1.88
4217,0.5,2.4,0.35,0.4,0.2,10313.87,57.56,93.38,0.52
4218,0.5,2.4,0.35,0.4,0.4,10020.47,55.93,147.05,0.82
4219,0.5,2.4,0.35,0.4,0.6,9743.87,54.38,221.91,1.24
4220,0.5,2.4,0.35,0.4,0.8,9482.08,52.92,322.49,1.8
4221,0.5,2.4,0.43,0.1,0.2,9058.58,50.56,130.93,0.73
4222,0.5,2.4,0.43,0.1,0.4,8714.79,48.64,222.43,1.24
4223,0.5,2.4,0.43,0.1,0.6,8392.48,46.84,348.19,1.94
4224,0.5,2.4,0.43,0.1,0.8,8095.79,45.18,509.54,2.84
4225,0.5,2.4,0.43,0.17,0.2,9359.33,52.24,121.89,0.68
4226,0.5,2.4,0.43,0.17,0.4,9013.41,50.31,208.29,1.16
4227,0.5,2.4,0.43,0.17,0.6,8689.18,48.5,329.59,1.84
4228,0.5,2.4,0.43,0.17,0.8,8389.87,46.83,487.06,2.72
4229,0.5,2.4,0.43,0.25,0.2,9684.13,54.05,114,0.64
4230,0.5,2.4,0.43,0.25,0.4,9336.03,52.11,195.2,1.09
4231,0.5,2.4,0.43,0.25,0.6,9010.1,50.29,311.54,1.74
4232,0.5,2.4,0.43,0.25,0.8,8708.5,48.6,464.89,2.59
4233,0.5,2.4,0.43,0.32,0.2,9953.63,55.55,108.62,0.61
4234,0.5,2.4,0.43,0.32,0.4,9603.61,53.6,185.99,1.04
4235,0.5,2.4,0.43,0.32,0.6,9276.17,51.77,298.21,1.66
4236,0.5,2.4,0.43,0.32,0.8,8972.99,50.08,448.11,2.5
4237,0.5,2.4,0.43,0.4,0.2,10246.47,57.19,103.75,0.58
4238,0.5,2.4,0.43,0.4,0.4,9894.44,55.22,177.53,0.99
4239,0.5,2.4,0.43,0.4,0.6,9565.19,53.39,285.57,1.59
4240,0.5,2.4,0.43,0.4,0.8,9260.21,51.68,431.61,2.41
4241,0.5,2.4,0.51,0.1,0.2,8993.52,50.2,145.12,0.81
4242,0.5,2.4,0.51,0.1,0.4,8593.52,47.96,263.72,1.47
4243,0.5,2.4,0.51,0.1,0.6,8224.77,45.9,432.21,2.41
4244,0.5,2.4,0.51,0.1,0.8,7892.69,44.05,646.79,3.61
4245,0.5,2.4,0.51,0.17,0.2,9293.76,51.87,135.08,0.75
4246,0.5,2.4,0.51,0.17,0.4,8891.52,49.63,247.89,1.38
4247,0.5,2.4,0.51,0.17,0.6,8520.12,47.55,411.52,2.3
4248,0.5,2.4,0.51,0.17,0.8,8184.65,45.68,621.23,3.47
4249,0.5,2.4,0.51,0.25,0.2,9618.14,53.68,126.34,0.71
4250,0.5,2.4,0.51,0.25,0.4,9213.54,51.42,232.93,1.3
4251,0.5,2.4,0.51,0.25,0.6,8839.89,49.34,391.19,2.18
4252,0.5,2.4,0.51,0.25,0.8,8501.22,47.45,595.84,3.33
4253,0.5,2.4,0.51,0.32,0.2,9887.26,55.18,120.38,0.67
4254,0.5,2.4,0.51,0.32,0.4,9480.56,52.91,222.27,1.24
4255,0.5,2.4,0.51,0.32,0.6,9105.11,50.82,375.88,2.1
4256,0.5,2.4,0.51,0.32,0.8,8764.43,48.92,576.48,3.22
4257,0.5,2.4,0.51,0.4,0.2,10179.77,56.82,114.94,0.64
4258,0.5,2.4,0.51,0.4,0.4,9770.68,54.53,212.38,1.19
4259,0.5,2.4,0.51,0.4,0.6,9393.17,52.43,361.06,2.02
4260,0.5,2.4,0.51,0.4,0.8,9050.38,50.51,557.26,3.11
4261,0.5,2.4,0.59,0.1,0.2,8932.78,49.86,159.7,0.89
4262,0.5,2.4,0.59,0.1,0.4,8481.2,47.34,307.88,1.72
4263,0.5,2.4,0.59,0.1,0.6,8073.53,45.06,520.92,2.91
4264,0.5,2.4,0.59,0.1,0.8,7710.46,43.03,794.12,4.43
4265,0.5,2.4,0.59,0.17,0.2,9232.55,51.53,148.7,0.83
4266,0.5,2.4,0.59,0.17,0.4,8778.5,49,290.48,1.62
4267,0.5,2.4,0.59,0.17,0.6,8367.37,46.7,498.19,2.78
4268,0.5,2.4,0.59,0.17,0.8,8000.29,44.65,765.21,4.27
4269,0.5,2.4,0.59,0.25,0.2,9556.52,53.34,139,0.78
4270,0.5,2.4,0.59,0.25,0.4,9099.96,50.79,273.79,1.53
4271,0.5,2.4,0.59,0.25,0.6,8685.81,48.48,475.77,2.66
4272,0.5,2.4,0.59,0.25,0.8,8314.93,46.41,736.58,4.11
4273,0.5,2.4,0.59,0.32,0.2,9825.24,54.84,132.43,0.74
4274,0.5,2.4,0.59,0.32,0.4,9366.46,52.28,261.67,1.46
4275,0.5,2.4,0.59,0.32,0.6,8950.21,49.95,458.8,2.56
4276,0.5,2.4,0.59,0.32,0.8,8576.77,47.87,714.77,3.99
4277,0.5,2.4,0.59,0.4,0.2,10117.37,56.47,126.45,0.71
4278,0.5,2.4,0.59,0.4,0.4,9655.98,53.89,250.22,1.4
4279,0.5,2.4,0.59,0.4,0.6,9237.31,51.56,442.06,2.47
4280,0.5,2.4,0.59,0.4,0.8,8861.64,49.46,692.94,3.87
4281,0.5,2.4,0.67,0.1,0.2,8865.58,49.48,177.25,0.99
4282,0.5,2.4,0.67,0.1,0.4,8358.61,46.65,362.49,2.02
4283,0.5,2.4,0.67,0.1,0.6,7911.97,44.16,630.17,3.52
4284,0.5,2.4,0.67,0.1,0.8,7516.05,41.95,974.97,5.44
4285,0.5,2.4,0.67,0.17,0.2,9164.94,51.15,165.21,0.92
4286,0.5,2.4,0.67,0.17,0.4,8655.07,48.31,343.52,1.92
4287,0.5,2.4,0.67,0.17,0.6,8204.08,45.79,604.98,3.38
4288,0.5,2.4,0.67,0.17,0.8,7803.56,43.55,942.66,5.26
4289,0.5,2.4,0.67,0.25,0.2,9488.46,52.96,154.39,0.86
4290,0.5,2.4,0.67,0.25,0.4,8975.75,50.1,325.03,1.81
4291,0.5,2.4,0.67,0.25,0.6,8520.81,47.56,579.95,3.24
4292,0.5,2.4,0.67,0.25,0.8,8116.04,45.3,910.54,5.08
4293,0.5,2.4,0.67,0.32,0.2,9756.82,54.46,147.01,0.82
4294,0.5,2.4,0.67,0.32,0.4,9241.68,51.58,311.3,1.74
4295,0.5,2.4,0.67,0.32,0.6,8784.16,49.03,560.87,3.13
4296,0.5,2.4,0.67,0.32,0.8,8376.01,46.75,885.76,4.94
4297,0.5,2.4,0.67,0.4,0.2,10048.54,56.08,140.33,0.78
4298,0.5,2.4,0.67,0.4,0.4,9530.52,53.19,298.22,1.66
4299,0.5,2.4,0.67,0.4,0.6,9070.26,50.62,542,3.03
4300,0.5,2.4,0.67,0.4,0.8,8659.22,48.33,860.76,4.8
4301,0.5,2.4,0.75,0.1,0.2,8808.29,49.16,193.34,1.08
4302,0.5,2.4,0.75,0.1,0.4,8256.52,46.08,413.95,2.31
4303,0.5,2.4,0.75,0.1,0.6,7778.56,43.41,733.9,4.1
4304,0.5,2.4,0.75,0.1,0.8,7355.61,41.05,1146.23,6.4
4305,0.5,2.4,0.75,0.17,0.2,9107.35,50.83,180.54,1.01
4306,0.5,2.4,0.75,0.17,0.4,8552.15,47.73,393.69,2.2
4307,0.5,2.4,0.75,0.17,0.6,8069.17,45.04,706.31,3.94
4308,0.5,2.4,0.75,0.17,0.8,7640.81,42.65,1110.64,6.2
4309,0.5,2.4,0.75,0.25,0.2,9430.54,52.63,168.84,0.94
4310,0.5,2.4,0.75,0.25,0.4,8872.14,49.52,373.8,2.09
4311,0.5,2.4,0.75,0.25,0.6,8384.6,46.8,679.12,3.79
4312,0.5,2.4,0.75,0.25,0.8,7951.58,44.38,1075.33,6
4313,0.5,2.4,0.75,0.32,0.2,9698.59,54.13,160.74,0.9
4314,0.5,2.4,0.75,0.32,0.4,9137.54,51,358.89,2
4315,0.5,2.4,0.75,0.32,0.6,8647.03,48.26,658.33,3.67
4316,0.5,2.4,0.75,0.32,0.8,8210.2,45.82,1048.12,5.85
4317,0.5,2.4,0.75,0.4,0.2,9989.93,55.76,153.38,0.86
4318,0.5,2.4,0.75,0.4,0.4,9425.79,52.61,344.48,1.92
4319,0.5,2.4,0.75,0.4,0.6,8932.31,49.85,637.56,3.56
4320,0.5,2.4,0.75,0.4,0.8,8491.95,47.4,1020.56,5.7
