scenario,wall_u,window_u,window_shgc,roof_u,transmittance,predicted_heating_load,predicted_cooling_load
p1,0.2036,0.72,0.5273,0.1183,0.25,2836.813,923.2839
p2,0.2036,0.72,0.5273,0.1183,0.5,2587.0793,1386.7062
p3,0.2036,0.72,0.5273,0.1183,0.75,2309.546,1976.0806
p4,0.2036,0.72,0.5273,0.2242,0.25,3235.6968,846.64703
p5,0.2036,0.72,0.5273,0.2242,0.5,2968.5254,1271.617
p6,0.2036,0.72,0.5273,0.2242,0.75,2700.7202,1835.9535
p7,0.2036,0.72,0.5273,0.1995,0.25,3146.8745,862.31506
p8,0.2036,0.72,0.5273,0.1995,0.5,2881.9404,1294.9078
p9,0.2036,0.72,0.5273,0.1995,0.75,2605.4285,1864.4531
p10,0.2036,0.72,0.5273,0.1784,0.25,3068.9797,876.73254
p11,0.2036,0.72,0.5273,0.1784,0.5,2807.4016,1317.1802
p12,0.2036,0.72,0.5273,0.1784,0.75,2526.8186,1891.3341
p13,0.2036,0.72,0.5273,0.1538,0.25,2975.6355,895.52814
p14,0.2036,0.72,0.5273,0.1538,0.5,2715.1353,1343.7526
p15,0.2036,0.72,0.5273,0.1538,0.75,2439.191,1925.9707
p16,0.2036,0.72,0.5273,0.3141,0.25,3548.9004,793.85266
p17,0.2036,0.72,0.5273,0.3141,0.5,3275.5796,1210.4886
p18,0.2036,0.72,0.5273,0.3141,0.75,3024.0195,1736.7343
p19,0.2036,0.72,0.5273,0.1438,0.25,2937.6267,903.18427
p20,0.2036,0.72,0.5273,0.1438,0.5,2677.7837,1355.115
p21,0.2036,0.72,0.5273,0.1438,0.75,2402.6418,1940.2236
p22,0.2036,0.72,0.5273,0.1531,0.25,2972.9792,896.0629
p23,0.2036,0.72,0.5273,0.1531,0.5,2712.4397,1344.5055
p24,0.2036,0.72,0.5273,0.1531,0.75,2436.6328,1926.9756
p25,0.2036,0.72,0.5273,0.3209,0.25,3572.24,790.259
p26,0.2036,0.72,0.5273,0.3209,0.5,3297.7524,1206.8478
p27,0.2036,0.72,0.5273,0.3209,0.75,3046.619,1729.9908
p28,0.2036,0.72,0.5273,0.2465,0.25,3314.3232,832.7211
p29,0.2036,0.72,0.5273,0.2465,0.5,3047.7793,1253.3792
p30,0.2036,0.72,0.5273,0.2465,0.75,2785.2383,1810.6895
p31,0.2036,0.72,0.5273,0.2347,0.25,3272.5679,840.15173
p32,0.2036,0.72,0.5273,0.2347,0.5,3006.1738,1262.7689
p33,0.2036,0.72,0.5273,0.2347,0.75,2740.936,1824.0026
p34,0.2036,0.72,0.5273,0.1781,0.25,3067.8418,876.9618
p35,0.2036,0.72,0.5273,0.1781,0.5,2806.3167,1317.5035
p36,0.2036,0.72,0.5273,0.1781,0.75,2525.7458,1891.7504
p37,0.2036,0.72,0.5273,0.1488,0.25,2956.663,899.34827
p38,0.2036,0.72,0.5273,0.1488,0.5,2695.8809,1349.1298
p39,0.2036,0.72,0.5273,0.1488,0.75,2420.9275,1933.1484
p40,0.2036,0.72,0.5273,0.1134,0.25,2817.7876,927.0057
p41,0.2036,0.72,0.5273,0.1134,0.5,2569.5957,1392.8604
p42,0.2036,0.72,0.5273,0.1134,0.75,2291.6592,1982.9695
p43,0.2036,2.7734,0.4391,0.1183,0.25,6240.5293,268.2541
p44,0.2036,2.7734,0.4391,0.1183,0.5,5849.2017,482.49548
p45,0.2036,2.7734,0.4391,0.1183,0.75,5545.456,742.2399
p46,0.2036,2.7734,0.4391,0.2242,0.25,6689.0156,243.82935
p47,0.2036,2.7734,0.4391,0.2242,0.5,6313.248,445.08655
p48,0.2036,2.7734,0.4391,0.2242,0.75,5975.388,687.0806
p49,0.2036,2.7734,0.4391,0.1995,0.25,6581.592,249.71844
p50,0.2036,2.7734,0.4391,0.1995,0.5,6205.8403,452.93228
p51,0.2036,2.7734,0.4391,0.1995,0.75,5878.8145,698.62476
p52,0.2036,2.7734,0.4391,0.1784,0.25,6490.343,254.75012
p53,0.2036,2.7734,0.4391,0.1784,0.5,6114.973,460.2688
p54,0.2036,2.7734,0.4391,0.1784,0.75,5796.1553,708.4845
p55,0.2036,2.7734,0.4391,0.1538,0.25,6387.0674,260.65735
p56,0.2036,2.7734,0.4391,0.1538,0.5,6005.6235,468.9699
p57,0.2036,2.7734,0.4391,0.1538,0.75,5697.7803,721.11395
p58,0.2036,2.7734,0.4391,0.3141,0.25,7049.6255,226.19055
p59,0.2036,2.7734,0.4391,0.3141,0.5,6675.725,417.58636
p60,0.2036,2.7734,0.4391,0.3141,0.75,6345.114,651.819
p61,0.2036,2.7734,0.4391,0.1438,0.25,6346.1416,262.6997
p62,0.2036,2.7734,0.4391,0.1438,0.5,5960.943,472.4964
p63,0.2036,2.7734,0.4391,0.1438,0.75,5657.1694,726.32874
p64,0.2036,2.7734,0.4391,0.1531,0.25,6384.1763,260.81104
p65,0.2036,2.7734,0.4391,0.1531,0.5,6002.4956,469.21677
p66,0.2036,2.7734,0.4391,0.1531,0.75,5694.8896,721.47955
p67,0.2036,2.7734,0.4391,0.3209,0.25,7074.694,225.22852
p68,0.2036,2.7734,0.4391,0.3209,0.5,6701.4644,415.53946
p69,0.2036,2.7734,0.4391,0.3209,0.75,6371.5767,649.78827
p70,0.2036,2.7734,0.4391,0.2465,0.25,6784.3687,238.57513
p71,0.2036,2.7734,0.4391,0.2465,0.5,6408.481,437.92734
p72,0.2036,2.7734,0.4391,0.2465,0.75,6062.6143,677.88245
p73,0.2036,2.7734,0.4391,0.2347,0.25,6734.3906,241.36182
p74,0.2036,2.7734,0.4391,0.2347,0.5,6358.839,441.7359
p75,0.2036,2.7734,0.4391,0.2347,0.75,6015.8364,682.6923
p76,0.2036,2.7734,0.4391,0.1781,0.25,6489.0303,254.82489
p77,0.2036,2.7734,0.4391,0.1781,0.5,6113.6445,460.37268
p78,0.2036,2.7734,0.4391,0.1781,0.75,5795.003,708.62177
p79,0.2036,2.7734,0.4391,0.1488,0.25,6366.491,261.67194
p80,0.2036,2.7734,0.4391,0.1488,0.5,5983.283,470.73315
p81,0.2036,2.7734,0.4391,0.1488,0.75,5677.177,723.7249
p82,0.2036,2.7734,0.4391,0.1134,0.25,6220.1016,269.33282
p83,0.2036,2.7734,0.4391,0.1134,0.5,5828.47,484.56308
p84,0.2036,2.7734,0.4391,0.1134,0.75,5522.8604,745.5952
p85,0.2036,2.6061,0.4394,0.1183,0.25,5964.571,297.11554
p86,0.2036,2.6061,0.4394,0.1183,0.5,5576.228,521.0387
p87,0.2036,2.6061,0.4394,0.1183,0.75,5256.9204,798.65576
p88,0.2036,2.6061,0.4394,0.2242,0.25,6397.0347,270.61847
p89,0.2036,2.6061,0.4394,0.2242,0.5,6035.984,480.81378
p90,0.2036,2.6061,0.4394,0.2242,0.75,5708.386,733.5259
p91,0.2036,2.6061,0.4394,0.1995,0.25,6293.6885,276.7923
p92,0.2036,2.6061,0.4394,0.1995,0.5,5929.359,489.19086
p93,0.2036,2.6061,0.4394,0.1995,0.75,5607.9976,746.36395
p94,0.2036,2.6061,0.4394,0.1784,0.25,6210.275,281.9276
p95,0.2036,2.6061,0.4394,0.1784,0.5,5837.2754,497.02258
p96,0.2036,2.6061,0.4394,0.1784,0.75,5520.4224,758.10547
p97,0.2036,2.6061,0.4394,0.1538,0.25,6109.8506,288.16516
p98,0.2036,2.6061,0.4394,0.1538,0.5,5729.6353,507.0259
p99,0.2036,2.6061,0.4394,0.1538,0.75,5418.0996,773.265
p100,0.2036,2.6061,0.4394,0.3141,0.25,6763.471,251.39148
p101,0.2036,2.6061,0.4394,0.3141,0.5,6401.7466,451.27112
p102,0.2036,2.6061,0.4394,0.3141,0.75,6062.3647,695.2519
p103,0.2036,2.6061,0.4394,0.1438,0.25,6069.4395,290.67535
p104,0.2036,2.6061,0.4394,0.1438,0.5,5685.705,511.20108
p105,0.2036,2.6061,0.4394,0.1438,0.75,5373.8237,779.6743
p106,0.2036,2.6061,0.4394,0.1531,0.25,6106.91,288.3399
p107,0.2036,2.6061,0.4394,0.1531,0.5,5726.4688,507.32782
p108,0.2036,2.6061,0.4394,0.1531,0.75,5414.9795,773.7014
p109,0.2036,2.6061,0.4394,0.3209,0.25,6788.472,250.48236
p110,0.2036,2.6061,0.4394,0.3209,0.5,6426.925,449.0217
p111,0.2036,2.6061,0.4394,0.3209,0.75,6090.833,692.4594
p112,0.2036,2.6061,0.4394,0.2465,0.25,6491.2207,265.02612
p113,0.2036,2.6061,0.4394,0.2465,0.5,6126.4688,473.61334
p114,0.2036,2.6061,0.4394,0.2465,0.75,5795.463,724.0475
p115,0.2036,2.6061,0.4394,0.2347,0.25,6441.458,267.99048
p116,0.2036,2.6061,0.4394,0.2347,0.5,6079.619,477.491
p117,0.2036,2.6061,0.4394,0.2347,0.75,5748.994,729.0781
p118,0.2036,2.6061,0.4394,0.1781,0.25,6209.0747,282.00195
p119,0.2036,2.6061,0.4394,0.1781,0.5,5835.951,497.14334
p120,0.2036,2.6061,0.4394,0.1781,0.75,5519.209,758.269
p121,0.2036,2.6061,0.4394,0.1488,0.25,6089.379,289.4248
p122,0.2036,2.6061,0.4394,0.1488,0.5,5707.132,509.1715
p123,0.2036,2.6061,0.4394,0.1488,0.75,5395.8154,776.4188
p124,0.2036,2.6061,0.4394,0.1134,0.25,5944.218,298.37628
p125,0.2036,2.6061,0.4394,0.1134,0.5,5555.0767,523.316
p126,0.2036,2.6061,0.4394,0.1134,0.75,5234.425,802.4294
p127,0.2036,2.5484,0.3129,0.1183,0.25,5995.232,244.16437
p128,0.2036,2.5484,0.3129,0.1183,0.5,5697.684,381.48785
p129,0.2036,2.5484,0.3129,0.1183,0.75,5440.5615,567.6643
p130,0.2036,2.5484,0.3129,0.2242,0.25,6430.967,215.63312
p131,0.2036,2.5484,0.3129,0.2242,0.5,6140.179,347.93423
p132,0.2036,2.5484,0.3129,0.2242,0.75,5877.668,509.43765
p133,0.2036,2.5484,0.3129,0.1995,0.25,6330.311,221.37079
p134,0.2036,2.5484,0.3129,0.1995,0.5,6042.879,355.51157
p135,0.2036,2.5484,0.3129,0.1995,0.75,5778.465,521.8198
p136,0.2036,2.5484,0.3129,0.1784,0.25,6246.5034,227.0274
p137,0.2036,2.5484,0.3129,0.1784,0.5,5953.637,362.1443
p138,0.2036,2.5484,0.3129,0.1784,0.75,5691.55,533.6653
p139,0.2036,2.5484,0.3129,0.1538,0.25,6143.4453,234.16516
p140,0.2036,2.5484,0.3129,0.1538,0.5,5848.3115,370.02475
p141,0.2036,2.5484,0.3129,0.1538,0.75,5589.8374,547.52325
p142,0.2036,2.5484,0.3129,0.3141,0.25,6782.4214,204.9751
p143,0.2036,2.5484,0.3129,0.3141,0.5,6522.13,320.37366
p144,0.2036,2.5484,0.3129,0.3141,0.75,6252.4985,475.15994
p145,0.2036,2.5484,0.3129,0.1438,0.25,6102.0244,236.99536
p146,0.2036,2.5484,0.3129,0.1438,0.5,5805.2275,373.3116
p147,0.2036,2.5484,0.3129,0.1438,0.75,5549.581,552.84827
p148,0.2036,2.5484,0.3129,0.1531,0.25,6140.541,234.36615
p149,0.2036,2.5484,0.3129,0.1531,0.5,5845.327,370.25754
p150,0.2036,2.5484,0.3129,0.1531,0.75,5586.97,547.91327
p151,0.2036,2.5484,0.3129,0.3209,0.25,6809.898,204.27441
p152,0.2036,2.5484,0.3129,0.3209,0.5,6549.8735,318.43457
p153,0.2036,2.5484,0.3129,0.3209,0.75,6279.1123,472.91943
p154,0.2036,2.5484,0.3129,0.2465,0.25,6517.963,212.89996
p155,0.2036,2.5484,0.3129,0.2465,0.5,6234.5493,340.71045
p156,0.2036,2.5484,0.3129,0.2465,0.75,5966.003,499.75122
p157,0.2036,2.5484,0.3129,0.2347,0.25,6472.5137,214.32434
p158,0.2036,2.5484,0.3129,0.2347,0.5,6182.9473,344.65652
p159,0.2036,2.5484,0.3129,0.2347,0.75,5918.56,504.7461
p160,0.2036,2.5484,0.3129,0.1781,0.25,6245.2466,227.11444
p161,0.2036,2.5484,0.3129,0.1781,0.5,5952.349,362.23685
p162,0.2036,2.5484,0.3129,0.1781,0.75,5690.314,533.8337
p163,0.2036,2.5484,0.3129,0.1488,0.25,6122.714,235.59576
p164,0.2036,2.5484,0.3129,0.1488,0.5,5826.994,371.68692
p165,0.2036,2.5484,0.3129,0.1488,0.75,5569.627,550.2114
p166,0.2036,2.5484,0.3129,0.1134,0.25,5974.4087,245.57983
p167,0.2036,2.5484,0.3129,0.1134,0.5,5677.7393,383.02704
p168,0.2036,2.5484,0.3129,0.1134,0.75,5418.6367,570.7091
p169,0.2036,1.2028,0.2558,0.1183,0.25,3819.3123,499.56516
p170,0.2036,1.2028,0.2558,0.1183,0.5,3653.92,675.8394
p171,0.2036,1.2028,0.2558,0.1183,0.75,3443.2034,858.4576
p172,0.2036,1.2028,0.2558,0.2242,0.25,4225.0776,445.6689
p173,0.2036,1.2028,0.2558,0.2242,0.5,4041.3525,613.75946
p174,0.2036,1.2028,0.2558,0.2242,0.75,3861.2964,782.5712
p175,0.2036,1.2028,0.2558,0.1995,0.25,4133.721,457.3706
p176,0.2036,1.2028,0.2558,0.1995,0.5,3952.7197,627.7813
p177,0.2036,1.2028,0.2558,0.1995,0.75,3769.217,796.80005
p178,0.2036,1.2028,0.2558,0.1784,0.25,4053.7825,468.067
p179,0.2036,1.2028,0.2558,0.1784,0.5,3876.718,639.714
p180,0.2036,1.2028,0.2558,0.1784,0.75,3686.8599,810.5071
p181,0.2036,1.2028,0.2558,0.1538,0.25,3959.357,480.65726
p182,0.2036,1.2028,0.2558,0.1538,0.5,3789.4988,653.3502
p183,0.2036,1.2028,0.2558,0.1538,0.75,3584.9307,831.0842
p184,0.2036,1.2028,0.2558,0.3141,0.25,4548.657,407.79068
p185,0.2036,1.2028,0.2558,0.3141,0.5,4365.2935,565.93036
p186,0.2036,1.2028,0.2558,0.3141,0.75,4172.22,737.1516
p187,0.2036,1.2028,0.2558,0.1438,0.25,3919.2769,486.10022
p188,0.2036,1.2028,0.2558,0.1438,0.5,3754.1929,658.78674
p189,0.2036,1.2028,0.2558,0.1438,0.75,3544.8647,839.05566
p190,0.2036,1.2028,0.2558,0.1531,0.25,3956.5493,481.04572
p191,0.2036,1.2028,0.2558,0.1531,0.5,3787.027,653.7308
p192,0.2036,1.2028,0.2558,0.1531,0.75,3582.1052,831.64545
p193,0.2036,1.2028,0.2558,0.3209,0.25,4572.9463,405.0854
p194,0.2036,1.2028,0.2558,0.3209,0.5,4391.6304,562.3644
p195,0.2036,1.2028,0.2558,0.3209,0.75,4194.199,734.02637
p196,0.2036,1.2028,0.2558,0.2465,0.25,4306.5234,435.6115
p197,0.2036,1.2028,0.2558,0.2465,0.5,4117.877,602.26807
p198,0.2036,1.2028,0.2558,0.2465,0.75,3939.594,771.1813
p199,0.2036,1.2028,0.2558,0.2347,0.25,4263.419,440.88675
p200,0.2036,1.2028,0.2558,0.2347,0.5,4078.2686,608.0969
p201,0.2036,1.2028,0.2558,0.2347,0.75,3897.91,777.16583
p202,0.2036,1.2028,0.2558,0.1781,0.25,4052.6465,468.219
p203,0.2036,1.2028,0.2558,0.1781,0.5,3875.6536,639.88086
p204,0.2036,1.2028,0.2558,0.1781,0.75,3685.6729,810.72266
p205,0.2036,1.2028,0.2558,0.1488,0.25,3939.2102,483.41855
p206,0.2036,1.2028,0.2558,0.1488,0.5,3771.8462,656.0685
p207,0.2036,1.2028,0.2558,0.1488,0.75,3564.8865,835.0717
p208,0.2036,1.2028,0.2558,0.1134,0.25,3800.1218,502.15216
p209,0.2036,1.2028,0.2558,0.1134,0.5,3633.7874,679.292
p210,0.2036,1.2028,0.2558,0.1134,0.75,3423.2356,862.17755
p211,0.2036,1.2676,0.2575,0.1183,0.25,3925.9534,482.09836
p212,0.2036,1.2676,0.2575,0.1183,0.5,3755.2285,654.3601
p213,0.2036,1.2676,0.2575,0.1183,0.75,3536.4321,837.9634
p214,0.2036,1.2676,0.2575,0.2242,0.25,4331.189,430.60016
p215,0.2036,1.2676,0.2575,0.2242,0.5,4137.57,596.997
p216,0.2036,1.2676,0.2575,0.2242,0.75,3952.3164,764.21185
p217,0.2036,1.2676,0.2575,0.1995,0.25,4240.509,441.80106
p218,0.2036,1.2676,0.2575,0.1995,0.5,4052.105,609.57837
p219,0.2036,1.2676,0.2575,0.1995,0.75,3863.6077,777.1946
p220,0.2036,1.2676,0.2575,0.1784,0.25,4160.233,452.39783
p221,0.2036,1.2676,0.2575,0.1784,0.5,3976.6316,620.99286
p222,0.2036,1.2676,0.2575,0.1784,0.75,3781.8955,790.51715
p223,0.2036,1.2676,0.2575,0.1538,0.25,4064.9036,464.58997
p224,0.2036,1.2676,0.2575,0.1538,0.5,3888.3628,634.58765
p225,0.2036,1.2676,0.2575,0.1538,0.75,3682.3857,809.54065
p226,0.2036,1.2676,0.2575,0.3141,0.25,4654.0117,393.70172
p227,0.2036,1.2676,0.2575,0.3141,0.5,4471.7114,548.4649
p228,0.2036,1.2676,0.2575,0.3141,0.75,4268.732,718.9656
p229,0.2036,1.2676,0.2575,0.1438,0.25,4025.5115,469.50046
p230,0.2036,1.2676,0.2575,0.1438,0.5,3852.9043,640.04016
p231,0.2036,1.2676,0.2575,0.1438,0.75,3641.6824,817.4898
p232,0.2036,1.2676,0.2575,0.1531,0.25,4062.1912,464.924
p233,0.2036,1.2676,0.2575,0.1531,0.5,3885.884,634.9697
p234,0.2036,1.2676,0.2575,0.1531,0.75,3679.5298,810.0953
p235,0.2036,1.2676,0.2575,0.3209,0.25,4680.7017,390.75345
p236,0.2036,1.2676,0.2575,0.3209,0.5,4498.9126,544.94904
p237,0.2036,1.2676,0.2575,0.3209,0.75,4292.077,715.5212
p238,0.2036,1.2676,0.2575,0.2465,0.25,4409.816,421.46194
p239,0.2036,1.2676,0.2575,0.2465,0.5,4215.4775,585.4949
p240,0.2036,1.2676,0.2575,0.2465,0.75,4033.7773,752.38715
p241,0.2036,1.2676,0.2575,0.2347,0.25,4368.211,426.29755
p242,0.2036,1.2676,0.2575,0.2347,0.5,4174.0337,591.61206
p243,0.2036,1.2676,0.2575,0.2347,0.75,3990.4065,758.57086
p244,0.2036,1.2676,0.2575,0.1781,0.25,4159.07,452.54785
p245,0.2036,1.2676,0.2575,0.1781,0.5,3975.5342,621.16187
p246,0.2036,1.2676,0.2575,0.1781,0.75,3780.697,790.73706
p247,0.2036,1.2676,0.2575,0.1488,0.25,4045.5276,466.9773
p248,0.2036,1.2676,0.2575,0.1488,0.5,3870.656,637.31665
p249,0.2036,1.2676,0.2575,0.1488,0.75,3662.04,813.4996
p250,0.2036,1.2676,0.2575,0.1134,0.25,3906.651,484.6839
p251,0.2036,1.2676,0.2575,0.1134,0.5,3735.0583,657.6763
p252,0.2036,1.2676,0.2575,0.1134,0.75,3516.5847,841.72003
p253,0.2036,1.5092,0.2624,0.1183,0.25,4321.7544,420.55267
p254,0.2036,1.5092,0.2624,0.1183,0.5,4114.6772,584.0278
p255,0.2036,1.5092,0.2624,0.1183,0.75,3886.2651,764.5156
p256,0.2036,1.5092,0.2624,0.2242,0.25,4720.718,376.7305
p257,0.2036,1.5092,0.2624,0.2242,0.5,4508.7515,534.13336
p258,0.2036,1.5092,0.2624,0.2242,0.75,4297.6016,695.16504
p259,0.2036,1.5092,0.2624,0.1995,0.25,4629.4614,386.644
p260,0.2036,1.5092,0.2624,0.1995,0.5,4416.414,546.5192
p261,0.2036,1.5092,0.2624,0.1995,0.75,4201.194,709.29285
p262,0.2036,1.5092,0.2624,0.1784,0.25,4550.7812,395.10272
p263,0.2036,1.5092,0.2624,0.1784,0.5,4337.7017,556.4036
p264,0.2036,1.5092,0.2624,0.1784,0.75,4121.694,721.48486
p265,0.2036,1.5092,0.2624,0.1538,0.25,4459.434,404.75467
p266,0.2036,1.5092,0.2624,0.1538,0.5,4246.895,567.7185
p267,0.2036,1.5092,0.2624,0.1538,0.75,4027.5916,738.13214
p268,0.2036,1.5092,0.2624,0.3141,0.25,5056.974,341.78232
p269,0.2036,1.5092,0.2624,0.3141,0.5,4852.802,491.86194
p270,0.2036,1.5092,0.2624,0.3141,0.75,4641.723,647.0287
p271,0.2036,1.5092,0.2624,0.1438,0.25,4422.234,408.75415
p272,0.2036,1.5092,0.2624,0.1438,0.5,4210.1406,572.12146
p273,0.2036,1.5092,0.2624,0.1438,0.75,3988.146,745.72614
p274,0.2036,1.5092,0.2624,0.1531,0.25,4456.83,405.0346
p275,0.2036,1.5092,0.2624,0.1531,0.5,4244.378,568.03217
p276,0.2036,1.5092,0.2624,0.1531,0.75,4024.8252,738.66895
p277,0.2036,1.5092,0.2624,0.3209,0.25,5082.8154,339.9017
p278,0.2036,1.5092,0.2624,0.3209,0.5,4877.483,489.06247
p279,0.2036,1.5092,0.2624,0.3209,0.75,4667.8506,643.5866
p280,0.2036,1.5092,0.2624,0.2465,0.25,4801.9062,368.06805
p281,0.2036,1.5092,0.2624,0.2465,0.5,4594.202,522.99884
p282,0.2036,1.5092,0.2624,0.2465,0.75,4384.958,682.1304
p283,0.2036,1.5092,0.2624,0.2347,0.25,4759.24,372.688
p284,0.2036,1.5092,0.2624,0.2347,0.5,4549.0225,528.76196
p285,0.2036,1.5092,0.2624,0.2347,0.75,4338.366,689.04193
p286,0.2036,1.5092,0.2624,0.1781,0.25,4549.6733,395.21667
p287,0.2036,1.5092,0.2624,0.1781,0.5,4336.5664,556.5424
p288,0.2036,1.5092,0.2624,0.1781,0.75,4120.5864,721.658
p289,0.2036,1.5092,0.2624,0.1488,0.25,4440.834,406.7544
p290,0.2036,1.5092,0.2624,0.1488,0.5,4228.477,569.9372
p291,0.2036,1.5092,0.2624,0.1488,0.75,4007.8657,741.93195
p292,0.2036,1.5092,0.2624,0.1134,0.25,4302.642,422.81238
p293,0.2036,1.5092,0.2624,0.1134,0.5,4095.9148,586.4216
p294,0.2036,1.5092,0.2624,0.1134,0.75,3866.0588,768.2281
p295,0.2036,1.3334,0.5746,0.1183,0.25,3807.1897,708.133
p296,0.2036,1.3334,0.5746,0.1183,0.5,3489.832,1134.9227
p297,0.2036,1.3334,0.5746,0.1183,0.75,3144.2407,1674.556
p298,0.2036,1.3334,0.5746,0.2242,0.25,4221.259,642.24945
p299,0.2036,1.3334,0.5746,0.2242,0.5,3900.993,1046.6372
p300,0.2036,1.3334,0.5746,0.2242,0.75,3558.314,1562.359
p301,0.2036,1.3334,0.5746,0.1995,0.25,4130.0493,655.8152
p302,0.2036,1.3334,0.5746,0.1995,0.5,3809.6345,1064.7688
p303,0.2036,1.3334,0.5746,0.1995,0.75,3460.47,1586.7228
p304,0.2036,1.3334,0.5746,0.1784,0.25,4050.1924,667.9893
p305,0.2036,1.3334,0.5746,0.1784,0.5,3728.6619,1081.3596
p306,0.2036,1.3334,0.5746,0.1784,0.75,3375.087,1607.4938
p307,0.2036,1.3334,0.5746,0.1538,0.25,3956.1204,682.41156
p308,0.2036,1.3334,0.5746,0.1538,0.5,3632.8003,1102.4242
p309,0.2036,1.3334,0.5746,0.1538,0.75,3277.899,1633.0322
p310,0.2036,1.3334,0.5746,0.3141,0.25,4537.6094,597.4637
p311,0.2036,1.3334,0.5746,0.3141,0.5,4205.897,992.41
p312,0.2036,1.3334,0.5746,0.3141,0.75,3881.7244,1485.0826
p313,0.2036,1.3334,0.5746,0.1438,0.25,3915.739,689.2422
p314,0.2036,1.3334,0.5746,0.1438,0.5,3593.2812,1111.3685
p315,0.2036,1.3334,0.5746,0.1438,0.75,3238.7556,1643.9448
p316,0.2036,1.3334,0.5746,0.1531,0.25,3953.37,682.8256
p317,0.2036,1.3334,0.5746,0.1531,0.5,3630.0369,1103.0477
p318,0.2036,1.3334,0.5746,0.1531,0.75,3275.159,1633.7961
p319,0.2036,1.3334,0.5746,0.3209,0.25,4561.9736,593.8871
p320,0.2036,1.3334,0.5746,0.3209,0.5,4226.8057,989.01263
p321,0.2036,1.3334,0.5746,0.3209,0.75,3901.263,1480.8514
p322,0.2036,1.3334,0.5746,0.2465,0.25,4301.759,630.213
p323,0.2036,1.3334,0.5746,0.2465,0.5,3979.9016,1031.3191
p324,0.2036,1.3334,0.5746,0.2465,0.75,3644.7908,1540.2035
p325,0.2036,1.3334,0.5746,0.2347,0.25,4259.3506,636.6443
p326,0.2036,1.3334,0.5746,0.2347,0.5,3938.8127,1039.2429
p327,0.2036,1.3334,0.5746,0.2347,0.75,3599.8425,1551.9877
p328,0.2036,1.3334,0.5746,0.1781,0.25,4049.0652,668.1607
p329,0.2036,1.3334,0.5746,0.1781,0.5,3727.5044,1081.6033
p330,0.2036,1.3334,0.5746,0.1781,0.75,3373.8718,1607.7944
p331,0.2036,1.3334,0.5746,0.1488,0.25,3936.0461,685.73285
p332,0.2036,1.3334,0.5746,0.1488,0.5,3613.0603,1106.8773
p333,0.2036,1.3334,0.5746,0.1488,0.75,3258.3271,1638.4886
p334,0.2036,1.3334,0.5746,0.1134,0.25,3785.9023,711.8081
p335,0.2036,1.3334,0.5746,0.1134,0.5,3469.787,1139.4375
p336,0.2036,1.3334,0.5746,0.1134,0.75,3126.5247,1680.6729
p337,0.2036,0.7099,0.1669,0.1183,0.25,3072.0618,552.2535
p338,0.2036,0.7099,0.1669,0.1183,0.5,2966.9924,713.50934
p339,0.2036,0.7099,0.1669,0.1183,0.75,2782.247,911.29614
p340,0.2036,0.7099,0.1669,0.2242,0.25,3486.4692,488.87344
p341,0.2036,0.7099,0.1669,0.2242,0.5,3353.544,642.5854
p342,0.2036,0.7099,0.1669,0.2242,0.75,3192.3525,820.0394
p343,0.2036,0.7099,0.1669,0.1995,0.25,3387.183,504.0801
p344,0.2036,0.7099,0.1669,0.1995,0.5,3265.2095,658.59564
p345,0.2036,0.7099,0.1669,0.1995,0.75,3103.0952,838.02704
p346,0.2036,0.7099,0.1669,0.1784,0.25,3304.5557,516.7009
p347,0.2036,0.7099,0.1669,0.1784,0.5,3188.5383,672.13324
p348,0.2036,0.7099,0.1669,0.1784,0.75,3022.239,855.7645
p349,0.2036,0.7099,0.1669,0.1538,0.25,3209.3203,531.2483
p350,0.2036,0.7099,0.1669,0.1538,0.5,3098.2988,688.30774
p351,0.2036,0.7099,0.1669,0.1538,0.75,2925.2888,876.68964
p352,0.2036,0.7099,0.1669,0.3141,0.25,3827.8767,441.4052
p353,0.2036,0.7099,0.1669,0.3141,0.5,3684.5122,583.5226
p354,0.2036,0.7099,0.1669,0.3141,0.75,3508.8118,760.5362
p355,0.2036,0.7099,0.1669,0.1438,0.25,3171.516,536.9808
p356,0.2036,0.7099,0.1669,0.1438,0.5,3062.2092,694.70105
p357,0.2036,0.7099,0.1669,0.1438,0.75,2885.702,886.11273
p358,0.2036,0.7099,0.1669,0.1531,0.25,3206.673,531.64954
p359,0.2036,0.7099,0.1669,0.1531,0.5,3095.7722,688.75525
p360,0.2036,0.7099,0.1669,0.1531,0.75,2922.543,877.3066
p361,0.2036,0.7099,0.1669,0.3209,0.25,3852.1155,438.5502
p362,0.2036,0.7099,0.1669,0.3209,0.5,3709.9697,579.2434
p363,0.2036,0.7099,0.1669,0.3209,0.75,3532.2947,756.4949
p364,0.2036,0.7099,0.1669,0.2465,0.25,3573.3782,476.23764
p365,0.2036,0.7099,0.1669,0.2465,0.5,3433.7827,627.69257
p366,0.2036,0.7099,0.1669,0.2465,0.75,3272.3706,805.0083
p367,0.2036,0.7099,0.1669,0.2347,0.25,3528.0852,482.66495
p368,0.2036,0.7099,0.1669,0.2347,0.5,3390.777,635.70667
p369,0.2036,0.7099,0.1669,0.2347,0.75,3230.2908,812.7306
p370,0.2036,0.7099,0.1669,0.1781,0.25,3303.3894,516.87946
p371,0.2036,0.7099,0.1669,0.1781,0.5,3187.4282,672.3347
p372,0.2036,0.7099,0.1669,0.1781,0.75,3021.0767,856.0195
p373,0.2036,0.7099,0.1669,0.1488,0.25,3190.418,534.11456
p374,0.2036,0.7099,0.1669,0.1488,0.5,3080.2537,691.5044
p375,0.2036,0.7099,0.1669,0.1488,0.75,2905.5315,881.3398
p376,0.2036,0.7099,0.1669,0.1134,0.25,3052.954,555.17676
p377,0.2036,0.7099,0.1669,0.1134,0.5,2948.785,717.0968
p378,0.2036,0.7099,0.1669,0.1134,0.75,2764.2761,916.7221
p379,0.2036,0.803,0.2027,0.1183,0.25,3194.3826,566.7159
p380,0.2036,0.803,0.2027,0.1183,0.5,3073.7454,736.151
p381,0.2036,0.803,0.2027,0.1183,0.75,2879.5242,934.0853
p382,0.2036,0.803,0.2027,0.2242,0.25,3607.5544,503.32394
p383,0.2036,0.803,0.2027,0.2242,0.5,3461.8438,665.871
p384,0.2036,0.803,0.2027,0.2242,0.75,3291.6255,846.53485
p385,0.2036,0.803,0.2027,0.1995,0.25,3510.7139,517.93634
p386,0.2036,0.803,0.2027,0.1995,0.5,3374.2297,680.9554
p387,0.2036,0.803,0.2027,0.1995,0.75,3202.3862,864.45447
p388,0.2036,0.803,0.2027,0.1784,0.25,3428.7034,530.48914
p389,0.2036,0.803,0.2027,0.1784,0.5,3295.5652,694.60425
p390,0.2036,0.803,0.2027,0.1784,0.75,3123.2856,881.32263
p391,0.2036,0.803,0.2027,0.1538,0.25,3332.9746,545.15424
p392,0.2036,0.803,0.2027,0.1538,0.5,3206.0164,710.1855
p393,0.2036,0.803,0.2027,0.1538,0.75,3026.036,902.2367
p394,0.2036,0.803,0.2027,0.3141,0.25,3943.5305,457.87198
p395,0.2036,0.803,0.2027,0.3141,0.5,3792.541,607.79095
p396,0.2036,0.803,0.2027,0.3141,0.75,3609.2253,788.20374
p397,0.2036,0.803,0.2027,0.1438,0.25,3294.1526,551.15027
p398,0.2036,0.803,0.2027,0.1438,0.5,3169.51,716.9182
p399,0.2036,0.803,0.2027,0.1438,0.75,2985.44,911.4343
p400,0.2036,0.803,0.2027,0.1531,0.25,3330.2656,545.56964
p401,0.2036,0.803,0.2027,0.1531,0.5,3203.4858,710.6375
p402,0.2036,0.803,0.2027,0.1531,0.75,3023.2139,902.8872
p403,0.2036,0.803,0.2027,0.3209,0.25,3967.8281,454.98474
p404,0.2036,0.803,0.2027,0.3209,0.5,3817.0989,603.6322
p405,0.2036,0.803,0.2027,0.3209,0.75,3632.7615,784.1465
p406,0.2036,0.803,0.2027,0.2465,0.25,3694.1104,490.66907
p407,0.2036,0.803,0.2027,0.2465,0.5,3540.9832,651.92786
p408,0.2036,0.803,0.2027,0.2465,0.75,3372.0107,831.338
p409,0.2036,0.803,0.2027,0.2347,0.25,3648.8782,497.2166
p410,0.2036,0.803,0.2027,0.2347,0.5,3498.9922,659.30176
p411,0.2036,0.803,0.2027,0.2347,0.75,3329.331,839.38025
p412,0.2036,0.803,0.2027,0.1781,0.25,3427.5383,530.66766
p413,0.2036,0.803,0.2027,0.1781,0.5,3294.4534,694.78906
p414,0.2036,0.803,0.2027,0.1781,0.75,3122.1316,881.55896
p415,0.2036,0.803,0.2027,0.1488,0.25,3313.6272,548.121
p416,0.2036,0.803,0.2027,0.1488,0.5,3187.9387,713.4141
p417,0.2036,0.803,0.2027,0.1488,0.75,3005.8806,906.8832
p418,0.2036,0.803,0.2027,0.1134,0.25,3175.5881,569.56964
p419,0.2036,0.803,0.2027,0.1134,0.5,3055.059,739.87683
p420,0.2036,0.803,0.2027,0.1134,0.75,2860.5796,939.1433
p421,0.2086,0.72,0.5273,0.1183,0.25,2890.0579,911.85645
p422,0.2086,0.72,0.5273,0.1183,0.5,2634.2463,1369.5077
p423,0.2086,0.72,0.5273,0.1183,0.75,2356.1116,1954.9554
p424,0.2086,0.72,0.5273,0.2242,0.25,3287.8306,835.9701
p425,0.2086,0.72,0.5273,0.2242,0.5,3020.0999,1258.5295
p426,0.2086,0.72,0.5273,0.2242,0.75,2748.562,1815.7198
p427,0.2086,0.72,0.5273,0.1995,0.25,3198.7893,851.8324
p428,0.2086,0.72,0.5273,0.1995,0.5,2931.8733,1280.0474
p429,0.2086,0.72,0.5273,0.1995,0.75,2653.696,1844.3019
p430,0.2086,0.72,0.5273,0.1784,0.25,3121.411,865.84515
p431,0.2086,0.72,0.5273,0.1784,0.5,2856.2715,1301.71
p432,0.2086,0.72,0.5273,0.1784,0.75,2574.0308,1870.4884
p433,0.2086,0.72,0.5273,0.1538,0.25,3028.1038,884.61053
p434,0.2086,0.72,0.5273,0.1538,0.5,2763.3113,1327.4766
p435,0.2086,0.72,0.5273,0.1538,0.75,2485.6719,1904.9744
p436,0.2086,0.72,0.5273,0.3141,0.25,3601.273,784.60095
p437,0.2086,0.72,0.5273,0.3141,0.5,3325.4827,1198.2249
p438,0.2086,0.72,0.5273,0.3141,0.75,3072.2827,1717.1201
p439,0.2086,0.72,0.5273,0.1438,0.25,2990.0854,892.2092
p440,0.2086,0.72,0.5273,0.1438,0.5,2724.9253,1338.1915
p441,0.2086,0.72,0.5273,0.1438,0.75,2449.2861,1919.043
p442,0.2086,0.72,0.5273,0.1531,0.25,3025.448,885.1453
p443,0.2086,0.72,0.5273,0.1531,0.5,2760.6313,1328.2085
p444,0.2086,0.72,0.5273,0.1531,0.75,2483.131,1905.957
p445,0.2086,0.72,0.5273,0.3209,0.25,3623.974,781.07654
p446,0.2086,0.72,0.5273,0.3209,0.5,3347.6543,1194.5784
p447,0.2086,0.72,0.5273,0.3209,0.75,3094.7896,1710.6581
p448,0.2086,0.72,0.5273,0.2465,0.25,3366.632,822.0288
p449,0.2086,0.72,0.5273,0.2465,0.5,3098.7996,1240.7266
p450,0.2086,0.72,0.5273,0.2465,0.75,2832.241,1790.1527
p451,0.2086,0.72,0.5273,0.2347,0.25,3324.9744,829.363
p452,0.2086,0.72,0.5273,0.2347,0.5,3057.749,1249.6816
p453,0.2086,0.72,0.5273,0.2347,0.75,2788.7256,1803.4893
p454,0.2086,0.72,0.5273,0.1781,0.25,3120.3103,866.0444
p455,0.2086,0.72,0.5273,0.1781,0.5,2855.143,1302.0238
p456,0.2086,0.72,0.5273,0.1781,0.75,2572.9575,1870.9048
p457,0.2086,0.72,0.5273,0.1488,0.25,3009.1318,888.4308
p458,0.2086,0.72,0.5273,0.1488,0.5,2744.1125,1332.7787
p459,0.2086,0.72,0.5273,0.1488,0.75,2467.5168,1911.9937
p460,0.2086,0.72,0.5273,0.1134,0.25,2871.0334,915.5781
p461,0.2086,0.72,0.5273,0.1134,0.5,2616.7495,1375.5981
p462,0.2086,0.72,0.5273,0.1134,0.75,2338.2246,1961.8441
p463,0.2086,2.7734,0.4391,0.1183,0.25,6296.8135,264.0901
p464,0.2086,2.7734,0.4391,0.1183,0.5,5905.2427,476.50247
p465,0.2086,2.7734,0.4391,0.1183,0.75,5604.487,733.0505
p466,0.2086,2.7734,0.4391,0.2242,0.25,6746.9893,240.07367
p467,0.2086,2.7734,0.4391,0.2242,0.5,6371.535,440.07907
p468,0.2086,2.7734,0.4391,0.2242,0.75,6029.3047,679.3398
p469,0.2086,2.7734,0.4391,0.1995,0.25,6639.9854,245.91113
p470,0.2086,2.7734,0.4391,0.1995,0.5,6263.5083,447.92188
p471,0.2086,2.7734,0.4391,0.1995,0.75,5933.1113,690.49786
p472,0.2086,2.7734,0.4391,0.1784,0.25,6548.2183,250.9419
p473,0.2086,2.7734,0.4391,0.1784,0.5,6171.3193,455.12268
p474,0.2086,2.7734,0.4391,0.1784,0.75,5850.146,700.41254
p475,0.2086,2.7734,0.4391,0.1538,0.25,6442.401,256.73688
p476,0.2086,2.7734,0.4391,0.1538,0.5,6061.561,463.62488
p477,0.2086,2.7734,0.4391,0.1538,0.75,5753.054,712.8023
p478,0.2086,2.7734,0.4391,0.3141,0.25,7105.53,222.72375
p479,0.2086,2.7734,0.4391,0.3141,0.5,6730.3496,413.0804
p480,0.2086,2.7734,0.4391,0.3141,0.75,6401.8027,644.73816
p481,0.2086,2.7734,0.4391,0.1438,0.25,6401.4604,258.72064
p482,0.2086,2.7734,0.4391,0.1438,0.5,6017.507,467.00058
p483,0.2086,2.7734,0.4391,0.1438,0.75,5712.472,717.89154
p484,0.2086,2.7734,0.4391,0.1531,0.25,6439.5747,256.8719
p485,0.2086,2.7734,0.4391,0.1531,0.5,6058.4907,463.8663
p486,0.2086,2.7734,0.4391,0.1531,0.75,5750.232,713.1547
p487,0.2086,2.7734,0.4391,0.3209,0.25,7131.2793,221.7699
p488,0.2086,2.7734,0.4391,0.3209,0.5,6756.3755,411.01227
p489,0.2086,2.7734,0.4391,0.3209,0.75,6427.6143,643.0548
p490,0.2086,2.7734,0.4391,0.2465,0.25,6841.094,234.85742
p491,0.2086,2.7734,0.4391,0.2465,0.5,6467.1113,432.97122
p492,0.2086,2.7734,0.4391,0.2465,0.75,6118.4746,670.1811
p493,0.2086,2.7734,0.4391,0.2347,0.25,6791.7007,237.68787
p494,0.2086,2.7734,0.4391,0.2347,0.5,6416.961,436.7539
p495,0.2086,2.7734,0.4391,0.2347,0.75,6070.9854,674.999
p496,0.2086,2.7734,0.4391,0.1781,0.25,6546.9136,251.0133
p497,0.2086,2.7734,0.4391,0.1781,0.5,6169.985,455.2254
p498,0.2086,2.7734,0.4391,0.1781,0.75,5848.966,700.5591
p499,0.2086,2.7734,0.4391,0.1488,0.25,6422.0244,257.71954
p500,0.2086,2.7734,0.4391,0.1488,0.5,6039.6504,465.32303
p501,0.2086,2.7734,0.4391,0.1488,0.75,5732.895,715.31946
p502,0.2086,2.7734,0.4391,0.1134,0.25,6276.436,265.164
p503,0.2086,2.7734,0.4391,0.1134,0.5,5884.042,478.5875
p504,0.2086,2.7734,0.4391,0.1134,0.75,5581.566,736.39996
p505,0.2086,2.6061,0.4394,0.1183,0.25,6019.0,292.75818
p506,0.2086,2.6061,0.4394,0.1183,0.5,5633.0713,514.84546
p507,0.2086,2.6061,0.4394,0.1183,0.75,5315.2764,788.19434
p508,0.2086,2.6061,0.4394,0.2242,0.25,6454.02,266.62756
p509,0.2086,2.6061,0.4394,0.2242,0.5,6091.347,475.88416
p510,0.2086,2.6061,0.4394,0.2242,0.75,5763.3257,725.4571
p511,0.2086,2.6061,0.4394,0.1995,0.25,6349.1157,272.7984
p512,0.2086,2.6061,0.4394,0.1995,0.5,5985.0693,484.09167
p513,0.2086,2.6061,0.4394,0.1995,0.75,5665.368,737.37195
p514,0.2086,2.6061,0.4394,0.1784,0.25,6265.2104,277.98596
p515,0.2086,2.6061,0.4394,0.1784,0.5,5892.3496,491.57602
p516,0.2086,2.6061,0.4394,0.1784,0.75,5577.538,748.9288
p517,0.2086,2.6061,0.4394,0.1538,0.25,6165.069,284.08838
p518,0.2086,2.6061,0.4394,0.1538,0.5,5785.6943,501.22577
p519,0.2086,2.6061,0.4394,0.1538,0.75,5475.0586,763.7477
p520,0.2086,2.6061,0.4394,0.3141,0.25,6820.6475,247.83142
p521,0.2086,2.6061,0.4394,0.3141,0.5,6455.8125,446.58606
p522,0.2086,2.6061,0.4394,0.3141,0.75,6120.0874,687.7266
p523,0.2086,2.6061,0.4394,0.1438,0.25,6123.106,286.53595
p524,0.2086,2.6061,0.4394,0.1438,0.5,5741.438,505.3691
p525,0.2086,2.6061,0.4394,0.1438,0.75,5431.751,770.0258
p526,0.2086,2.6061,0.4394,0.1531,0.25,6162.129,284.26306
p527,0.2086,2.6061,0.4394,0.1531,0.5,5782.694,501.50632
p528,0.2086,2.6061,0.4394,0.1531,0.75,5472.1304,764.1974
p529,0.2086,2.6061,0.4394,0.3209,0.25,6844.9956,246.87347
p530,0.2086,2.6061,0.4394,0.3209,0.5,6480.8633,444.3138
p531,0.2086,2.6061,0.4394,0.3209,0.75,6148.286,684.96326
p532,0.2086,2.6061,0.4394,0.2465,0.25,6549.705,260.96875
p533,0.2086,2.6061,0.4394,0.2465,0.5,6182.8633,468.68515
p534,0.2086,2.6061,0.4394,0.2465,0.75,5849.113,716.18384
p535,0.2086,2.6061,0.4394,0.2347,0.25,6498.8496,263.964
p536,0.2086,2.6061,0.4394,0.2347,0.5,6135.032,472.5577
p537,0.2086,2.6061,0.4394,0.2347,0.75,5803.9385,721.0915
p538,0.2086,2.6061,0.4394,0.1781,0.25,6264.018,278.0597
p539,0.2086,2.6061,0.4394,0.1781,0.5,5891.0474,491.69147
p540,0.2086,2.6061,0.4394,0.1781,0.75,5576.309,749.093
p541,0.2086,2.6061,0.4394,0.1488,0.25,6144.0664,285.33655
p542,0.2086,2.6061,0.4394,0.1488,0.5,5763.849,503.29102
p543,0.2086,2.6061,0.4394,0.1488,0.75,5453.7954,766.93365
p544,0.2086,2.6061,0.4394,0.1134,0.25,5998.873,294.00482
p545,0.2086,2.6061,0.4394,0.1134,0.5,5611.6104,517.0283
p546,0.2086,2.6061,0.4394,0.1134,0.75,5292.5146,791.9555
p547,0.2086,2.5484,0.3129,0.1183,0.25,6051.825,240.42035
p548,0.2086,2.5484,0.3129,0.1183,0.5,5753.3335,376.58078
p549,0.2086,2.5484,0.3129,0.1183,0.75,5497.1396,559.8267
p550,0.2086,2.5484,0.3129,0.2242,0.25,6490.0845,212.79773
p551,0.2086,2.5484,0.3129,0.2242,0.5,6198.2173,343.01544
p552,0.2086,2.5484,0.3129,0.2242,0.75,5930.1807,502.80682
p553,0.2086,2.5484,0.3129,0.1995,0.25,6388.826,218.10834
p554,0.2086,2.5484,0.3129,0.1995,0.5,6098.999,350.6592
p555,0.2086,2.5484,0.3129,0.1995,0.75,5831.377,514.95276
p556,0.2086,2.5484,0.3129,0.1784,0.25,6304.4956,223.38898
p557,0.2086,2.5484,0.3129,0.1784,0.5,6011.105,357.1688
p558,0.2086,2.5484,0.3129,0.1784,0.75,5744.9717,526.6631
p559,0.2086,2.5484,0.3129,0.1538,0.25,6202.932,230.32178
p560,0.2086,2.5484,0.3129,0.1538,0.5,5906.002,365.05096
p561,0.2086,2.5484,0.3129,0.1538,0.75,5643.4766,540.5436
p562,0.2086,2.5484,0.3129,0.3141,0.25,6843.057,202.29865
p563,0.2086,2.5484,0.3129,0.3141,0.5,6581.77,315.7276
p564,0.2086,2.5484,0.3129,0.3141,0.75,6310.4653,468.75183
p565,0.2086,2.5484,0.3129,0.1438,0.25,6160.7397,233.21606
p566,0.2086,2.5484,0.3129,0.1438,0.5,5863.0044,368.34497
p567,0.2086,2.5484,0.3129,0.1438,0.75,5602.7886,546.0245
p568,0.2086,2.5484,0.3129,0.1531,0.25,6199.9785,230.52448
p569,0.2086,2.5484,0.3129,0.1531,0.5,5903.0176,365.28378
p570,0.2086,2.5484,0.3129,0.1531,0.75,5640.5884,540.93854
p571,0.2086,2.5484,0.3129,0.3209,0.25,6871.297,201.59839
p572,0.2086,2.5484,0.3129,0.3209,0.5,6609.919,313.86542
p573,0.2086,2.5484,0.3129,0.3209,0.75,6336.7104,466.38504
p574,0.2086,2.5484,0.3129,0.2465,0.25,6577.8955,210.18536
p575,0.2086,2.5484,0.3129,0.2465,0.5,6295.4634,335.79248
p576,0.2086,2.5484,0.3129,0.2465,0.75,6022.2993,493.35764
p577,0.2086,2.5484,0.3129,0.2347,0.25,6531.417,211.57825
p578,0.2086,2.5484,0.3129,0.2347,0.5,6243.9224,339.6508
p579,0.2086,2.5484,0.3129,0.2347,0.75,5972.3696,498.28882
p580,0.2086,2.5484,0.3129,0.1781,0.25,6303.288,223.47052
p581,0.2086,2.5484,0.3129,0.1781,0.5,6009.8286,357.25986
p582,0.2086,2.5484,0.3129,0.1781,0.75,5743.734,526.83234
p583,0.2086,2.5484,0.3129,0.1488,0.25,6181.8354,231.76904
p584,0.2086,2.5484,0.3129,0.1488,0.5,5884.685,366.71304
p585,0.2086,2.5484,0.3129,0.1488,0.75,5622.8477,543.36487
p586,0.2086,2.5484,0.3129,0.1134,0.25,6030.489,241.85663
p587,0.2086,2.5484,0.3129,0.1134,0.5,5732.8213,378.14026
p588,0.2086,2.5484,0.3129,0.1134,0.75,5475.224,562.88184
p589,0.2086,1.2028,0.2558,0.1183,0.25,3874.6726,491.9808
p590,0.2086,1.2028,0.2558,0.1183,0.5,3706.4075,666.15826
p591,0.2086,1.2028,0.2558,0.1183,0.75,3493.2466,847.8051
p592,0.2086,1.2028,0.2558,0.2242,0.25,4279.796,438.70944
p593,0.2086,1.2028,0.2558,0.2242,0.5,4092.768,605.62494
p594,0.2086,1.2028,0.2558,0.2242,0.75,3912.5454,772.82983
p595,0.2086,1.2028,0.2558,0.1995,0.25,4189.831,449.9765
p596,0.2086,1.2028,0.2558,0.1995,0.5,4004.8643,619.3797
p597,0.2086,1.2028,0.2558,0.1995,0.75,3819.9504,786.6939
p598,0.2086,1.2028,0.2558,0.1784,0.25,4109.7007,460.6358
p599,0.2086,1.2028,0.2558,0.1784,0.5,3929.16,631.18463
p600,0.2086,1.2028,0.2558,0.1784,0.75,3738.1062,799.98175
p601,0.2086,1.2028,0.2558,0.1538,0.25,4015.741,473.17352
p602,0.2086,1.2028,0.2558,0.1538,0.5,3841.926,644.87256
p603,0.2086,1.2028,0.2558,0.1538,0.75,3637.2598,819.9173
p604,0.2086,1.2028,0.2558,0.3141,0.25,4603.5776,401.19376
p605,0.2086,1.2028,0.2558,0.3141,0.5,4422.6504,557.73285
p606,0.2086,1.2028,0.2558,0.3141,0.75,4222.4277,728.1348
p607,0.2086,1.2028,0.2558,0.1438,0.25,3975.589,478.42828
p608,0.2086,1.2028,0.2558,0.1438,0.5,3806.3015,650.30493
p609,0.2086,1.2028,0.2558,0.1438,0.75,3596.6184,827.9796
p610,0.2086,1.2028,0.2558,0.1531,0.25,4012.94,473.54486
p611,0.2086,1.2028,0.2558,0.1531,0.5,3839.4426,645.26184
p612,0.2086,1.2028,0.2558,0.1531,0.75,3634.4146,820.4817
p613,0.2086,1.2028,0.2558,0.3209,0.25,4628.217,398.45383
p614,0.2086,1.2028,0.2558,0.3209,0.5,4449.334,554.1009
p615,0.2086,1.2028,0.2558,0.3209,0.75,4245.672,724.8667
p616,0.2086,1.2028,0.2558,0.2465,0.25,4360.4194,428.97705
p617,0.2086,1.2028,0.2558,0.2465,0.5,4170.1733,594.19183
p618,0.2086,1.2028,0.2558,0.2465,0.75,3991.3916,761.2898
p619,0.2086,1.2028,0.2558,0.2347,0.25,4318.028,434.00723
p620,0.2086,1.2028,0.2558,0.2347,0.5,4129.119,600.2377
p621,0.2086,1.2028,0.2558,0.2347,0.75,3949.4126,767.3155
p622,0.2086,1.2028,0.2558,0.1781,0.25,4108.5693,460.78613
p623,0.2086,1.2028,0.2558,0.1781,0.5,3928.084,631.3548
p624,0.2086,1.2028,0.2558,0.1781,0.75,3736.9175,800.1996
p625,0.2086,1.2028,0.2558,0.1488,0.25,3995.7336,475.8261
p626,0.2086,1.2028,0.2558,0.1488,0.5,3824.2573,647.6022
p627,0.2086,1.2028,0.2558,0.1488,0.75,3616.9392,823.9485
p628,0.2086,1.2028,0.2558,0.1134,0.25,3855.6697,494.53244
p629,0.2086,1.2028,0.2558,0.1134,0.5,3686.2466,669.57806
p630,0.2086,1.2028,0.2558,0.1134,0.75,3473.4377,851.57007
p631,0.2086,1.2676,0.2575,0.1183,0.25,3980.2107,475.153
p632,0.2086,1.2676,0.2575,0.1183,0.5,3807.4138,645.0392
p633,0.2086,1.2676,0.2575,0.1183,0.75,3586.7476,827.19904
p634,0.2086,1.2676,0.2575,0.2242,0.25,4385.085,423.9657
p635,0.2086,1.2676,0.2575,0.2242,0.5,4190.954,588.68634
p636,0.2086,1.2676,0.2575,0.2242,0.75,4002.9197,754.85565
p637,0.2086,1.2676,0.2575,0.1995,0.25,4295.8037,434.73193
p638,0.2086,1.2676,0.2575,0.1995,0.5,4104.016,601.46277
p639,0.2086,1.2676,0.2575,0.1995,0.75,3913.1914,767.76013
p640,0.2086,1.2676,0.2575,0.1784,0.25,4216.3584,445.0507
p641,0.2086,1.2676,0.2575,0.1784,0.5,4029.7122,612.44745
p642,0.2086,1.2676,0.2575,0.1784,0.75,3832.8396,780.11127
p643,0.2086,1.2676,0.2575,0.1538,0.25,4121.3916,457.40594
p644,0.2086,1.2676,0.2575,0.1538,0.5,3941.3438,626.00586
p645,0.2086,1.2676,0.2575,0.1538,0.75,3733.69,798.9093
p646,0.2086,1.2676,0.2575,0.3141,0.25,4711.076,386.88556
p647,0.2086,1.2676,0.2575,0.3141,0.5,4529.672,540.6062
p648,0.2086,1.2676,0.2575,0.3141,0.75,4321.049,709.5404
p649,0.2086,1.2676,0.2575,0.1438,0.25,4081.7107,462.3661
p650,0.2086,1.2676,0.2575,0.1438,0.5,3904.921,631.2467
p651,0.2086,1.2676,0.2575,0.1438,0.75,3692.987,806.84174
p652,0.2086,1.2676,0.2575,0.1531,0.25,4118.6484,457.7453
p653,0.2086,1.2676,0.2575,0.1531,0.5,3938.8914,626.3829
p654,0.2086,1.2676,0.2575,0.1531,0.75,3730.8406,799.46454
p655,0.2086,1.2676,0.2575,0.3209,0.25,4737.9224,383.91745
p656,0.2086,1.2676,0.2575,0.3209,0.5,4556.795,537.1131
p657,0.2086,1.2676,0.2575,0.3209,0.75,4344.178,706.2585
p658,0.2086,1.2676,0.2575,0.2465,0.25,4464.6733,414.7266
p659,0.2086,1.2676,0.2575,0.2465,0.5,4269.6235,577.0685
p660,0.2086,1.2676,0.2575,0.2465,0.75,4084.675,742.8754
p661,0.2086,1.2676,0.2575,0.2347,0.25,4422.1064,419.66296
p662,0.2086,1.2676,0.2575,0.2347,0.5,4227.8374,583.24225
p663,0.2086,1.2676,0.2575,0.2347,0.75,4041.414,749.2148
p664,0.2086,1.2676,0.2575,0.1781,0.25,4215.214,445.20303
p665,0.2086,1.2676,0.2575,0.1781,0.5,4028.6418,612.6069
p666,0.2086,1.2676,0.2575,0.1781,0.75,3831.6418,780.33
p667,0.2086,1.2676,0.2575,0.1488,0.25,4101.798,459.8294
p668,0.2086,1.2676,0.2575,0.1488,0.5,3923.5623,628.6981
p669,0.2086,1.2676,0.2575,0.1488,0.75,3713.3386,802.8755
p670,0.2086,1.2676,0.2575,0.1134,0.25,3961.2578,477.52405
p671,0.2086,1.2676,0.2575,0.1134,0.5,3787.2568,648.31946
p672,0.2086,1.2676,0.2575,0.1134,0.75,3566.744,831.0441
p673,0.2086,1.5092,0.2624,0.1183,0.25,4378.104,413.5436
p674,0.2086,1.5092,0.2624,0.1183,0.5,4165.4316,576.2372
p675,0.2086,1.5092,0.2624,0.1183,0.75,3936.7754,754.31586
p676,0.2086,1.5092,0.2624,0.2242,0.25,4776.0737,370.3899
p677,0.2086,1.5092,0.2624,0.2242,0.5,4562.7705,527.0038
p678,0.2086,1.5092,0.2624,0.2242,0.75,4350.5107,685.6524
p679,0.2086,1.5092,0.2624,0.1995,0.25,4684.997,380.10034
p680,0.2086,1.5092,0.2624,0.1995,0.5,4468.9795,539.2896
p681,0.2086,1.5092,0.2624,0.1995,0.75,4251.597,700.1428
p682,0.2086,1.5092,0.2624,0.1784,0.25,4606.3955,388.56967
p683,0.2086,1.5092,0.2624,0.1784,0.5,4390.0796,549.0149
p684,0.2086,1.5092,0.2624,0.1784,0.75,4171.1865,712.4101
p685,0.2086,1.5092,0.2624,0.1538,0.25,4514.5938,398.1554
p686,0.2086,1.5092,0.2624,0.1538,0.5,4298.345,560.0621
p687,0.2086,1.5092,0.2624,0.1538,0.75,4078.6025,728.0154
p688,0.2086,1.5092,0.2624,0.3141,0.25,5113.402,335.81726
p689,0.2086,1.5092,0.2624,0.3141,0.5,4904.947,486.1247
p690,0.2086,1.5092,0.2624,0.3141,0.75,4696.1553,637.4238
p691,0.2086,1.5092,0.2624,0.1438,0.25,4477.3936,402.15497
p692,0.2086,1.5092,0.2624,0.1438,0.5,4261.1934,564.48346
p693,0.2086,1.5092,0.2624,0.1438,0.75,4039.2075,735.5372
p694,0.2086,1.5092,0.2624,0.1531,0.25,4511.9897,398.4354
p695,0.2086,1.5092,0.2624,0.1531,0.5,4295.7446,560.37164
p696,0.2086,1.5092,0.2624,0.1531,0.75,4075.864,728.5328
p697,0.2086,1.5092,0.2624,0.3209,0.25,5139.189,333.9441
p698,0.2086,1.5092,0.2624,0.3209,0.5,4929.122,483.50345
p699,0.2086,1.5092,0.2624,0.3209,0.75,4722.8086,634.0133
p700,0.2086,1.5092,0.2624,0.2465,0.25,4856.7056,361.65894
p701,0.2086,1.5092,0.2624,0.2465,0.5,4649.37,516.13245
p702,0.2086,1.5092,0.2624,0.2465,0.75,4438.254,672.9095
p703,0.2086,1.5092,0.2624,0.2347,0.25,4814.0396,366.27893
p704,0.2086,1.5092,0.2624,0.2347,0.5,4604.2393,521.72455
p705,0.2086,1.5092,0.2624,0.2347,0.75,4392.6084,679.4851
p706,0.2086,1.5092,0.2624,0.1781,0.25,4605.258,388.68677
p707,0.2086,1.5092,0.2624,0.1781,0.5,4388.9487,549.1526
p708,0.2086,1.5092,0.2624,0.1781,0.75,4170.0776,712.5842
p709,0.2086,1.5092,0.2624,0.1488,0.25,4495.9937,400.15512
p710,0.2086,1.5092,0.2624,0.1488,0.5,4279.769,562.2728
p711,0.2086,1.5092,0.2624,0.1488,0.75,4058.951,731.76025
p712,0.2086,1.5092,0.2624,0.1134,0.25,4358.919,415.81134
p713,0.2086,1.5092,0.2624,0.1134,0.5,4146.618,578.6753
p714,0.2086,1.5092,0.2624,0.1134,0.75,3917.0295,757.89435
p715,0.2086,1.3334,0.5746,0.1183,0.25,3861.1536,698.3588
p716,0.2086,1.3334,0.5746,0.1183,0.5,3540.8572,1123.1039
p717,0.2086,1.3334,0.5746,0.1183,0.75,3194.124,1657.0106
p718,0.2086,1.3334,0.5746,0.2242,0.25,4275.0757,634.0729
p719,0.2086,1.3334,0.5746,0.2242,0.5,3952.7854,1034.9467
p720,0.2086,1.3334,0.5746,0.2242,0.75,3610.4072,1546.5825
p721,0.2086,1.3334,0.5746,0.1995,0.25,4183.24,647.7822
p722,0.2086,1.3334,0.5746,0.1995,0.5,3860.7837,1052.8827
p723,0.2086,1.3334,0.5746,0.1995,0.75,3512.717,1570.9796
p724,0.2086,1.3334,0.5746,0.1784,0.25,4103.2627,659.7487
p725,0.2086,1.3334,0.5746,0.1784,0.5,3779.8875,1069.25
p726,0.2086,1.3334,0.5746,0.1784,0.75,3427.7632,1591.7483
p727,0.2086,1.3334,0.5746,0.1538,0.25,4009.5862,673.7694
p728,0.2086,1.3334,0.5746,0.1538,0.5,3684.0972,1090.2484
p729,0.2086,1.3334,0.5746,0.1538,0.75,3329.034,1616.5483
p730,0.2086,1.3334,0.5746,0.3141,0.25,4591.865,590.161
p731,0.2086,1.3334,0.5746,0.3141,0.5,4256.105,981.94214
p732,0.2086,1.3334,0.5746,0.3141,0.75,3929.2712,1471.116
p733,0.2086,1.3334,0.5746,0.1438,0.25,3970.1965,679.917
p734,0.2086,1.3334,0.5746,0.1438,0.5,3644.22,1099.5426
p735,0.2086,1.3334,0.5746,0.1438,0.75,3289.7295,1626.9719
p736,0.2086,1.3334,0.5746,0.1531,0.25,4006.8936,674.15967
p737,0.2086,1.3334,0.5746,0.1531,0.5,3681.3054,1090.8989
p738,0.2086,1.3334,0.5746,0.1531,0.75,3326.2805,1617.2686
p739,0.2086,1.3334,0.5746,0.3209,0.25,4616.5166,586.595
p740,0.2086,1.3334,0.5746,0.3209,0.5,4275.6416,978.674
p741,0.2086,1.3334,0.5746,0.3209,0.75,3949.3606,1466.9775
p742,0.2086,1.3334,0.5746,0.2465,0.25,4355.54,622.0422
p743,0.2086,1.3334,0.5746,0.2465,0.5,4031.226,1019.9521
p744,0.2086,1.3334,0.5746,0.2465,0.75,3695.9675,1524.3396
p745,0.2086,1.3334,0.5746,0.2347,0.25,4312.768,628.41003
p746,0.2086,1.3334,0.5746,0.2347,0.5,3990.1458,1027.8708
p747,0.2086,1.3334,0.5746,0.2347,0.75,3651.635,1536.189
p748,0.2086,1.3334,0.5746,0.1781,0.25,4102.1265,659.922
p749,0.2086,1.3334,0.5746,0.1781,0.5,3778.7388,1069.4822
p750,0.2086,1.3334,0.5746,0.1781,0.75,3426.548,1592.0488
p751,0.2086,1.3334,0.5746,0.1488,0.25,3990.3037,676.58246
p752,0.2086,1.3334,0.5746,0.1488,0.5,3664.159,1094.8955
p753,0.2086,1.3334,0.5746,0.1488,0.75,3309.3596,1621.694
p754,0.2086,1.3334,0.5746,0.1134,0.25,3839.856,702.04346
p755,0.2086,1.3334,0.5746,0.1134,0.5,3520.809,1127.6158
p756,0.2086,1.3334,0.5746,0.1134,0.75,3176.4087,1663.1274
p757,0.2086,0.7099,0.1669,0.1183,0.25,3125.8179,544.22217
p758,0.2086,0.7099,0.1669,0.1183,0.5,3018.8901,702.5751
p759,0.2086,0.7099,0.1669,0.1183,0.75,2831.7422,897.15094
p760,0.2086,0.7099,0.1669,0.2242,0.25,3541.8984,480.77692
p761,0.2086,0.7099,0.1669,0.2242,0.5,3405.828,632.14026
p762,0.2086,0.7099,0.1669,0.2242,0.75,3245.7246,808.08936
p763,0.2086,0.7099,0.1669,0.1995,0.25,3442.773,495.82748
p764,0.2086,0.7099,0.1669,0.1995,0.5,3316.9412,648.1165
p765,0.2086,0.7099,0.1669,0.1995,0.75,3156.6208,825.7867
p766,0.2086,0.7099,0.1669,0.1784,0.25,3359.3525,508.55276
p767,0.2086,0.7099,0.1669,0.1784,0.5,3240.151,661.5277
p768,0.2086,0.7099,0.1669,0.1784,0.75,3075.6726,843.3196
p769,0.2086,0.7099,0.1669,0.1538,0.25,3263.158,523.25183
p770,0.2086,0.7099,0.1669,0.1538,0.5,3149.8237,677.68115
p771,0.2086,0.7099,0.1669,0.1538,0.75,2976.2231,863.7851
p772,0.2086,0.7099,0.1669,0.3141,0.25,3884.2502,433.651
p773,0.2086,0.7099,0.1669,0.3141,0.5,3738.9038,574.04755
p774,0.2086,0.7099,0.1669,0.3141,0.75,3560.628,749.2364
p775,0.2086,0.7099,0.1669,0.1438,0.25,3224.6716,529.1108
p776,0.2086,0.7099,0.1669,0.1438,0.5,3113.6758,684.0838
p777,0.2086,0.7099,0.1669,0.1438,0.75,2935.2222,872.2464
p778,0.2086,0.7099,0.1669,0.1531,0.25,3260.4373,523.6683
p779,0.2086,0.7099,0.1669,0.1531,0.5,3147.256,678.13525
p780,0.2086,0.7099,0.1669,0.1531,0.75,2973.3357,864.34106
p781,0.2086,0.7099,0.1669,0.3209,0.25,3908.5796,430.7611
p782,0.2086,0.7099,0.1669,0.3209,0.5,3764.281,569.8033
p783,0.2086,0.7099,0.1669,0.3209,0.75,3584.395,744.9224
p784,0.2086,0.7099,0.1669,0.2465,0.25,3629.576,467.9828
p785,0.2086,0.7099,0.1669,0.2465,0.5,3486.8413,617.1054
p786,0.2086,0.7099,0.1669,0.2465,0.75,3324.5178,793.34326
p787,0.2086,0.7099,0.1669,0.2347,0.25,3583.2556,474.66138
p788,0.2086,0.7099,0.1669,0.2347,0.5,3443.2185,625.26855
p789,0.2086,0.7099,0.1669,0.2347,0.75,3282.898,800.98474
p790,0.2086,0.7099,0.1669,0.1781,0.25,3358.1694,508.73306
p791,0.2086,0.7099,0.1669,0.1781,0.5,3239.0652,661.7158
p792,0.2086,0.7099,0.1669,0.1781,0.75,3074.4749,843.5727
p793,0.2086,0.7099,0.1669,0.1488,0.25,3243.884,526.18646
p794,0.2086,0.7099,0.1669,0.1488,0.5,3131.7202,680.88715
p795,0.2086,0.7099,0.1669,0.1488,0.75,2955.5754,867.85974
p796,0.2086,0.7099,0.1669,0.1134,0.25,3106.6694,547.1645
p797,0.2086,0.7099,0.1669,0.1134,0.5,3000.5508,706.22876
p798,0.2086,0.7099,0.1669,0.1134,0.75,2812.3528,902.09564
p799,0.2086,0.803,0.2027,0.1183,0.25,3248.233,558.79224
p800,0.2086,0.803,0.2027,0.1183,0.5,3125.2544,725.2611
p801,0.2086,0.803,0.2027,0.1183,0.75,2930.3826,921.52216
p802,0.2086,0.803,0.2027,0.2242,0.25,3663.3809,495.1971
p803,0.2086,0.803,0.2027,0.2242,0.5,3513.176,656.8645
p804,0.2086,0.803,0.2027,0.2242,0.75,3344.8247,834.6893
p805,0.2086,0.803,0.2027,0.1995,0.25,3564.9558,509.89896
p806,0.2086,0.803,0.2027,0.1995,0.5,3426.8538,671.59106
p807,0.2086,0.803,0.2027,0.1995,0.75,3255.9749,852.03125
p808,0.2086,0.803,0.2027,0.1784,0.25,3482.6238,522.532
p809,0.2086,0.803,0.2027,0.1784,0.5,3348.5154,685.0956
p810,0.2086,0.803,0.2027,0.1784,0.75,3174.424,869.0102
p811,0.2086,0.803,0.2027,0.1538,0.25,3386.848,537.2372
p812,0.2086,0.803,0.2027,0.1538,0.5,3257.4124,700.29535
p813,0.2086,0.803,0.2027,0.1538,0.75,3076.763,889.62494
p814,0.2086,0.803,0.2027,0.3141,0.25,3999.4631,450.09995
p815,0.2086,0.803,0.2027,0.3141,0.5,3845.1953,599.02716
p816,0.2086,0.803,0.2027,0.3141,0.75,3661.7463,776.14417
p817,0.2086,0.803,0.2027,0.1438,0.25,3347.9814,543.2044
p818,0.2086,0.803,0.2027,0.1438,0.5,3220.9658,706.3753
p819,0.2086,0.803,0.2027,0.1438,0.75,3035.9646,898.80695
p820,0.2086,0.803,0.2027,0.1531,0.25,3384.1226,537.6557
p821,0.2086,0.803,0.2027,0.1531,0.5,3254.8599,700.72003
p822,0.2086,0.803,0.2027,0.1531,0.75,3073.9177,890.2862
p823,0.2086,0.803,0.2027,0.3209,0.25,4024.1382,447.15656
p824,0.2086,0.803,0.2027,0.3209,0.5,3870.3132,594.95355
p825,0.2086,0.803,0.2027,0.3209,0.75,3685.4836,772.3481
p826,0.2086,0.803,0.2027,0.2465,0.25,3750.1963,482.60086
p827,0.2086,0.803,0.2027,0.2465,0.5,3592.8247,642.8871
p828,0.2086,0.803,0.2027,0.2465,0.75,3425.525,819.5073
p829,0.2086,0.803,0.2027,0.2347,0.25,3705.1467,489.03036
p830,0.2086,0.803,0.2027,0.2347,0.5,3550.2234,650.3767
p831,0.2086,0.803,0.2027,0.2347,0.75,3382.9958,827.60864
p832,0.2086,0.803,0.2027,0.1781,0.25,3481.456,522.7113
p833,0.2086,0.803,0.2027,0.1781,0.5,3347.387,685.2846
p834,0.2086,0.803,0.2027,0.1781,0.75,3173.2576,869.2475
p835,0.2086,0.803,0.2027,0.1488,0.25,3367.381,540.22614
p836,0.2086,0.803,0.2027,0.1488,0.5,3239.1836,703.32886
p837,0.2086,0.803,0.2027,0.1488,0.75,3056.542,894.30115
p838,0.2086,0.803,0.2027,0.1134,0.25,3229.4377,561.64594
p839,0.2086,0.803,0.2027,0.1134,0.5,3105.8716,729.106
p840,0.2086,0.803,0.2027,0.1134,0.75,2910.3008,925.7014
p841,0.1803,0.72,0.5273,0.1183,0.25,2596.2944,981.5892
p842,0.1803,0.72,0.5273,0.1183,0.5,2368.858,1472.2393
p843,0.1803,0.72,0.5273,0.1183,0.75,2094.51,2078.0251
p844,0.1803,0.72,0.5273,0.2242,0.25,2992.4333,896.9907
p845,0.1803,0.72,0.5273,0.2242,0.5,2737.5742,1343.7524
p846,0.1803,0.72,0.5273,0.2242,0.75,2478.2488,1932.3875
p847,0.1803,0.72,0.5273,0.1995,0.25,2903.8555,912.6281
p848,0.1803,0.72,0.5273,0.1995,0.5,2651.7722,1370.2737
p849,0.1803,0.72,0.5273,0.1995,0.75,2386.2808,1962.8732
p850,0.1803,0.72,0.5273,0.1784,0.25,2824.4094,928.50653
p851,0.1803,0.72,0.5273,0.1784,0.5,2577.3784,1394.5435
p852,0.1803,0.72,0.5273,0.1784,0.75,2312.1553,1992.4049
p853,0.1803,0.72,0.5273,0.1538,0.25,2730.3875,948.51917
p854,0.1803,0.72,0.5273,0.1538,0.5,2491.4536,1425.3085
p855,0.1803,0.72,0.5273,0.1538,0.75,2225.0774,2026.9902
p856,0.1803,0.72,0.5273,0.3141,0.25,3307.5273,842.5707
p857,0.1803,0.72,0.5273,0.3141,0.5,3043.4673,1268.3206
p858,0.1803,0.72,0.5273,0.3141,0.75,2798.7668,1829.4264
p859,0.1803,0.72,0.5273,0.1438,0.25,2692.8809,957.9037
p860,0.1803,0.72,0.5273,0.1438,0.5,2457.602,1438.5636
p861,0.1803,0.72,0.5273,0.1438,0.75,2188.255,2041.3639
p862,0.1803,0.72,0.5273,0.1531,0.25,2727.7651,949.17096
p863,0.1803,0.72,0.5273,0.1531,0.5,2489.1167,1426.238
p864,0.1803,0.72,0.5273,0.1531,0.75,2222.5132,2027.9915
p865,0.1803,0.72,0.5273,0.3209,0.25,3331.2751,838.4335
p866,0.1803,0.72,0.5273,0.3209,0.5,3065.7598,1264.3632
p867,0.1803,0.72,0.5273,0.3209,0.75,2821.6816,1821.8756
p868,0.1803,0.72,0.5273,0.2465,0.25,3070.0173,883.61304
p869,0.1803,0.72,0.5273,0.2465,0.5,2815.1775,1320.5979
p870,0.1803,0.72,0.5273,0.2465,0.75,2560.2537,1906.797
p871,0.1803,0.72,0.5273,0.2347,0.25,3028.9639,890.6918
p872,0.1803,0.72,0.5273,0.2347,0.5,2774.114,1332.8501
p873,0.1803,0.72,0.5273,0.2347,0.75,2516.9429,1920.3733
p874,0.1803,0.72,0.5273,0.1781,0.25,2823.2798,928.73224
p875,0.1803,0.72,0.5273,0.1781,0.5,2576.294,1394.8944
p876,0.1803,0.72,0.5273,0.1781,0.75,2311.1008,1992.8262
p877,0.1803,0.72,0.5273,0.1488,0.25,2711.6587,953.1896
p878,0.1803,0.72,0.5273,0.1488,0.5,2474.764,1431.9482
p879,0.1803,0.72,0.5273,0.1488,0.75,2206.6719,2034.1747
p880,0.1803,0.72,0.5273,0.1134,0.25,2578.742,986.63654
p881,0.1803,0.72,0.5273,0.1134,0.5,2351.4602,1478.7147
p882,0.1803,0.72,0.5273,0.1134,0.75,2076.499,2084.804
p883,0.1803,2.7734,0.4391,0.1183,0.25,5986.472,288.74518
p884,0.1803,2.7734,0.4391,0.1183,0.5,5587.6733,510.78378
p885,0.1803,2.7734,0.4391,0.1183,0.75,5275.7197,787.81165
p886,0.1803,2.7734,0.4391,0.2242,0.25,6416.6113,262.56335
p887,0.1803,2.7734,0.4391,0.2242,0.5,6047.812,468.8232
p888,0.1803,2.7734,0.4391,0.2242,0.75,5717.6797,724.32196
p889,0.1803,2.7734,0.4391,0.1995,0.25,6311.453,268.58276
p890,0.1803,2.7734,0.4391,0.1995,0.5,5943.8467,478.03995
p891,0.1803,2.7734,0.4391,0.1995,0.75,5619.652,736.36084
p892,0.1803,2.7734,0.4391,0.1784,0.25,6225.563,273.878
p893,0.1803,2.7734,0.4391,0.1784,0.5,5849.8555,486.51212
p894,0.1803,2.7734,0.4391,0.1784,0.75,5533.098,747.6828
p895,0.1803,2.7734,0.4391,0.1538,0.25,6127.16,280.01282
p896,0.1803,2.7734,0.4391,0.1538,0.5,5741.941,495.60342
p897,0.1803,2.7734,0.4391,0.1538,0.75,5432.758,762.29126
p898,0.1803,2.7734,0.4391,0.3141,0.25,6785.4565,243.232
p899,0.1803,2.7734,0.4391,0.3141,0.5,6417.8877,439.881
p900,0.1803,2.7734,0.4391,0.3141,0.75,6074.674,686.5793
p901,0.1803,2.7734,0.4391,0.1438,0.25,6087.5522,282.5031
p902,0.1803,2.7734,0.4391,0.1438,0.5,5697.8013,499.55063
p903,0.1803,2.7734,0.4391,0.1438,0.75,5388.996,768.8508
p904,0.1803,2.7734,0.4391,0.1531,0.25,6124.3286,280.19043
p905,0.1803,2.7734,0.4391,0.1531,0.5,5738.8496,495.875
p906,0.1803,2.7734,0.4391,0.1531,0.75,5429.888,762.723
p907,0.1803,2.7734,0.4391,0.3209,0.25,6810.1343,242.29901
p908,0.1803,2.7734,0.4391,0.3209,0.5,6445.4346,437.64798
p909,0.1803,2.7734,0.4391,0.3209,0.75,6103.6387,683.289
p910,0.1803,2.7734,0.4391,0.2465,0.25,6512.4136,257.12604
p911,0.1803,2.7734,0.4391,0.2465,0.5,6137.3364,461.48557
p912,0.1803,2.7734,0.4391,0.2465,0.75,5807.421,713.43335
p913,0.1803,2.7734,0.4391,0.2347,0.25,6461.645,259.9975
p914,0.1803,2.7734,0.4391,0.2347,0.5,6091.0493,465.3416
p915,0.1803,2.7734,0.4391,0.2347,0.75,5760.4214,719.0461
p916,0.1803,2.7734,0.4391,0.1781,0.25,6224.374,273.95178
p917,0.1803,2.7734,0.4391,0.1781,0.5,5848.4995,486.61996
p918,0.1803,2.7734,0.4391,0.1781,0.75,5531.8843,747.8436
p919,0.1803,2.7734,0.4391,0.1488,0.25,6106.934,281.28125
p920,0.1803,2.7734,0.4391,0.1488,0.5,5719.8594,497.54318
p921,0.1803,2.7734,0.4391,0.1488,0.75,5411.2007,765.4108
p922,0.1803,2.7734,0.4391,0.1134,0.25,5966.439,289.97614
p923,0.1803,2.7734,0.4391,0.1134,0.5,5566.6104,513.1335
p924,0.1803,2.7734,0.4391,0.1134,0.75,5253.605,791.6563
p925,0.1803,2.6061,0.4394,0.1183,0.25,5707.45,320.6986
p926,0.1803,2.6061,0.4394,0.1183,0.5,5317.519,551.6479
p927,0.1803,2.6061,0.4394,0.1183,0.75,4986.797,846.1875
p928,0.1803,2.6061,0.4394,0.2242,0.25,6129.6724,290.26776
p929,0.1803,2.6061,0.4394,0.2242,0.5,5767.198,506.43652
p930,0.1803,2.6061,0.4394,0.2242,0.75,5437.295,775.4253
p931,0.1803,2.6061,0.4394,0.1995,0.25,6026.929,296.8072
p932,0.1803,2.6061,0.4394,0.1995,0.5,5663.2627,516.78687
p933,0.1803,2.6061,0.4394,0.1995,0.75,5337.7407,789.5504
p934,0.1803,2.6061,0.4394,0.1784,0.25,5943.0747,302.59137
p935,0.1803,2.6061,0.4394,0.1784,0.5,5570.7305,525.58856
p936,0.1803,2.6061,0.4394,0.1784,0.75,5250.7295,802.3765
p937,0.1803,2.6061,0.4394,0.1538,0.25,5846.608,309.9558
p938,0.1803,2.6061,0.4394,0.1538,0.5,5463.967,535.8741
p939,0.1803,2.6061,0.4394,0.1538,0.75,5141.251,819.6273
p940,0.1803,2.6061,0.4394,0.3141,0.25,6498.3916,268.06512
p941,0.1803,2.6061,0.4394,0.3141,0.5,6136.7446,474.74045
p942,0.1803,2.6061,0.4394,0.3141,0.75,5797.0273,730.2406
p943,0.1803,2.6061,0.4394,0.1438,0.25,5807.542,312.99634
p944,0.1803,2.6061,0.4394,0.1438,0.5,5421.346,540.3954
p945,0.1803,2.6061,0.4394,0.1438,0.75,5096.8022,827.2967
p946,0.1803,2.6061,0.4394,0.1531,0.25,5843.873,310.16864
p947,0.1803,2.6061,0.4394,0.1531,0.5,5460.9546,536.1937
p948,0.1803,2.6061,0.4394,0.1531,0.75,5138.1294,820.1634
p949,0.1803,2.6061,0.4394,0.3209,0.25,6524.7974,267.09113
p950,0.1803,2.6061,0.4394,0.3209,0.5,6165.1626,472.2722
p951,0.1803,2.6061,0.4394,0.3209,0.75,5823.836,727.54956
p952,0.1803,2.6061,0.4394,0.2465,0.25,6221.71,284.37927
p953,0.1803,2.6061,0.4394,0.2465,0.5,5861.1143,497.8784
p954,0.1803,2.6061,0.4394,0.2465,0.75,5529.124,763.06244
p955,0.1803,2.6061,0.4394,0.2347,0.25,6173.2,287.52496
p956,0.1803,2.6061,0.4394,0.2347,0.5,5811.045,502.28995
p957,0.1803,2.6061,0.4394,0.2347,0.75,5480.6816,769.6175
p958,0.1803,2.6061,0.4394,0.1781,0.25,5941.921,302.67328
p959,0.1803,2.6061,0.4394,0.1781,0.5,5569.387,525.71594
p960,0.1803,2.6061,0.4394,0.1781,0.75,5249.467,802.5626
p961,0.1803,2.6061,0.4394,0.1488,0.25,5827.0747,311.476
p962,0.1803,2.6061,0.4394,0.1488,0.5,5442.5767,538.14355
p963,0.1803,2.6061,0.4394,0.1488,0.75,5118.953,823.4562
p964,0.1803,2.6061,0.4394,0.1134,0.25,5687.5903,322.27228
p965,0.1803,2.6061,0.4394,0.1134,0.5,5298.4146,553.9198
p966,0.1803,2.6061,0.4394,0.1134,0.75,4966.0605,849.7208
p967,0.1803,2.5484,0.3129,0.1183,0.25,5735.0205,262.54913
p968,0.1803,2.5484,0.3129,0.1183,0.5,5442.493,406.33615
p969,0.1803,2.5484,0.3129,0.1183,0.75,5166.4624,607.41345
p970,0.1803,2.5484,0.3129,0.2242,0.25,6162.453,231.4632
p971,0.1803,2.5484,0.3129,0.2242,0.5,5873.936,371.40073
p972,0.1803,2.5484,0.3129,0.2242,0.75,5617.864,542.85364
p973,0.1803,2.5484,0.3129,0.1995,0.25,6064.953,238.4989
p974,0.1803,2.5484,0.3129,0.1995,0.5,5770.8647,380.2728
p975,0.1803,2.5484,0.3129,0.1995,0.75,5516.144,555.9917
p976,0.1803,2.5484,0.3129,0.1784,0.25,5979.232,244.48749
p977,0.1803,2.5484,0.3129,0.1784,0.5,5683.799,387.60046
p978,0.1803,2.5484,0.3129,0.1784,0.75,5427.727,568.0493
p979,0.1803,2.5484,0.3129,0.1538,0.25,5879.2554,251.51733
p980,0.1803,2.5484,0.3129,0.1538,0.5,5587.1914,395.2361
p981,0.1803,2.5484,0.3129,0.1538,0.75,5323.621,582.5154
p982,0.1803,2.5484,0.3129,0.3141,0.25,6509.1245,218.1507
p983,0.1803,2.5484,0.3129,0.3141,0.5,6251.1763,342.41022
p984,0.1803,2.5484,0.3129,0.3141,0.75,5971.905,506.08368
p985,0.1803,2.5484,0.3129,0.1438,0.25,5838.0737,254.49133
p986,0.1803,2.5484,0.3129,0.1438,0.5,5547.184,398.21442
p987,0.1803,2.5484,0.3129,0.1438,0.75,5280.7114,589.02966
p988,0.1803,2.5484,0.3129,0.1531,0.25,5876.467,251.71698
p989,0.1803,2.5484,0.3129,0.1531,0.5,5584.462,395.44757
p990,0.1803,2.5484,0.3129,0.1531,0.75,5320.5767,582.9791
p991,0.1803,2.5484,0.3129,0.3209,0.25,6535.932,217.48334
p992,0.1803,2.5484,0.3129,0.3209,0.5,6280.9253,340.37167
p993,0.1803,2.5484,0.3129,0.3209,0.75,6000.194,503.8085
p994,0.1803,2.5484,0.3129,0.2465,0.25,6246.0527,227.16107
p995,0.1803,2.5484,0.3129,0.2465,0.5,5965.288,363.5815
p996,0.1803,2.5484,0.3129,0.2465,0.75,5708.8535,532.405
p997,0.1803,2.5484,0.3129,0.2347,0.25,6201.687,229.01337
p998,0.1803,2.5484,0.3129,0.2347,0.5,5917.3843,367.67996
p999,0.1803,2.5484,0.3129,0.2347,0.75,5661.731,537.8657
p1000,0.1803,2.5484,0.3129,0.1781,0.25,5978.001,244.57477
p1001,0.1803,2.5484,0.3129,0.1781,0.5,5682.572,387.7006
p1002,0.1803,2.5484,0.3129,0.1781,0.75,5426.4346,568.2278
p1003,0.1803,2.5484,0.3129,0.1488,0.25,5858.8213,252.99048
p1004,0.1803,2.5484,0.3129,0.1488,0.5,5567.3604,396.71967
p1005,0.1803,2.5484,0.3129,0.1488,0.75,5302.055,585.79407
p1006,0.1803,2.5484,0.3129,0.1134,0.25,5715.0547,264.16003
p1007,0.1803,2.5484,0.3129,0.1134,0.5,5422.573,407.9289
p1008,0.1803,2.5484,0.3129,0.1134,0.75,5143.6475,611.09424
p1009,0.1803,1.2028,0.2558,0.1183,0.25,3563.2368,535.52026
p1010,0.1803,1.2028,0.2558,0.1183,0.5,3408.9587,720.43634
p1011,0.1803,1.2028,0.2558,0.1183,0.75,3204.9507,910.4182
p1012,0.1803,1.2028,0.2558,0.2242,0.25,3968.6108,479.56244
p1013,0.1803,1.2028,0.2558,0.2242,0.5,3794.7102,653.8962
p1014,0.1803,1.2028,0.2558,0.2242,0.75,3621.0881,830.2955
p1015,0.1803,1.2028,0.2558,0.1995,0.25,3874.453,492.5459
p1016,0.1803,1.2028,0.2558,0.1995,0.5,3706.9817,667.6924
p1017,0.1803,1.2028,0.2558,0.1995,0.75,3527.5146,846.3286
p1018,0.1803,1.2028,0.2558,0.1784,0.25,3794.568,503.52115
p1019,0.1803,1.2028,0.2558,0.1784,0.5,3632.119,679.4265
p1020,0.1803,1.2028,0.2558,0.1784,0.75,3445.3037,862.7179
p1021,0.1803,1.2028,0.2558,0.1538,0.25,3702.071,515.9147
p1022,0.1803,1.2028,0.2558,0.1538,0.5,3543.1885,694.2274
p1023,0.1803,1.2028,0.2558,0.1538,0.75,3347.2297,882.3719
p1024,0.1803,1.2028,0.2558,0.3141,0.25,4296.065,438.7844
p1025,0.1803,1.2028,0.2558,0.3141,0.5,4113.813,603.98315
p1026,0.1803,1.2028,0.2558,0.3141,0.75,3931.937,783.634
p1027,0.1803,1.2028,0.2558,0.1438,0.25,3663.0645,521.1588
p1028,0.1803,1.2028,0.2558,0.1438,0.5,3505.962,701.3125
p1029,0.1803,1.2028,0.2558,0.1438,0.75,3307.3354,890.5783
p1030,0.1803,1.2028,0.2558,0.1531,0.25,3699.3408,516.28174
p1031,0.1803,1.2028,0.2558,0.1531,0.5,3540.648,694.6583
p1032,0.1803,1.2028,0.2558,0.1531,0.75,3344.4382,882.94635
p1033,0.1803,1.2028,0.2558,0.3209,0.25,4320.8477,435.8836
p1034,0.1803,1.2028,0.2558,0.3209,0.5,4138.302,600.3389
p1035,0.1803,1.2028,0.2558,0.3209,0.75,3955.0337,780.27057
p1036,0.1803,1.2028,0.2558,0.2465,0.25,4051.9048,468.4663
p1037,0.1803,1.2028,0.2558,0.2465,0.5,3875.3535,640.84265
p1038,0.1803,1.2028,0.2558,0.2465,0.75,3701.4336,817.9598
p1039,0.1803,1.2028,0.2558,0.2347,0.25,4008.1897,474.2317
p1040,0.1803,1.2028,0.2558,0.2347,0.5,3832.4219,647.7243
p1041,0.1803,1.2028,0.2558,0.2347,0.75,3658.9343,824.488
p1042,0.1803,1.2028,0.2558,0.1781,0.25,3793.455,503.6736
p1043,0.1803,1.2028,0.2558,0.1781,0.5,3631.0552,679.5928
p1044,0.1803,1.2028,0.2558,0.1781,0.75,3444.1064,862.9552
p1045,0.1803,1.2028,0.2558,0.1488,0.25,3682.5679,518.53674
p1046,0.1803,1.2028,0.2558,0.1488,0.5,3524.7224,697.6746
p1047,0.1803,1.2028,0.2558,0.1488,0.75,3327.2834,886.4751
p1048,0.1803,1.2028,0.2558,0.1134,0.25,3543.869,538.43835
p1049,0.1803,1.2028,0.2558,0.1134,0.5,3389.9927,724.18384
p1050,0.1803,1.2028,0.2558,0.1134,0.75,3184.859,914.424
p1051,0.1803,1.2676,0.2575,0.1183,0.25,3667.1748,517.5622
p1052,0.1803,1.2676,0.2575,0.1183,0.5,3509.9666,699.41864
p1053,0.1803,1.2676,0.2575,0.1183,0.75,3301.4612,888.28406
p1054,0.1803,1.2676,0.2575,0.2242,0.25,4073.8284,463.77707
p1055,0.1803,1.2676,0.2575,0.2242,0.5,3894.4019,635.3756
p1056,0.1803,1.2676,0.2575,0.2242,0.75,3716.7715,810.3117
p1057,0.1803,1.2676,0.2575,0.1995,0.25,3978.8333,476.20203
p1058,0.1803,1.2676,0.2575,0.1995,0.5,3805.3784,649.2151
p1059,0.1803,1.2676,0.2575,0.1995,0.75,3624.1948,825.42285
p1060,0.1803,1.2676,0.2575,0.1784,0.25,3898.0598,486.90048
p1061,0.1803,1.2676,0.2575,0.1784,0.5,3730.8823,660.6862
p1062,0.1803,1.2676,0.2575,0.1784,0.75,3540.6345,841.4913
p1063,0.1803,1.2676,0.2575,0.1538,0.25,3804.5083,499.1739
p1064,0.1803,1.2676,0.2575,0.1538,0.5,3643.9778,674.0973
p1065,0.1803,1.2676,0.2575,0.1538,0.75,3442.0852,861.24854
p1066,0.1803,1.2676,0.2575,0.3141,0.25,4401.0137,424.20187
p1067,0.1803,1.2676,0.2575,0.3141,0.5,4213.431,586.7252
p1068,0.1803,1.2676,0.2575,0.3141,0.75,4029.076,763.5886
p1069,0.1803,1.2676,0.2575,0.1438,0.25,3766.4038,504.22714
p1070,0.1803,1.2676,0.2575,0.1438,0.5,3607.6392,680.31537
p1071,0.1803,1.2676,0.2575,0.1438,0.75,3402.8306,869.01807
p1072,0.1803,1.2676,0.2575,0.1531,0.25,3801.8696,499.52145
p1073,0.1803,1.2676,0.2575,0.1531,0.5,3641.4797,674.49646
p1074,0.1803,1.2676,0.2575,0.1531,0.75,3439.2832,861.81445
p1075,0.1803,1.2676,0.2575,0.3209,0.25,4426.135,421.29434
p1076,0.1803,1.2676,0.2575,0.3209,0.5,4238.7217,582.9806
p1077,0.1803,1.2676,0.2575,0.3209,0.75,4051.773,760.4361
p1078,0.1803,1.2676,0.2575,0.2465,0.25,4157.3926,452.9505
p1079,0.1803,1.2676,0.2575,0.2465,0.5,3975.7637,622.4909
p1080,0.1803,1.2676,0.2575,0.2465,0.75,3795.644,798.5643
p1081,0.1803,1.2676,0.2575,0.2347,0.25,4113.2334,458.56976
p1082,0.1803,1.2676,0.2575,0.2347,0.5,3933.7617,629.0715
p1083,0.1803,1.2676,0.2575,0.2347,0.75,3754.3113,804.6305
p1084,0.1803,1.2676,0.2575,0.1781,0.25,3896.9062,487.05737
p1085,0.1803,1.2676,0.2575,0.1781,0.5,3729.8237,660.84924
p1086,0.1803,1.2676,0.2575,0.1781,0.75,3539.4216,841.72
p1087,0.1803,1.2676,0.2575,0.1488,0.25,3785.6626,501.65692
p1088,0.1803,1.2676,0.2575,0.1488,0.5,3626.1167,676.96423
p1089,0.1803,1.2676,0.2575,0.1488,0.75,3422.282,865.2049
p1090,0.1803,1.2676,0.2575,0.1134,0.25,3648.2314,520.1388
p1091,0.1803,1.2676,0.2575,0.1134,0.5,3490.3179,703.1835
p1092,0.1803,1.2676,0.2575,0.1134,0.75,3281.6694,891.89343
p1093,0.1803,1.5092,0.2624,0.1183,0.25,4055.5588,454.39752
p1094,0.1803,1.5092,0.2624,0.1183,0.5,3872.8875,622.88165
p1095,0.1803,1.5092,0.2624,0.1183,0.75,3649.7131,812.1644
p1096,0.1803,1.5092,0.2624,0.2242,0.25,4462.5967,407.18323
p1097,0.1803,1.5092,0.2624,0.2242,0.5,4261.0884,568.63525
p1098,0.1803,1.5092,0.2624,0.2242,0.75,4060.5012,738.2232
p1099,0.1803,1.5092,0.2624,0.1995,0.25,4374.016,416.99768
p1100,0.1803,1.5092,0.2624,0.1995,0.5,4169.9326,581.4065
p1101,0.1803,1.5092,0.2624,0.1995,0.75,3970.0344,752.09265
p1102,0.1803,1.5092,0.2624,0.1784,0.25,4295.2236,425.4867
p1103,0.1803,1.5092,0.2624,0.1784,0.5,4095.6396,591.7178
p1104,0.1803,1.5092,0.2624,0.1784,0.75,3889.4133,766.68555
p1105,0.1803,1.5092,0.2624,0.1538,0.25,4197.669,436.9654
p1106,0.1803,1.5092,0.2624,0.1538,0.5,4011.081,602.8186
p1107,0.1803,1.5092,0.2624,0.1538,0.75,3793.4062,785.0355
p1108,0.1803,1.5092,0.2624,0.3141,0.25,4798.793,370.51068
p1109,0.1803,1.5092,0.2624,0.3141,0.5,4600.1885,522.47876
p1110,0.1803,1.5092,0.2624,0.3141,0.75,4392.48,691.48724
p1111,0.1803,1.5092,0.2624,0.1438,0.25,4157.589,441.88516
p1112,0.1803,1.5092,0.2624,0.1438,0.5,3973.5356,607.7178
p1113,0.1803,1.5092,0.2624,0.1438,0.75,3754.0757,792.65204
p1114,0.1803,1.5092,0.2624,0.1531,0.25,4194.8633,437.30978
p1115,0.1803,1.5092,0.2624,0.1531,0.5,4008.4602,603.15875
p1116,0.1803,1.5092,0.2624,0.1531,0.75,3790.6702,785.5635
p1117,0.1803,1.5092,0.2624,0.3209,0.25,4824.9404,367.8075
p1118,0.1803,1.5092,0.2624,0.3209,0.5,4626.9136,518.8318
p1119,0.1803,1.5092,0.2624,0.3209,0.75,4416.554,688.0033
p1120,0.1803,1.5092,0.2624,0.2465,0.25,4546.3354,397.87326
p1121,0.1803,1.5092,0.2624,0.2465,0.5,4342.9644,557.27734
p1122,0.1803,1.5092,0.2624,0.2465,0.75,4142.274,726.479
p1123,0.1803,1.5092,0.2624,0.2347,0.25,4501.7065,402.83
p1124,0.1803,1.5092,0.2624,0.2347,0.5,4300.004,563.11847
p1125,0.1803,1.5092,0.2624,0.2347,0.75,4099.398,732.5296
p1126,0.1803,1.5092,0.2624,0.1781,0.25,4294.0986,425.60837
p1127,0.1803,1.5092,0.2624,0.1781,0.5,4094.6196,591.8566
p1128,0.1803,1.5092,0.2624,0.1781,0.75,3888.2375,766.9093
p1129,0.1803,1.5092,0.2624,0.1488,0.25,4177.6284,439.42532
p1130,0.1803,1.5092,0.2624,0.1488,0.5,3992.36,605.24774
p1131,0.1803,1.5092,0.2624,0.1488,0.75,3773.8328,788.82074
p1132,0.1803,1.5092,0.2624,0.1134,0.25,4036.614,456.68762
p1133,0.1803,1.5092,0.2624,0.1134,0.5,3852.4019,626.2361
p1134,0.1803,1.5092,0.2624,0.1134,0.75,3629.3948,815.8113
p1135,0.1803,1.3334,0.5746,0.1183,0.25,3554.4395,754.4068
p1136,0.1803,1.3334,0.5746,0.1183,0.5,3246.8123,1193.1082
p1137,0.1803,1.3334,0.5746,0.1183,0.75,2914.2014,1758.0447
p1138,0.1803,1.3334,0.5746,0.2242,0.25,3974.2512,680.59534
p1139,0.1803,1.3334,0.5746,0.2242,0.5,3660.7593,1100.5865
p1140,0.1803,1.3334,0.5746,0.2242,0.75,3315.824,1638.0459
p1141,0.1803,1.3334,0.5746,0.1995,0.25,3880.4727,696.05426
p1142,0.1803,1.3334,0.5746,0.1995,0.5,3568.5718,1120.6288
p1143,0.1803,1.3334,0.5746,0.1995,0.75,3217.6582,1663.8815
p1144,0.1803,1.3334,0.5746,0.1784,0.25,3798.8848,709.51135
p1145,0.1803,1.3334,0.5746,0.1784,0.5,3489.1072,1138.5203
p1146,0.1803,1.3334,0.5746,0.1784,0.75,3135.879,1687.105
p1147,0.1803,1.3334,0.5746,0.1538,0.25,3700.3994,727.6027
p1148,0.1803,1.3334,0.5746,0.1538,0.5,3391.9692,1161.0205
p1149,0.1803,1.3334,0.5746,0.1538,0.75,3041.118,1714.2025
p1150,0.1803,1.3334,0.5746,0.3141,0.25,4289.393,632.5128
p1151,0.1803,1.3334,0.5746,0.3141,0.5,3969.221,1041.6393
p1152,0.1803,1.3334,0.5746,0.3141,0.75,3647.6506,1553.6007
p1153,0.1803,1.3334,0.5746,0.1438,0.25,3658.8784,735.2735
p1154,0.1803,1.3334,0.5746,0.1438,0.5,3351.6755,1170.202
p1155,0.1803,1.3334,0.5746,0.1438,0.75,3005.1199,1726.3008
p1156,0.1803,1.3334,0.5746,0.1531,0.25,3697.4932,728.1397
p1157,0.1803,1.3334,0.5746,0.1531,0.5,3389.1514,1161.666
p1158,0.1803,1.3334,0.5746,0.1531,0.75,3038.4065,1714.9479
p1159,0.1803,1.3334,0.5746,0.3209,0.25,4312.608,629.1208
p1160,0.1803,1.3334,0.5746,0.3209,0.5,3991.5166,1038.013
p1161,0.1803,1.3334,0.5746,0.3209,0.75,3671.188,1548.7406
p1162,0.1803,1.3334,0.5746,0.2465,0.25,4055.638,667.8151
p1163,0.1803,1.3334,0.5746,0.2465,0.5,3740.0752,1084.4934
p1164,0.1803,1.3334,0.5746,0.2465,0.75,3404.0676,1614.7787
p1165,0.1803,1.3334,0.5746,0.2347,0.25,4012.9285,674.3713
p1166,0.1803,1.3334,0.5746,0.2347,0.5,3698.806,1092.756
p1167,0.1803,1.3334,0.5746,0.2347,0.75,3357.641,1627.1672
p1168,0.1803,1.3334,0.5746,0.1781,0.25,3797.739,709.69714
p1169,0.1803,1.3334,0.5746,0.1781,0.5,3487.9426,1138.7728
p1170,0.1803,1.3334,0.5746,0.1781,0.75,3134.716,1687.4353
p1171,0.1803,1.3334,0.5746,0.1488,0.25,3679.639,731.4381
p1172,0.1803,1.3334,0.5746,0.1488,0.5,3371.8398,1165.6298
p1173,0.1803,1.3334,0.5746,0.1488,0.75,3023.0027,1720.1901
p1174,0.1803,1.3334,0.5746,0.1134,0.25,3534.6826,757.9921
p1175,0.1803,1.3334,0.5746,0.1134,0.5,3226.5793,1197.4926
p1176,0.1803,1.3334,0.5746,0.1134,0.75,2896.7312,1764.1451
p1177,0.1803,0.7099,0.1669,0.1183,0.25,2826.8718,593.8253
p1178,0.1803,0.7099,0.1669,0.1183,0.5,2723.1187,766.37177
p1179,0.1803,0.7099,0.1669,0.1183,0.75,2559.3506,978.9872
p1180,0.1803,0.7099,0.1669,0.2242,0.25,3224.1377,529.1995
p1181,0.1803,0.7099,0.1669,0.2242,0.5,3111.1511,691.7455
p1182,0.1803,0.7099,0.1669,0.2242,0.75,2946.6619,876.18445
p1183,0.1803,0.7099,0.1669,0.1995,0.25,3130.8467,544.04156
p1184,0.1803,0.7099,0.1669,0.1995,0.5,3020.9683,708.7985
p1185,0.1803,0.7099,0.1669,0.1995,0.75,2859.7637,898.2741
p1186,0.1803,0.7099,0.1669,0.1784,0.25,3052.3875,556.66486
p1187,0.1803,0.7099,0.1669,0.1784,0.5,2945.6233,722.6935
p1188,0.1803,0.7099,0.1669,0.1784,0.75,2785.086,917.402
p1189,0.1803,0.7099,0.1669,0.1538,0.25,2958.8318,572.3467
p1190,0.1803,0.7099,0.1669,0.1538,0.5,2855.71,739.61975
p1191,0.1803,0.7099,0.1669,0.1538,0.75,2694.3784,941.2031
p1192,0.1803,0.7099,0.1669,0.3141,0.25,3559.769,481.30713
p1193,0.1803,0.7099,0.1669,0.3141,0.5,3438.9746,629.8532
p1194,0.1803,0.7099,0.1669,0.3141,0.75,3261.976,817.57214
p1195,0.1803,0.7099,0.1669,0.1438,0.25,2920.9995,578.5278
p1196,0.1803,0.7099,0.1669,0.1438,0.5,2818.1562,747.1864
p1197,0.1803,0.7099,0.1669,0.1438,0.75,2656.3293,951.28253
p1198,0.1803,0.7099,0.1669,0.1531,0.25,2956.1636,572.7827
p1199,0.1803,0.7099,0.1669,0.1531,0.5,2853.0818,740.1494
p1200,0.1803,0.7099,0.1669,0.1531,0.75,2691.7537,941.91644
p1201,0.1803,0.7099,0.1669,0.3209,0.25,3585.2686,477.68893
p1202,0.1803,0.7099,0.1669,0.3209,0.5,3464.0566,625.1517
p1203,0.1803,0.7099,0.1669,0.3209,0.75,3285.696,813.4567
p1204,0.1803,0.7099,0.1669,0.2465,0.25,3310.2834,516.42114
p1205,0.1803,0.7099,0.1669,0.2465,0.5,3190.1985,676.8989
p1206,0.1803,0.7099,0.1669,0.2465,0.75,3025.361,860.74274
p1207,0.1803,0.7099,0.1669,0.2347,0.25,3264.546,523.2121
p1208,0.1803,0.7099,0.1669,0.2347,0.5,3148.378,684.7409
p1209,0.1803,0.7099,0.1669,0.2347,0.75,2983.5618,868.79877
p1210,0.1803,0.7099,0.1669,0.1781,0.25,3051.2666,556.84735
p1211,0.1803,0.7099,0.1669,0.1781,0.5,2944.5522,722.8908
p1212,0.1803,0.7099,0.1669,0.1781,0.75,2784.009,917.67725
p1213,0.1803,0.7099,0.1669,0.1488,0.25,2939.793,575.45734
p1214,0.1803,0.7099,0.1669,0.1488,0.5,2836.933,743.4031
p1215,0.1803,0.7099,0.1669,0.1488,0.75,2675.6338,946.2979
p1216,0.1803,0.7099,0.1669,0.1134,0.25,2809.08,596.6972
p1217,0.1803,0.7099,0.1669,0.1134,0.5,2705.1257,770.01526
p1218,0.1803,0.7099,0.1669,0.1134,0.75,2541.024,984.5575
p1219,0.1803,0.803,0.2027,0.1183,0.25,2945.771,604.2742
p1220,0.1803,0.803,0.2027,0.1183,0.5,2832.1416,787.41003
p1221,0.1803,0.803,0.2027,0.1183,0.75,2655.9783,1001.2764
p1222,0.1803,0.803,0.2027,0.2242,0.25,3347.8237,542.81146
p1223,0.1803,0.803,0.2027,0.2242,0.5,3217.6982,712.2395
p1224,0.1803,0.803,0.2027,0.2242,0.75,3048.057,902.601
p1225,0.1803,0.803,0.2027,0.1995,0.25,3253.4412,556.92267
p1226,0.1803,0.803,0.2027,0.1995,0.5,3131.019,728.6304
p1227,0.1803,0.803,0.2027,0.1995,0.75,2960.0452,921.35034
p1228,0.1803,0.803,0.2027,0.1784,0.25,3172.5847,569.25385
p1229,0.1803,0.803,0.2027,0.1784,0.5,3055.0674,742.4484
p1230,0.1803,0.803,0.2027,0.1784,0.75,2884.7957,939.1769
p1231,0.1803,0.803,0.2027,0.1538,0.25,3077.8743,584.26373
p1232,0.1803,0.803,0.2027,0.1538,0.5,2963.8635,760.41766
p1233,0.1803,0.803,0.2027,0.1538,0.75,2793.7632,963.78424
p1234,0.1803,0.803,0.2027,0.3141,0.25,3680.7017,495.6116
p1235,0.1803,0.803,0.2027,0.3141,0.5,3547.3035,650.18805
p1236,0.1803,0.803,0.2027,0.3141,0.75,3361.267,845.2601
p1237,0.1803,0.803,0.2027,0.1438,0.25,3039.7878,590.153
p1238,0.1803,0.803,0.2027,0.1438,0.5,2926.3418,768.097
p1239,0.1803,0.803,0.2027,0.1438,0.75,2754.2305,973.86743
p1240,0.1803,0.803,0.2027,0.1531,0.25,3075.2212,584.6834
p1241,0.1803,0.803,0.2027,0.1531,0.5,2961.2324,760.9613
p1242,0.1803,0.803,0.2027,0.1531,0.75,2790.9958,964.4901
p1243,0.1803,0.803,0.2027,0.3209,0.25,3706.1123,492.2534
p1244,0.1803,0.803,0.2027,0.3209,0.5,3572.7095,645.7267
p1245,0.1803,0.803,0.2027,0.3209,0.75,3384.836,841.0328
p1246,0.1803,0.803,0.2027,0.2465,0.25,3431.107,530.6351
p1247,0.1803,0.803,0.2027,0.2465,0.5,3297.2307,696.937
p1248,0.1803,0.803,0.2027,0.2465,0.75,3126.3037,888.18555
p1249,0.1803,0.803,0.2027,0.2347,0.25,3387.3545,537.00995
p1250,0.1803,0.803,0.2027,0.2347,0.5,3255.339,704.898
p1251,0.1803,0.803,0.2027,0.2347,0.75,3085.083,895.6254
p1252,0.1803,0.803,0.2027,0.1781,0.25,3171.4148,569.4404
p1253,0.1803,0.803,0.2027,0.1781,0.5,3053.987,742.6449
p1254,0.1803,0.803,0.2027,0.1781,0.75,2883.745,939.45654
p1255,0.1803,0.803,0.2027,0.1488,0.25,3058.8794,587.2427
p1256,0.1803,0.803,0.2027,0.1488,0.5,2945.0525,764.2849
p1257,0.1803,0.803,0.2027,0.1488,0.75,2773.997,968.82574
p1258,0.1803,0.803,0.2027,0.1134,0.25,2927.4927,607.1845
p1259,0.1803,0.803,0.2027,0.1134,0.5,2813.7307,791.2834
p1260,0.1803,0.803,0.2027,0.1134,0.75,2637.614,1006.86176
p1261,0.1572,0.72,0.5273,0.1183,0.25,2365.1323,1043.0697
p1262,0.1572,0.72,0.5273,0.1183,0.5,2148.807,1557.793
p1263,0.1572,0.72,0.5273,0.1183,0.75,1883.4152,2179.1277
p1264,0.1572,0.72,0.5273,0.2242,0.25,2751.8174,948.5184
p1265,0.1572,0.72,0.5273,0.2242,0.5,2510.0432,1423.351
p1266,0.1572,0.72,0.5273,0.2242,0.75,2258.1755,2031.3483
p1267,0.1572,0.72,0.5273,0.1995,0.25,2664.0283,968.90564
p1268,0.1572,0.72,0.5273,0.1995,0.5,2424.3289,1451.4154
p1269,0.1572,0.72,0.5273,0.1995,0.75,2174.656,2065.2456
p1270,0.1572,0.72,0.5273,0.1784,0.25,2585.683,987.9377
p1271,0.1572,0.72,0.5273,0.1784,0.5,2350.7969,1476.6073
p1272,0.1572,0.72,0.5273,0.1784,0.75,2101.7788,2094.9377
p1273,0.1572,0.72,0.5273,0.1538,0.25,2492.9033,1009.4299
p1274,0.1572,0.72,0.5273,0.1538,0.5,2268.6682,1509.911
p1275,0.1572,0.72,0.5273,0.1538,0.75,2014.9108,2129.391
p1276,0.1572,0.72,0.5273,0.3141,0.25,3065.388,894.4176
p1277,0.1572,0.72,0.5273,0.3141,0.5,2815.4705,1334.1682
p1278,0.1572,0.72,0.5273,0.3141,0.75,2576.5337,1926.3965
p1279,0.1572,0.72,0.5273,0.1438,0.25,2455.134,1018.207
p1280,0.1572,0.72,0.5273,0.1438,0.5,2234.9727,1523.4799
p1281,0.1572,0.72,0.5273,0.1438,0.75,1978.1808,2143.6104
p1282,0.1572,0.72,0.5273,0.1531,0.25,2490.2593,1010.0443
p1283,0.1572,0.72,0.5273,0.1531,0.5,2266.3125,1510.8682
p1284,0.1572,0.72,0.5273,0.1531,0.75,2012.3322,2130.398
p1285,0.1572,0.72,0.5273,0.3209,0.25,3089.2305,890.2036
p1286,0.1572,0.72,0.5273,0.3209,0.5,2837.829,1329.3246
p1287,0.1572,0.72,0.5273,0.3209,0.75,2599.539,1918.5435
p1288,0.1572,0.72,0.5273,0.2465,0.25,2829.0103,935.19385
p1289,0.1572,0.72,0.5273,0.2465,0.5,2587.2024,1398.8176
p1290,0.1572,0.72,0.5273,0.2465,0.75,2337.6338,2004.7189
p1291,0.1572,0.72,0.5273,0.2347,0.25,2788.1494,942.216
p1292,0.1572,0.72,0.5273,0.2347,0.5,2546.374,1411.7994
p1293,0.1572,0.72,0.5273,0.2347,0.75,2295.9497,2018.6655
p1294,0.1572,0.72,0.5273,0.1781,0.25,2584.571,988.202
p1295,0.1572,0.72,0.5273,0.1781,0.5,2349.799,1477.0121
p1296,0.1572,0.72,0.5273,0.1781,0.75,2100.7302,2095.3557
p1297,0.1572,0.72,0.5273,0.1488,0.25,2474.0183,1013.8184
p1298,0.1572,0.72,0.5273,0.1488,0.5,2251.8428,1516.7463
p1299,0.1572,0.72,0.5273,0.1488,0.75,1996.507,2136.5596
p1300,0.1572,0.72,0.5273,0.1134,0.25,2347.936,1047.8823
p1301,0.1572,0.72,0.5273,0.1134,0.5,2131.6865,1564.3577
p1302,0.1572,0.72,0.5273,0.1134,0.75,1865.1898,2185.9473
p1303,0.1572,2.7734,0.4391,0.1183,0.25,5726.08,311.9585
p1304,0.1572,2.7734,0.4391,0.1183,0.5,5328.638,543.1123
p1305,0.1572,2.7734,0.4391,0.1183,0.75,5001.5903,836.627
p1306,0.1572,2.7734,0.4391,0.2242,0.25,6146.7197,282.39398
p1307,0.1572,2.7734,0.4391,0.2242,0.5,5772.475,495.97537
p1308,0.1572,2.7734,0.4391,0.2242,0.75,5448.039,765.1072
p1309,0.1572,2.7734,0.4391,0.1995,0.25,6044.0664,288.96344
p1310,0.1572,2.7734,0.4391,0.1995,0.5,5668.445,506.501
p1311,0.1572,2.7734,0.4391,0.1995,0.75,5349.279,779.0422
p1312,0.1572,2.7734,0.4391,0.1784,0.25,5959.657,294.51135
p1313,0.1572,2.7734,0.4391,0.1784,0.5,5580.972,515.5613
p1314,0.1572,2.7734,0.4391,0.1784,0.75,5264.0225,791.43317
p1315,0.1572,2.7734,0.4391,0.1538,0.25,5865.3784,301.3935
p1316,0.1572,2.7734,0.4391,0.1538,0.5,5475.779,525.0915
p1317,0.1572,2.7734,0.4391,0.1538,0.75,5157.193,808.45593
p1318,0.1572,2.7734,0.4391,0.3141,0.25,6522.774,260.38202
p1319,0.1572,2.7734,0.4391,0.3141,0.5,6149.0186,463.0636
p1320,0.1572,2.7734,0.4391,0.3141,0.75,5806.448,721.9061
p1321,0.1572,2.7734,0.4391,0.1438,0.25,5826.313,304.43408
p1322,0.1572,2.7734,0.4391,0.1438,0.5,5434.7075,529.9568
p1323,0.1572,2.7734,0.4391,0.1438,0.75,5111.9087,816.43604
p1324,0.1572,2.7734,0.4391,0.1531,0.25,5862.6436,301.60632
p1325,0.1572,2.7734,0.4391,0.1531,0.5,5472.952,525.40857
p1326,0.1572,2.7734,0.4391,0.1531,0.75,5154.0566,808.97833
p1327,0.1572,2.7734,0.4391,0.3209,0.25,6549.7925,259.2771
p1328,0.1572,2.7734,0.4391,0.3209,0.5,6178.5293,460.804
p1329,0.1572,2.7734,0.4391,0.3209,0.75,5832.5654,718.8022
p1330,0.1572,2.7734,0.4391,0.2465,0.25,6242.991,276.5636
p1331,0.1572,2.7734,0.4391,0.2465,0.5,5869.21,486.5501
p1332,0.1572,2.7734,0.4391,0.2465,0.75,5538.5703,752.9524
p1333,0.1572,2.7734,0.4391,0.2347,0.25,6191.466,279.59473
p1334,0.1572,2.7734,0.4391,0.2347,0.5,5818.023,491.53745
p1335,0.1572,2.7734,0.4391,0.2347,0.75,5490.833,759.3709
p1336,0.1572,2.7734,0.4391,0.1781,0.25,5958.505,294.5899
p1337,0.1572,2.7734,0.4391,0.1781,0.5,5579.687,515.68097
p1338,0.1572,2.7734,0.4391,0.1781,0.75,5262.7837,791.6069
p1339,0.1572,2.7734,0.4391,0.1488,0.25,5845.8457,302.91376
p1340,0.1572,2.7734,0.4391,0.1488,0.5,5455.269,527.5115
p1341,0.1572,2.7734,0.4391,0.1488,0.75,5134.6963,812.28033
p1342,0.1572,2.7734,0.4391,0.1134,0.25,5706.596,313.4497
p1343,0.1572,2.7734,0.4391,0.1134,0.5,5308.464,545.89514
p1344,0.1572,2.7734,0.4391,0.1134,0.75,4981.0254,840.4343
p1345,0.1572,2.6061,0.4394,0.1183,0.25,5450.2827,347.98572
p1346,0.1572,2.6061,0.4394,0.1183,0.5,5070.77,586.55334
p1347,0.1572,2.6061,0.4394,0.1183,0.75,4724.364,894.60297
p1348,0.1572,2.6061,0.4394,0.2242,0.25,5858.834,313.14966
p1349,0.1572,2.6061,0.4394,0.2242,0.5,5506.556,535.7983
p1350,0.1572,2.6061,0.4394,0.2242,0.75,5167.906,818.59326
p1351,0.1572,2.6061,0.4394,0.1995,0.25,5765.0376,320.42804
p1352,0.1572,2.6061,0.4394,0.1995,0.5,5400.477,547.0733
p1353,0.1572,2.6061,0.4394,0.1995,0.75,5066.1846,834.065
p1354,0.1572,2.6061,0.4394,0.1784,0.25,5682.973,327.3919
p1355,0.1572,2.6061,0.4394,0.1784,0.5,5313.099,556.5747
p1356,0.1572,2.6061,0.4394,0.1784,0.75,4977.3037,848.23047
p1357,0.1572,2.6061,0.4394,0.1538,0.25,5588.641,335.3647
p1358,0.1572,2.6061,0.4394,0.1538,0.5,5214.2197,567.67975
p1359,0.1572,2.6061,0.4394,0.1538,0.75,4870.438,867.9758
p1360,0.1572,2.6061,0.4394,0.3141,0.25,6226.331,286.49274
p1361,0.1572,2.6061,0.4394,0.3141,0.5,5869.0728,499.75455
p1362,0.1572,2.6061,0.4394,0.3141,0.75,5527.5728,767.7016
p1363,0.1572,2.6061,0.4394,0.1438,0.25,5550.398,338.75894
p1364,0.1572,2.6061,0.4394,0.1438,0.5,5175.352,572.0283
p1365,0.1572,2.6061,0.4394,0.1438,0.75,4828.7285,875.6255
p1366,0.1572,2.6061,0.4394,0.1531,0.25,5586.007,335.59045
p1367,0.1572,2.6061,0.4394,0.1531,0.5,5211.4414,567.99176
p1368,0.1572,2.6061,0.4394,0.1531,0.75,4867.509,868.52405
p1369,0.1572,2.6061,0.4394,0.3209,0.25,6254.8413,285.10822
p1370,0.1572,2.6061,0.4394,0.3209,0.5,5896.3486,497.22296
p1371,0.1572,2.6061,0.4394,0.3209,0.75,5554.5005,764.5859
p1372,0.1572,2.6061,0.4394,0.2465,0.25,5946.7666,306.7943
p1373,0.1572,2.6061,0.4394,0.2465,0.5,5597.839,526.2644
p1374,0.1572,2.6061,0.4394,0.2465,0.75,5255.61,805.27124
p1375,0.1572,2.6061,0.4394,0.2347,0.25,5899.9824,310.18054
p1376,0.1572,2.6061,0.4394,0.2347,0.5,5549.2495,531.2826
p1377,0.1572,2.6061,0.4394,0.2347,0.75,5209.489,812.4613
p1378,0.1572,2.6061,0.4394,0.1781,0.25,5681.802,327.49152
p1379,0.1572,2.6061,0.4394,0.1781,0.5,5311.8755,556.7145
p1380,0.1572,2.6061,0.4394,0.1781,0.75,4975.988,848.4601
p1381,0.1572,2.6061,0.4394,0.1488,0.25,5569.579,337.04883
p1382,0.1572,2.6061,0.4394,0.1488,0.5,5194.576,569.87665
p1383,0.1572,2.6061,0.4394,0.1488,0.75,4849.4814,871.8179
p1384,0.1572,2.6061,0.4394,0.1134,0.25,5430.349,349.88684
p1385,0.1572,2.6061,0.4394,0.1134,0.5,5049.4897,590.10455
p1386,0.1572,2.6061,0.4394,0.1134,0.75,4704.258,898.2682
p1387,0.1572,2.5484,0.3129,0.1183,0.25,5475.757,282.7602
p1388,0.1572,2.5484,0.3129,0.1183,0.5,5188.294,434.5554
p1389,0.1572,2.5484,0.3129,0.1183,0.75,4900.3,648.2591
p1390,0.1572,2.5484,0.3129,0.2242,0.25,5904.4253,249.24036
p1391,0.1572,2.5484,0.3129,0.2242,0.5,5606.185,395.97766
p1392,0.1572,2.5484,0.3129,0.2242,0.75,5351.296,579.129
p1393,0.1572,2.5484,0.3129,0.1995,0.25,5805.357,256.7072
p1394,0.1572,2.5484,0.3129,0.1995,0.5,5512.636,404.8186
p1395,0.1572,2.5484,0.3129,0.1995,0.75,5248.742,592.7951
p1396,0.1572,2.5484,0.3129,0.1784,0.25,5722.609,263.20636
p1397,0.1572,2.5484,0.3129,0.1784,0.5,5433.551,411.91467
p1398,0.1572,2.5484,0.3129,0.1784,0.75,5158.4883,605.67413
p1399,0.1572,2.5484,0.3129,0.1538,0.25,5622.214,271.01202
p1400,0.1572,2.5484,0.3129,0.1538,0.5,5337.2363,420.66382
p1401,0.1572,2.5484,0.3129,0.1538,0.75,5051.126,621.8617
p1402,0.1572,2.5484,0.3129,0.3141,0.25,6248.218,233.09747
p1403,0.1572,2.5484,0.3129,0.3141,0.5,5981.9336,365.02374
p1404,0.1572,2.5484,0.3129,0.3141,0.75,5698.4277,538.7353
p1405,0.1572,2.5484,0.3129,0.1438,0.25,5581.1675,274.21747
p1406,0.1572,2.5484,0.3129,0.1438,0.5,5297.752,424.0518
p1407,0.1572,2.5484,0.3129,0.1438,0.75,5007.61,629.2543
p1408,0.1572,2.5484,0.3129,0.1531,0.25,5619.341,271.2364
p1409,0.1572,2.5484,0.3129,0.1531,0.5,5334.473,420.89993
p1410,0.1572,2.5484,0.3129,0.1531,0.75,5048.1123,622.31885
p1411,0.1572,2.5484,0.3129,0.3209,0.25,6275.3613,232.20709
p1412,0.1572,2.5484,0.3129,0.3209,0.5,6009.8755,362.94067
p1413,0.1572,2.5484,0.3129,0.3209,0.75,5725.4136,536.075
p1414,0.1572,2.5484,0.3129,0.2465,0.25,5990.171,243.59937
p1415,0.1572,2.5484,0.3129,0.2465,0.5,5698.37,387.7807
p1416,0.1572,2.5484,0.3129,0.2465,0.75,5442.207,568.1749
p1417,0.1572,2.5484,0.3129,0.2347,0.25,5945.1787,246.21143
p1418,0.1572,2.5484,0.3129,0.2347,0.5,5648.669,392.06464
p1419,0.1572,2.5484,0.3129,0.2347,0.75,5394.64,573.5783
p1420,0.1572,2.5484,0.3129,0.1781,0.25,5721.393,263.30225
p1421,0.1572,2.5484,0.3129,0.1781,0.5,5432.3916,412.01816
p1422,0.1572,2.5484,0.3129,0.1781,0.75,5157.1763,605.86884
p1423,0.1572,2.5484,0.3129,0.1488,0.25,5601.691,272.6147
p1424,0.1572,2.5484,0.3129,0.1488,0.5,5317.4976,422.34976
p1425,0.1572,2.5484,0.3129,0.1488,0.75,5029.356,625.4728
p1426,0.1572,2.5484,0.3129,0.1134,0.25,5455.0903,284.51868
p1427,0.1572,2.5484,0.3129,0.1134,0.5,5167.017,436.84543
p1428,0.1572,2.5484,0.3129,0.1134,0.75,4880.469,651.81903
p1429,0.1572,1.2028,0.2558,0.1183,0.25,3312.0134,571.9841
p1430,0.1572,1.2028,0.2558,0.1183,0.5,3166.3462,763.809
p1431,0.1572,1.2028,0.2558,0.1183,0.75,2966.7466,965.6548
p1432,0.1572,1.2028,0.2558,0.2242,0.25,3713.8674,514.35913
p1433,0.1572,1.2028,0.2558,0.2242,0.5,3552.5645,693.49713
p1434,0.1572,1.2028,0.2558,0.2242,0.75,3380.0957,880.0081
p1435,0.1572,1.2028,0.2558,0.1995,0.25,3622.3433,526.87256
p1436,0.1572,1.2028,0.2558,0.1995,0.5,3465.241,707.32874
p1437,0.1572,1.2028,0.2558,0.1995,0.75,3286.9583,898.9245
p1438,0.1572,1.2028,0.2558,0.1784,0.25,3545.099,537.243
p1439,0.1572,1.2028,0.2558,0.1784,0.5,3390.0554,720.0229
p1440,0.1572,1.2028,0.2558,0.1784,0.75,3205.9373,915.8524
p1441,0.1572,1.2028,0.2558,0.1538,0.25,3452.924,550.1601
p1442,0.1572,1.2028,0.2558,0.1538,0.5,3299.0327,737.6685
p1443,0.1572,1.2028,0.2558,0.1538,0.75,3110.3967,935.857
p1444,0.1572,1.2028,0.2558,0.3141,0.25,4046.0144,470.17548
p1445,0.1572,1.2028,0.2558,0.3141,0.5,3875.3855,641.1764
p1446,0.1572,1.2028,0.2558,0.3141,0.75,3690.584,832.1583
p1447,0.1572,1.2028,0.2558,0.1438,0.25,3412.7756,556.4033
p1448,0.1572,1.2028,0.2558,0.1438,0.5,3262.3943,744.96155
p1449,0.1572,1.2028,0.2558,0.1438,0.75,3069.9731,944.01013
p1450,0.1572,1.2028,0.2558,0.1531,0.25,3450.0925,550.6005
p1451,0.1572,1.2028,0.2558,0.1531,0.5,3296.4683,738.179
p1452,0.1572,1.2028,0.2558,0.1531,0.75,3107.642,936.43164
p1453,0.1572,1.2028,0.2558,0.3209,0.25,4070.5193,467.21994
p1454,0.1572,1.2028,0.2558,0.3209,0.5,3899.1504,637.49335
p1455,0.1572,1.2028,0.2558,0.3209,0.75,3713.699,828.8128
p1456,0.1572,1.2028,0.2558,0.2465,0.25,3799.054,502.6326
p1457,0.1572,1.2028,0.2558,0.2465,0.5,3631.79,680.80914
p1458,0.1572,1.2028,0.2558,0.2465,0.75,3458.7783,866.3213
p1459,0.1572,1.2028,0.2558,0.2347,0.25,3753.9395,508.82016
p1460,0.1572,1.2028,0.2558,0.2347,0.5,3589.7515,687.651
p1461,0.1572,1.2028,0.2558,0.2347,0.75,3417.9663,872.693
p1462,0.1572,1.2028,0.2558,0.1781,0.25,3544.006,537.38586
p1463,0.1572,1.2028,0.2558,0.1781,0.5,3388.9736,720.2148
p1464,0.1572,1.2028,0.2558,0.1781,0.75,3204.7803,916.0953
p1465,0.1572,1.2028,0.2558,0.1488,0.25,3432.816,553.2873
p1466,0.1572,1.2028,0.2558,0.1488,0.5,3280.7134,741.31506
p1467,0.1572,1.2028,0.2558,0.1488,0.75,3090.2437,939.9366
p1468,0.1572,1.2028,0.2558,0.1134,0.25,3293.0474,574.9937
p1469,0.1572,1.2028,0.2558,0.1134,0.5,3147.1672,767.60376
p1470,0.1572,1.2028,0.2558,0.1134,0.75,2948.0698,970.4911
p1471,0.1572,1.2676,0.2575,0.1183,0.25,3416.6614,552.9269
p1472,0.1572,1.2676,0.2575,0.1183,0.5,3266.327,742.2748
p1473,0.1572,1.2676,0.2575,0.1183,0.75,3064.4336,941.75836
p1474,0.1572,1.2676,0.2575,0.2242,0.25,3817.2717,497.72934
p1475,0.1572,1.2676,0.2575,0.2242,0.5,3651.4275,674.5082
p1476,0.1572,1.2676,0.2575,0.2242,0.75,3477.25,858.717
p1477,0.1572,1.2676,0.2575,0.1995,0.25,3724.1748,510.41718
p1478,0.1572,1.2676,0.2575,0.1995,0.5,3564.379,687.96936
p1479,0.1572,1.2676,0.2575,0.1995,0.75,3383.455,876.99133
p1480,0.1572,1.2676,0.2575,0.1784,0.25,3645.5872,520.87006
p1481,0.1572,1.2676,0.2575,0.1784,0.5,3489.3516,699.83746
p1482,0.1572,1.2676,0.2575,0.1784,0.75,3301.7278,894.19476
p1483,0.1572,1.2676,0.2575,0.1538,0.25,3554.6777,532.79584
p1484,0.1572,1.2676,0.2575,0.1538,0.5,3398.531,716.7386
p1485,0.1572,1.2676,0.2575,0.1538,0.75,3206.7239,913.7993
p1486,0.1572,1.2676,0.2575,0.3141,0.25,4149.441,455.23016
p1487,0.1572,1.2676,0.2575,0.3141,0.5,3971.1377,624.2841
p1488,0.1572,1.2676,0.2575,0.3141,0.75,3787.5842,812.24585
p1489,0.1572,1.2676,0.2575,0.1438,0.25,3517.5999,537.7747
p1490,0.1572,1.2676,0.2575,0.1438,0.5,3361.0986,724.04114
p1491,0.1572,1.2676,0.2575,0.1438,0.75,3166.459,921.73883
p1492,0.1572,1.2676,0.2575,0.1531,0.25,3552.0903,533.13525
p1493,0.1572,1.2676,0.2575,0.1531,0.5,3395.9263,717.25165
p1494,0.1572,1.2676,0.2575,0.1531,0.75,3203.9148,914.3435
p1495,0.1572,1.2676,0.2575,0.3209,0.25,4173.4277,452.38617
p1496,0.1572,1.2676,0.2575,0.3209,0.5,3994.555,620.74146
p1497,0.1572,1.2676,0.2575,0.3209,0.75,3810.762,808.83954
p1498,0.1572,1.2676,0.2575,0.2465,0.25,3902.5908,486.13162
p1499,0.1572,1.2676,0.2575,0.2465,0.5,3731.1387,661.9998
p1500,0.1572,1.2676,0.2575,0.2465,0.75,3558.1863,845.2046
p1501,0.1572,1.2676,0.2575,0.2347,0.25,3857.4448,492.26852
p1502,0.1572,1.2676,0.2575,0.2347,0.5,3688.2275,668.83026
p1503,0.1572,1.2676,0.2575,0.2347,0.75,3516.4836,851.8182
p1504,0.1572,1.2676,0.2575,0.1781,0.25,3644.4788,521.0155
p1505,0.1572,1.2676,0.2575,0.1781,0.5,3488.2852,700.0076
p1506,0.1572,1.2676,0.2575,0.1781,0.75,3300.5754,894.4353
p1507,0.1572,1.2676,0.2575,0.1488,0.25,3536.4177,535.18396
p1508,0.1572,1.2676,0.2575,0.1488,0.5,3379.9263,720.4036
p1509,0.1572,1.2676,0.2575,0.1488,0.75,3186.6409,917.70337
p1510,0.1572,1.2676,0.2575,0.1134,0.25,3397.5637,555.8566
p1511,0.1572,1.2676,0.2575,0.1134,0.5,3247.2637,745.98975
p1512,0.1572,1.2676,0.2575,0.1134,0.75,3044.5198,945.9117
p1513,0.1572,1.5092,0.2624,0.1183,0.25,3801.1633,486.4061
p1514,0.1572,1.5092,0.2624,0.1183,0.5,3623.5835,666.1461
p1515,0.1572,1.5092,0.2624,0.1183,0.75,3416.0356,862.0778
p1516,0.1572,1.5092,0.2624,0.2242,0.25,4209.3423,437.4101
p1517,0.1572,1.5092,0.2624,0.2242,0.5,4016.9124,605.4409
p1518,0.1572,1.5092,0.2624,0.2242,0.75,3825.3643,783.6111
p1519,0.1572,1.5092,0.2624,0.1995,0.25,4115.97,448.21246
p1520,0.1572,1.5092,0.2624,0.1995,0.5,3930.291,617.778
p1521,0.1572,1.5092,0.2624,0.1995,0.75,3734.2756,799.85223
p1522,0.1572,1.5092,0.2624,0.1784,0.25,4031.7363,458.51724
p1523,0.1572,1.5092,0.2624,0.1784,0.5,3855.1555,628.11035
p1524,0.1572,1.5092,0.2624,0.1784,0.75,3654.1907,815.5357
p1525,0.1572,1.5092,0.2624,0.1538,0.25,3934.9197,470.38272
p1526,0.1572,1.5092,0.2624,0.1538,0.5,3763.0356,641.9295
p1527,0.1572,1.5092,0.2624,0.1538,0.75,3558.484,834.41034
p1528,0.1572,1.5092,0.2624,0.3141,0.25,4543.315,399.94226
p1529,0.1572,1.5092,0.2624,0.3141,0.5,4345.334,558.1704
p1530,0.1572,1.5092,0.2624,0.3141,0.75,4150.7207,736.09735
p1531,0.1572,1.5092,0.2624,0.1438,0.25,3896.803,474.97394
p1532,0.1572,1.5092,0.2624,0.1438,0.5,3723.7205,648.9307
p1533,0.1572,1.5092,0.2624,0.1438,0.75,3518.269,842.1461
p1534,0.1572,1.5092,0.2624,0.1531,0.25,3932.2249,470.709
p1535,0.1572,1.5092,0.2624,0.1531,0.5,3760.3416,642.37427
p1536,0.1572,1.5092,0.2624,0.1531,0.75,3555.7036,834.9516
p1537,0.1572,1.5092,0.2624,0.3209,0.25,4567.8496,397.2711
p1538,0.1572,1.5092,0.2624,0.3209,0.5,4370.75,554.6908
p1539,0.1572,1.5092,0.2624,0.3209,0.75,4175.84,732.4013
p1540,0.1572,1.5092,0.2624,0.2465,0.25,4289.5283,428.25287
p1541,0.1572,1.5092,0.2624,0.2465,0.5,4095.125,594.33905
p1542,0.1572,1.5092,0.2624,0.2465,0.75,3905.5225,771.61316
p1543,0.1572,1.5092,0.2624,0.2347,0.25,4247.379,433.01678
p1544,0.1572,1.5092,0.2624,0.2347,0.5,4053.3132,600.2687
p1545,0.1572,1.5092,0.2624,0.2347,0.75,3862.7683,777.928
p1546,0.1572,1.5092,0.2624,0.1781,0.25,4030.5515,458.66272
p1547,0.1572,1.5092,0.2624,0.1781,0.5,3854.028,628.2747
p1548,0.1572,1.5092,0.2624,0.1781,0.75,3653.0486,815.7646
p1549,0.1572,1.5092,0.2624,0.1488,0.25,3915.6687,472.71307
p1550,0.1572,1.5092,0.2624,0.1488,0.5,3743.3086,645.44836
p1551,0.1572,1.5092,0.2624,0.1488,0.75,3538.454,838.25885
p1552,0.1572,1.5092,0.2624,0.1134,0.25,3782.71,488.67947
p1553,0.1572,1.5092,0.2624,0.1134,0.5,3603.9968,669.46747
p1554,0.1572,1.5092,0.2624,0.1134,0.75,3395.9736,865.8924
p1555,0.1572,1.3334,0.5746,0.1183,0.25,3307.4172,798.4576
p1556,0.1572,1.3334,0.5746,0.1183,0.5,3007.783,1253.3301
p1557,0.1572,1.3334,0.5746,0.1183,0.75,2687.448,1846.5217
p1558,0.1572,1.3334,0.5746,0.2242,0.25,3722.6978,723.7309
p1559,0.1572,1.3334,0.5746,0.2242,0.5,3417.8801,1158.4323
p1560,0.1572,1.3334,0.5746,0.2242,0.75,3078.7542,1719.3347
p1561,0.1572,1.3334,0.5746,0.1995,0.25,3627.9377,739.9063
p1562,0.1572,1.3334,0.5746,0.1995,0.5,3326.219,1179.2896
p1563,0.1572,1.3334,0.5746,0.1995,0.75,2984.466,1747.2565
p1564,0.1572,1.3334,0.5746,0.1784,0.25,3542.96,755.9218
p1565,0.1572,1.3334,0.5746,0.1784,0.5,3245.38,1197.1384
p1566,0.1572,1.3334,0.5746,0.1784,0.75,2903.5432,1771.1687
p1567,0.1572,1.3334,0.5746,0.1538,0.25,3445.9219,774.53534
p1568,0.1572,1.3334,0.5746,0.1538,0.5,3149.4272,1219.8711
p1569,0.1572,1.3334,0.5746,0.1538,0.75,2813.8584,1801.5475
p1570,0.1572,1.3334,0.5746,0.3141,0.25,4045.8096,671.03326
p1571,0.1572,1.3334,0.5746,0.3141,0.5,3731.205,1092.4369
p1572,0.1572,1.3334,0.5746,0.3141,0.75,3409.382,1625.5945
p1573,0.1572,1.3334,0.5746,0.1438,0.25,3406.875,781.3827
p1574,0.1572,1.3334,0.5746,0.1438,0.5,3109.6377,1229.0194
p1575,0.1572,1.3334,0.5746,0.1438,0.75,2778.3127,1814.3176
p1576,0.1572,1.3334,0.5746,0.1531,0.25,3443.1943,775.0249
p1577,0.1572,1.3334,0.5746,0.1531,0.5,3146.6995,1220.5145
p1578,0.1572,1.3334,0.5746,0.1531,0.75,2811.3584,1802.4547
p1579,0.1572,1.3334,0.5746,0.3209,0.25,4068.5398,667.13336
p1580,0.1572,1.3334,0.5746,0.3209,0.5,3754.0269,1088.4503
p1581,0.1572,1.3334,0.5746,0.3209,0.75,3433.153,1619.6742
p1582,0.1572,1.3334,0.5746,0.2465,0.25,3806.758,709.26294
p1583,0.1572,1.3334,0.5746,0.2465,0.5,3498.4626,1139.1562
p1584,0.1572,1.3334,0.5746,0.2465,0.75,3162.4968,1695.105
p1585,0.1572,1.3334,0.5746,0.2347,0.25,3762.4866,716.80634
p1586,0.1572,1.3334,0.5746,0.2347,0.5,3455.9192,1149.3885
p1587,0.1572,1.3334,0.5746,0.2347,0.75,3117.761,1707.8076
p1588,0.1572,1.3334,0.5746,0.1781,0.25,3541.7327,756.16394
p1589,0.1572,1.3334,0.5746,0.1781,0.5,3244.2185,1197.4122
p1590,0.1572,1.3334,0.5746,0.1781,0.75,2902.3926,1771.509
p1591,0.1572,1.3334,0.5746,0.1488,0.25,3426.3926,778.00684
p1592,0.1572,1.3334,0.5746,0.1488,0.5,3129.722,1224.4548
p1593,0.1572,1.3334,0.5746,0.1488,0.75,2796.0513,1807.9725
p1594,0.1572,1.3334,0.5746,0.1134,0.25,3288.1453,801.82086
p1595,0.1572,1.3334,0.5746,0.1134,0.5,2989.0063,1258.2924
p1596,0.1572,1.3334,0.5746,0.1134,0.75,2669.6746,1852.5977
p1597,0.1572,0.7099,0.1669,0.1183,0.25,2587.1138,635.89
p1598,0.1572,0.7099,0.1669,0.1183,0.5,2488.9026,822.5345
p1599,0.1572,0.7099,0.1669,0.1183,0.75,2337.2136,1046.076
p1600,0.1572,0.7099,0.1669,0.2242,0.25,2974.204,573.0229
p1601,0.1572,0.7099,0.1669,0.2242,0.5,2869.7314,741.0576
p1602,0.1572,0.7099,0.1669,0.2242,0.75,2714.015,940.3393
p1603,0.1572,0.7099,0.1669,0.1995,0.25,2883.3052,587.6303
p1604,0.1572,0.7099,0.1669,0.1995,0.5,2781.1033,757.7683
p1605,0.1572,0.7099,0.1669,0.1995,0.75,2630.1465,960.8223
p1606,0.1572,0.7099,0.1669,0.1784,0.25,2806.1223,600.3517
p1607,0.1572,0.7099,0.1669,0.1784,0.5,2704.3662,772.64325
p1608,0.1572,0.7099,0.1669,0.1784,0.75,2553.745,980.70953
p1609,0.1572,0.7099,0.1669,0.1538,0.25,2716.164,614.66205
p1610,0.1572,0.7099,0.1669,0.1538,0.5,2615.332,792.303
p1611,0.1572,0.7099,0.1669,0.1538,0.75,2461.9236,1005.09064
p1612,0.1572,0.7099,0.1669,0.3141,0.25,3303.9392,520.4292
p1613,0.1572,0.7099,0.1669,0.3141,0.5,3192.2195,679.2608
p1614,0.1572,0.7099,0.1669,0.3141,0.75,3016.874,875.649
p1615,0.1572,0.7099,0.1669,0.1438,0.25,2680.0461,620.3837
p1616,0.1572,0.7099,0.1669,0.1438,0.5,2580.004,800.8089
p1617,0.1572,0.7099,0.1669,0.1438,0.75,2426.927,1016.5905
p1618,0.1572,0.7099,0.1669,0.1531,0.25,2713.6208,615.0646
p1619,0.1572,0.7099,0.1669,0.1531,0.5,2612.8596,792.8987
p1620,0.1572,0.7099,0.1669,0.1531,0.75,2459.2993,1005.80383
p1621,0.1572,0.7099,0.1669,0.3209,0.25,3329.504,516.1547
p1622,0.1572,0.7099,0.1669,0.3209,0.5,3217.256,674.4743
p1623,0.1572,0.7099,0.1669,0.3209,0.75,3040.2183,871.4967
p1624,0.1572,0.7099,0.1669,0.2465,0.25,3056.712,559.8983
p1625,0.1572,0.7099,0.1669,0.2465,0.5,2946.7178,726.2736
p1626,0.1572,0.7099,0.1669,0.2465,0.75,2789.5378,922.38196
p1627,0.1572,0.7099,0.1669,0.2347,0.25,3012.9111,566.87976
p1628,0.1572,0.7099,0.1669,0.2347,0.5,2906.092,734.1671
p1629,0.1572,0.7099,0.1669,0.2347,0.75,2749.6377,931.7629
p1630,0.1572,0.7099,0.1669,0.1781,0.25,2805.0352,600.53064
p1631,0.1572,0.7099,0.1669,0.1781,0.5,2703.2466,772.87244
p1632,0.1572,0.7099,0.1669,0.1781,0.75,2552.6345,980.9932
p1633,0.1572,0.7099,0.1669,0.1488,0.25,2697.995,617.5376
p1634,0.1572,0.7099,0.1669,0.1488,0.5,2597.6743,796.5581
p1635,0.1572,0.7099,0.1669,0.1488,0.75,2444.1785,1010.7107
p1636,0.1572,0.7099,0.1669,0.1134,0.25,2568.4395,639.3292
p1637,0.1572,0.7099,0.1669,0.1134,0.5,2471.1208,826.83704
p1638,0.1572,0.7099,0.1669,0.1134,0.75,2319.5195,1051.799
p1639,0.1572,0.803,0.2027,0.1183,0.25,2702.8716,646.971
p1640,0.1572,0.803,0.2027,0.1183,0.5,2590.6633,839.91815
p1641,0.1572,0.803,0.2027,0.1183,0.75,2434.2783,1069.4569
p1642,0.1572,0.803,0.2027,0.2242,0.25,3094.1963,582.57513
p1643,0.1572,0.803,0.2027,0.2242,0.5,2977.8857,761.07214
p1644,0.1572,0.803,0.2027,0.2242,0.75,2810.7383,964.33624
p1645,0.1572,0.803,0.2027,0.1995,0.25,3002.1174,597.5284
p1646,0.1572,0.803,0.2027,0.1995,0.5,2890.4028,777.568
p1647,0.1572,0.803,0.2027,0.1995,0.75,2726.159,984.9903
p1648,0.1572,0.803,0.2027,0.1784,0.25,2924.6309,610.33484
p1649,0.1572,0.803,0.2027,0.1784,0.5,2813.3938,792.5924
p1650,0.1572,0.803,0.2027,0.1784,0.75,2653.3352,1003.117
p1651,0.1572,0.803,0.2027,0.1538,0.25,2834.313,624.9678
p1652,0.1572,0.803,0.2027,0.1538,0.5,2722.9644,811.292
p1653,0.1572,0.803,0.2027,0.1538,0.75,2562.2603,1027.7219
p1654,0.1572,0.803,0.2027,0.3141,0.25,3423.3005,534.2084
p1655,0.1572,0.803,0.2027,0.3141,0.5,3299.1768,698.58844
p1656,0.1572,0.803,0.2027,0.3141,0.75,3117.3984,903.8194
p1657,0.1572,0.803,0.2027,0.1438,0.25,2798.0166,630.6463
p1658,0.1572,0.803,0.2027,0.1438,0.5,2685.549,819.23645
p1659,0.1572,0.803,0.2027,0.1438,0.75,2526.3818,1039.1183
p1660,0.1572,0.803,0.2027,0.1531,0.25,2831.7383,625.3702
p1661,0.1572,0.803,0.2027,0.1531,0.5,2720.3455,811.8481
p1662,0.1572,0.803,0.2027,0.1531,0.75,2559.6353,1028.4353
p1663,0.1572,0.803,0.2027,0.3209,0.25,3448.295,530.638
p1664,0.1572,0.803,0.2027,0.3209,0.5,3324.1143,693.82336
p1665,0.1572,0.803,0.2027,0.3209,0.75,3140.8665,899.45355
p1666,0.1572,0.803,0.2027,0.2465,0.25,3174.6313,570.509
p1667,0.1572,0.803,0.2027,0.2465,0.5,3055.5994,745.84753
p1668,0.1572,0.803,0.2027,0.2465,0.75,2885.4749,946.8406
p1669,0.1572,0.803,0.2027,0.2347,0.25,3132.2148,576.6615
p1670,0.1572,0.803,0.2027,0.2347,0.5,3014.5444,753.9284
p1671,0.1572,0.803,0.2027,0.2347,0.75,2845.8198,956.1261
p1672,0.1572,0.803,0.2027,0.1781,0.25,2923.5388,610.5148
p1673,0.1572,0.803,0.2027,0.1781,0.5,2812.295,792.8184
p1674,0.1572,0.803,0.2027,0.1781,0.75,2652.272,1003.39484
p1675,0.1572,0.803,0.2027,0.1488,0.25,2816.0723,627.8069
p1676,0.1572,0.803,0.2027,0.1488,0.5,2704.2566,815.2642
p1677,0.1572,0.803,0.2027,0.1488,0.75,2543.7444,1033.09
p1678,0.1572,0.803,0.2027,0.1134,0.25,2684.2192,650.407
p1679,0.1572,0.803,0.2027,0.1134,0.5,2572.8962,844.2366
p1680,0.1572,0.803,0.2027,0.1134,0.75,2415.627,1075.4259
p1681,0.2562,0.72,0.5273,0.1183,0.25,3386.5996,810.1606
p1682,0.2562,0.72,0.5273,0.1183,0.5,3093.567,1226.7432
p1683,0.2562,0.72,0.5273,0.1183,0.75,2799.0022,1756.1915
p1684,0.2562,0.72,0.5273,0.2242,0.25,3786.7131,746.1379
p1685,0.2562,0.72,0.5273,0.2242,0.5,3504.781,1138.5541
p1686,0.2562,0.72,0.5273,0.2242,0.75,3200.3665,1637.3352
p1687,0.2562,0.72,0.5273,0.1995,0.25,3697.5852,760.06085
p1688,0.2562,0.72,0.5273,0.1995,0.5,3414.5886,1155.972
p1689,0.2562,0.72,0.5273,0.1995,0.75,3104.7598,1659.2219
p1690,0.2562,0.72,0.5273,0.1784,0.25,3618.6753,773.2896
p1691,0.2562,0.72,0.5273,0.1784,0.5,3333.0884,1173.1653
p1692,0.2562,0.72,0.5273,0.1784,0.75,3026.2625,1679.8856
p1693,0.2562,0.72,0.5273,0.1538,0.25,3524.4058,788.8064
p1694,0.2562,0.72,0.5273,0.1538,0.5,3235.5186,1194.5779
p1695,0.2562,0.72,0.5273,0.1538,0.75,2931.4075,1707.5149
p1696,0.2562,0.72,0.5273,0.3141,0.25,4091.6472,700.4002
p1697,0.2562,0.72,0.5273,0.3141,0.5,3801.244,1087.499
p1698,0.2562,0.72,0.5273,0.3141,0.75,3535.3196,1562.684
p1699,0.2562,0.72,0.5273,0.1438,0.25,3486.1921,794.3608
p1700,0.2562,0.72,0.5273,0.1438,0.5,3195.818,1203.3904
p1701,0.2562,0.72,0.5273,0.1438,0.75,2893.5413,1720.4674
p1702,0.2562,0.72,0.5273,0.1531,0.25,3521.7712,789.21783
p1703,0.2562,0.72,0.5273,0.1531,0.5,3232.7422,1195.1884
p1704,0.2562,0.72,0.5273,0.1531,0.75,2928.6235,1708.3448
p1705,0.2562,0.72,0.5273,0.3209,0.25,4114.186,697.0555
p1706,0.2562,0.72,0.5273,0.3209,0.5,3823.4797,1083.9738
p1707,0.2562,0.72,0.5273,0.3209,0.75,3557.3867,1557.5165
p1708,0.2562,0.72,0.5273,0.2465,0.25,3864.425,734.629
p1709,0.2562,0.72,0.5273,0.2465,0.5,3580.8562,1123.7633
p1710,0.2562,0.72,0.5273,0.2465,0.75,3288.187,1617.0957
p1711,0.2562,0.72,0.5273,0.2347,0.25,3823.223,740.6512
p1712,0.2562,0.72,0.5273,0.2347,0.5,3540.9146,1131.5869
p1713,0.2562,0.72,0.5273,0.2347,0.75,3241.6743,1627.8546
p1714,0.2562,0.72,0.5273,0.1781,0.25,3617.548,773.4815
p1715,0.2562,0.72,0.5273,0.1781,0.5,3331.901,1173.4156
p1716,0.2562,0.72,0.5273,0.1781,0.75,3025.1543,1680.2002
p1717,0.2562,0.72,0.5273,0.1488,0.25,3505.3413,791.60754
p1718,0.2562,0.72,0.5273,0.1488,0.5,3215.6848,1198.9502
p1719,0.2562,0.72,0.5273,0.1488,0.75,2911.8945,1713.6384
p1720,0.2562,0.72,0.5273,0.1134,0.25,3367.2485,813.4697
p1721,0.2562,0.72,0.5273,0.1134,0.5,3073.471,1231.5708
p1722,0.2562,0.72,0.5273,0.1134,0.75,2780.7354,1763.0742
p1723,0.2562,2.7734,0.4391,0.1183,0.25,6834.899,233.24976
p1724,0.2562,2.7734,0.4391,0.1183,0.5,6466.2676,422.34128
p1725,0.2562,2.7734,0.4391,0.1183,0.75,6132.8633,659.02136
p1726,0.2562,2.7734,0.4391,0.2242,0.25,7295.6123,210.88794
p1727,0.2562,2.7734,0.4391,0.2242,0.5,6910.11,395.60602
p1728,0.2562,2.7734,0.4391,0.2242,0.75,6561.9297,611.25653
p1729,0.2562,2.7734,0.4391,0.1995,0.25,7189.8745,216.44952
p1730,0.2562,2.7734,0.4391,0.1995,0.5,6814.1426,402.28265
p1731,0.2562,2.7734,0.4391,0.1995,0.75,6459.3774,621.424
p1732,0.2562,2.7734,0.4391,0.1784,0.25,7097.5034,221.10822
p1733,0.2562,2.7734,0.4391,0.1784,0.5,6726.6074,407.88882
p1734,0.2562,2.7734,0.4391,0.1784,0.75,6373.3706,629.8642
p1735,0.2562,2.7734,0.4391,0.1538,0.25,6990.3564,226.1789
p1736,0.2562,2.7734,0.4391,0.1538,0.5,6620.2285,413.56583
p1737,0.2562,2.7734,0.4391,0.1538,0.75,6275.478,640.22375
p1738,0.2562,2.7734,0.4391,0.3141,0.25,7660.6816,196.31268
p1739,0.2562,2.7734,0.4391,0.3141,0.5,7268.584,370.07214
p1740,0.2562,2.7734,0.4391,0.3141,0.75,6935.5454,582.6671
p1741,0.2562,2.7734,0.4391,0.1438,0.25,6946.974,228.15643
p1742,0.2562,2.7734,0.4391,0.1438,0.5,6578.3423,415.82007
p1743,0.2562,2.7734,0.4391,0.1438,0.75,6235.763,645.03986
p1744,0.2562,2.7734,0.4391,0.1531,0.25,6987.3193,226.31738
p1745,0.2562,2.7734,0.4391,0.1531,0.5,6617.2974,413.72366
p1746,0.2562,2.7734,0.4391,0.1531,0.75,6272.6904,640.53906
p1747,0.2562,2.7734,0.4391,0.3209,0.25,7686.756,195.37329
p1748,0.2562,2.7734,0.4391,0.3209,0.5,7294.888,368.07013
p1749,0.2562,2.7734,0.4391,0.3209,0.75,6963.222,581.0044
p1750,0.2562,2.7734,0.4391,0.2465,0.25,7392.621,205.78363
p1751,0.2562,2.7734,0.4391,0.2465,0.5,6997.2837,389.22916
p1752,0.2562,2.7734,0.4391,0.2465,0.75,6655.2397,603.05835
p1753,0.2562,2.7734,0.4391,0.2347,0.25,7341.82,208.50104
p1754,0.2562,2.7734,0.4391,0.2347,0.5,6951.1157,392.61758
p1755,0.2562,2.7734,0.4391,0.2347,0.75,6605.5728,607.296
p1756,0.2562,2.7734,0.4391,0.1781,0.25,7096.186,221.17462
p1757,0.2562,2.7734,0.4391,0.1781,0.5,6725.353,407.96545
p1758,0.2562,2.7734,0.4391,0.1781,0.75,6372.1553,629.9862
p1759,0.2562,2.7734,0.4391,0.1488,0.25,6968.665,227.16772
p1760,0.2562,2.7734,0.4391,0.1488,0.5,6599.293,414.69302
p1761,0.2562,2.7734,0.4391,0.1488,0.75,6255.569,642.47565
p1762,0.2562,2.7734,0.4391,0.1134,0.25,6813.287,234.23126
p1763,0.2562,2.7734,0.4391,0.1134,0.5,6443.8037,423.87354
p1764,0.2562,2.7734,0.4391,0.1134,0.75,6112.26,661.55347
p1765,0.2562,2.6061,0.4394,0.1183,0.25,6542.0776,255.23682
p1766,0.2562,2.6061,0.4394,0.1183,0.5,6177.9897,460.33832
p1767,0.2562,2.6061,0.4394,0.1183,0.75,5863.4585,701.3895
p1768,0.2562,2.6061,0.4394,0.2242,0.25,7000.8467,231.80518
p1769,0.2562,2.6061,0.4394,0.2242,0.5,6632.604,430.4425
p1770,0.2562,2.6061,0.4394,0.2242,0.75,6288.9385,652.1379
p1771,0.2562,2.6061,0.4394,0.1995,0.25,6896.0273,237.36346
p1772,0.2562,2.6061,0.4394,0.1995,0.5,6531.9497,437.17422
p1773,0.2562,2.6061,0.4394,0.1995,0.75,6189.2285,662.6682
p1774,0.2562,2.6061,0.4394,0.1784,0.25,6803.2573,242.49713
p1775,0.2562,2.6061,0.4394,0.1784,0.5,6442.7524,442.59042
p1776,0.2562,2.6061,0.4394,0.1784,0.75,6104.459,671.1856
p1777,0.2562,2.6061,0.4394,0.1538,0.25,6693.737,247.96808
p1778,0.2562,2.6061,0.4394,0.1538,0.5,6334.109,449.28268
p1779,0.2562,2.6061,0.4394,0.1538,0.75,6011.039,682.0495
p1780,0.2562,2.6061,0.4394,0.3141,0.25,7371.605,216.08954
p1781,0.2562,2.6061,0.4394,0.3141,0.5,6983.7744,403.27756
p1782,0.2562,2.6061,0.4394,0.3141,0.75,6650.721,622.10596
p1783,0.2562,2.6061,0.4394,0.1438,0.25,6650.496,250.01642
p1784,0.2562,2.6061,0.4394,0.1438,0.5,6289.1934,452.3915
p1785,0.2562,2.6061,0.4394,0.1438,0.75,5970.3423,687.4594
p1786,0.2562,2.6061,0.4394,0.1531,0.25,6690.6323,248.11041
p1787,0.2562,2.6061,0.4394,0.1531,0.5,6330.971,449.47876
p1788,0.2562,2.6061,0.4394,0.1531,0.75,6008.2686,682.42267
p1789,0.2562,2.6061,0.4394,0.3209,0.25,7397.683,215.15039
p1790,0.2562,2.6061,0.4394,0.3209,0.5,7009.849,401.01883
p1791,0.2562,2.6061,0.4394,0.3209,0.75,6678.0522,620.531
p1792,0.2562,2.6061,0.4394,0.2465,0.25,7092.55,226.73401
p1793,0.2562,2.6061,0.4394,0.2465,0.5,6719.587,423.8801
p1794,0.2562,2.6061,0.4394,0.2465,0.75,6376.3784,643.3798
p1795,0.2562,2.6061,0.4394,0.2347,0.25,7043.916,229.34442
p1796,0.2562,2.6061,0.4394,0.2347,0.5,6673.991,427.42706
p1797,0.2562,2.6061,0.4394,0.2347,0.75,6329.515,648.0605
p1798,0.2562,2.6061,0.4394,0.1781,0.25,6801.92,242.56604
p1799,0.2562,2.6061,0.4394,0.1781,0.5,6441.4766,442.667
p1800,0.2562,2.6061,0.4394,0.1781,0.75,6103.248,671.2984
p1801,0.2562,2.6061,0.4394,0.1488,0.25,6671.951,248.98993
p1802,0.2562,2.6061,0.4394,0.1488,0.5,6311.6016,450.7587
p1803,0.2562,2.6061,0.4394,0.1488,0.75,5990.9053,684.7429
p1804,0.2562,2.6061,0.4394,0.1134,0.25,6521.6646,256.20337
p1805,0.2562,2.6061,0.4394,0.1134,0.5,6156.421,461.8034
p1806,0.2562,2.6061,0.4394,0.1134,0.75,5842.1064,704.0074
p1807,0.2562,2.5484,0.3129,0.1183,0.25,6587.9653,210.6175
p1808,0.2562,2.5484,0.3129,0.1183,0.5,6308.5913,330.4361
p1809,0.2562,2.5484,0.3129,0.1183,0.75,6006.702,496.75513
p1810,0.2562,2.5484,0.3129,0.2242,0.25,7047.0103,190.2052
p1811,0.2562,2.5484,0.3129,0.2242,0.5,6766.232,301.4342
p1812,0.2562,2.5484,0.3129,0.2242,0.75,6476.3584,446.35437
p1813,0.2562,2.5484,0.3129,0.1995,0.25,6943.44,193.01617
p1814,0.2562,2.5484,0.3129,0.1995,0.5,6659.4614,308.29114
p1815,0.2562,2.5484,0.3129,0.1995,0.75,6372.0894,455.69678
p1816,0.2562,2.5484,0.3129,0.1784,0.25,6850.036,197.45862
p1817,0.2562,2.5484,0.3129,0.1784,0.5,6566.967,314.3177
p1818,0.2562,2.5484,0.3129,0.1784,0.75,6276.2285,466.00168
p1819,0.2562,2.5484,0.3129,0.1538,0.25,6741.2637,202.72534
p1820,0.2562,2.5484,0.3129,0.1538,0.5,6460.589,320.74835
p1821,0.2562,2.5484,0.3129,0.1538,0.75,6162.813,478.6819
p1822,0.2562,2.5484,0.3129,0.3141,0.25,7416.587,179.81506
p1823,0.2562,2.5484,0.3129,0.3141,0.5,7127.6475,277.40253
p1824,0.2562,2.5484,0.3129,0.3141,0.75,6836.8096,420.26886
p1825,0.2562,2.5484,0.3129,0.1438,0.25,6696.8643,204.9378
p1826,0.2562,2.5484,0.3129,0.1438,0.5,6418.1475,323.36
p1827,0.2562,2.5484,0.3129,0.1438,0.75,6119.677,483.98453
p1828,0.2562,2.5484,0.3129,0.1531,0.25,6738.1333,202.8797
p1829,0.2562,2.5484,0.3129,0.1531,0.5,6457.582,320.92676
p1830,0.2562,2.5484,0.3129,0.1531,0.75,6159.816,479.04468
p1831,0.2562,2.5484,0.3129,0.3209,0.25,7444.7993,179.16125
p1832,0.2562,2.5484,0.3129,0.3209,0.5,7152.7974,275.40765
p1833,0.2562,2.5484,0.3129,0.3209,0.75,6863.5947,418.4096
p1834,0.2562,2.5484,0.3129,0.2465,0.25,7138.9683,187.66132
p1835,0.2562,2.5484,0.3129,0.2465,0.5,6862.657,295.44794
p1836,0.2562,2.5484,0.3129,0.2465,0.75,6567.2554,439.15445
p1837,0.2562,2.5484,0.3129,0.2347,0.25,7090.481,189.02094
p1838,0.2562,2.5484,0.3129,0.2347,0.5,6811.634,298.61548
p1839,0.2562,2.5484,0.3129,0.2347,0.75,6519.3545,442.77618
p1840,0.2562,2.5484,0.3129,0.1781,0.25,6848.6934,197.52301
p1841,0.2562,2.5484,0.3129,0.1781,0.5,6565.6523,314.4035
p1842,0.2562,2.5484,0.3129,0.1781,0.75,6274.806,466.15244
p1843,0.2562,2.5484,0.3129,0.1488,0.25,6718.8994,203.82751
p1844,0.2562,2.5484,0.3129,0.1488,0.5,6439.3276,322.03754
p1845,0.2562,2.5484,0.3129,0.1488,0.75,6141.228,481.36493
p1846,0.2562,2.5484,0.3129,0.1134,0.25,6567.6235,211.7185
p1847,0.2562,2.5484,0.3129,0.1134,0.5,6287.149,331.8634
p1848,0.2562,2.5484,0.3129,0.1134,0.75,5984.943,499.27896
p1849,0.2562,1.2028,0.2558,0.1183,0.25,4399.4995,424.47314
p1850,0.2562,1.2028,0.2558,0.1183,0.5,4203.1167,579.87335
p1851,0.2562,1.2028,0.2558,0.1183,0.75,3979.2412,748.44464
p1852,0.2562,1.2028,0.2558,0.2242,0.25,4804.0396,375.72046
p1853,0.2562,1.2028,0.2558,0.2242,0.5,4611.4395,528.5103
p1854,0.2562,1.2028,0.2558,0.2242,0.75,4392.1953,685.2331
p1855,0.2562,1.2028,0.2558,0.1995,0.25,4712.944,385.96887
p1856,0.2562,1.2028,0.2558,0.1995,0.5,4519.6597,540.7898
p1857,0.2562,1.2028,0.2558,0.1995,0.75,4297.7026,698.16113
p1858,0.2562,1.2028,0.2558,0.1784,0.25,4632.1675,395.41895
p1859,0.2562,1.2028,0.2558,0.1784,0.5,4438.4907,551.0237
p1860,0.2562,1.2028,0.2558,0.1784,0.75,4217.0156,709.74384
p1861,0.2562,1.2028,0.2558,0.1538,0.25,4537.838,406.96634
p1862,0.2562,1.2028,0.2558,0.1538,0.5,4343.825,562.45557
p1863,0.2562,1.2028,0.2558,0.1538,0.75,4125.0156,723.6455
p1864,0.2562,1.2028,0.2558,0.3141,0.25,5136.8374,340.68164
p1865,0.2562,1.2028,0.2558,0.3141,0.5,4946.4653,487.41382
p1866,0.2562,1.2028,0.2558,0.3141,0.75,4723.9556,640.08954
p1867,0.2562,1.2028,0.2558,0.1438,0.25,4500.2915,411.639
p1868,0.2562,1.2028,0.2558,0.1438,0.5,4305.182,567.08844
p1869,0.2562,1.2028,0.2558,0.1438,0.75,4084.717,730.0402
p1870,0.2562,1.2028,0.2558,0.1531,0.25,4535.136,407.3043
p1871,0.2562,1.2028,0.2558,0.1531,0.5,4341.097,562.7838
p1872,0.2562,1.2028,0.2558,0.1531,0.75,4122.2217,724.0845
p1873,0.2562,1.2028,0.2558,0.3209,0.25,5162.74,338.3817
p1874,0.2562,1.2028,0.2558,0.3209,0.5,4970.208,484.736
p1875,0.2562,1.2028,0.2558,0.3209,0.75,4749.7876,636.6673
p1876,0.2562,1.2028,0.2558,0.2465,0.25,4884.0107,366.93033
p1877,0.2562,1.2028,0.2558,0.2465,0.5,4698.2783,517.37555
p1878,0.2562,1.2028,0.2558,0.2465,0.75,4475.367,674.16187
p1879,0.2562,1.2028,0.2558,0.2347,0.25,4842.1343,371.47556
p1880,0.2562,1.2028,0.2558,0.2347,0.5,4651.518,523.29785
p1881,0.2562,1.2028,0.2558,0.2347,0.75,4432.233,680.0142
p1882,0.2562,1.2028,0.2558,0.1781,0.25,4631.002,395.56003
p1883,0.2562,1.2028,0.2558,0.1781,0.5,4437.342,551.1625
p1884,0.2562,1.2028,0.2558,0.1781,0.75,4215.9116,709.9028
p1885,0.2562,1.2028,0.2558,0.1488,0.25,4518.8394,409.33582
p1886,0.2562,1.2028,0.2558,0.1488,0.5,4324.4165,564.78644
p1887,0.2562,1.2028,0.2558,0.1488,0.75,4104.983,726.75824
p1888,0.2562,1.2028,0.2558,0.1134,0.25,4379.2812,427.11234
p1889,0.2562,1.2028,0.2558,0.1134,0.5,4182.541,582.59515
p1890,0.2562,1.2028,0.2558,0.1134,0.75,3959.1477,751.98645
p1891,0.2562,1.2676,0.2575,0.1183,0.25,4506.352,409.06857
p1892,0.2562,1.2676,0.2575,0.1183,0.5,4302.652,562.8865
p1893,0.2562,1.2676,0.2575,0.1183,0.75,4072.534,730.28046
p1894,0.2562,1.2676,0.2575,0.2242,0.25,4906.5757,362.3395
p1895,0.2562,1.2676,0.2575,0.2242,0.5,4713.666,513.9451
p1896,0.2562,1.2676,0.2575,0.2242,0.75,4485.585,667.40497
p1897,0.2562,1.2676,0.2575,0.1995,0.25,4818.8784,371.8881
p1898,0.2562,1.2676,0.2575,0.1995,0.5,4618.068,526.15356
p1899,0.2562,1.2676,0.2575,0.1995,0.75,4390.3154,680.4893
p1900,0.2562,1.2676,0.2575,0.1784,0.25,4740.0903,380.83374
p1901,0.2562,1.2676,0.2575,0.1784,0.5,4536.3286,535.77014
p1902,0.2562,1.2676,0.2575,0.1784,0.75,4308.957,691.8992
p1903,0.2562,1.2676,0.2575,0.1538,0.25,4646.5234,391.81677
p1904,0.2562,1.2676,0.2575,0.1538,0.5,4443.1587,546.114
p1905,0.2562,1.2676,0.2575,0.1538,0.75,4215.5,706.3483
p1906,0.2562,1.2676,0.2575,0.3141,0.25,5243.894,327.95374
p1907,0.2562,1.2676,0.2575,0.3141,0.5,5044.2744,475.15726
p1908,0.2562,1.2676,0.2575,0.3141,0.75,4829.262,620.7425
p1909,0.2562,1.2676,0.2575,0.1438,0.25,4607.7627,396.61053
p1910,0.2562,1.2676,0.2575,0.1438,0.5,4404.0625,550.7085
p1911,0.2562,1.2676,0.2575,0.1438,0.75,4176.8853,712.24347
p1912,0.2562,1.2676,0.2575,0.1531,0.25,4643.8823,392.13696
p1913,0.2562,1.2676,0.2575,0.1531,0.5,4440.4663,546.4212
p1914,0.2562,1.2676,0.2575,0.1531,0.75,4212.819,706.7681
p1915,0.2562,1.2676,0.2575,0.3209,0.25,5270.266,326.1167
p1916,0.2562,1.2676,0.2575,0.3209,0.5,5068.0435,472.54617
p1917,0.2562,1.2676,0.2575,0.3209,0.75,4855.5654,617.3948
p1918,0.2562,1.2676,0.2575,0.2465,0.25,4984.6763,354.01276
p1919,0.2562,1.2676,0.2575,0.2465,0.5,4803.9272,502.48386
p1920,0.2562,1.2676,0.2575,0.2465,0.75,4572.2065,655.46924
p1921,0.2562,1.2676,0.2575,0.2347,0.25,4943.2075,358.43652
p1922,0.2562,1.2676,0.2575,0.2347,0.5,4755.701,508.60684
p1923,0.2562,1.2676,0.2575,0.2347,0.75,4526.7256,661.7979
p1924,0.2562,1.2676,0.2575,0.1781,0.25,4738.938,380.96686
p1925,0.2562,1.2676,0.2575,0.1781,0.5,4535.1846,535.90204
p1926,0.2562,1.2676,0.2575,0.1781,0.75,4307.7944,692.0662
p1927,0.2562,1.2676,0.2575,0.1488,0.25,4627.379,394.16367
p1928,0.2562,1.2676,0.2575,0.1488,0.5,4423.855,548.32855
p1929,0.2562,1.2676,0.2575,0.1488,0.75,4196.204,709.29974
p1930,0.2562,1.2676,0.2575,0.1134,0.25,4486.833,411.41257
p1931,0.2562,1.2676,0.2575,0.1134,0.5,4282.8013,565.3038
p1932,0.2562,1.2676,0.2575,0.1134,0.75,4052.1528,733.85315
p1933,0.2562,1.5092,0.2624,0.1183,0.25,4913.001,352.43518
p1934,0.2562,1.5092,0.2624,0.1183,0.5,4660.938,506.76477
p1935,0.2562,1.5092,0.2624,0.1183,0.75,4428.5513,662.5153
p1936,0.2562,1.5092,0.2624,0.2242,0.25,5307.922,314.54425
p1937,0.2562,1.5092,0.2624,0.2242,0.5,5091.4556,462.03818
p1938,0.2562,1.5092,0.2624,0.2242,0.75,4855.893,599.4819
p1939,0.2562,1.5092,0.2624,0.1995,0.25,5212.3604,323.7
p1940,0.2562,1.5092,0.2624,0.1995,0.5,4995.717,471.3879
p1941,0.2562,1.5092,0.2624,0.1995,0.75,4755.0034,613.12946
p1942,0.2562,1.5092,0.2624,0.1784,0.25,5134.3657,331.4286
p1943,0.2562,1.5092,0.2624,0.1784,0.5,4905.5493,480.5498
p1944,0.2562,1.5092,0.2624,0.1784,0.75,4671.5093,625.15753
p1945,0.2562,1.5092,0.2624,0.1538,0.25,5046.962,339.8299
p1946,0.2562,1.5092,0.2624,0.1538,0.5,4803.197,491.36102
p1947,0.2562,1.5092,0.2624,0.1538,0.75,4574.4033,640.2896
p1948,0.2562,1.5092,0.2624,0.3141,0.25,5657.002,286.13428
p1949,0.2562,1.5092,0.2624,0.3141,0.5,5428.7227,429.34854
p1950,0.2562,1.5092,0.2624,0.3141,0.75,5227.7236,552.2106
p1951,0.2562,1.5092,0.2624,0.1438,0.25,5011.188,343.23236
p1952,0.2562,1.5092,0.2624,0.1438,0.5,4762.729,495.76694
p1953,0.2562,1.5092,0.2624,0.1438,0.75,4533.3755,646.29425
p1954,0.2562,1.5092,0.2624,0.1531,0.25,5044.474,340.0687
p1955,0.2562,1.5092,0.2624,0.1531,0.5,4800.3726,491.66656
p1956,0.2562,1.5092,0.2624,0.1531,0.75,4571.624,640.7184
p1957,0.2562,1.5092,0.2624,0.3209,0.25,5682.234,284.7826
p1958,0.2562,1.5092,0.2624,0.3209,0.5,5454.676,426.733
p1959,0.2562,1.5092,0.2624,0.3209,0.75,5253.885,549.1958
p1960,0.2562,1.5092,0.2624,0.2465,0.25,5395.0615,306.2791
p1961,0.2562,1.5092,0.2624,0.2465,0.5,5172.3096,454.86664
p1962,0.2562,1.5092,0.2624,0.2465,0.75,4950.125,587.67426
p1963,0.2562,1.5092,0.2624,0.2347,0.25,5348.9517,310.65265
p1964,0.2562,1.5092,0.2624,0.2347,0.5,5128.7183,458.73315
p1965,0.2562,1.5092,0.2624,0.2347,0.75,4900.365,593.87524
p1966,0.2562,1.5092,0.2624,0.1781,0.25,5133.3066,331.53357
p1967,0.2562,1.5092,0.2624,0.1781,0.5,4904.2646,480.6809
p1968,0.2562,1.5092,0.2624,0.1781,0.75,4670.327,625.3323
p1969,0.2562,1.5092,0.2624,0.1488,0.25,5029.216,341.5335
p1970,0.2562,1.5092,0.2624,0.1488,0.5,4783.0234,493.5433
p1971,0.2562,1.5092,0.2624,0.1488,0.75,4554.101,643.27905
p1972,0.2562,1.5092,0.2624,0.1134,0.25,4892.947,354.41846
p1973,0.2562,1.5092,0.2624,0.1134,0.5,4641.5967,508.85236
p1974,0.2562,1.5092,0.2624,0.1134,0.75,4408.635,665.9065
p1975,0.2562,1.3334,0.5746,0.1183,0.25,4369.6235,615.34357
p1976,0.2562,1.3334,0.5746,0.1183,0.5,4018.8538,1010.92346
p1977,0.2562,1.3334,0.5746,0.1183,0.75,3673.2502,1506.9878
p1978,0.2562,1.3334,0.5746,0.2242,0.25,4783.5356,565.3926
p1979,0.2562,1.3334,0.5746,0.2242,0.5,4423.258,930.1752
p1980,0.2562,1.3334,0.5746,0.2242,0.75,4088.7493,1403.808
p1981,0.2562,1.3334,0.5746,0.1995,0.25,4693.224,576.2765
p1982,0.2562,1.3334,0.5746,0.1995,0.5,4334.161,945.4001
p1983,0.2562,1.3334,0.5746,0.1995,0.75,3996.3066,1426.0435
p1984,0.2562,1.3334,0.5746,0.1784,0.25,4610.789,586.25165
p1985,0.2562,1.3334,0.5746,0.1784,0.5,4256.1987,959.5755
p1986,0.2562,1.3334,0.5746,0.1784,0.75,3913.081,1446.0999
p1987,0.2562,1.3334,0.5746,0.1538,0.25,4515.443,597.30145
p1988,0.2562,1.3334,0.5746,0.1538,0.5,4161.677,978.608
p1989,0.2562,1.3334,0.5746,0.1538,0.75,3816.0496,1470.6317
p1990,0.2562,1.3334,0.5746,0.3141,0.25,5112.2197,524.5754
p1991,0.2562,1.3334,0.5746,0.3141,0.5,4705.725,884.0999
p1992,0.2562,1.3334,0.5746,0.3141,0.75,4369.8657,1344.3998
p1993,0.2562,1.3334,0.5746,0.1438,0.25,4476.154,601.86566
p1994,0.2562,1.3334,0.5746,0.1438,0.5,4121.674,987.4845
p1995,0.2562,1.3334,0.5746,0.1438,0.75,3776.2683,1480.988
p1996,0.2562,1.3334,0.5746,0.1531,0.25,4512.7354,597.6013
p1997,0.2562,1.3334,0.5746,0.1531,0.5,4158.8916,979.2111
p1998,0.2562,1.3334,0.5746,0.1531,0.75,3813.265,1471.3569
p1999,0.2562,1.3334,0.5746,0.3209,0.25,5137.0034,521.4324
p2000,0.2562,1.3334,0.5746,0.3209,0.5,4725.269,881.3011
p2001,0.2562,1.3334,0.5746,0.3209,0.75,4390.4585,1340.2408
p2002,0.2562,1.3334,0.5746,0.2465,0.25,4863.61,555.78
p2003,0.2562,1.3334,0.5746,0.2465,0.5,4498.7275,917.3444
p2004,0.2562,1.3334,0.5746,0.2465,0.75,4165.519,1386.6143
p2005,0.2562,1.3334,0.5746,0.2347,0.25,4820.949,560.9739
p2006,0.2562,1.3334,0.5746,0.2347,0.5,4459.17,924.33984
p2007,0.2562,1.3334,0.5746,0.2347,0.75,4125.9766,1395.4843
p2008,0.2562,1.3334,0.5746,0.1781,0.25,4609.6123,586.3976
p2009,0.2562,1.3334,0.5746,0.1781,0.5,4255.0884,959.78064
p2010,0.2562,1.3334,0.5746,0.1781,0.75,3911.9087,1446.3956
p2011,0.2562,1.3334,0.5746,0.1488,0.25,4495.9873,599.50604
p2012,0.2562,1.3334,0.5746,0.1488,0.5,4141.7905,982.9053
p2013,0.2562,1.3334,0.5746,0.1488,0.75,3796.1592,1475.8098
p2014,0.2562,1.3334,0.5746,0.1134,0.25,4348.6064,618.11145
p2015,0.2562,1.3334,0.5746,0.1134,0.5,3998.875,1015.4055
p2016,0.2562,1.3334,0.5746,0.1134,0.75,3653.3003,1511.9279
p2017,0.2562,0.7099,0.1669,0.1183,0.25,3650.4783,469.58087
p2018,0.2562,0.7099,0.1669,0.1183,0.5,3510.9968,608.2186
p2019,0.2562,0.7099,0.1669,0.1183,0.75,3318.875,776.286
p2020,0.2562,0.7099,0.1669,0.2242,0.25,4079.2488,406.70303
p2021,0.2562,0.7099,0.1669,0.2242,0.5,3928.2585,539.90155
p2022,0.2562,0.7099,0.1669,0.2242,0.75,3740.3289,702.37103
p2023,0.2562,0.7099,0.1669,0.1995,0.25,3980.3464,420.9308
p2024,0.2562,0.7099,0.1669,0.1995,0.5,3831.3008,556.0374
p2025,0.2562,0.7099,0.1669,0.1995,0.75,3647.6177,717.6441
p2026,0.2562,0.7099,0.1669,0.1784,0.25,3895.7263,433.23743
p2027,0.2562,0.7099,0.1669,0.1784,0.5,3749.1316,569.94794
p2028,0.2562,0.7099,0.1669,0.1784,0.75,3564.0928,731.509
p2029,0.2562,0.7099,0.1669,0.1538,0.25,3795.648,447.99884
p2030,0.2562,0.7099,0.1669,0.1538,0.5,3652.108,586.22644
p2031,0.2562,0.7099,0.1669,0.1538,0.75,3464.9958,748.2867
p2032,0.2562,0.7099,0.1669,0.3141,0.25,4419.6147,364.2044
p2033,0.2562,0.7099,0.1669,0.3141,0.5,4262.041,487.7794
p2034,0.2562,0.7099,0.1669,0.3141,0.75,4067.976,649.00464
p2035,0.2562,0.7099,0.1669,0.1438,0.25,3754.6165,454.10086
p2036,0.2562,0.7099,0.1669,0.1438,0.5,3612.3818,592.4303
p2037,0.2562,0.7099,0.1669,0.1438,0.75,3423.5864,755.9019
p2038,0.2562,0.7099,0.1669,0.1531,0.25,3792.7756,448.42606
p2039,0.2562,0.7099,0.1669,0.1531,0.5,3649.3416,586.6661
p2040,0.2562,0.7099,0.1669,0.1531,0.75,3462.133,748.801
p2041,0.2562,0.7099,0.1669,0.3209,0.25,4444.2295,361.63242
p2042,0.2562,0.7099,0.1669,0.3209,0.5,4286.309,484.39813
p2043,0.2562,0.7099,0.1669,0.3209,0.75,4091.944,645.4393
p2044,0.2562,0.7099,0.1669,0.2465,0.25,4167.067,394.5649
p2045,0.2562,0.7099,0.1669,0.2465,0.5,4011.198,526.29565
p2046,0.2562,0.7099,0.1669,0.2465,0.75,3822.914,688.4777
p2047,0.2562,0.7099,0.1669,0.2347,0.25,4121.1426,400.77237
p2048,0.2562,0.7099,0.1669,0.2347,0.5,3967.9387,533.3676
p2049,0.2562,0.7099,0.1669,0.2347,0.75,3779.9312,695.8668
p2050,0.2562,0.7099,0.1669,0.1781,0.25,3894.5234,433.41235
p2051,0.2562,0.7099,0.1669,0.1781,0.5,3747.9712,570.1483
p2052,0.2562,0.7099,0.1669,0.1781,0.75,3562.9043,731.71765
p2053,0.2562,0.7099,0.1669,0.1488,0.25,3775.1326,451.05
p2054,0.2562,0.7099,0.1669,0.1488,0.5,3632.2615,589.33453
p2055,0.2562,0.7099,0.1669,0.1488,0.75,3444.4258,752.02374
p2056,0.2562,0.7099,0.1669,0.1134,0.25,3630.6638,472.59674
p2057,0.2562,0.7099,0.1669,0.1134,0.5,3491.5151,611.25244
p2058,0.2562,0.7099,0.1669,0.1134,0.75,3299.0037,780.2847
p2059,0.2562,0.803,0.2027,0.1183,0.25,3770.3054,484.44272
p2060,0.2562,0.803,0.2027,0.1183,0.5,3615.6912,634.9028
p2061,0.2562,0.803,0.2027,0.1183,0.75,3419.717,805.58234
p2062,0.2562,0.803,0.2027,0.2242,0.25,4198.406,422.40997
p2063,0.2562,0.803,0.2027,0.2242,0.5,4033.5261,566.4694
p2064,0.2562,0.803,0.2027,0.2242,0.75,3839.522,732.635
p2065,0.2562,0.803,0.2027,0.1995,0.25,4101.072,435.68927
p2066,0.2562,0.803,0.2027,0.1995,0.5,3938.9976,582.273
p2067,0.2562,0.803,0.2027,0.1995,0.75,3747.651,748.103
p2068,0.2562,0.803,0.2027,0.1784,0.25,4015.84,448.0879
p2069,0.2562,0.803,0.2027,0.1784,0.5,3855.243,596.44037
p2070,0.2562,0.803,0.2027,0.1784,0.75,3666.866,761.1149
p2071,0.2562,0.803,0.2027,0.1538,0.25,3915.5437,462.89188
p2072,0.2562,0.803,0.2027,0.1538,0.5,3757.0413,612.3801
p2073,0.2562,0.803,0.2027,0.1538,0.75,3567.0864,777.9949
p2074,0.2562,0.803,0.2027,0.3141,0.25,4527.9062,384.0633
p2075,0.2562,0.803,0.2027,0.3141,0.5,4363.075,516.6256
p2076,0.2562,0.803,0.2027,0.3141,0.75,4166.5586,681.8716
p2077,0.2562,0.803,0.2027,0.1438,0.25,3874.5154,468.9846
p2078,0.2562,0.803,0.2027,0.1438,0.5,3717.5784,618.69434
p2079,0.2562,0.803,0.2027,0.1438,0.75,3525.5154,785.3584
p2080,0.2562,0.803,0.2027,0.1531,0.25,3912.6716,463.3184
p2081,0.2562,0.803,0.2027,0.1531,0.5,3754.2856,612.8247
p2082,0.2562,0.803,0.2027,0.1531,0.75,3564.151,778.5173
p2083,0.2562,0.803,0.2027,0.3209,0.25,4552.217,381.47833
p2084,0.2562,0.803,0.2027,0.3209,0.5,4387.5015,513.2454
p2085,0.2562,0.803,0.2027,0.3209,0.75,4189.439,678.49506
p2086,0.2562,0.803,0.2027,0.2465,0.25,4280.5283,412.50125
p2087,0.2562,0.803,0.2027,0.2465,0.5,4117.469,552.6011
p2088,0.2562,0.803,0.2027,0.2465,0.75,3925.4578,718.8429
p2089,0.2562,0.803,0.2027,0.2347,0.25,4237.739,417.60355
p2090,0.2562,0.803,0.2027,0.2347,0.5,4073.2095,559.9292
p2091,0.2562,0.803,0.2027,0.2347,0.75,3879.6475,725.95087
p2092,0.2562,0.803,0.2027,0.1781,0.25,4014.6365,448.26257
p2093,0.2562,0.803,0.2027,0.1781,0.5,3854.0188,596.64014
p2094,0.2562,0.803,0.2027,0.1781,0.75,3665.6995,761.30975
p2095,0.2562,0.803,0.2027,0.1488,0.25,3895.0298,465.93817
p2096,0.2562,0.803,0.2027,0.1488,0.5,3737.3577,615.5559
p2097,0.2562,0.803,0.2027,0.1488,0.75,3546.2214,781.70654
p2098,0.2562,0.803,0.2027,0.1134,0.25,3750.6943,487.33444
p2099,0.2562,0.803,0.2027,0.1134,0.5,3595.6995,638.102
p2100,0.2562,0.803,0.2027,0.1134,0.75,3399.6995,809.3937
p2101,0.2427,0.72,0.5273,0.1183,0.25,3246.1377,836.9178
p2102,0.2427,0.72,0.5273,0.1183,0.5,2958.3293,1262.6213
p2103,0.2427,0.72,0.5273,0.1183,0.75,2673.1694,1811.0474
p2104,0.2427,0.72,0.5273,0.2242,0.25,3647.4775,769.506
p2105,0.2427,0.72,0.5273,0.2242,0.5,3369.3972,1171.6836
p2106,0.2427,0.72,0.5273,0.2242,0.75,3069.154,1681.6101
p2107,0.2427,0.72,0.5273,0.1995,0.25,3556.1392,784.832
p2108,0.2427,0.72,0.5273,0.1995,0.5,3279.469,1190.6604
p2109,0.2427,0.72,0.5273,0.1995,0.75,2977.4248,1707.655
p2110,0.2427,0.72,0.5273,0.1784,0.25,3476.9917,798.4449
p2111,0.2427,0.72,0.5273,0.1784,0.5,3197.722,1208.7246
p2112,0.2427,0.72,0.5273,0.1784,0.75,2898.201,1730.8926
p2113,0.2427,0.72,0.5273,0.1538,0.25,3385.869,813.8316
p2114,0.2427,0.72,0.5273,0.1538,0.5,3100.1433,1230.1824
p2115,0.2427,0.72,0.5273,0.1538,0.75,2805.105,1761.0999
p2116,0.2427,0.72,0.5273,0.3141,0.25,3951.889,723.61774
p2117,0.2427,0.72,0.5273,0.3141,0.5,3666.4297,1117.2275
p2118,0.2427,0.72,0.5273,0.3141,0.75,3404.9116,1604.6094
p2119,0.2427,0.72,0.5273,0.1438,0.25,3346.7908,820.19574
p2120,0.2427,0.72,0.5273,0.1438,0.5,3060.355,1239.078
p2121,0.2427,0.72,0.5273,0.1438,0.75,2768.149,1774.957
p2122,0.2427,0.72,0.5273,0.1531,0.25,3383.1963,814.26514
p2123,0.2427,0.72,0.5273,0.1531,0.5,3097.3665,1230.7931
p2124,0.2427,0.72,0.5273,0.1531,0.75,2802.5225,1762.0574
p2125,0.2427,0.72,0.5273,0.3209,0.25,3973.4106,720.44684
p2126,0.2427,0.72,0.5273,0.3209,0.5,3687.9265,1113.7014
p2127,0.2427,0.72,0.5273,0.3209,0.75,3427.2424,1599.2228
p2128,0.2427,0.72,0.5273,0.2465,0.25,3725.2422,757.52936
p2129,0.2427,0.72,0.5273,0.2465,0.5,3444.8982,1155.1031
p2130,0.2427,0.72,0.5273,0.2465,0.75,3155.1575,1660.1935
p2131,0.2427,0.72,0.5273,0.2347,0.25,3684.2954,763.76385
p2132,0.2427,0.72,0.5273,0.2347,0.5,3405.4856,1163.836
p2133,0.2427,0.72,0.5273,0.2347,0.75,3108.6628,1670.9491
p2134,0.2427,0.72,0.5273,0.1781,0.25,3475.87,798.63745
p2135,0.2427,0.72,0.5273,0.1781,0.5,3196.5315,1208.9865
p2136,0.2427,0.72,0.5273,0.1781,0.75,2897.0654,1731.232
p2137,0.2427,0.72,0.5273,0.1488,0.25,3366.679,816.87006
p2138,0.2427,0.72,0.5273,0.1488,0.5,3080.3093,1234.5438
p2139,0.2427,0.72,0.5273,0.1488,0.75,2786.6333,1768.0072
p2140,0.2427,0.72,0.5273,0.1134,0.25,3226.7703,840.15466
p2141,0.2427,0.72,0.5273,0.1134,0.5,2939.7764,1267.9584
p2142,0.2427,0.72,0.5273,0.1134,0.75,2654.8665,1818.0364
p2143,0.2427,2.7734,0.4391,0.1183,0.25,6676.513,240.49005
p2144,0.2427,2.7734,0.4391,0.1183,0.5,6304.561,437.2702
p2145,0.2427,2.7734,0.4391,0.1183,0.75,5982.187,678.76276
p2146,0.2427,2.7734,0.4391,0.2242,0.25,7138.158,218.44739
p2147,0.2427,2.7734,0.4391,0.2242,0.5,6760.486,407.93567
p2148,0.2427,2.7734,0.4391,0.2242,0.75,6412.204,629.25256
p2149,0.2427,2.7734,0.4391,0.1995,0.25,7032.7964,224.1582
p2150,0.2427,2.7734,0.4391,0.1995,0.5,6657.9604,415.0794
p2151,0.2427,2.7734,0.4391,0.1995,0.75,6309.8555,639.47986
p2152,0.2427,2.7734,0.4391,0.1784,0.25,6940.3857,228.68085
p2153,0.2427,2.7734,0.4391,0.1784,0.5,6569.5156,420.795
p2154,0.2427,2.7734,0.4391,0.1784,0.75,6223.9844,648.36426
p2155,0.2427,2.7734,0.4391,0.1538,0.25,6832.7207,233.61072
p2156,0.2427,2.7734,0.4391,0.1538,0.5,6462.4253,426.92004
p2157,0.2427,2.7734,0.4391,0.1538,0.75,6125.6104,659.99756
p2158,0.2427,2.7734,0.4391,0.3141,0.25,7502.8647,203.23334
p2159,0.2427,2.7734,0.4391,0.3141,0.5,7112.4033,382.36426
p2160,0.2427,2.7734,0.4391,0.3141,0.75,6782.934,600.1674
p2161,0.2427,2.7734,0.4391,0.1438,0.25,6788.8535,235.47968
p2162,0.2427,2.7734,0.4391,0.1438,0.5,6418.055,429.54593
p2163,0.2427,2.7734,0.4391,0.1438,0.75,6085.22,665.0891
p2164,0.2427,2.7734,0.4391,0.1531,0.25,6829.65,233.74158
p2165,0.2427,2.7734,0.4391,0.1531,0.5,6459.3384,427.09396
p2166,0.2427,2.7734,0.4391,0.1531,0.75,6122.7827,660.354
p2167,0.2427,2.7734,0.4391,0.3209,0.25,7528.938,202.29388
p2168,0.2427,2.7734,0.4391,0.3209,0.5,7139.2065,380.42303
p2169,0.2427,2.7734,0.4391,0.3209,0.75,6811.1187,598.7025
p2170,0.2427,2.7734,0.4391,0.2465,0.25,7230.3623,213.27515
p2171,0.2427,2.7734,0.4391,0.2465,0.5,6848.1167,401.5927
p2172,0.2427,2.7734,0.4391,0.2465,0.75,6504.408,620.6839
p2173,0.2427,2.7734,0.4391,0.2347,0.25,7181.2188,215.98639
p2174,0.2427,2.7734,0.4391,0.2347,0.5,6802.5195,404.94916
p2175,0.2427,2.7734,0.4391,0.2347,0.75,6456.227,624.9664
p2176,0.2427,2.7734,0.4391,0.1781,0.25,6939.0723,228.74512
p2177,0.2427,2.7734,0.4391,0.1781,0.5,6568.22,420.8712
p2178,0.2427,2.7734,0.4391,0.1781,0.75,6222.7744,648.49963
p2179,0.2427,2.7734,0.4391,0.1488,0.25,6810.7866,234.5451
p2180,0.2427,2.7734,0.4391,0.1488,0.5,6440.339,428.20044
p2181,0.2427,2.7734,0.4391,0.1488,0.75,6105.415,662.54333
p2182,0.2427,2.7734,0.4391,0.1134,0.25,6655.827,241.42017
p2183,0.2427,2.7734,0.4391,0.1134,0.5,6282.73,439.20438
p2184,0.2427,2.7734,0.4391,0.1134,0.75,5961.4463,681.48975
p2185,0.2427,2.6061,0.4394,0.1183,0.25,6395.5835,265.00275
p2186,0.2427,2.6061,0.4394,0.1183,0.5,6014.88,475.70465
p2187,0.2427,2.6061,0.4394,0.1183,0.75,5711.4653,722.7402
p2188,0.2427,2.6061,0.4394,0.2242,0.25,6846.4478,241.13763
p2189,0.2427,2.6061,0.4394,0.2242,0.5,6481.878,442.97916
p2190,0.2427,2.6061,0.4394,0.2242,0.75,6137.817,671.72314
p2191,0.2427,2.6061,0.4394,0.1995,0.25,6740.753,247.27185
p2192,0.2427,2.6061,0.4394,0.1995,0.5,6376.8086,450.25394
p2193,0.2427,2.6061,0.4394,0.1995,0.75,6037.099,682.2519
p2194,0.2427,2.6061,0.4394,0.1784,0.25,6648.291,252.23431
p2195,0.2427,2.6061,0.4394,0.1784,0.5,6281.9297,456.19293
p2196,0.2427,2.6061,0.4394,0.1784,0.75,5958.129,690.52856
p2197,0.2427,2.6061,0.4394,0.1538,0.25,6540.253,258.01056
p2198,0.2427,2.6061,0.4394,0.1538,0.5,6173.8823,463.71655
p2199,0.2427,2.6061,0.4394,0.1538,0.75,5860.0205,702.79504
p2200,0.2427,2.6061,0.4394,0.3141,0.25,7213.6445,223.65106
p2201,0.2427,2.6061,0.4394,0.3141,0.5,6831.622,415.44345
p2202,0.2427,2.6061,0.4394,0.3141,0.75,6500.5264,639.4278
p2203,0.2427,2.6061,0.4394,0.1438,0.25,6497.6743,260.0888
p2204,0.2427,2.6061,0.4394,0.1438,0.5,6129.824,466.96933
p2205,0.2427,2.6061,0.4394,0.1438,0.75,5819.9805,708.38367
p2206,0.2427,2.6061,0.4394,0.1531,0.25,6537.225,258.16046
p2207,0.2427,2.6061,0.4394,0.1531,0.5,6170.82,463.94254
p2208,0.2427,2.6061,0.4394,0.1531,0.75,5857.2285,703.17786
p2209,0.2427,2.6061,0.4394,0.3209,0.25,7240.9893,222.62268
p2210,0.2427,2.6061,0.4394,0.3209,0.5,6857.8027,413.11386
p2211,0.2427,2.6061,0.4394,0.3209,0.75,6527.493,638.0061
p2212,0.2427,2.6061,0.4394,0.2465,0.25,6937.618,235.84198
p2213,0.2427,2.6061,0.4394,0.2465,0.5,6572.6763,436.2132
p2214,0.2427,2.6061,0.4394,0.2465,0.75,6228.5083,662.3705
p2215,0.2427,2.6061,0.4394,0.2347,0.25,6889.7197,238.58136
p2216,0.2427,2.6061,0.4394,0.2347,0.5,6525.485,439.77237
p2217,0.2427,2.6061,0.4394,0.2347,0.75,6180.5225,667.2794
p2218,0.2427,2.6061,0.4394,0.1781,0.25,6646.9707,252.30261
p2219,0.2427,2.6061,0.4394,0.1781,0.5,6280.581,456.2774
p2220,0.2427,2.6061,0.4394,0.1781,0.75,5956.9795,690.6485
p2221,0.2427,2.6061,0.4394,0.1488,0.25,6518.626,259.08154
p2222,0.2427,2.6061,0.4394,0.1488,0.5,6151.881,465.34024
p2223,0.2427,2.6061,0.4394,0.1488,0.75,5839.991,705.5873
p2224,0.2427,2.6061,0.4394,0.1134,0.25,6376.0234,265.98193
p2225,0.2427,2.6061,0.4394,0.1134,0.5,5992.924,477.37195
p2226,0.2427,2.6061,0.4394,0.1134,0.75,5688.586,725.71924
p2227,0.2427,2.5484,0.3129,0.1183,0.25,6439.6094,218.48608
p2228,0.2427,2.5484,0.3129,0.1183,0.5,6149.4854,343.196
p2229,0.2427,2.5484,0.3129,0.1183,0.75,5859.7607,513.6066
p2230,0.2427,2.5484,0.3129,0.2242,0.25,6886.4614,196.5025
p2231,0.2427,2.5484,0.3129,0.2242,0.5,6605.7393,311.95538
p2232,0.2427,2.5484,0.3129,0.2242,0.75,6321.797,461.34128
p2233,0.2427,2.5484,0.3129,0.1995,0.25,6783.242,199.71283
p2234,0.2427,2.5484,0.3129,0.1995,0.5,6497.906,319.2473
p2235,0.2427,2.5484,0.3129,0.1995,0.75,6207.9785,471.57083
p2236,0.2427,2.5484,0.3129,0.1784,0.25,6692.8438,204.58478
p2237,0.2427,2.5484,0.3129,0.1784,0.5,6406.2544,325.68207
p2238,0.2427,2.5484,0.3129,0.1784,0.75,6112.618,482.15405
p2239,0.2427,2.5484,0.3129,0.1538,0.25,6586.266,210.29321
p2240,0.2427,2.5484,0.3129,0.1538,0.5,6300.569,332.8473
p2241,0.2427,2.5484,0.3129,0.1538,0.75,6009.4575,494.79416
p2242,0.2427,2.5484,0.3129,0.3141,0.25,7255.6553,185.80365
p2243,0.2427,2.5484,0.3129,0.3141,0.5,6977.2104,287.5797
p2244,0.2427,2.5484,0.3129,0.3141,0.75,6691.5117,432.96063
p2245,0.2427,2.5484,0.3129,0.1438,0.25,6544.629,212.60541
p2246,0.2427,2.5484,0.3129,0.1438,0.5,6259.4976,335.7354
p2247,0.2427,2.5484,0.3129,0.1438,0.75,5966.2935,500.1532
p2248,0.2427,2.5484,0.3129,0.1531,0.25,6583.2686,210.45605
p2249,0.2427,2.5484,0.3129,0.1531,0.5,6297.6934,333.04938
p2250,0.2427,2.5484,0.3129,0.1531,0.75,6006.474,495.14316
p2251,0.2427,2.5484,0.3129,0.3209,0.25,7283.0225,185.1264
p2252,0.2427,2.5484,0.3129,0.3209,0.5,7002.479,285.65887
p2253,0.2427,2.5484,0.3129,0.3209,0.75,6717.515,430.86847
p2254,0.2427,2.5484,0.3129,0.2465,0.25,6978.784,193.98694
p2255,0.2427,2.5484,0.3129,0.2465,0.5,6702.4424,305.69513
p2256,0.2427,2.5484,0.3129,0.2465,0.75,6417.946,452.98062
p2257,0.2427,2.5484,0.3129,0.2347,0.25,6929.9316,195.31805
p2258,0.2427,2.5484,0.3129,0.2347,0.5,6651.626,308.9698
p2259,0.2427,2.5484,0.3129,0.2347,0.75,6367.8354,457.39172
p2260,0.2427,2.5484,0.3129,0.1781,0.25,6691.542,204.65546
p2261,0.2427,2.5484,0.3129,0.1781,0.5,6404.94,325.77557
p2262,0.2427,2.5484,0.3129,0.1781,0.75,6111.342,482.3064
p2263,0.2427,2.5484,0.3129,0.1488,0.25,6565.398,211.44983
p2264,0.2427,2.5484,0.3129,0.1488,0.5,6280.033,334.29144
p2265,0.2427,2.5484,0.3129,0.1488,0.75,5987.726,497.42737
p2266,0.2427,2.5484,0.3129,0.1134,0.25,6419.2134,219.6388
p2267,0.2427,2.5484,0.3129,0.1134,0.5,6128.3164,344.68918
p2268,0.2427,2.5484,0.3129,0.1134,0.75,5839.848,516.03613
p2269,0.2427,1.2028,0.2558,0.1183,0.25,4251.673,443.557
p2270,0.2427,1.2028,0.2558,0.1183,0.5,4057.999,603.6897
p2271,0.2427,1.2028,0.2558,0.1183,0.75,3841.7466,775.513
p2272,0.2427,1.2028,0.2558,0.2242,0.25,4654.796,393.02368
p2273,0.2427,1.2028,0.2558,0.2242,0.5,4463.3955,549.2228
p2274,0.2427,1.2028,0.2558,0.2242,0.75,4255.7397,709.6011
p2275,0.2427,1.2028,0.2558,0.1995,0.25,4562.2666,403.73273
p2276,0.2427,1.2028,0.2558,0.1995,0.5,4373.716,561.88446
p2277,0.2427,1.2028,0.2558,0.1995,0.75,4160.8047,723.0314
p2278,0.2427,1.2028,0.2558,0.1784,0.25,4482.6377,413.39743
p2279,0.2427,1.2028,0.2558,0.1784,0.5,4295.913,572.66113
p2280,0.2427,1.2028,0.2558,0.1784,0.75,4081.435,734.7004
p2281,0.2427,1.2028,0.2558,0.1538,0.25,4392.815,424.44016
p2282,0.2427,1.2028,0.2558,0.1538,0.5,4201.216,584.41266
p2283,0.2427,1.2028,0.2558,0.1538,0.75,3987.5742,749.4049
p2284,0.2427,1.2028,0.2558,0.3141,0.25,4988.685,356.64633
p2285,0.2427,1.2028,0.2558,0.3141,0.5,4807.5596,505.02548
p2286,0.2427,1.2028,0.2558,0.3141,0.75,4579.5107,665.0047
p2287,0.2427,1.2028,0.2558,0.1438,0.25,4353.1143,429.7753
p2288,0.2427,1.2028,0.2558,0.1438,0.5,4162.0933,589.432
p2289,0.2427,1.2028,0.2558,0.1438,0.75,3947.5408,756.3605
p2290,0.2427,1.2028,0.2558,0.1531,0.25,4390.0835,424.79916
p2291,0.2427,1.2028,0.2558,0.1531,0.5,4198.518,584.7394
p2292,0.2427,1.2028,0.2558,0.1531,0.75,3984.8057,749.90295
p2293,0.2427,1.2028,0.2558,0.3209,0.25,5014.8325,353.92673
p2294,0.2427,1.2028,0.2558,0.3209,0.5,4830.3755,502.3683
p2295,0.2427,1.2028,0.2558,0.3209,0.75,4604.7407,661.5484
p2296,0.2427,1.2028,0.2558,0.2465,0.25,4736.978,383.7835
p2297,0.2427,1.2028,0.2558,0.2465,0.5,4547.34,537.7504
p2298,0.2427,1.2028,0.2558,0.2465,0.75,4338.1914,698.61475
p2299,0.2427,1.2028,0.2558,0.2347,0.25,4694.167,388.55396
p2300,0.2427,1.2028,0.2558,0.2347,0.5,4502.655,543.73804
p2301,0.2427,1.2028,0.2558,0.2347,0.75,4294.786,704.41223
p2302,0.2427,1.2028,0.2558,0.1781,0.25,4481.5444,413.5306
p2303,0.2427,1.2028,0.2558,0.1781,0.5,4294.768,572.8159
p2304,0.2427,1.2028,0.2558,0.1781,0.75,4080.3286,734.8589
p2305,0.2427,1.2028,0.2558,0.1488,0.25,4373.1484,427.05194
p2306,0.2427,1.2028,0.2558,0.1488,0.5,4181.7144,586.8568
p2307,0.2427,1.2028,0.2558,0.1488,0.75,3967.747,752.9456
p2308,0.2427,1.2028,0.2558,0.1134,0.25,4231.4673,446.10538
p2309,0.2427,1.2028,0.2558,0.1134,0.5,4037.6123,606.46796
p2310,0.2427,1.2028,0.2558,0.1134,0.75,3820.8328,779.5841
p2311,0.2427,1.2676,0.2575,0.1183,0.25,4357.928,427.82007
p2312,0.2427,1.2676,0.2575,0.1183,0.5,4160.191,585.07465
p2313,0.2427,1.2676,0.2575,0.1183,0.75,3935.757,756.4985
p2314,0.2427,1.2676,0.2575,0.2242,0.25,4759.8525,379.07495
p2315,0.2427,1.2676,0.2575,0.2242,0.5,4564.517,534.1135
p2316,0.2427,1.2676,0.2575,0.2242,0.75,4347.9683,691.79517
p2317,0.2427,1.2676,0.2575,0.1995,0.25,4667.5293,389.5793
p2318,0.2427,1.2676,0.2575,0.1995,0.5,4473.289,546.4712
p2319,0.2427,1.2676,0.2575,0.1995,0.75,4252.2573,705.3421
p2320,0.2427,1.2676,0.2575,0.1784,0.25,4588.838,398.68643
p2321,0.2427,1.2676,0.2575,0.1784,0.5,4393.684,556.82214
p2322,0.2427,1.2676,0.2575,0.1784,0.75,4172.273,716.72314
p2323,0.2427,1.2676,0.2575,0.1538,0.25,4496.4546,409.89587
p2324,0.2427,1.2676,0.2575,0.1538,0.5,4300.378,567.80365
p2325,0.2427,1.2676,0.2575,0.1538,0.75,4080.43,730.84314
p2326,0.2427,1.2676,0.2575,0.3141,0.25,5094.287,343.59247
p2327,0.2427,1.2676,0.2575,0.3141,0.5,4903.4507,492.20416
p2328,0.2427,1.2676,0.2575,0.3141,0.75,4681.426,646.0164
p2329,0.2427,1.2676,0.2575,0.1438,0.25,4458.6675,414.65543
p2330,0.2427,1.2676,0.2575,0.1438,0.5,4261.542,572.4208
p2331,0.2427,1.2676,0.2575,0.1438,0.75,4040.3206,737.912
p2332,0.2427,1.2676,0.2575,0.1531,0.25,4493.9043,410.2067
p2333,0.2427,1.2676,0.2575,0.1531,0.5,4297.649,568.13184
p2334,0.2427,1.2676,0.2575,0.1531,0.75,4077.7964,731.26874
p2335,0.2427,1.2676,0.2575,0.3209,0.25,5120.429,341.338
p2336,0.2427,1.2676,0.2575,0.3209,0.5,4926.3037,489.52936
p2337,0.2427,1.2676,0.2575,0.3209,0.75,4706.7427,642.56244
p2338,0.2427,1.2676,0.2575,0.2465,0.25,4840.547,370.11197
p2339,0.2427,1.2676,0.2575,0.2465,0.5,4649.152,523.07275
p2340,0.2427,1.2676,0.2575,0.2465,0.75,4432.622,680.2473
p2341,0.2427,1.2676,0.2575,0.2347,0.25,4797.947,374.83002
p2342,0.2427,1.2676,0.2575,0.2347,0.5,4604.279,528.76733
p2343,0.2427,1.2676,0.2575,0.2347,0.75,4388.1655,686.3423
p2344,0.2427,1.2676,0.2575,0.1781,0.25,4587.748,398.81277
p2345,0.2427,1.2676,0.2575,0.1781,0.5,4392.543,556.9568
p2346,0.2427,1.2676,0.2575,0.1781,0.75,4171.1665,716.88165
p2347,0.2427,1.2676,0.2575,0.1488,0.25,4478.0566,412.154
p2348,0.2427,1.2676,0.2575,0.1488,0.5,4281.109,570.0999
p2349,0.2427,1.2676,0.2575,0.1488,0.75,4060.619,734.4023
p2350,0.2427,1.2676,0.2575,0.1134,0.25,4337.723,430.36844
p2351,0.2427,1.2676,0.2575,0.1134,0.5,4139.802,587.787
p2352,0.2427,1.2676,0.2575,0.1134,0.75,3915.302,760.3087
p2353,0.2427,1.5092,0.2624,0.1183,0.25,4759.131,368.19873
p2354,0.2427,1.5092,0.2624,0.1183,0.5,4519.0996,525.714
p2355,0.2427,1.5092,0.2624,0.1183,0.75,4289.122,687.4804
p2356,0.2427,1.5092,0.2624,0.2242,0.25,5153.519,328.60992
p2357,0.2427,1.5092,0.2624,0.2242,0.5,4947.438,479.1585
p2358,0.2427,1.5092,0.2624,0.2242,0.75,4708.7646,623.45966
p2359,0.2427,1.5092,0.2624,0.1995,0.25,5062.6577,337.69464
p2360,0.2427,1.5092,0.2624,0.1995,0.5,4844.961,490.30783
p2361,0.2427,1.5092,0.2624,0.1995,0.75,4612.637,636.824
p2362,0.2427,1.5092,0.2624,0.1784,0.25,4987.437,345.22107
p2363,0.2427,1.5092,0.2624,0.1784,0.5,4756.652,499.50787
p2364,0.2427,1.5092,0.2624,0.1784,0.75,4529.855,649.0045
p2365,0.2427,1.5092,0.2624,0.1538,0.25,4898.0737,354.2957
p2366,0.2427,1.5092,0.2624,0.1538,0.5,4658.417,510.4011
p2367,0.2427,1.5092,0.2624,0.1538,0.75,4430.35,664.4838
p2368,0.2427,1.5092,0.2624,0.3141,0.25,5501.7925,297.3761
p2369,0.2427,1.5092,0.2624,0.3141,0.5,5275.923,445.85394
p2370,0.2427,1.5092,0.2624,0.3141,0.75,5076.249,574.6265
p2371,0.2427,1.5092,0.2624,0.1438,0.25,4859.572,358.16653
p2372,0.2427,1.5092,0.2624,0.1438,0.5,4618.3945,514.85724
p2373,0.2427,1.5092,0.2624,0.1438,0.75,4390.39,670.64905
p2374,0.2427,1.5092,0.2624,0.1531,0.25,4895.491,354.54544
p2375,0.2427,1.5092,0.2624,0.1531,0.5,4655.614,510.71307
p2376,0.2427,1.5092,0.2624,0.1531,0.75,4427.5254,664.93463
p2377,0.2427,1.5092,0.2624,0.3209,0.25,5527.941,295.7879
p2378,0.2427,1.5092,0.2624,0.3209,0.5,5302.4336,443.14444
p2379,0.2427,1.5092,0.2624,0.3209,0.75,5103.019,571.49817
p2380,0.2427,1.5092,0.2624,0.2465,0.25,5239.4043,320.1538
p2381,0.2427,1.5092,0.2624,0.2465,0.5,5031.23,470.48904
p2382,0.2427,1.5092,0.2624,0.2465,0.75,4799.503,610.9703
p2383,0.2427,1.5092,0.2624,0.2347,0.25,5193.894,324.61047
p2384,0.2427,1.5092,0.2624,0.2347,0.5,4988.7563,474.8205
p2385,0.2427,1.5092,0.2624,0.2347,0.75,4750.722,617.7548
p2386,0.2427,1.5092,0.2624,0.1781,0.25,4986.347,345.32904
p2387,0.2427,1.5092,0.2624,0.1781,0.5,4755.4805,499.63397
p2388,0.2427,1.5092,0.2624,0.1781,0.75,4528.6504,649.18933
p2389,0.2427,1.5092,0.2624,0.1488,0.25,4879.1426,356.17596
p2390,0.2427,1.5092,0.2624,0.1488,0.5,4638.393,512.62994
p2391,0.2427,1.5092,0.2624,0.1488,0.75,4410.3516,667.6777
p2392,0.2427,1.5092,0.2624,0.1134,0.25,4739.3345,370.21652
p2393,0.2427,1.5092,0.2624,0.1134,0.5,4499.9805,527.7845
p2394,0.2427,1.5092,0.2624,0.1134,0.75,4269.5244,690.8241
p2395,0.2427,1.3334,0.5746,0.1183,0.25,4226.734,636.26245
p2396,0.2427,1.3334,0.5746,0.1183,0.5,3886.621,1041.5138
p2397,0.2427,1.3334,0.5746,0.1183,0.75,3538.5637,1546.2781
p2398,0.2427,1.3334,0.5746,0.2242,0.25,4639.525,583.01917
p2399,0.2427,1.3334,0.5746,0.2242,0.5,4295.239,957.17786
p2400,0.2427,1.3334,0.5746,0.2242,0.75,3957.0254,1440.8224
p2401,0.2427,1.3334,0.5746,0.1995,0.25,4551.591,594.5939
p2402,0.2427,1.3334,0.5746,0.1995,0.5,4204.0557,973.74854
p2403,0.2427,1.3334,0.5746,0.1995,0.75,3862.143,1464.5635
p2404,0.2427,1.3334,0.5746,0.1784,0.25,4474.216,604.621
p2405,0.2427,1.3334,0.5746,0.1784,0.5,4125.5723,988.61066
p2406,0.2427,1.3334,0.5746,0.1784,0.75,3779.5918,1485.8635
p2407,0.2427,1.3334,0.5746,0.1538,0.25,4376.198,616.79376
p2408,0.2427,1.3334,0.5746,0.1538,0.5,4030.0093,1008.9309
p2409,0.2427,1.3334,0.5746,0.1538,0.75,3682.8,1510.543
p2410,0.2427,1.3334,0.5746,0.3141,0.25,4966.5854,542.2982
p2411,0.2427,1.3334,0.5746,0.3141,0.5,4577.077,911.60974
p2412,0.2427,1.3334,0.5746,0.3141,0.75,4246.4346,1379.6438
p2413,0.2427,1.3334,0.5746,0.1438,0.25,4333.9385,622.1315
p2414,0.2427,1.3334,0.5746,0.1438,0.5,3990.3938,1017.91516
p2415,0.2427,1.3334,0.5746,0.1438,0.75,3642.3662,1520.6754
p2416,0.2427,1.3334,0.5746,0.1531,0.25,4373.266,617.15155
p2417,0.2427,1.3334,0.5746,0.1531,0.5,4027.2896,1009.5068
p2418,0.2427,1.3334,0.5746,0.1531,0.75,3679.9739,1511.2542
p2419,0.2427,1.3334,0.5746,0.3209,0.25,4990.5527,539.2798
p2420,0.2427,1.3334,0.5746,0.3209,0.5,4595.7915,908.4594
p2421,0.2427,1.3334,0.5746,0.3209,0.75,4266.7563,1375.4836
p2422,0.2427,1.3334,0.5746,0.2465,0.25,4721.1953,572.8677
p2423,0.2427,1.3334,0.5746,0.2465,0.5,4374.2,943.50653
p2424,0.2427,1.3334,0.5746,0.2465,0.75,4037.4727,1422.4912
p2425,0.2427,1.3334,0.5746,0.2347,0.25,4678.5215,578.1893
p2426,0.2427,1.3334,0.5746,0.2347,0.5,4333.781,950.23376
p2427,0.2427,1.3334,0.5746,0.2347,0.75,3995.9707,1431.388
p2428,0.2427,1.3334,0.5746,0.1781,0.25,4473.065,604.7654
p2429,0.2427,1.3334,0.5746,0.1781,0.5,4124.439,988.83307
p2430,0.2427,1.3334,0.5746,0.1781,0.75,3778.4182,1486.1664
p2431,0.2427,1.3334,0.5746,0.1488,0.25,4355.2554,619.3492
p2432,0.2427,1.3334,0.5746,0.1488,0.5,4010.2637,1013.37787
p2433,0.2427,1.3334,0.5746,0.1488,0.75,3662.6143,1515.6227
p2434,0.2427,1.3334,0.5746,0.1134,0.25,4205.95,639.37634
p2435,0.2427,1.3334,0.5746,0.1134,0.5,3866.5505,1046.0856
p2436,0.2427,1.3334,0.5746,0.1134,0.75,3518.6345,1551.3
p2437,0.2427,0.7099,0.1669,0.1183,0.25,3496.8037,491.22955
p2438,0.2427,0.7099,0.1669,0.1183,0.5,3367.3655,633.15594
p2439,0.2427,0.7099,0.1669,0.1183,0.75,3181.6658,808.9154
p2440,0.2427,0.7099,0.1669,0.2242,0.25,3925.4456,427.50964
p2441,0.2427,0.7099,0.1669,0.2242,0.5,3776.8467,566.1181
p2442,0.2427,0.7099,0.1669,0.2242,0.75,3600.6184,730.4038
p2443,0.2427,0.7099,0.1669,0.1995,0.25,3825.98,442.00128
p2444,0.2427,0.7099,0.1669,0.1995,0.5,3681.7244,581.9972
p2445,0.2427,0.7099,0.1669,0.1995,0.75,3509.3022,746.49274
p2446,0.2427,0.7099,0.1669,0.1784,0.25,3740.406,454.57333
p2447,0.2427,0.7099,0.1669,0.1784,0.5,3601.458,595.5131
p2448,0.2427,0.7099,0.1669,0.1784,0.75,3427.955,760.6506
p2449,0.2427,0.7099,0.1669,0.1538,0.25,3639.5369,469.57495
p2450,0.2427,0.7099,0.1669,0.1538,0.5,3508.5205,610.9026
p2451,0.2427,0.7099,0.1669,0.1538,0.75,3328.019,779.2869
p2452,0.2427,0.7099,0.1669,0.3141,0.25,4269.063,382.28912
p2453,0.2427,0.7099,0.1669,0.3141,0.5,4114.368,510.8053
p2454,0.2427,0.7099,0.1669,0.3141,0.75,3924.4155,675.173
p2455,0.2427,0.7099,0.1669,0.1438,0.25,3598.7888,475.67416
p2456,0.2427,0.7099,0.1669,0.1438,0.5,3468.8396,617.098
p2457,0.2427,0.7099,0.1669,0.1438,0.75,3286.407,787.40155
p2458,0.2427,0.7099,0.1669,0.1531,0.25,3636.7007,469.99634
p2459,0.2427,0.7099,0.1669,0.1531,0.5,3505.8157,611.33997
p2460,0.2427,0.7099,0.1669,0.1531,0.75,3325.088,779.8559
p2461,0.2427,0.7099,0.1669,0.3209,0.25,4294.419,379.4174
p2462,0.2427,0.7099,0.1669,0.3209,0.5,4138.851,507.2698
p2463,0.2427,0.7099,0.1669,0.3209,0.75,3948.5125,671.3844
p2464,0.2427,0.7099,0.1669,0.2465,0.25,4014.8284,414.60507
p2465,0.2427,0.7099,0.1669,0.2465,0.5,3860.0725,552.44867
p2466,0.2427,0.7099,0.1669,0.2465,0.75,3679.4468,715.5285
p2467,0.2427,0.7099,0.1669,0.2347,0.25,3967.7283,421.3492
p2468,0.2427,0.7099,0.1669,0.2347,0.5,3815.8364,559.7139
p2469,0.2427,0.7099,0.1669,0.2347,0.75,3637.5635,723.37573
p2470,0.2427,0.7099,0.1669,0.1781,0.25,3739.1748,454.75644
p2471,0.2427,0.7099,0.1669,0.1781,0.5,3600.3389,595.7
p2472,0.2427,0.7099,0.1669,0.1781,0.75,3426.7888,760.85443
p2473,0.2427,0.7099,0.1669,0.1488,0.25,3619.2761,472.58447
p2474,0.2427,0.7099,0.1669,0.1488,0.5,3488.7195,614.0023
p2475,0.2427,0.7099,0.1669,0.1488,0.75,3307.0332,783.38666
p2476,0.2427,0.7099,0.1669,0.1134,0.25,3477.2703,494.20825
p2477,0.2427,0.7099,0.1669,0.1134,0.5,3347.7786,636.3044
p2478,0.2427,0.7099,0.1669,0.1134,0.75,3161.6233,813.0777
p2479,0.2427,0.803,0.2027,0.1183,0.25,3617.8528,505.35107
p2480,0.2427,0.803,0.2027,0.1183,0.5,3472.8445,660.15
p2481,0.2427,0.803,0.2027,0.1183,0.75,3282.5264,835.289
p2482,0.2427,0.803,0.2027,0.2242,0.25,4046.5337,441.9327
p2483,0.2427,0.803,0.2027,0.2242,0.5,3881.632,592.8051
p2484,0.2427,0.803,0.2027,0.2242,0.75,3701.463,759.77814
p2485,0.2427,0.803,0.2027,0.1995,0.25,3947.154,456.38895
p2486,0.2427,0.803,0.2027,0.1995,0.5,3789.4048,608.2139
p2487,0.2427,0.803,0.2027,0.1995,0.75,3609.3132,774.96375
p2488,0.2427,0.803,0.2027,0.1784,0.25,3861.513,468.99252
p2489,0.2427,0.803,0.2027,0.1784,0.5,3708.9717,621.5143
p2490,0.2427,0.803,0.2027,0.1784,0.75,3528.2656,788.6335
p2491,0.2427,0.803,0.2027,0.1538,0.25,3760.576,484.00333
p2492,0.2427,0.803,0.2027,0.1538,0.5,3613.7903,637.1806
p2493,0.2427,0.803,0.2027,0.1538,0.75,3427.7573,806.871
p2494,0.2427,0.803,0.2027,0.3141,0.25,4380.017,400.8769
p2495,0.2427,0.803,0.2027,0.3141,0.5,4215.5405,538.867
p2496,0.2427,0.803,0.2027,0.3141,0.75,4024.3823,707.3574
p2497,0.2427,0.803,0.2027,0.1438,0.25,3719.5916,490.09634
p2498,0.2427,0.803,0.2027,0.1438,0.5,3573.7957,643.6051
p2499,0.2427,0.803,0.2027,0.1438,0.75,3386.1309,814.5489
p2500,0.2427,0.803,0.2027,0.1531,0.25,3757.7036,484.43048
p2501,0.2427,0.803,0.2027,0.1531,0.5,3611.0042,637.6204
p2502,0.2427,0.803,0.2027,0.1531,0.75,3424.853,807.39136
p2503,0.2427,0.803,0.2027,0.3209,0.25,4404.4795,398.1647
p2504,0.2427,0.803,0.2027,0.3209,0.5,4239.0425,535.6567
p2505,0.2427,0.803,0.2027,0.3209,0.75,4047.9663,703.85254
p2506,0.2427,0.803,0.2027,0.2465,0.25,4131.702,430.67767
p2507,0.2427,0.803,0.2027,0.2465,0.5,3965.1946,578.9883
p2508,0.2427,0.803,0.2027,0.2465,0.75,3782.5593,746.1277
p2509,0.2427,0.803,0.2027,0.2347,0.25,4088.133,436.14212
p2510,0.2427,0.803,0.2027,0.2347,0.5,3920.9822,586.3216
p2511,0.2427,0.803,0.2027,0.2347,0.75,3739.5815,753.3294
p2512,0.2427,0.803,0.2027,0.1781,0.25,3860.2817,469.17563
p2513,0.2427,0.803,0.2027,0.1781,0.5,3707.827,621.70667
p2514,0.2427,0.803,0.2027,0.1781,0.75,3527.112,788.82837
p2515,0.2427,0.803,0.2027,0.1488,0.25,3740.0605,487.05435
p2516,0.2427,0.803,0.2027,0.1488,0.5,3593.8853,640.3276
p2517,0.2427,0.803,0.2027,0.1488,0.75,3407.0164,810.58813
p2518,0.2427,0.803,0.2027,0.1134,0.25,3598.3953,508.3236
p2519,0.2427,0.803,0.2027,0.1134,0.5,3453.5095,663.31885
p2520,0.2427,0.803,0.2027,0.1134,0.75,3262.4148,839.4348
p2521,0.2345,0.72,0.5273,0.1183,0.25,3160.911,854.00104
p2522,0.2345,0.72,0.5273,0.1183,0.5,2879.1724,1286.7727
p2523,0.2345,0.72,0.5273,0.1183,0.75,2596.504,1845.3407
p2524,0.2345,0.72,0.5273,0.2242,0.25,3560.3267,785.0559
p2525,0.2345,0.72,0.5273,0.2242,0.5,3285.8513,1192.1952
p2526,0.2345,0.72,0.5273,0.2242,0.75,2992.5168,1711.9517
p2527,0.2345,0.72,0.5273,0.1995,0.25,3469.182,800.4319
p2528,0.2345,0.72,0.5273,0.1995,0.5,3196.7527,1211.9752
p2529,0.2345,0.72,0.5273,0.1995,0.75,2900.7815,1739.7487
p2530,0.2345,0.72,0.5273,0.1784,0.25,3390.76,813.7828
p2531,0.2345,0.72,0.5273,0.1784,0.5,3115.383,1230.2241
p2532,0.2345,0.72,0.5273,0.1784,0.75,2820.3557,1763.9894
p2533,0.2345,0.72,0.5273,0.1538,0.25,3299.5908,829.3249
p2534,0.2345,0.72,0.5273,0.1538,0.5,3017.6685,1252.1577
p2535,0.2345,0.72,0.5273,0.1538,0.75,2728.5076,1795.7002
p2536,0.2345,0.72,0.5273,0.3141,0.25,3868.437,737.90625
p2537,0.2345,0.72,0.5273,0.3141,0.5,3583.9954,1135.3187
p2538,0.2345,0.72,0.5273,0.3141,0.75,3324.5254,1630.2981
p2539,0.2345,0.72,0.5273,0.1438,0.25,3260.8926,836.36975
p2540,0.2345,0.72,0.5273,0.1438,0.5,2977.701,1261.3092
p2541,0.2345,0.72,0.5273,0.1438,0.75,2691.5364,1809.5994
p2542,0.2345,0.72,0.5273,0.1531,0.25,3296.914,829.83215
p2543,0.2345,0.72,0.5273,0.1531,0.5,3014.871,1252.7983
p2544,0.2345,0.72,0.5273,0.1531,0.75,2725.919,1796.6731
p2545,0.2345,0.72,0.5273,0.3209,0.25,3889.9348,734.60675
p2546,0.2345,0.72,0.5273,0.3209,0.5,3606.388,1131.7338
p2547,0.2345,0.72,0.5273,0.3209,0.75,3347.3096,1624.8911
p2548,0.2345,0.72,0.5273,0.2465,0.25,3639.595,772.186
p2549,0.2345,0.72,0.5273,0.2465,0.5,3362.6675,1175.4922
p2550,0.2345,0.72,0.5273,0.2465,0.75,3075.4795,1687.4747
p2551,0.2345,0.72,0.5273,0.2347,0.25,3598.0037,778.7862
p2552,0.2345,0.72,0.5273,0.2347,0.5,3322.1711,1184.3667
p2553,0.2345,0.72,0.5273,0.2347,0.75,3031.5564,1699.9451
p2554,0.2345,0.72,0.5273,0.1781,0.25,3389.6504,813.97015
p2555,0.2345,0.72,0.5273,0.1781,0.5,3114.1975,1230.4945
p2556,0.2345,0.72,0.5273,0.1781,0.75,2819.217,1764.3353
p2557,0.2345,0.72,0.5273,0.1488,0.25,3280.4536,832.9384
p2558,0.2345,0.72,0.5273,0.1488,0.5,2997.6846,1256.7334
p2559,0.2345,0.72,0.5273,0.1488,0.75,2710.0215,1802.6495
p2560,0.2345,0.72,0.5273,0.1134,0.25,3141.7693,857.3864
p2561,0.2345,0.72,0.5273,0.1134,0.5,2861.2666,1292.5874
p2562,0.2345,0.72,0.5273,0.1134,0.75,2578.2607,1852.1975
p2563,0.2345,2.7734,0.4391,0.1183,0.25,6582.5757,245.1513
p2564,0.2345,2.7734,0.4391,0.1183,0.5,6207.1187,446.7802
p2565,0.2345,2.7734,0.4391,0.1183,0.75,5890.4883,691.36584
p2566,0.2345,2.7734,0.4391,0.2242,0.25,7042.5903,223.11053
p2567,0.2345,2.7734,0.4391,0.2242,0.5,6666.296,415.46948
p2568,0.2345,2.7734,0.4391,0.2242,0.75,6319.508,640.7767
p2569,0.2345,2.7734,0.4391,0.1995,0.25,6938.232,228.66724
p2570,0.2345,2.7734,0.4391,0.1995,0.5,6564.1436,422.93622
p2571,0.2345,2.7734,0.4391,0.1995,0.75,6218.011,651.16455
p2572,0.2345,2.7734,0.4391,0.1784,0.25,6846.246,233.13568
p2573,0.2345,2.7734,0.4391,0.1784,0.5,6472.4683,428.9575
p2574,0.2345,2.7734,0.4391,0.1784,0.75,6132.0234,660.07886
p2575,0.2345,2.7734,0.4391,0.1538,0.25,6737.611,238.1886
p2576,0.2345,2.7734,0.4391,0.1538,0.5,6363.258,435.5189
p2577,0.2345,2.7734,0.4391,0.1538,0.75,6033.616,672.4051
p2578,0.2345,2.7734,0.4391,0.3141,0.25,7406.3003,207.47046
p2579,0.2345,2.7734,0.4391,0.3141,0.5,7018.785,389.72955
p2580,0.2345,2.7734,0.4391,0.3141,0.75,6691.547,610.5848
p2581,0.2345,2.7734,0.4391,0.1438,0.25,6692.835,240.1695
p2582,0.2345,2.7734,0.4391,0.1438,0.5,6318.8105,438.51996
p2583,0.2345,2.7734,0.4391,0.1438,0.75,5993.4395,677.4819
p2584,0.2345,2.7734,0.4391,0.1531,0.25,6734.4766,238.32715
p2585,0.2345,2.7734,0.4391,0.1531,0.5,6360.1084,435.73196
p2586,0.2345,2.7734,0.4391,0.1531,0.75,6030.7915,672.7581
p2587,0.2345,2.7734,0.4391,0.3209,0.25,7432.8906,206.56061
p2588,0.2345,2.7734,0.4391,0.3209,0.5,7045.718,387.76093
p2589,0.2345,2.7734,0.4391,0.3209,0.75,6719.172,609.16077
p2590,0.2345,2.7734,0.4391,0.2465,0.25,7134.6206,217.84625
p2591,0.2345,2.7734,0.4391,0.2465,0.5,6757.897,408.99796
p2592,0.2345,2.7734,0.4391,0.2465,0.75,6413.8774,631.9543
p2593,0.2345,2.7734,0.4391,0.2347,0.25,7086.228,220.61182
p2594,0.2345,2.7734,0.4391,0.2347,0.5,6710.106,412.38187
p2595,0.2345,2.7734,0.4391,0.2347,0.75,6364.006,636.53546
p2596,0.2345,2.7734,0.4391,0.1781,0.25,6844.9233,233.19977
p2597,0.2345,2.7734,0.4391,0.1781,0.5,6471.145,429.0408
p2598,0.2345,2.7734,0.4391,0.1781,0.75,6130.814,660.2156
p2599,0.2345,2.7734,0.4391,0.1488,0.25,6715.223,239.17902
p2600,0.2345,2.7734,0.4391,0.1488,0.5,6340.8813,437.03214
p2601,0.2345,2.7734,0.4391,0.1488,0.75,6013.466,674.932
p2602,0.2345,2.7734,0.4391,0.1134,0.25,6562.2095,246.0487
p2603,0.2345,2.7734,0.4391,0.1134,0.5,6185.1265,448.7282
p2604,0.2345,2.7734,0.4391,0.1134,0.75,5870.5933,694.08673
p2605,0.2345,2.6061,0.4394,0.1183,0.25,6304.5845,271.35162
p2606,0.2345,2.6061,0.4394,0.1183,0.5,5920.1763,484.95526
p2607,0.2345,2.6061,0.4394,0.1183,0.75,5615.4175,736.83734
p2608,0.2345,2.6061,0.4394,0.2242,0.25,6752.7407,247.06323
p2609,0.2345,2.6061,0.4394,0.2242,0.5,6387.997,450.66528
p2610,0.2345,2.6061,0.4394,0.2242,0.75,6044.1367,684.31085
p2611,0.2345,2.6061,0.4394,0.1995,0.25,6647.931,253.21057
p2612,0.2345,2.6061,0.4394,0.1995,0.5,6279.002,458.4087
p2613,0.2345,2.6061,0.4394,0.1995,0.75,5949.7324,694.5742
p2614,0.2345,2.6061,0.4394,0.1784,0.25,6554.4272,258.26642
p2615,0.2345,2.6061,0.4394,0.1784,0.5,6186.2856,464.504
p2616,0.2345,2.6061,0.4394,0.1784,0.75,5868.399,703.7104
p2617,0.2345,2.6061,0.4394,0.1538,0.25,6447.8184,264.13715
p2618,0.2345,2.6061,0.4394,0.1538,0.5,6078.1377,472.48254
p2619,0.2345,2.6061,0.4394,0.1538,0.75,5770.134,716.0678
p2620,0.2345,2.6061,0.4394,0.3141,0.25,7116.1934,229.3515
p2621,0.2345,2.6061,0.4394,0.3141,0.5,6739.9814,422.77496
p2622,0.2345,2.6061,0.4394,0.3141,0.75,6409.236,650.3813
p2623,0.2345,2.6061,0.4394,0.1438,0.25,6407.9097,266.03455
p2624,0.2345,2.6061,0.4394,0.1438,0.5,6033.124,475.90503
p2625,0.2345,2.6061,0.4394,0.1438,0.75,5728.4927,721.66583
p2626,0.2345,2.6061,0.4394,0.1531,0.25,6444.964,264.27203
p2627,0.2345,2.6061,0.4394,0.1531,0.5,6074.9995,472.71564
p2628,0.2345,2.6061,0.4394,0.1531,0.75,5767.2236,716.4587
p2629,0.2345,2.6061,0.4394,0.3209,0.25,7143.595,228.35004
p2630,0.2345,2.6061,0.4394,0.3209,0.5,6765.8604,420.474
p2631,0.2345,2.6061,0.4394,0.3209,0.75,6435.948,648.8071
p2632,0.2345,2.6061,0.4394,0.2465,0.25,6845.727,241.66455
p2633,0.2345,2.6061,0.4394,0.2465,0.5,6482.2593,443.81744
p2634,0.2345,2.6061,0.4394,0.2465,0.75,6134.922,674.78613
p2635,0.2345,2.6061,0.4394,0.2347,0.25,6797.295,244.45001
p2636,0.2345,2.6061,0.4394,0.2347,0.5,6432.602,447.41754
p2637,0.2345,2.6061,0.4394,0.2347,0.75,6086.9736,679.73535
p2638,0.2345,2.6061,0.4394,0.1781,0.25,6553.079,258.33783
p2639,0.2345,2.6061,0.4394,0.1781,0.5,6185.0137,464.59183
p2640,0.2345,2.6061,0.4394,0.1781,0.75,5867.2144,703.8448
p2641,0.2345,2.6061,0.4394,0.1488,0.25,6427.6006,265.08112
p2642,0.2345,2.6061,0.4394,0.1488,0.5,6055.555,474.16022
p2643,0.2345,2.6061,0.4394,0.1488,0.75,5749.3467,718.8598
p2644,0.2345,2.6061,0.4394,0.1134,0.25,6284.2905,272.41998
p2645,0.2345,2.6061,0.4394,0.1134,0.5,5899.726,486.59467
p2646,0.2345,2.6061,0.4394,0.1134,0.75,5592.6006,740.01294
p2647,0.2345,2.5484,0.3129,0.1183,0.25,6349.0835,223.40564
p2648,0.2345,2.5484,0.3129,0.1183,0.5,6053.3315,351.0706
p2649,0.2345,2.5484,0.3129,0.1183,0.75,5772.4956,523.89636
p2650,0.2345,2.5484,0.3129,0.2242,0.25,6789.825,200.25848
p2651,0.2345,2.5484,0.3129,0.2242,0.5,6507.2554,319.03595
p2652,0.2345,2.5484,0.3129,0.2242,0.75,6222.896,470.88153
p2653,0.2345,2.5484,0.3129,0.1995,0.25,6687.11,203.95197
p2654,0.2345,2.5484,0.3129,0.1995,0.5,6400.552,326.56537
p2655,0.2345,2.5484,0.3129,0.1995,0.75,6111.529,481.7678
p2656,0.2345,2.5484,0.3129,0.1784,0.25,6597.9277,208.96204
p2657,0.2345,2.5484,0.3129,0.1784,0.5,6308.162,333.29395
p2658,0.2345,2.5484,0.3129,0.1784,0.75,6022.5894,492.53757
p2659,0.2345,2.5484,0.3129,0.1538,0.25,6495.497,214.78357
p2660,0.2345,2.5484,0.3129,0.1538,0.5,6205.9336,340.447
p2661,0.2345,2.5484,0.3129,0.1538,0.75,5918.7803,505.3463
p2662,0.2345,2.5484,0.3129,0.3141,0.25,7159.224,189.34875
p2663,0.2345,2.5484,0.3129,0.3141,0.5,6885.7964,293.8023
p2664,0.2345,2.5484,0.3129,0.3141,0.75,6601.556,441.13748
p2665,0.2345,2.5484,0.3129,0.1438,0.25,6453.909,217.23804
p2666,0.2345,2.5484,0.3129,0.1438,0.5,6163.798,343.4308
p2667,0.2345,2.5484,0.3129,0.1438,0.75,5877.813,510.83667
p2668,0.2345,2.5484,0.3129,0.1531,0.25,6492.5845,214.95544
p2669,0.2345,2.5484,0.3129,0.1531,0.5,6203.0586,340.64914
p2670,0.2345,2.5484,0.3129,0.1531,0.75,5915.9077,505.73135
p2671,0.2345,2.5484,0.3129,0.3209,0.25,7186.592,188.67163
p2672,0.2345,2.5484,0.3129,0.3209,0.5,6911.6343,291.92188
p2673,0.2345,2.5484,0.3129,0.3209,0.75,6627.5767,438.95557
p2674,0.2345,2.5484,0.3129,0.2465,0.25,6881.5312,197.71533
p2675,0.2345,2.5484,0.3129,0.2465,0.5,6603.8403,312.2622
p2676,0.2345,2.5484,0.3129,0.2465,0.75,6323.5356,462.39053
p2677,0.2345,2.5484,0.3129,0.2347,0.25,6832.6167,199.06866
p2678,0.2345,2.5484,0.3129,0.2347,0.5,6552.9414,315.87665
p2679,0.2345,2.5484,0.3129,0.2347,0.75,6270.424,466.87466
p2680,0.2345,2.5484,0.3129,0.1781,0.25,6596.679,209.03369
p2681,0.2345,2.5484,0.3129,0.1781,0.5,6306.8496,333.39203
p2682,0.2345,2.5484,0.3129,0.1781,0.75,6021.3315,492.69977
p2683,0.2345,2.5484,0.3129,0.1488,0.25,6474.6924,216.01184
p2684,0.2345,2.5484,0.3129,0.1488,0.5,6184.9414,341.93216
p2685,0.2345,2.5484,0.3129,0.1488,0.75,5898.261,508.09622
p2686,0.2345,2.5484,0.3129,0.1134,0.25,6328.207,224.62372
p2687,0.2345,2.5484,0.3129,0.1134,0.5,6032.0366,352.5828
p2688,0.2345,2.5484,0.3129,0.1134,0.75,5752.405,526.2952
p2689,0.2345,1.2028,0.2558,0.1183,0.25,4161.7227,454.96985
p2690,0.2345,1.2028,0.2558,0.1183,0.5,3971.1323,618.4158
p2691,0.2345,1.2028,0.2558,0.1183,0.75,3757.1494,792.8167
p2692,0.2345,1.2028,0.2558,0.2242,0.25,4563.715,403.7625
p2693,0.2345,1.2028,0.2558,0.2242,0.5,4373.654,562.3965
p2694,0.2345,1.2028,0.2558,0.2242,0.75,4171.815,724.9358
p2695,0.2345,1.2028,0.2558,0.1995,0.25,4471.364,414.66183
p2696,0.2345,1.2028,0.2558,0.1995,0.5,4285.414,574.8137
p2697,0.2345,1.2028,0.2558,0.1995,0.75,4078.211,738.2584
p2698,0.2345,1.2028,0.2558,0.1784,0.25,4394.828,423.97293
p2699,0.2345,1.2028,0.2558,0.1784,0.5,4208.707,586.03906
p2700,0.2345,1.2028,0.2558,0.1784,0.75,4000.1243,749.7013
p2701,0.2345,1.2028,0.2558,0.1538,0.25,4303.031,435.83096
p2702,0.2345,1.2028,0.2558,0.1538,0.5,4112.7183,599.245
p2703,0.2345,1.2028,0.2558,0.1538,0.75,3904.778,765.48334
p2704,0.2345,1.2028,0.2558,0.3141,0.25,4897.6143,366.74374
p2705,0.2345,1.2028,0.2558,0.3141,0.5,4718.685,516.78
p2706,0.2345,1.2028,0.2558,0.3141,0.75,4492.062,680.1698
p2707,0.2345,1.2028,0.2558,0.1438,0.25,4263.2495,441.27402
p2708,0.2345,1.2028,0.2558,0.1438,0.5,4072.772,604.6518
p2709,0.2345,1.2028,0.2558,0.1438,0.75,3864.605,772.6965
p2710,0.2345,1.2028,0.2558,0.1531,0.25,4300.246,436.2121
p2711,0.2345,1.2028,0.2558,0.1531,0.5,4109.9136,599.6253
p2712,0.2345,1.2028,0.2558,0.1531,0.75,3901.984,765.9942
p2713,0.2345,1.2028,0.2558,0.3209,0.25,4923.671,364.05478
p2714,0.2345,1.2028,0.2558,0.3209,0.5,4744.1953,513.53754
p2715,0.2345,1.2028,0.2558,0.3209,0.75,4517.2324,676.6225
p2716,0.2345,1.2028,0.2558,0.2465,0.25,4647.1016,394.15695
p2717,0.2345,1.2028,0.2558,0.2465,0.5,4455.31,550.95483
p2718,0.2345,1.2028,0.2558,0.2465,0.75,4255.793,713.208
p2719,0.2345,1.2028,0.2558,0.2347,0.25,4602.9155,399.2263
p2720,0.2345,1.2028,0.2558,0.2347,0.5,4411.613,557.0714
p2721,0.2345,1.2028,0.2558,0.2347,0.75,4212.1953,719.21436
p2722,0.2345,1.2028,0.2558,0.1781,0.25,4393.773,424.10062
p2723,0.2345,1.2028,0.2558,0.1781,0.5,4207.583,586.19934
p2724,0.2345,1.2028,0.2558,0.1781,0.75,3998.9675,749.8781
p2725,0.2345,1.2028,0.2558,0.1488,0.25,4283.1406,438.5525
p2726,0.2345,1.2028,0.2558,0.1488,0.5,4092.684,601.9611
p2727,0.2345,1.2028,0.2558,0.1488,0.75,3884.819,769.13245
p2728,0.2345,1.2028,0.2558,0.1134,0.25,4142.25,457.52615
p2729,0.2345,1.2028,0.2558,0.1134,0.5,3951.706,621.0843
p2730,0.2345,1.2028,0.2558,0.1134,0.75,3736.3132,796.8081
p2731,0.2345,1.2676,0.2575,0.1183,0.25,4268.192,439.1465
p2732,0.2345,1.2676,0.2575,0.1183,0.5,4071.9253,599.7057
p2733,0.2345,1.2676,0.2575,0.1183,0.75,3852.1812,773.042
p2734,0.2345,1.2676,0.2575,0.2242,0.25,4669.173,389.59012
p2735,0.2345,1.2676,0.2575,0.2242,0.5,4474.922,546.4906
p2736,0.2345,1.2676,0.2575,0.2242,0.75,4264.442,706.7605
p2737,0.2345,1.2676,0.2575,0.1995,0.25,4576.7417,400.28534
p2738,0.2345,1.2676,0.2575,0.1995,0.5,4384.236,559.2168
p2739,0.2345,1.2676,0.2575,0.1995,0.75,4169.0713,720.3071
p2740,0.2345,1.2676,0.2575,0.1784,0.25,4498.1895,409.57806
p2741,0.2345,1.2676,0.2575,0.1784,0.5,4307.8843,569.5916
p2742,0.2345,1.2676,0.2575,0.1784,0.75,4090.2036,731.813
p2743,0.2345,1.2676,0.2575,0.1538,0.25,4408.2114,420.65863
p2744,0.2345,1.2676,0.2575,0.1538,0.5,4213.764,581.28516
p2745,0.2345,1.2676,0.2575,0.1538,0.75,3997.6323,746.7409
p2746,0.2345,1.2676,0.2575,0.3141,0.25,5004.071,353.34863
p2747,0.2345,1.2676,0.2575,0.3141,0.5,4819.7046,502.66727
p2748,0.2345,1.2676,0.2575,0.3141,0.75,4593.2744,661.3508
p2749,0.2345,1.2676,0.2575,0.1438,0.25,4370.27,425.62643
p2750,0.2345,1.2676,0.2575,0.1438,0.5,4175.2944,586.0316
p2751,0.2345,1.2676,0.2575,0.1438,0.75,3957.7776,753.8349
p2752,0.2345,1.2676,0.2575,0.1531,0.25,4405.6255,420.98615
p2753,0.2345,1.2676,0.2575,0.1531,0.5,4211.0835,581.6206
p2754,0.2345,1.2676,0.2575,0.1531,0.75,3994.8633,747.23895
p2755,0.2345,1.2676,0.2575,0.3209,0.25,5029.813,350.76526
p2756,0.2345,1.2676,0.2575,0.3209,0.5,4842.9404,499.8562
p2757,0.2345,1.2676,0.2575,0.3209,0.75,4618.377,658.01355
p2758,0.2345,1.2676,0.2575,0.2465,0.25,4750.882,380.43317
p2759,0.2345,1.2676,0.2575,0.2465,0.5,4558.7324,535.19604
p2760,0.2345,1.2676,0.2575,0.2465,0.75,4348.4917,695.3815
p2761,0.2345,1.2676,0.2575,0.2347,0.25,4708.0703,385.20358
p2762,0.2345,1.2676,0.2575,0.2347,0.5,4513.7603,541.231
p2763,0.2345,1.2676,0.2575,0.2347,0.75,4304.4004,701.2441
p2764,0.2345,1.2676,0.2575,0.1781,0.25,4497.0728,409.71368
p2765,0.2345,1.2676,0.2575,0.1781,0.5,4306.7705,569.7282
p2766,0.2345,1.2676,0.2575,0.1781,0.75,4089.103,731.97394
p2767,0.2345,1.2676,0.2575,0.1488,0.25,4389.862,422.9796
p2768,0.2345,1.2676,0.2575,0.1488,0.5,4194.6035,583.66455
p2769,0.2345,1.2676,0.2575,0.1488,0.75,3977.8552,750.29846
p2770,0.2345,1.2676,0.2575,0.1134,0.25,4248.2554,441.6858
p2771,0.2345,1.2676,0.2575,0.1134,0.5,4051.3066,602.5329
p2772,0.2345,1.2676,0.2575,0.1134,0.75,3831.6462,776.8751
p2773,0.2345,1.5092,0.2624,0.1183,0.25,4667.7295,378.79294
p2774,0.2345,1.5092,0.2624,0.1183,0.5,4433.7812,536.94714
p2775,0.2345,1.5092,0.2624,0.1183,0.75,4203.8247,703.21515
p2776,0.2345,1.5092,0.2624,0.2242,0.25,5061.674,337.89697
p2777,0.2345,1.5092,0.2624,0.2242,0.5,4853.4395,490.7966
p2778,0.2345,1.5092,0.2624,0.2242,0.75,4620.9,638.43146
p2779,0.2345,1.5092,0.2624,0.1995,0.25,4972.8403,347.1564
p2780,0.2345,1.5092,0.2624,0.1995,0.5,4751.8564,501.67004
p2781,0.2345,1.5092,0.2624,0.1995,0.75,4526.277,651.68994
p2782,0.2345,1.5092,0.2624,0.1784,0.25,4895.8833,355.34677
p2783,0.2345,1.5092,0.2624,0.1784,0.5,4668.382,510.99066
p2784,0.2345,1.5092,0.2624,0.1784,0.75,4442.9575,663.86884
p2785,0.2345,1.5092,0.2624,0.1538,0.25,4803.0215,364.91693
p2786,0.2345,1.5092,0.2624,0.1538,0.5,4570.9355,521.8526
p2787,0.2345,1.5092,0.2624,0.1538,0.75,4344.5493,679.46234
p2788,0.2345,1.5092,0.2624,0.3141,0.25,5407.6426,305.36658
p2789,0.2345,1.5092,0.2624,0.3141,0.5,5183.214,456.06842
p2790,0.2345,1.5092,0.2624,0.3141,0.75,4983.764,589.20575
p2791,0.2345,1.5092,0.2624,0.1438,0.25,4764.684,368.80807
p2792,0.2345,1.5092,0.2624,0.1438,0.5,4531.4766,526.243
p2793,0.2345,1.5092,0.2624,0.1438,0.75,4306.347,685.5787
p2794,0.2345,1.5092,0.2624,0.1531,0.25,4800.2817,365.19568
p2795,0.2345,1.5092,0.2624,0.1531,0.5,4568.1587,522.1632
p2796,0.2345,1.5092,0.2624,0.1531,0.75,4341.8975,679.89026
p2797,0.2345,1.5092,0.2624,0.3209,0.25,5433.867,303.6065
p2798,0.2345,1.5092,0.2624,0.3209,0.5,5208.5146,453.41498
p2799,0.2345,1.5092,0.2624,0.3209,0.75,5010.3604,585.791
p2800,0.2345,1.5092,0.2624,0.2465,0.25,5146.68,329.1507
p2801,0.2345,1.5092,0.2624,0.2465,0.5,4942.4214,480.43054
p2802,0.2345,1.5092,0.2624,0.2465,0.75,4709.3755,626.2093
p2803,0.2345,1.5092,0.2624,0.2347,0.25,5100.8594,333.8413
p2804,0.2345,1.5092,0.2624,0.2347,0.5,4896.112,485.86963
p2805,0.2345,1.5092,0.2624,0.2347,0.75,4661.7954,632.8347
p2806,0.2345,1.5092,0.2624,0.1781,0.25,4894.775,355.4639
p2807,0.2345,1.5092,0.2624,0.1781,0.5,4667.194,511.1228
p2808,0.2345,1.5092,0.2624,0.1781,0.75,4441.743,664.059
p2809,0.2345,1.5092,0.2624,0.1488,0.25,4783.6543,366.8847
p2810,0.2345,1.5092,0.2624,0.1488,0.5,4551.104,524.0713
p2811,0.2345,1.5092,0.2624,0.1488,0.75,4325.6074,682.519
p2812,0.2345,1.5092,0.2624,0.1134,0.25,4648.248,380.82565
p2813,0.2345,1.5092,0.2624,0.1134,0.5,4415.314,539.03467
p2814,0.2345,1.5092,0.2624,0.1134,0.75,4183.7563,706.81323
p2815,0.2345,1.3334,0.5746,0.1183,0.25,4140.0195,650.1313
p2816,0.2345,1.3334,0.5746,0.1183,0.5,3803.5676,1061.1746
p2817,0.2345,1.3334,0.5746,0.1183,0.75,3455.6414,1571.7744
p2818,0.2345,1.3334,0.5746,0.2242,0.25,4551.7456,594.50446
p2819,0.2345,1.3334,0.5746,0.2242,0.5,4214.3257,975.25116
p2820,0.2345,1.3334,0.5746,0.2242,0.75,3874.7258,1464.5374
p2821,0.2345,1.3334,0.5746,0.1995,0.25,4464.8193,606.4353
p2822,0.2345,1.3334,0.5746,0.1995,0.5,4123.128,992.0927
p2823,0.2345,1.3334,0.5746,0.1995,0.75,3778.9587,1489.3964
p2824,0.2345,1.3334,0.5746,0.1784,0.25,4386.7915,617.2982
p2825,0.2345,1.3334,0.5746,0.1784,0.5,4042.9868,1007.95233
p2826,0.2345,1.3334,0.5746,0.1784,0.75,3696.2559,1511.1548
p2827,0.2345,1.3334,0.5746,0.1538,0.25,4287.0195,630.2221
p2828,0.2345,1.3334,0.5746,0.1538,0.5,3946.989,1028.2731
p2829,0.2345,1.3334,0.5746,0.1538,0.75,3598.8804,1536.1733
p2830,0.2345,1.3334,0.5746,0.3141,0.25,4876.9062,553.3294
p2831,0.2345,1.3334,0.5746,0.3141,0.5,4502.994,928.0414
p2832,0.2345,1.3334,0.5746,0.3141,0.75,4171.2324,1401.3271
p2833,0.2345,1.3334,0.5746,0.1438,0.25,4245.422,635.64996
p2834,0.2345,1.3334,0.5746,0.1438,0.5,3907.2065,1037.3037
p2835,0.2345,1.3334,0.5746,0.1438,0.75,3558.3665,1546.1577
p2836,0.2345,1.3334,0.5746,0.1531,0.25,4284.088,630.60516
p2837,0.2345,1.3334,0.5746,0.1531,0.5,3944.2026,1028.9037
p2838,0.2345,1.3334,0.5746,0.1531,0.75,3596.0447,1536.8724
p2839,0.2345,1.3334,0.5746,0.3209,0.25,4901.616,550.2483
p2840,0.2345,1.3334,0.5746,0.3209,0.5,4520.6167,924.91895
p2841,0.2345,1.3334,0.5746,0.3209,0.75,4191.028,1397.14
p2842,0.2345,1.3334,0.5746,0.2465,0.25,4633.3623,583.9615
p2843,0.2345,1.3334,0.5746,0.2465,0.5,4294.618,961.05414
p2844,0.2345,1.3334,0.5746,0.2465,0.75,3957.4292,1445.1494
p2845,0.2345,1.3334,0.5746,0.2347,0.25,4589.814,589.45074
p2846,0.2345,1.3334,0.5746,0.2347,0.5,4252.607,968.48615
p2847,0.2345,1.3334,0.5746,0.2347,0.75,3914.2988,1454.83
p2848,0.2345,1.3334,0.5746,0.1781,0.25,4385.668,617.45825
p2849,0.2345,1.3334,0.5746,0.1781,0.5,4041.8123,1008.2038
p2850,0.2345,1.3334,0.5746,0.1781,0.75,3695.0803,1511.4641
p2851,0.2345,1.3334,0.5746,0.1488,0.25,4266.0806,632.95807
p2852,0.2345,1.3334,0.5746,0.1488,0.5,3927.09,1032.7769
p2853,0.2345,1.3334,0.5746,0.1488,0.75,3578.6233,1541.1655
p2854,0.2345,1.3334,0.5746,0.1134,0.25,4119.155,653.38354
p2855,0.2345,1.3334,0.5746,0.1134,0.5,3783.3755,1065.8159
p2856,0.2345,1.3334,0.5746,0.1134,0.75,3436.205,1576.7856
p2857,0.2345,0.7099,0.1669,0.1183,0.25,3404.209,504.37515
p2858,0.2345,0.7099,0.1669,0.1183,0.5,3282.3855,648.17865
p2859,0.2345,0.7099,0.1669,0.1183,0.75,3098.1577,828.9274
p2860,0.2345,0.7099,0.1669,0.2242,0.25,3833.071,440.15335
p2861,0.2345,0.7099,0.1669,0.2242,0.5,3686.5645,581.7242
p2862,0.2345,0.7099,0.1669,0.2242,0.75,3515.4465,748.71643
p2863,0.2345,0.7099,0.1669,0.1995,0.25,3733.5356,454.65524
p2864,0.2345,0.7099,0.1669,0.1995,0.5,3591.611,597.7074
p2865,0.2345,0.7099,0.1669,0.1995,0.75,3426.261,764.88257
p2866,0.2345,0.7099,0.1669,0.1784,0.25,3646.7048,467.5674
p2867,0.2345,0.7099,0.1669,0.1784,0.5,3512.7693,610.89276
p2868,0.2345,0.7099,0.1669,0.1784,0.75,3344.4307,779.6119
p2869,0.2345,0.7099,0.1669,0.1538,0.25,3546.264,482.69077
p2870,0.2345,0.7099,0.1669,0.1538,0.5,3420.571,625.8101
p2871,0.2345,0.7099,0.1669,0.1538,0.75,3243.6143,799.5795
p2872,0.2345,0.7099,0.1669,0.3141,0.25,4176.0205,394.2868
p2873,0.2345,0.7099,0.1669,0.3141,0.5,4023.7703,525.3495
p2874,0.2345,0.7099,0.1669,0.3141,0.75,3836.4375,691.4078
p2875,0.2345,0.7099,0.1669,0.1438,0.25,3506.209,488.8071
p2876,0.2345,0.7099,0.1669,0.1438,0.5,3382.6782,631.86786
p2877,0.2345,0.7099,0.1669,0.1438,0.75,3202.3447,807.61334
p2878,0.2345,0.7099,0.1669,0.1531,0.25,3543.4597,483.1189
p2879,0.2345,0.7099,0.1669,0.1531,0.5,3417.9272,626.2268
p2880,0.2345,0.7099,0.1669,0.1531,0.75,3240.7253,800.1419
p2881,0.2345,0.7099,0.1669,0.3209,0.25,4201.465,391.1899
p2882,0.2345,0.7099,0.1669,0.3209,0.5,4049.047,521.4969
p2883,0.2345,0.7099,0.1669,0.3209,0.75,3861.0198,687.40875
p2884,0.2345,0.7099,0.1669,0.2465,0.25,3922.9355,427.0606
p2885,0.2345,0.7099,0.1669,0.2465,0.5,3769.3875,568.1166
p2886,0.2345,0.7099,0.1669,0.2465,0.75,3593.4827,733.68286
p2887,0.2345,0.7099,0.1669,0.2347,0.25,3875.3845,433.98856
p2888,0.2345,0.7099,0.1669,0.2347,0.5,3725.554,575.3201
p2889,0.2345,0.7099,0.1669,0.2347,0.75,3551.548,741.6746
p2890,0.2345,0.7099,0.1669,0.1781,0.25,3645.4688,467.75165
p2891,0.2345,0.7099,0.1669,0.1781,0.5,3511.655,611.0786
p2892,0.2345,0.7099,0.1669,0.1781,0.75,3343.238,779.8343
p2893,0.2345,0.7099,0.1669,0.1488,0.25,3526.236,485.74896
p2894,0.2345,0.7099,0.1669,0.1488,0.5,3401.6846,628.78613
p2895,0.2345,0.7099,0.1669,0.1488,0.75,3222.98,803.59644
p2896,0.2345,0.7099,0.1669,0.1134,0.25,3384.499,507.2924
p2897,0.2345,0.7099,0.1669,0.1134,0.5,3262.8057,651.84644
p2898,0.2345,0.7099,0.1669,0.1134,0.75,3078.195,833.0515
p2899,0.2345,0.803,0.2027,0.1183,0.25,3527.1562,518.24854
p2900,0.2345,0.803,0.2027,0.1183,0.5,3387.8667,675.32587
p2901,0.2345,0.803,0.2027,0.1183,0.75,3197.9587,855.5541
p2902,0.2345,0.803,0.2027,0.2242,0.25,3953.0513,454.68008
p2903,0.2345,0.803,0.2027,0.2242,0.5,3790.7434,608.70264
p2904,0.2345,0.803,0.2027,0.2242,0.75,3617.952,776.4932
p2905,0.2345,0.803,0.2027,0.1995,0.25,3853.7031,469.14975
p2906,0.2345,0.803,0.2027,0.1995,0.5,3699.2815,623.9026
p2907,0.2345,0.803,0.2027,0.1995,0.75,3524.108,792.25934
p2908,0.2345,0.803,0.2027,0.1784,0.25,3767.0598,482.03668
p2909,0.2345,0.803,0.2027,0.1784,0.5,3620.2585,636.82416
p2910,0.2345,0.803,0.2027,0.1784,0.75,3443.1455,806.1841
p2911,0.2345,0.803,0.2027,0.1538,0.25,3666.7783,496.96207
p2912,0.2345,0.803,0.2027,0.1538,0.5,3528.0405,652.2394
p2913,0.2345,0.803,0.2027,0.1538,0.75,3343.703,826.0063
p2914,0.2345,0.803,0.2027,0.3141,0.25,4290.02,411.82745
p2915,0.2345,0.803,0.2027,0.3141,0.5,4126.442,552.93713
p2916,0.2345,0.803,0.2027,0.3141,0.75,3938.6516,722.7393
p2917,0.2345,0.803,0.2027,0.1438,0.25,3627.8115,502.81592
p2918,0.2345,0.803,0.2027,0.1438,0.5,3488.623,658.7087
p2919,0.2345,0.803,0.2027,0.1438,0.75,3302.4856,834.19543
p2920,0.2345,0.803,0.2027,0.1531,0.25,3664.0396,497.368
p2921,0.2345,0.803,0.2027,0.1531,0.5,3525.3206,652.6943
p2922,0.2345,0.803,0.2027,0.1531,0.75,3340.821,826.554
p2923,0.2345,0.803,0.2027,0.3209,0.25,4314.448,409.03928
p2924,0.2345,0.803,0.2027,0.3209,0.5,4150.3677,549.4957
p2925,0.2345,0.803,0.2027,0.3209,0.75,3962.0132,719.28827
p2926,0.2345,0.803,0.2027,0.2465,0.25,4040.6353,442.29388
p2927,0.2345,0.803,0.2027,0.2465,0.5,3874.387,594.4686
p2928,0.2345,0.803,0.2027,0.2465,0.75,3695.792,762.95056
p2929,0.2345,0.803,0.2027,0.2347,0.25,3994.8862,448.6165
p2930,0.2345,0.803,0.2027,0.2347,0.5,3830.244,601.9749
p2931,0.2345,0.803,0.2027,0.2347,0.75,3655.3054,770.0684
p2932,0.2345,0.803,0.2027,0.1781,0.25,3765.8276,482.2199
p2933,0.2345,0.803,0.2027,0.1781,0.5,3619.1372,637.0074
p2934,0.2345,0.803,0.2027,0.1781,0.75,3441.991,806.3985
p2935,0.2345,0.803,0.2027,0.1488,0.25,3647.42,499.83502
p2936,0.2345,0.803,0.2027,0.1488,0.5,3508.353,655.4751
p2937,0.2345,0.803,0.2027,0.1488,0.75,3323.0945,829.99866
p2938,0.2345,0.803,0.2027,0.1134,0.25,3507.815,521.214
p2939,0.2345,0.803,0.2027,0.1134,0.5,3368.1736,678.9161
p2940,0.2345,0.803,0.2027,0.1134,0.75,3177.8552,859.7973
p2941,0.2382,0.72,0.5273,0.1183,0.25,3199.2117,845.94086
p2942,0.2382,0.72,0.5273,0.1183,0.5,2914.1177,1275.3052
p2943,0.2382,0.72,0.5273,0.1183,0.75,2631.1086,1829.6952
p2944,0.2382,0.72,0.5273,0.2242,0.25,3599.6194,778.0555
p2945,0.2382,0.72,0.5273,0.2242,0.5,3323.578,1182.9415
p2946,0.2382,0.72,0.5273,0.2242,0.75,3026.9932,1697.8408
p2947,0.2382,0.72,0.5273,0.1995,0.25,3508.244,793.45514
p2948,0.2382,0.72,0.5273,0.1995,0.5,3234.2466,1202.3667
p2949,0.2382,0.72,0.5273,0.1995,0.75,2935.59,1725.2368
p2950,0.2382,0.72,0.5273,0.1784,0.25,3429.6118,806.89386
p2951,0.2382,0.72,0.5273,0.1784,0.5,3152.538,1220.5271
p2952,0.2382,0.72,0.5273,0.1784,0.75,2855.5676,1748.7952
p2953,0.2382,0.72,0.5273,0.1538,0.25,3338.6672,822.26013
p2954,0.2382,0.72,0.5273,0.1538,0.5,3054.9646,1242.1265
p2955,0.2382,0.72,0.5273,0.1538,0.75,2763.076,1780.0686
p2956,0.2382,0.72,0.5273,0.3141,0.25,3906.1538,731.34216
p2957,0.2382,0.72,0.5273,0.3141,0.5,3621.4512,1127.1385
p2958,0.2382,0.72,0.5273,0.3141,0.75,3360.797,1618.7069
p2959,0.2382,0.72,0.5273,0.1438,0.25,3299.5703,829.1095
p2960,0.2382,0.72,0.5273,0.1438,0.5,3014.9958,1251.2778
p2961,0.2382,0.72,0.5273,0.1438,0.75,2726.1062,1793.9677
p2962,0.2382,0.72,0.5273,0.1531,0.25,3336.0793,822.6974
p2963,0.2382,0.72,0.5273,0.1531,0.5,3052.167,1242.7672
p2964,0.2382,0.72,0.5273,0.1531,0.75,2760.4873,1781.0417
p2965,0.2382,0.72,0.5273,0.3209,0.25,3927.5625,728.1541
p2966,0.2382,0.72,0.5273,0.3209,0.5,3643.2246,1123.5941
p2967,0.2382,0.72,0.5273,0.3209,0.75,3383.5813,1613.3
p2968,0.2382,0.72,0.5273,0.2465,0.25,3678.2769,765.5558
p2969,0.2382,0.72,0.5273,0.2465,0.5,3399.9963,1166.1461
p2970,0.2382,0.72,0.5273,0.2465,0.75,3110.6638,1674.5977
p2971,0.2382,0.72,0.5273,0.2347,0.25,3637.07,771.9219
p2972,0.2382,0.72,0.5273,0.2347,0.5,3359.898,1175.1129
p2973,0.2382,0.72,0.5273,0.2347,0.75,3066.226,1686.5602
p2974,0.2382,0.72,0.5273,0.1781,0.25,3428.5032,807.08124
p2975,0.2382,0.72,0.5273,0.1781,0.5,3151.351,1220.7919
p2976,0.2382,0.72,0.5273,0.1781,0.75,2854.4297,1749.1414
p2977,0.2382,0.72,0.5273,0.1488,0.25,3319.617,825.7028
p2978,0.2382,0.72,0.5273,0.1488,0.5,3034.9797,1246.7023
p2979,0.2382,0.72,0.5273,0.1488,0.75,2744.5908,1787.0184
p2980,0.2382,0.72,0.5273,0.1134,0.25,3180.0706,849.3263
p2981,0.2382,0.72,0.5273,0.1134,0.5,2896.2117,1281.1198
p2982,0.2382,0.72,0.5273,0.1134,0.75,2612.8064,1836.6718
p2983,0.2382,2.7734,0.4391,0.1183,0.25,6624.8745,243.05676
p2984,0.2382,2.7734,0.4391,0.1183,0.5,6251.089,442.4876
p2985,0.2382,2.7734,0.4391,0.1183,0.75,5931.37,685.57996
p2986,0.2382,2.7734,0.4391,0.2242,0.25,7086.029,220.9856
p2987,0.2382,2.7734,0.4391,0.2242,0.5,6708.7046,412.07953
p2988,0.2382,2.7734,0.4391,0.2242,0.75,6361.5337,635.51355
p2989,0.2382,2.7734,0.4391,0.1995,0.25,6980.4473,226.66821
p2990,0.2382,2.7734,0.4391,0.1995,0.5,6606.3374,419.41394
p2991,0.2382,2.7734,0.4391,0.1995,0.75,6259.215,645.9185
p2992,0.2382,2.7734,0.4391,0.1784,0.25,6888.8643,231.12537
p2993,0.2382,2.7734,0.4391,0.1784,0.5,6516.38,425.2303
p2994,0.2382,2.7734,0.4391,0.1784,0.75,6173.744,654.76666
p2995,0.2382,2.7734,0.4391,0.1538,0.25,6780.729,236.0979
p2996,0.2382,2.7734,0.4391,0.1538,0.5,6408.236,431.5877
p2997,0.2382,2.7734,0.4391,0.1538,0.75,6075.163,666.7564
p2998,0.2382,2.7734,0.4391,0.3141,0.25,7450.259,205.54004
p2999,0.2382,2.7734,0.4391,0.3141,0.5,7060.996,386.37646
p3000,0.2382,2.7734,0.4391,0.3141,0.75,6732.782,605.8843
p3001,0.2382,2.7734,0.4391,0.1438,0.25,6736.385,238.02557
p3002,0.2382,2.7734,0.4391,0.1438,0.5,6363.126,434.47858
p3003,0.2382,2.7734,0.4391,0.1438,0.75,6034.773,671.8479
p3004,0.2382,2.7734,0.4391,0.1531,0.25,6777.6587,236.22888
p3005,0.2382,2.7734,0.4391,0.1531,0.5,6405.085,431.77728
p3006,0.2382,2.7734,0.4391,0.1531,0.75,6072.336,667.1128
p3007,0.2382,2.7734,0.4391,0.3209,0.25,7476.332,204.60065
p3008,0.2382,2.7734,0.4391,0.3209,0.5,7087.919,384.39987
p3009,0.2382,2.7734,0.4391,0.3209,0.75,6760.407,604.4602
p3010,0.2382,2.7734,0.4391,0.2465,0.25,7177.4824,215.75922
p3011,0.2382,2.7734,0.4391,0.2465,0.5,6798.4834,405.68704
p3012,0.2382,2.7734,0.4391,0.2465,0.75,6454.92,626.78076
p3013,0.2382,2.7734,0.4391,0.2347,0.25,7129.0903,218.52472
p3014,0.2382,2.7734,0.4391,0.2347,0.5,6751.9165,409.03668
p3015,0.2382,2.7734,0.4391,0.2347,0.75,6405.746,631.30945
p3016,0.2382,2.7734,0.4391,0.1781,0.25,6887.5635,231.18854
p3017,0.2382,2.7734,0.4391,0.1781,0.5,6515.0767,425.31024
p3018,0.2382,2.7734,0.4391,0.1781,0.75,6172.535,654.9033
p3019,0.2382,2.7734,0.4391,0.1488,0.25,6758.773,237.03516
p3020,0.2382,2.7734,0.4391,0.1488,0.5,6385.666,432.95898
p3021,0.2382,2.7734,0.4391,0.1488,0.75,6054.9683,669.3021
p3022,0.2382,2.7734,0.4391,0.1134,0.25,6604.3667,243.9704
p3023,0.2382,2.7734,0.4391,0.1134,0.5,6229.3433,444.416
p3024,0.2382,2.7734,0.4391,0.1134,0.75,5911.4155,688.308
p3025,0.2382,2.6061,0.4394,0.1183,0.25,6346.1987,268.42328
p3026,0.2382,2.6061,0.4394,0.1183,0.5,5962.313,480.78574
p3027,0.2382,2.6061,0.4394,0.1183,0.75,5658.582,730.42017
p3028,0.2382,2.6061,0.4394,0.2242,0.25,6794.9297,244.39929
p3029,0.2382,2.6061,0.4394,0.2242,0.5,6430.5566,447.17264
p3030,0.2382,2.6061,0.4394,0.2242,0.75,6086.5063,678.5199
p3031,0.2382,2.6061,0.4394,0.1995,0.25,6690.104,250.54578
p3032,0.2382,2.6061,0.4394,0.1995,0.5,6323.0903,454.74826
p3033,0.2382,2.6061,0.4394,0.1995,0.75,5988.29,688.9535
p3034,0.2382,2.6061,0.4394,0.1784,0.25,6596.985,255.51941
p3035,0.2382,2.6061,0.4394,0.1784,0.5,6228.346,460.7893
p3036,0.2382,2.6061,0.4394,0.1784,0.75,5909.043,697.6308
p3037,0.2382,2.6061,0.4394,0.1538,0.25,6489.2305,261.40088
p3038,0.2382,2.6061,0.4394,0.1538,0.5,6121.5034,468.51065
p3039,0.2382,2.6061,0.4394,0.1538,0.75,5811.5015,709.87573
p3040,0.2382,2.6061,0.4394,0.3141,0.25,7160.2856,226.72003
p3041,0.2382,2.6061,0.4394,0.3141,0.5,6781.1206,419.48288
p3042,0.2382,2.6061,0.4394,0.3141,0.75,6450.2646,645.365
p3043,0.2382,2.6061,0.4394,0.1438,0.25,6447.822,263.37238
p3044,0.2382,2.6061,0.4394,0.1438,0.5,6076.978,471.80984
p3045,0.2382,2.6061,0.4394,0.1438,0.75,5770.4717,715.5126
p3046,0.2382,2.6061,0.4394,0.1531,0.25,6486.2407,261.54724
p3047,0.2382,2.6061,0.4394,0.1531,0.5,6118.418,468.73853
p3048,0.2382,2.6061,0.4394,0.1531,0.75,5808.6694,710.2566
p3049,0.2382,2.6061,0.4394,0.3209,0.25,7187.779,225.68811
p3050,0.2382,2.6061,0.4394,0.3209,0.5,6807.0977,417.15442
p3051,0.2382,2.6061,0.4394,0.3209,0.75,6477.2314,643.94336
p3052,0.2382,2.6061,0.4394,0.2465,0.25,6886.8213,239.06476
p3053,0.2382,2.6061,0.4394,0.2465,0.5,6523.163,440.4056
p3054,0.2382,2.6061,0.4394,0.2465,0.75,6177.5244,669.1242
p3055,0.2382,2.6061,0.4394,0.2347,0.25,6839.1577,241.80078
p3056,0.2382,2.6061,0.4394,0.2347,0.5,6474.8,443.9695
p3057,0.2382,2.6061,0.4394,0.2347,0.75,6129.38,674.0266
p3058,0.2382,2.6061,0.4394,0.1781,0.25,6595.6367,255.591
p3059,0.2382,2.6061,0.4394,0.1781,0.5,6227.046,460.87408
p3060,0.2382,2.6061,0.4394,0.1781,0.75,5907.8394,697.76843
p3061,0.2382,2.6061,0.4394,0.1488,0.25,6468.2764,262.40857
p3062,0.2382,2.6061,0.4394,0.1488,0.5,6099.466,470.13828
p3063,0.2382,2.6061,0.4394,0.1488,0.75,5791.1587,712.64606
p3064,0.2382,2.6061,0.4394,0.1134,0.25,6325.8643,269.49878
p3065,0.2382,2.6061,0.4394,0.1134,0.5,5941.307,482.45746
p3066,0.2382,2.6061,0.4394,0.1134,0.75,5635.7524,733.45264
p3067,0.2382,2.5484,0.3129,0.1183,0.25,6390.096,221.15869
p3068,0.2382,2.5484,0.3129,0.1183,0.5,6096.7754,347.50964
p3069,0.2382,2.5484,0.3129,0.1183,0.75,5811.807,519.2056
p3070,0.2382,2.5484,0.3129,0.2242,0.25,6832.9443,198.60156
p3071,0.2382,2.5484,0.3129,0.2242,0.5,6551.4785,315.77893
p3072,0.2382,2.5484,0.3129,0.2242,0.75,6267.431,466.54825
p3073,0.2382,2.5484,0.3129,0.1995,0.25,6730.5576,202.02234
p3074,0.2382,2.5484,0.3129,0.1995,0.5,6444.5244,323.20514
p3075,0.2382,2.5484,0.3129,0.1995,0.75,6153.105,477.14627
p3076,0.2382,2.5484,0.3129,0.1784,0.25,6640.1753,206.98022
p3077,0.2382,2.5484,0.3129,0.1784,0.5,6352.331,329.82306
p3078,0.2382,2.5484,0.3129,0.1784,0.75,6063.1973,487.67862
p3079,0.2382,2.5484,0.3129,0.1538,0.25,6536.2954,212.7287
p3080,0.2382,2.5484,0.3129,0.1538,0.5,6248.635,337.01782
p3081,0.2382,2.5484,0.3129,0.1538,0.75,5959.2705,500.4788
p3082,0.2382,2.5484,0.3129,0.3141,0.25,7202.7354,187.74902
p3083,0.2382,2.5484,0.3129,0.3141,0.5,6927.4487,290.91797
p3084,0.2382,2.5484,0.3129,0.3141,0.75,6642.2354,437.4874
p3085,0.2382,2.5484,0.3129,0.1438,0.25,6495.0903,215.11566
p3086,0.2382,2.5484,0.3129,0.1438,0.5,6207.15,339.94315
p3087,0.2382,2.5484,0.3129,0.1438,0.75,5917.31,505.91022
p3088,0.2382,2.5484,0.3129,0.1531,0.25,6533.3877,212.89038
p3089,0.2382,2.5484,0.3129,0.1531,0.5,6245.7603,337.2201
p3090,0.2382,2.5484,0.3129,0.1531,0.75,5956.2803,500.85498
p3091,0.2382,2.5484,0.3129,0.3209,0.25,7230.104,187.07196
p3092,0.2382,2.5484,0.3129,0.3209,0.5,6952.234,288.99884
p3093,0.2382,2.5484,0.3129,0.3209,0.75,6668.4873,435.26
p3094,0.2382,2.5484,0.3129,0.2465,0.25,6925.3623,196.0517
p3095,0.2382,2.5484,0.3129,0.2465,0.5,6648.708,309.16333
p3096,0.2382,2.5484,0.3129,0.2465,0.75,6366.297,458.14075
p3097,0.2382,2.5484,0.3129,0.2347,0.25,6876.4473,197.40527
p3098,0.2382,2.5484,0.3129,0.2347,0.5,6597.685,312.6092
p3099,0.2382,2.5484,0.3129,0.2347,0.75,6315.1646,462.55652
p3100,0.2382,2.5484,0.3129,0.1781,0.25,6638.9263,207.0517
p3101,0.2382,2.5484,0.3129,0.1781,0.5,6351.0024,329.91974
p3102,0.2382,2.5484,0.3129,0.1781,0.75,6061.963,487.82855
p3103,0.2382,2.5484,0.3129,0.1488,0.25,6515.824,213.89612
p3104,0.2382,2.5484,0.3129,0.1488,0.5,6228.099,338.46198
p3105,0.2382,2.5484,0.3129,0.1488,0.75,5937.9097,503.16525
p3106,0.2382,2.5484,0.3129,0.1134,0.25,6369.6997,222.31146
p3107,0.2382,2.5484,0.3129,0.1134,0.5,6075.606,349.00308
p3108,0.2382,2.5484,0.3129,0.1134,0.75,5791.896,521.6341
p3109,0.2382,1.2028,0.2558,0.1183,0.25,4202.454,449.7878
p3110,0.2382,1.2028,0.2558,0.1183,0.5,4009.9858,611.7668
p3111,0.2382,1.2028,0.2558,0.1183,0.75,3795.289,784.99207
p3112,0.2382,1.2028,0.2558,0.2242,0.25,4604.68,398.93167
p3113,0.2382,1.2028,0.2558,0.2242,0.5,4414.177,556.42035
p3114,0.2382,1.2028,0.2558,0.2242,0.75,4209.6416,718.02747
p3115,0.2382,1.2028,0.2558,0.1995,0.25,4512.1235,409.75748
p3116,0.2382,1.2028,0.2558,0.1995,0.5,4325.281,568.95844
p3117,0.2382,1.2028,0.2558,0.1995,0.75,4115.049,731.44916
p3118,0.2382,1.2028,0.2558,0.1784,0.25,4434.0366,419.2576
p3119,0.2382,1.2028,0.2558,0.1784,0.5,4248.4023,579.9656
p3120,0.2382,1.2028,0.2558,0.1784,0.75,4036.7944,742.9334
p3121,0.2382,1.2028,0.2558,0.1538,0.25,4343.4463,430.65768
p3122,0.2382,1.2028,0.2558,0.1538,0.5,4153.074,592.3488
p3123,0.2382,1.2028,0.2558,0.1538,0.75,3942.1445,758.2145
p3124,0.2382,1.2028,0.2558,0.3141,0.25,4938.937,362.1101
p3125,0.2382,1.2028,0.2558,0.3141,0.5,4759.713,511.312
p3126,0.2382,1.2028,0.2558,0.3141,0.75,4531.2964,673.22705
p3127,0.2382,1.2028,0.2558,0.1438,0.25,4303.799,436.07333
p3128,0.2382,1.2028,0.2558,0.1438,0.5,4113.041,597.7684
p3129,0.2382,1.2028,0.2558,0.1438,0.75,3901.993,765.3321
p3130,0.2382,1.2028,0.2558,0.1531,0.25,4340.6714,431.0368
p3131,0.2382,1.2028,0.2558,0.1531,0.5,4150.3047,592.71655
p3132,0.2382,1.2028,0.2558,0.1531,0.75,3939.3757,758.7126
p3133,0.2382,1.2028,0.2558,0.3209,0.25,4964.9937,359.42108
p3134,0.2382,1.2028,0.2558,0.3209,0.5,4783.3647,508.45172
p3135,0.2382,1.2028,0.2558,0.3209,0.75,4556.5947,669.82404
p3136,0.2382,1.2028,0.2558,0.2465,0.25,4687.656,389.4763
p3137,0.2382,1.2028,0.2558,0.2465,0.5,4497.279,544.757
p3138,0.2382,1.2028,0.2558,0.2465,0.75,4292.877,706.63806
p3139,0.2382,1.2028,0.2558,0.2347,0.25,4644.1475,394.36566
p3140,0.2382,1.2028,0.2558,0.2347,0.5,4452.652,550.9906
p3141,0.2382,1.2028,0.2558,0.2347,0.75,4249.7124,712.42053
p3142,0.2382,1.2028,0.2558,0.1781,0.25,4432.9434,419.39075
p3143,0.2382,1.2028,0.2558,0.1781,0.5,4247.247,580.11774
p3144,0.2382,1.2028,0.2558,0.1781,0.75,4035.659,743.1014
p3145,0.2382,1.2028,0.2558,0.1488,0.25,4323.6226,433.36548
p3146,0.2382,1.2028,0.2558,0.1488,0.5,4133.075,595.0523
p3147,0.2382,1.2028,0.2558,0.1488,0.75,3922.308,761.8017
p3148,0.2382,1.2028,0.2558,0.1134,0.25,4182.9307,452.34973
p3149,0.2382,1.2028,0.2558,0.1134,0.5,3989.876,614.51526
p3150,0.2382,1.2028,0.2558,0.1134,0.75,3774.3738,789.06354
p3151,0.2382,1.2676,0.2575,0.1183,0.25,4309.027,434.06702
p3152,0.2382,1.2676,0.2575,0.1183,0.5,4111.9663,592.9896
p3153,0.2382,1.2676,0.2575,0.1183,0.75,3890.1235,765.44135
p3154,0.2382,1.2676,0.2575,0.2242,0.25,4710.5303,384.76776
p3155,0.2382,1.2676,0.2575,0.2242,0.5,4515.349,540.9058
p3156,0.2382,1.2676,0.2575,0.2242,0.75,4302.1914,699.9413
p3157,0.2382,1.2676,0.2575,0.1995,0.25,4617.707,395.45456
p3158,0.2382,1.2676,0.2575,0.1995,0.5,4424.1006,553.49304
p3159,0.2382,1.2676,0.2575,0.1995,0.75,4206.7114,713.4948
p3160,0.2382,1.2676,0.2575,0.1784,0.25,4539.083,404.65955
p3161,0.2382,1.2676,0.2575,0.1784,0.5,4346.4937,563.87787
p3162,0.2382,1.2676,0.2575,0.1784,0.75,4127.0093,725.02893
p3163,0.2382,1.2676,0.2575,0.1538,0.25,4447.8086,415.7692
p3164,0.2382,1.2676,0.2575,0.1538,0.5,4252.87,575.10114
p3165,0.2382,1.2676,0.2575,0.1538,0.75,4035.105,739.4597
p3166,0.2382,1.2676,0.2575,0.3141,0.25,5044.863,348.8752
p3167,0.2382,1.2676,0.2575,0.3141,0.5,4857.6904,497.927
p3168,0.2382,1.2676,0.2575,0.3141,0.75,4633.1787,654.4451
p3169,0.2382,1.2676,0.2575,0.1438,0.25,4410.087,420.6086
p3170,0.2382,1.2676,0.2575,0.1438,0.5,4214.246,579.8065
p3171,0.2382,1.2676,0.2575,0.1438,0.75,3995.0225,746.65015
p3172,0.2382,1.2676,0.2575,0.1531,0.25,4445.193,416.09885
p3173,0.2382,1.2676,0.2575,0.1531,0.5,4250.189,575.41473
p3174,0.2382,1.2676,0.2575,0.1531,0.75,4032.3235,739.97107
p3175,0.2382,1.2676,0.2575,0.3209,0.25,5070.7393,346.45773
p3176,0.2382,1.2676,0.2575,0.3209,0.5,4880.4614,495.15002
p3177,0.2382,1.2676,0.2575,0.3209,0.75,4658.4453,651.01324
p3178,0.2382,1.2676,0.2575,0.2465,0.25,4791.4355,375.75235
p3179,0.2382,1.2676,0.2575,0.2465,0.5,4599.4365,529.7147
p3180,0.2382,1.2676,0.2575,0.2465,0.75,4386.371,688.5633
p3181,0.2382,1.2676,0.2575,0.2347,0.25,4748.6245,380.52283
p3182,0.2382,1.2676,0.2575,0.2347,0.5,4554.374,535.6288
p3183,0.2382,1.2676,0.2575,0.2347,0.75,4341.814,694.60736
p3184,0.2382,1.2676,0.2575,0.1781,0.25,4537.9473,404.79736
p3185,0.2382,1.2676,0.2575,0.1781,0.5,4345.3857,564.00494
p3186,0.2382,1.2676,0.2575,0.1781,0.75,4125.903,725.18744
p3187,0.2382,1.2676,0.2575,0.1488,0.25,4429.1187,418.1447
p3188,0.2382,1.2676,0.2575,0.1488,0.5,4233.692,577.4131
p3189,0.2382,1.2676,0.2575,0.1488,0.75,4015.2358,743.1121
p3190,0.2382,1.2676,0.2575,0.1134,0.25,4288.9155,436.60388
p3191,0.2382,1.2676,0.2575,0.1134,0.5,4091.2402,595.8391
p3192,0.2382,1.2676,0.2575,0.1134,0.75,3869.5881,769.2745
p3193,0.2382,1.5092,0.2624,0.1183,0.25,4708.7593,374.0203
p3194,0.2382,1.5092,0.2624,0.1183,0.5,4471.9795,531.9404
p3195,0.2382,1.5092,0.2624,0.1183,0.75,4242.6006,695.95764
p3196,0.2382,1.5092,0.2624,0.2242,0.25,5102.7456,333.43884
p3197,0.2382,1.5092,0.2624,0.2242,0.5,4896.1914,485.4188
p3198,0.2382,1.5092,0.2624,0.2242,0.75,4660.2085,631.6948
p3199,0.2382,1.5092,0.2624,0.1995,0.25,5013.8306,342.6203
p3200,0.2382,1.5092,0.2624,0.1995,0.5,4793.7646,496.5273
p3201,0.2382,1.5092,0.2624,0.1995,0.75,4564.7896,644.9943
p3202,0.2382,1.5092,0.2624,0.1784,0.25,4937.532,350.63312
p3203,0.2382,1.5092,0.2624,0.1784,0.5,4708.271,505.75455
p3204,0.2382,1.5092,0.2624,0.1784,0.75,4482.103,657.04645
p3205,0.2382,1.5092,0.2624,0.1538,0.25,4846.1997,360.0747
p3206,0.2382,1.5092,0.2624,0.1538,0.5,4610.2466,516.694
p3207,0.2382,1.5092,0.2624,0.1538,0.75,4383.109,672.73944
p3208,0.2382,1.5092,0.2624,0.3141,0.25,5450.367,301.59674
p3209,0.2382,1.5092,0.2624,0.3141,0.5,5224.4746,451.5503
p3210,0.2382,1.5092,0.2624,0.3141,0.75,5025.326,582.6069
p3211,0.2382,1.5092,0.2624,0.1438,0.25,4807.0576,364.05573
p3212,0.2382,1.5092,0.2624,0.1438,0.5,4570.5835,521.1313
p3213,0.2382,1.5092,0.2624,0.1438,0.75,4344.3223,678.8001
p3214,0.2382,1.5092,0.2624,0.1531,0.25,4843.46,360.35342
p3215,0.2382,1.5092,0.2624,0.1531,0.5,4607.47,517.0046
p3216,0.2382,1.5092,0.2624,0.1531,0.75,4380.3535,673.17706
p3217,0.2382,1.5092,0.2624,0.3209,0.25,5476.5547,299.88208
p3218,0.2382,1.5092,0.2624,0.3209,0.5,5250.5024,448.81552
p3219,0.2382,1.5092,0.2624,0.3209,0.75,5051.738,579.26276
p3220,0.2382,1.5092,0.2624,0.2465,0.25,5188.5913,324.93134
p3221,0.2382,1.5092,0.2624,0.2465,0.5,4983.384,475.70987
p3222,0.2382,1.5092,0.2624,0.2465,0.75,4749.433,619.43115
p3223,0.2382,1.5092,0.2624,0.2347,0.25,5142.943,329.41107
p3224,0.2382,1.5092,0.2624,0.2347,0.5,4938.672,480.70645
p3225,0.2382,1.5092,0.2624,0.2347,0.75,4701.5225,626.09015
p3226,0.2382,1.5092,0.2624,0.1781,0.25,4936.433,350.74753
p3227,0.2382,1.5092,0.2624,0.1781,0.5,4707.0693,505.88834
p3228,0.2382,1.5092,0.2624,0.1781,0.75,4480.9106,657.23083
p3229,0.2382,1.5092,0.2624,0.1488,0.25,4826.629,362.06525
p3230,0.2382,1.5092,0.2624,0.1488,0.5,4590.415,518.91266
p3231,0.2382,1.5092,0.2624,0.1488,0.75,4363.586,675.8505
p3232,0.2382,1.5092,0.2624,0.1134,0.25,4689.1875,376.03952
p3233,0.2382,1.5092,0.2624,0.1134,0.5,4453.3623,533.94257
p3234,0.2382,1.5092,0.2624,0.1134,0.75,4222.5737,699.5634
p3235,0.2382,1.3334,0.5746,0.1183,0.25,4179.626,643.59924
p3236,0.2382,1.3334,0.5746,0.1183,0.5,3840.9956,1052.3135
p3237,0.2382,1.3334,0.5746,0.1183,0.75,3493.2869,1560.1339
p3238,0.2382,1.3334,0.5746,0.2242,0.25,4590.6514,589.4467
p3239,0.2382,1.3334,0.5746,0.2242,0.5,4251.0127,966.9047
p3240,0.2382,1.3334,0.5746,0.2242,0.75,3912.082,1453.446
p3241,0.2382,1.3334,0.5746,0.1995,0.25,4503.9414,601.09827
p3242,0.2382,1.3334,0.5746,0.1995,0.5,4159.644,983.808
p3243,0.2382,1.3334,0.5746,0.1995,0.75,3816.567,1477.9696
p3244,0.2382,1.3334,0.5746,0.1784,0.25,4426.954,611.41364
p3245,0.2382,1.3334,0.5746,0.1784,0.5,4080.4475,999.16394
p3246,0.2382,1.3334,0.5746,0.1784,0.75,3733.8916,1499.6443
p3247,0.2382,1.3334,0.5746,0.1538,0.25,4327.5225,623.9653
p3248,0.2382,1.3334,0.5746,0.1538,0.5,3984.498,1019.48224
p3249,0.2382,1.3334,0.5746,0.1538,0.75,3636.882,1524.6173
p3250,0.2382,1.3334,0.5746,0.3141,0.25,4917.395,548.3791
p3251,0.2382,1.3334,0.5746,0.3141,0.5,4536.7466,920.57715
p3252,0.2382,1.3334,0.5746,0.3141,0.75,4205.1655,1391.5433
p3253,0.2382,1.3334,0.5746,0.1438,0.25,4285.171,629.51154
p3254,0.2382,1.3334,0.5746,0.1438,0.5,3944.742,1028.5537
p3255,0.2382,1.3334,0.5746,0.1438,0.75,3596.4387,1534.6315
p3256,0.2382,1.3334,0.5746,0.1531,0.25,4324.5396,624.356
p3257,0.2382,1.3334,0.5746,0.1531,0.5,3981.7153,1020.1174
p3258,0.2382,1.3334,0.5746,0.1531,0.75,3634.0698,1525.326
p3259,0.2382,1.3334,0.5746,0.3209,0.25,4942.173,545.23065
p3260,0.2382,1.3334,0.5746,0.3209,0.5,4554.461,917.56946
p3261,0.2382,1.3334,0.5746,0.3209,0.75,4225.505,1387.3838
p3262,0.2382,1.3334,0.5746,0.2465,0.25,4673.3726,578.87463
p3263,0.2382,1.3334,0.5746,0.2465,0.5,4331.0693,952.9278
p3264,0.2382,1.3334,0.5746,0.2465,0.75,3993.7886,1434.931
p3265,0.2382,1.3334,0.5746,0.2347,0.25,4629.6357,584.38086
p3266,0.2382,1.3334,0.5746,0.2347,0.5,4289.4033,960.1286
p3267,0.2382,1.3334,0.5746,0.2347,0.75,3951.2422,1444.1873
p3268,0.2382,1.3334,0.5746,0.1781,0.25,4425.795,611.5719
p3269,0.2382,1.3334,0.5746,0.1781,0.5,4079.276,999.4165
p3270,0.2382,1.3334,0.5746,0.1781,0.75,3732.7156,1499.9537
p3271,0.2382,1.3334,0.5746,0.1488,0.25,4306.215,626.756
p3272,0.2382,1.3334,0.5746,0.1488,0.5,3964.62,1024.0181
p3273,0.2382,1.3334,0.5746,0.1488,0.75,3616.6953,1529.6394
p3274,0.2382,1.3334,0.5746,0.1134,0.25,4158.732,646.84283
p3275,0.2382,1.3334,0.5746,0.1134,0.5,3820.9058,1056.9132
p3276,0.2382,1.3334,0.5746,0.1134,0.75,3473.8193,1565.129
p3277,0.2382,0.7099,0.1669,0.1183,0.25,3445.6897,498.48752
p3278,0.2382,0.7099,0.1669,0.1183,0.5,3320.5688,641.3538
p3279,0.2382,0.7099,0.1669,0.1183,0.75,3135.8115,819.9054
p3280,0.2382,0.7099,0.1669,0.2242,0.25,3874.494,434.486
p3281,0.2382,0.7099,0.1669,0.2242,0.5,3727.3013,574.68243
p3282,0.2382,0.7099,0.1669,0.2242,0.75,3554.1064,740.3909
p3283,0.2382,0.7099,0.1669,0.1995,0.25,3774.9583,448.98795
p3284,0.2382,0.7099,0.1669,0.1995,0.5,3632.2466,590.62384
p3285,0.2382,0.7099,0.1669,0.1995,0.75,3463.7498,756.5616
p3286,0.2382,0.7099,0.1669,0.1784,0.25,3688.581,461.76822
p3287,0.2382,0.7099,0.1669,0.1784,0.5,3552.5747,603.9958
p3288,0.2382,0.7099,0.1669,0.1784,0.75,3382.3723,770.8142
p3289,0.2382,0.7099,0.1669,0.1538,0.25,3587.658,476.82175
p3290,0.2382,0.7099,0.1669,0.1538,0.5,3460.3665,619.02
p3291,0.2382,0.7099,0.1669,0.1538,0.75,3281.5166,790.45197
p3292,0.2382,0.7099,0.1669,0.3141,0.25,4218.5684,388.60535
p3293,0.2382,0.7099,0.1669,0.3141,0.5,4065.0054,518.66187
p3294,0.2382,0.7099,0.1669,0.3141,0.75,3876.184,684.03674
p3295,0.2382,0.7099,0.1669,0.1438,0.25,3547.3452,482.98563
p3296,0.2382,0.7099,0.1669,0.1438,0.5,3421.5095,625.2168
p3297,0.2382,0.7099,0.1669,0.1438,0.75,3240.247,798.4858
p3298,0.2382,0.7099,0.1669,0.1531,0.25,3584.7952,477.26093
p3299,0.2382,0.7099,0.1669,0.1531,0.5,3457.6782,619.4554
p3300,0.2382,0.7099,0.1669,0.1531,0.75,3278.6274,791.0143
p3301,0.2382,0.7099,0.1669,0.3209,0.25,4243.6514,385.75354
p3302,0.2382,0.7099,0.1669,0.3209,0.5,4089.6382,515.03015
p3303,0.2382,0.7099,0.1669,0.3209,0.75,3900.4673,680.147
p3304,0.2382,0.7099,0.1669,0.2465,0.25,3964.2651,421.4331
p3305,0.2382,0.7099,0.1669,0.2465,0.5,3810.1084,561.08136
p3306,0.2382,0.7099,0.1669,0.2465,0.75,3632.6228,725.3238
p3307,0.2382,0.7099,0.1669,0.2347,0.25,3916.8066,428.32117
p3308,0.2382,0.7099,0.1669,0.2347,0.5,3766.291,568.2783
p3309,0.2382,0.7099,0.1669,0.2347,0.75,3590.575,733.24896
p3310,0.2382,0.7099,0.1669,0.1781,0.25,3687.3442,461.95245
p3311,0.2382,0.7099,0.1669,0.1781,0.5,3551.4556,604.18256
p3312,0.2382,0.7099,0.1669,0.1781,0.75,3381.2031,771.02435
p3313,0.2382,0.7099,0.1669,0.1488,0.25,3567.278,479.9461
p3314,0.2382,0.7099,0.1669,0.1488,0.5,3441.1643,622.1299
p3315,0.2382,0.7099,0.1669,0.1488,0.75,3260.8818,794.4689
p3316,0.2382,0.7099,0.1669,0.1134,0.25,3426.105,501.4464
p3317,0.2382,0.7099,0.1669,0.1134,0.5,3301.2598,644.4716
p3318,0.2382,0.7099,0.1669,0.1134,0.75,3115.8306,824.04285
p3319,0.2382,0.803,0.2027,0.1183,0.25,3568.08,512.3783
p3320,0.2382,0.803,0.2027,0.1183,0.5,3426.2842,668.409
p3321,0.2382,0.803,0.2027,0.1183,0.75,3236.2053,846.3528
p3322,0.2382,0.803,0.2027,0.2242,0.25,3994.9197,448.92892
p3323,0.2382,0.803,0.2027,0.2242,0.5,3831.754,601.52936
p3324,0.2382,0.803,0.2027,0.2242,0.75,3655.9927,768.8599
p3325,0.2382,0.803,0.2027,0.1995,0.25,3895.8538,463.33875
p3326,0.2382,0.803,0.2027,0.1995,0.5,3739.8938,616.8365
p3327,0.2382,0.803,0.2027,0.1995,0.75,3562.591,784.4376
p3328,0.2382,0.803,0.2027,0.1784,0.25,3809.653,476.10574
p3329,0.2382,0.803,0.2027,0.1784,0.5,3660.283,629.8962
p3330,0.2382,0.803,0.2027,0.1784,0.75,3481.4614,798.14636
p3331,0.2382,0.803,0.2027,0.1538,0.25,3708.7083,491.12012
p3332,0.2382,0.803,0.2027,0.1538,0.5,3566.3657,645.45087
p3333,0.2382,0.803,0.2027,0.1538,0.75,3381.479,817.17645
p3334,0.2382,0.803,0.2027,0.3141,0.25,4331.3003,406.60986
p3335,0.2382,0.803,0.2027,0.3141,0.5,4166.645,546.5885
p3336,0.2382,0.803,0.2027,0.3141,0.75,3977.2915,715.80817
p3337,0.2382,0.803,0.2027,0.1438,0.25,3668.5469,497.0597
p3338,0.2382,0.803,0.2027,0.1438,0.5,3526.9062,651.9179
p3339,0.2382,0.803,0.2027,0.1438,0.75,3340.1191,825.34955
p3340,0.2382,0.803,0.2027,0.1531,0.25,3705.8354,491.5474
p3341,0.2382,0.803,0.2027,0.1531,0.5,3563.6038,645.90356
p3342,0.2382,0.803,0.2027,0.1531,0.75,3378.5964,817.7242
p3343,0.2382,0.803,0.2027,0.3209,0.25,4355.2817,403.9058
p3344,0.2382,0.803,0.2027,0.3209,0.5,4190.5713,543.1471
p3345,0.2382,0.803,0.2027,0.3209,0.75,4000.653,712.3572
p3346,0.2382,0.803,0.2027,0.2465,0.25,4081.4104,437.05426
p3347,0.2382,0.803,0.2027,0.2465,0.5,3915.0898,587.53455
p3348,0.2382,0.803,0.2027,0.2465,0.75,3734.863,755.2472
p3349,0.2382,0.803,0.2027,0.2347,0.25,4036.92,442.8471
p3350,0.2382,0.803,0.2027,0.2347,0.5,3871.123,594.94104
p3351,0.2382,0.803,0.2027,0.2347,0.75,3693.4924,762.4251
p3352,0.2382,0.803,0.2027,0.1781,0.25,3808.4219,476.28882
p3353,0.2382,0.803,0.2027,0.1781,0.5,3659.157,630.0805
p3354,0.2382,0.803,0.2027,0.1781,0.75,3480.3086,798.3413
p3355,0.2382,0.803,0.2027,0.1488,0.25,3688.4688,494.11893
p3356,0.2382,0.803,0.2027,0.1488,0.5,3546.6355,648.6844
p3357,0.2382,0.803,0.2027,0.1488,0.75,3360.8887,821.08875
p3358,0.2382,0.803,0.2027,0.1134,0.25,3548.7524,515.3417
p3359,0.2382,0.803,0.2027,0.1134,0.5,3406.5613,671.8823
p3360,0.2382,0.803,0.2027,0.1134,0.75,3215.8984,850.6256
p3361,0.1197,0.72,0.5273,0.1183,0.25,1988.4779,1152.7028
p3362,0.1197,0.72,0.5273,0.1183,0.5,1779.6198,1698.5184
p3363,0.1197,0.72,0.5273,0.1183,0.75,1541.129,2343.2961
p3364,0.1197,0.72,0.5273,0.2242,0.25,2366.371,1050.1343
p3365,0.1197,0.72,0.5273,0.2242,0.5,2137.207,1554.5446
p3366,0.1197,0.72,0.5273,0.2242,0.75,1904.5353,2195.2617
p3367,0.1197,0.72,0.5273,0.1995,0.25,2274.8022,1071.958
p3368,0.1197,0.72,0.5273,0.1995,0.5,2053.024,1585.6635
p3369,0.1197,0.72,0.5273,0.1995,0.75,1825.2379,2230.3013
p3370,0.1197,0.72,0.5273,0.1784,0.25,2196.1504,1091.1566
p3371,0.1197,0.72,0.5273,0.1784,0.5,1984.0472,1614.9077
p3372,0.1197,0.72,0.5273,0.1784,0.75,1755.6434,2259.7434
p3373,0.1197,0.72,0.5273,0.1538,0.25,2109.8672,1115.127
p3374,0.1197,0.72,0.5273,0.1538,0.5,1900.8785,1649.5865
p3375,0.1197,0.72,0.5273,0.1538,0.75,1671.2206,2293.5215
p3376,0.1197,0.72,0.5273,0.3141,0.25,2676.4526,982.8324
p3377,0.1197,0.72,0.5273,0.3141,0.5,2448.5098,1457.5153
p3378,0.1197,0.72,0.5273,0.3141,0.75,2212.2126,2084.8643
p3379,0.1197,0.72,0.5273,0.1438,0.25,2076.047,1125.5232
p3380,0.1197,0.72,0.5273,0.1438,0.5,1867.0695,1663.6838
p3381,0.1197,0.72,0.5273,0.1438,0.75,1635.4156,2307.591
p3382,0.1197,0.72,0.5273,0.1531,0.25,2107.4995,1115.8545
p3383,0.1197,0.72,0.5273,0.1531,0.5,1898.5114,1650.5735
p3384,0.1197,0.72,0.5273,0.1531,0.75,1668.7135,2294.5059
p3385,0.1197,0.72,0.5273,0.3209,0.25,2699.2898,978.0836
p3386,0.1197,0.72,0.5273,0.3209,0.5,2470.9348,1451.9574
p3387,0.1197,0.72,0.5273,0.3209,0.75,2235.7188,2076.9844
p3388,0.1197,0.72,0.5273,0.2465,0.25,2447.7852,1031.2863
p3389,0.1197,0.72,0.5273,0.2465,0.5,2215.0598,1529.012
p3390,0.1197,0.72,0.5273,0.2465,0.75,1976.0785,2164.6665
p3391,0.1197,0.72,0.5273,0.2347,0.25,2404.7188,1041.2614
p3392,0.1197,0.72,0.5273,0.2347,0.5,2174.093,1542.2692
p3393,0.1197,0.72,0.5273,0.2347,0.75,1938.2213,2180.856
p3394,0.1197,0.72,0.5273,0.1781,0.25,2195.042,1091.4258
p3395,0.1197,0.72,0.5273,0.1781,0.5,1983.0338,1615.3306
p3396,0.1197,0.72,0.5273,0.1781,0.75,1754.6251,2260.1514
p3397,0.1197,0.72,0.5273,0.1488,0.25,2092.9573,1120.3251
p3398,0.1197,0.72,0.5273,0.1488,0.5,1883.974,1656.635
p3399,0.1197,0.72,0.5273,0.1488,0.75,1653.3177,2300.556
p3400,0.1197,0.72,0.5273,0.1134,0.25,1971.5177,1157.9309
p3401,0.1197,0.72,0.5273,0.1134,0.5,1762.5035,1705.0927
p3402,0.1197,0.72,0.5273,0.1134,0.75,1522.9042,2350.1157
p3403,0.1197,2.7734,0.4391,0.1183,0.25,5301.023,357.02255
p3404,0.1197,2.7734,0.4391,0.1183,0.5,4924.1934,601.72107
p3405,0.1197,2.7734,0.4391,0.1183,0.75,4579.85,916.7027
p3406,0.1197,2.7734,0.4391,0.2242,0.25,5715.9526,319.25122
p3407,0.1197,2.7734,0.4391,0.2242,0.5,5350.987,542.8657
p3408,0.1197,2.7734,0.4391,0.2242,0.75,5013.022,836.38385
p3409,0.1197,2.7734,0.4391,0.1995,0.25,5623.769,327.28772
p3410,0.1197,2.7734,0.4391,0.1995,0.5,5251.1475,554.5754
p3411,0.1197,2.7734,0.4391,0.1995,0.75,4914.951,853.04297
p3412,0.1197,2.7734,0.4391,0.1784,0.25,5543.5947,334.09253
p3413,0.1197,2.7734,0.4391,0.1784,0.5,5169.325,564.54486
p3414,0.1197,2.7734,0.4391,0.1784,0.75,4822.2935,869.1464
p3415,0.1197,2.7734,0.4391,0.1538,0.25,5446.4463,342.83603
p3416,0.1197,2.7734,0.4391,0.1538,0.5,5073.562,577.2967
p3417,0.1197,2.7734,0.4391,0.1538,0.75,4721.1313,887.8518
p3418,0.1197,2.7734,0.4391,0.3141,0.25,6076.5596,289.50055
p3419,0.1197,2.7734,0.4391,0.3141,0.5,5719.1978,504.22177
p3420,0.1197,2.7734,0.4391,0.3141,0.75,5369.5425,781.55835
p3421,0.1197,2.7734,0.4391,0.1438,0.25,5406.1514,346.53613
p3422,0.1197,2.7734,0.4391,0.1438,0.5,5032.317,583.40564
p3423,0.1197,2.7734,0.4391,0.1438,0.75,4681.0015,895.9481
p3424,0.1197,2.7734,0.4391,0.1531,0.25,5443.6255,343.095
p3425,0.1197,2.7734,0.4391,0.1531,0.5,5070.6885,577.71423
p3426,0.1197,2.7734,0.4391,0.1531,0.75,4718.3364,888.3986
p3427,0.1197,2.7734,0.4391,0.3209,0.25,6105.1543,287.89734
p3428,0.1197,2.7734,0.4391,0.3209,0.5,5745.8545,501.99448
p3429,0.1197,2.7734,0.4391,0.3209,0.75,5395.889,778.0948
p3430,0.1197,2.7734,0.4391,0.2465,0.25,5797.3667,312.2901
p3431,0.1197,2.7734,0.4391,0.2465,0.5,5444.237,532.7748
p3432,0.1197,2.7734,0.4391,0.2465,0.75,5101.9126,821.2662
p3433,0.1197,2.7734,0.4391,0.2347,0.25,5753.9663,315.93494
p3434,0.1197,2.7734,0.4391,0.2347,0.5,5395.0654,538.0242
p3435,0.1197,2.7734,0.4391,0.2347,0.75,5055.3716,829.2171
p3436,0.1197,2.7734,0.4391,0.1781,0.25,5542.411,334.19897
p3437,0.1197,2.7734,0.4391,0.1781,0.5,5168.2017,564.681
p3438,0.1197,2.7734,0.4391,0.1781,0.75,4820.989,869.3722
p3439,0.1197,2.7734,0.4391,0.1488,0.25,5426.299,344.68613
p3440,0.1197,2.7734,0.4391,0.1488,0.5,5052.874,580.32855
p3441,0.1197,2.7734,0.4391,0.1488,0.75,4701.117,891.82806
p3442,0.1197,2.7734,0.4391,0.1134,0.25,5281.037,358.94067
p3443,0.1197,2.7734,0.4391,0.1134,0.5,4903.3813,605.2984
p3444,0.1197,2.7734,0.4391,0.1134,0.75,4560.216,920.619
p3445,0.1197,2.6061,0.4394,0.1183,0.25,5007.854,398.663
p3446,0.1197,2.6061,0.4394,0.1183,0.5,4657.389,649.4836
p3447,0.1197,2.6061,0.4394,0.1183,0.75,4316.031,977.14484
p3448,0.1197,2.6061,0.4394,0.2242,0.25,5443.633,354.2186
p3449,0.1197,2.6061,0.4394,0.2242,0.5,5086.5474,585.8322
p3450,0.1197,2.6061,0.4394,0.2242,0.75,4731.854,893.21075
p3451,0.1197,2.6061,0.4394,0.1995,0.25,5348.398,363.6787
p3452,0.1197,2.6061,0.4394,0.1995,0.5,4991.6724,598.2001
p3453,0.1197,2.6061,0.4394,0.1995,0.75,4633.8877,911.447
p3454,0.1197,2.6061,0.4394,0.1784,0.25,5264.2065,372.4507
p3455,0.1197,2.6061,0.4394,0.1784,0.5,4905.53,609.5557
p3456,0.1197,2.6061,0.4394,0.1784,0.75,4551.456,926.865
p3457,0.1197,2.6061,0.4394,0.1538,0.25,5161.6377,382.86435
p3458,0.1197,2.6061,0.4394,0.1538,0.5,4805.886,623.9759
p3459,0.1197,2.6061,0.4394,0.1538,0.75,4453.761,947.5802
p3460,0.1197,2.6061,0.4394,0.3141,0.25,5782.0635,320.93585
p3461,0.1197,2.6061,0.4394,0.3141,0.5,5451.665,545.1496
p3462,0.1197,2.6061,0.4394,0.3141,0.75,5093.569,831.9095
p3463,0.1197,2.6061,0.4394,0.1438,0.25,5119.3037,387.20334
p3464,0.1197,2.6061,0.4394,0.1438,0.5,4764.5444,631.0106
p3465,0.1197,2.6061,0.4394,0.1438,0.75,4415.084,956.2293
p3466,0.1197,2.6061,0.4394,0.1531,0.25,5158.686,383.16208
p3467,0.1197,2.6061,0.4394,0.1531,0.5,4802.992,624.4848
p3468,0.1197,2.6061,0.4394,0.1531,0.75,4451.059,948.1918
p3469,0.1197,2.6061,0.4394,0.3209,0.25,5810.7285,318.27466
p3470,0.1197,2.6061,0.4394,0.3209,0.5,5478.654,542.1902
p3471,0.1197,2.6061,0.4394,0.3209,0.75,5122.6665,827.3922
p3472,0.1197,2.6061,0.4394,0.2465,0.25,5526.8496,346.15918
p3473,0.1197,2.6061,0.4394,0.2465,0.5,5171.2383,575.8097
p3474,0.1197,2.6061,0.4394,0.2465,0.75,4820.7485,877.5149
p3475,0.1197,2.6061,0.4394,0.2347,0.25,5483.124,350.34998
p3476,0.1197,2.6061,0.4394,0.2347,0.5,5126.1084,580.95593
p3477,0.1197,2.6061,0.4394,0.2347,0.75,4772.778,885.8822
p3478,0.1197,2.6061,0.4394,0.1781,0.25,5262.987,372.58
p3479,0.1197,2.6061,0.4394,0.1781,0.5,4904.269,609.7361
p3480,0.1197,2.6061,0.4394,0.1781,0.75,4550.2607,927.1056
p3481,0.1197,2.6061,0.4394,0.1488,0.25,5140.5537,384.9906
p3482,0.1197,2.6061,0.4394,0.1488,0.5,4785.2144,627.5202
p3483,0.1197,2.6061,0.4394,0.1488,0.75,4434.426,951.9085
p3484,0.1197,2.6061,0.4394,0.1134,0.25,4986.242,400.782
p3485,0.1197,2.6061,0.4394,0.1134,0.5,4636.626,653.07544
p3486,0.1197,2.6061,0.4394,0.1134,0.75,4296.8496,981.01733
p3487,0.1197,2.5484,0.3129,0.1183,0.25,5040.894,323.0976
p3488,0.1197,2.5484,0.3129,0.1183,0.5,4756.63,490.8656
p3489,0.1197,2.5484,0.3129,0.1183,0.75,4488.677,716.25824
p3490,0.1197,2.5484,0.3129,0.2242,0.25,5486.7085,282.9063
p3491,0.1197,2.5484,0.3129,0.2242,0.5,5200.36,439.36005
p3492,0.1197,2.5484,0.3129,0.2242,0.75,4918.0312,642.77203
p3493,0.1197,2.5484,0.3129,0.1995,0.25,5382.1206,291.78925
p3494,0.1197,2.5484,0.3129,0.1995,0.5,5103.139,449.851
p3495,0.1197,2.5484,0.3129,0.1995,0.75,4818.0073,658.64764
p3496,0.1197,2.5484,0.3129,0.1784,0.25,5293.0903,299.58966
p3497,0.1197,2.5484,0.3129,0.1784,0.5,5017.6333,459.1374
p3498,0.1197,2.5484,0.3129,0.1784,0.75,4736.9014,672.5317
p3499,0.1197,2.5484,0.3129,0.1538,0.25,5189.424,309.0349
p3500,0.1197,2.5484,0.3129,0.1538,0.5,4910.127,472.071
p3501,0.1197,2.5484,0.3129,0.1538,0.75,4638.0806,690.39514
p3502,0.1197,2.5484,0.3129,0.3141,0.25,5829.735,260.87903
p3503,0.1197,2.5484,0.3129,0.3141,0.5,5549.6353,405.6994
p3504,0.1197,2.5484,0.3129,0.3141,0.75,5279.946,596.20044
p3505,0.1197,2.5484,0.3129,0.1438,0.25,5146.702,313.08728
p3506,0.1197,2.5484,0.3129,0.1438,0.5,4866.7534,477.18408
p3507,0.1197,2.5484,0.3129,0.1438,0.75,4596.6636,697.60156
p3508,0.1197,2.5484,0.3129,0.1531,0.25,5186.4277,309.3191
p3509,0.1197,2.5484,0.3129,0.1531,0.5,4907.091,472.42892
p3510,0.1197,2.5484,0.3129,0.1531,0.75,4635.234,690.899
p3511,0.1197,2.5484,0.3129,0.3209,0.25,5854.3765,259.76025
p3512,0.1197,2.5484,0.3129,0.3209,0.5,5577.6177,403.31647
p3513,0.1197,2.5484,0.3129,0.3209,0.75,5305.581,593.03467
p3514,0.1197,2.5484,0.3129,0.2465,0.25,5575.2397,275.44916
p3515,0.1197,2.5484,0.3129,0.2465,0.5,5288.1636,430.262
p3516,0.1197,2.5484,0.3129,0.2465,0.75,5013.0103,629.05664
p3517,0.1197,2.5484,0.3129,0.2347,0.25,5529.849,279.26886
p3518,0.1197,2.5484,0.3129,0.2347,0.5,5241.0884,435.0784
p3519,0.1197,2.5484,0.3129,0.2347,0.75,4962.71,636.2689
p3520,0.1197,2.5484,0.3129,0.1781,0.25,5291.8047,299.70642
p3521,0.1197,2.5484,0.3129,0.1781,0.5,5016.363,459.28247
p3522,0.1197,2.5484,0.3129,0.1781,0.75,4735.7114,672.7513
p3523,0.1197,2.5484,0.3129,0.1488,0.25,5168.0215,311.06573
p3524,0.1197,2.5484,0.3129,0.1488,0.5,4888.4404,474.62753
p3525,0.1197,2.5484,0.3129,0.1488,0.75,4617.3896,694.0592
p3526,0.1197,2.5484,0.3129,0.1134,0.25,5020.2554,325.02325
p3527,0.1197,2.5484,0.3129,0.1134,0.5,4735.244,493.8091
p3528,0.1197,2.5484,0.3129,0.1134,0.75,4468.0063,719.8657
p3529,0.1197,1.2028,0.2558,0.1183,0.25,2905.8206,635.60767
p3530,0.1197,1.2028,0.2558,0.1183,0.5,2764.4553,838.8749
p3531,0.1197,1.2028,0.2558,0.1183,0.75,2589.508,1070.3937
p3532,0.1197,1.2028,0.2558,0.2242,0.25,3306.0369,572.9618
p3533,0.1197,1.2028,0.2558,0.2242,0.5,3156.6858,762.4325
p3534,0.1197,1.2028,0.2558,0.2242,0.75,2981.7854,972.4712
p3535,0.1197,1.2028,0.2558,0.1995,0.25,3212.8755,586.76605
p3536,0.1197,1.2028,0.2558,0.1995,0.5,3068.871,778.3572
p3537,0.1197,1.2028,0.2558,0.1995,0.75,2892.845,992.227
p3538,0.1197,1.2028,0.2558,0.1784,0.25,3132.79,598.9438
p3539,0.1197,1.2028,0.2558,0.1784,0.5,2991.116,793.26984
p3540,0.1197,1.2028,0.2558,0.1784,0.75,2813.5698,1009.6262
p3541,0.1197,1.2028,0.2558,0.1538,0.25,3040.0635,613.01355
p3542,0.1197,1.2028,0.2558,0.1538,0.5,2899.7522,811.1031
p3543,0.1197,1.2028,0.2558,0.1538,0.75,2719.122,1030.4662
p3544,0.1197,1.2028,0.2558,0.3141,0.25,3630.1008,529.7632
p3545,0.1197,1.2028,0.2558,0.3141,0.5,3478.5325,708.585
p3546,0.1197,1.2028,0.2558,0.3141,0.75,3298.7288,912.7306
p3547,0.1197,1.2028,0.2558,0.1438,0.25,3002.305,619.0252
p3548,0.1197,1.2028,0.2558,0.1438,0.5,2862.4016,818.57697
p3549,0.1197,1.2028,0.2558,0.1438,0.75,2681.4182,1039.5106
p3550,0.1197,1.2028,0.2558,0.1531,0.25,3037.4065,613.4165
p3551,0.1197,1.2028,0.2558,0.1531,0.5,2897.1384,811.6263
p3552,0.1197,1.2028,0.2558,0.1531,0.75,2716.4087,1031.0577
p3553,0.1197,1.2028,0.2558,0.3209,0.25,3655.552,526.3169
p3554,0.1197,1.2028,0.2558,0.3209,0.5,3503.266,704.45856
p3555,0.1197,1.2028,0.2558,0.3209,0.75,3322.3132,909.05756
p3556,0.1197,1.2028,0.2558,0.2465,0.25,3386.354,561.8969
p3557,0.1197,1.2028,0.2558,0.2465,0.5,3236.2551,748.4535
p3558,0.1197,1.2028,0.2558,0.2465,0.75,3062.006,955.18243
p3559,0.1197,1.2028,0.2558,0.2347,0.25,3344.3167,567.58777
p3560,0.1197,1.2028,0.2558,0.2347,0.5,3194.1228,755.7858
p3561,0.1197,1.2028,0.2558,0.2347,0.75,3019.5469,964.3168
p3562,0.1197,1.2028,0.2558,0.1781,0.25,3131.655,599.1164
p3563,0.1197,1.2028,0.2558,0.1781,0.5,2990.0073,793.4837
p3564,0.1197,1.2028,0.2558,0.1781,0.75,2812.432,1009.88104
p3565,0.1197,1.2028,0.2558,0.1488,0.25,3021.3733,615.8497
p3566,0.1197,1.2028,0.2558,0.1488,0.5,2881.0776,814.84
p3567,0.1197,1.2028,0.2558,0.1488,0.75,2699.733,1034.6915
p3568,0.1197,1.2028,0.2558,0.1134,0.25,2887.3079,638.8348
p3569,0.1197,1.2028,0.2558,0.1134,0.5,2745.0586,842.94684
p3570,0.1197,1.2028,0.2558,0.1134,0.75,2572.163,1076.8451
p3571,0.1197,1.2676,0.2575,0.1183,0.25,3008.3318,615.56244
p3572,0.1197,1.2676,0.2575,0.1183,0.5,2864.4985,816.4684
p3573,0.1197,1.2676,0.2575,0.1183,0.75,2681.489,1040.1733
p3574,0.1197,1.2676,0.2575,0.2242,0.25,3408.4597,555.0606
p3575,0.1197,1.2676,0.2575,0.2242,0.5,3255.9375,741.23694
p3576,0.1197,1.2676,0.2575,0.2242,0.75,3082.3374,947.8875
p3577,0.1197,1.2676,0.2575,0.1995,0.25,3318.7593,566.8783
p3578,0.1197,1.2676,0.2575,0.1995,0.5,3167.7793,756.3943
p3579,0.1197,1.2676,0.2575,0.1995,0.75,2990.8252,967.1141
p3580,0.1197,1.2676,0.2575,0.1784,0.25,3238.5261,578.5725
p3581,0.1197,1.2676,0.2575,0.1784,0.5,3090.479,771.09576
p3582,0.1197,1.2676,0.2575,0.1784,0.75,2910.449,984.0222
p3583,0.1197,1.2676,0.2575,0.1538,0.25,3144.9126,592.81995
p3584,0.1197,1.2676,0.2575,0.1538,0.5,2999.6624,788.63904
p3585,0.1197,1.2676,0.2575,0.1538,0.75,2814.305,1004.16223
p3586,0.1197,1.2676,0.2575,0.3141,0.25,3737.9387,511.04416
p3587,0.1197,1.2676,0.2575,0.3141,0.5,3578.35,689.20135
p3588,0.1197,1.2676,0.2575,0.3141,0.75,3395.565,892.01624
p3589,0.1197,1.2676,0.2575,0.1438,0.25,3107.2688,598.5248
p3590,0.1197,1.2676,0.2575,0.1438,0.5,2962.378,796.0239
p3591,0.1197,1.2676,0.2575,0.1438,0.75,2775.1282,1013.0014
p3592,0.1197,1.2676,0.2575,0.1531,0.25,3142.256,593.2242
p3593,0.1197,1.2676,0.2575,0.1531,0.5,2997.0608,789.1476
p3594,0.1197,1.2676,0.2575,0.1531,0.75,2811.5632,1004.78107
p3595,0.1197,1.2676,0.2575,0.3209,0.25,3762.9224,507.88358
p3596,0.1197,1.2676,0.2575,0.3209,0.5,3601.968,685.4963
p3597,0.1197,1.2676,0.2575,0.3209,0.75,3418.2673,888.59393
p3598,0.1197,1.2676,0.2575,0.2465,0.25,3488.3674,544.2608
p3599,0.1197,1.2676,0.2575,0.2465,0.5,3334.486,728.5833
p3600,0.1197,1.2676,0.2575,0.2465,0.75,3163.3525,931.38794
p3601,0.1197,1.2676,0.2575,0.2347,0.25,3445.88,550.0091
p3602,0.1197,1.2676,0.2575,0.2347,0.5,3293.1646,735.00745
p3603,0.1197,1.2676,0.2575,0.2347,0.75,3120.2993,940.1944
p3604,0.1197,1.2676,0.2575,0.1781,0.25,3237.37,578.74854
p3605,0.1197,1.2676,0.2575,0.1781,0.5,3089.3774,771.30634
p3606,0.1197,1.2676,0.2575,0.1781,0.75,2909.2773,984.2641
p3607,0.1197,1.2676,0.2575,0.1488,0.25,3125.9385,595.7073
p3608,0.1197,1.2676,0.2575,0.1488,0.5,2981.0586,792.29364
p3609,0.1197,1.2676,0.2575,0.1488,0.75,2794.7173,1008.5818
p3610,0.1197,1.2676,0.2575,0.1134,0.25,2989.7773,618.7424
p3611,0.1197,1.2676,0.2575,0.1134,0.5,2845.0754,820.61
p3612,0.1197,1.2676,0.2575,0.1134,0.75,2663.496,1046.1475
p3613,0.1197,1.5092,0.2624,0.1183,0.25,3393.5208,541.5601
p3614,0.1197,1.5092,0.2624,0.1183,0.5,3223.4507,736.20483
p3615,0.1197,1.5092,0.2624,0.1183,0.75,3031.6672,950.38495
p3616,0.1197,1.5092,0.2624,0.2242,0.25,3791.8767,489.8038
p3617,0.1197,1.5092,0.2624,0.2242,0.5,3627.5798,664.50195
p3618,0.1197,1.5092,0.2624,0.2242,0.75,3440.4749,865.0678
p3619,0.1197,1.5092,0.2624,0.1995,0.25,3696.5088,501.84622
p3620,0.1197,1.5092,0.2624,0.1995,0.5,3536.3135,678.9157
p3621,0.1197,1.5092,0.2624,0.1995,0.75,3346.68,885.09827
p3622,0.1197,1.5092,0.2624,0.1784,0.25,3617.9314,511.59903
p3623,0.1197,1.5092,0.2624,0.1784,0.5,3454.9841,692.674
p3624,0.1197,1.5092,0.2624,0.1784,0.75,3265.193,902.30756
p3625,0.1197,1.5092,0.2624,0.1538,0.25,3527.5571,522.84735
p3626,0.1197,1.5092,0.2624,0.1538,0.5,3359.0017,710.4066
p3627,0.1197,1.5092,0.2624,0.1538,0.75,3169.7185,922.0582
p3628,0.1197,1.5092,0.2624,0.3141,0.25,4127.8745,449.07382
p3629,0.1197,1.5092,0.2624,0.3141,0.5,3944.7578,619.5252
p3630,0.1197,1.5092,0.2624,0.3141,0.75,3757.5232,813.02783
p3631,0.1197,1.5092,0.2624,0.1438,0.25,3489.974,527.87354
p3632,0.1197,1.5092,0.2624,0.1438,0.5,3320.7754,717.63257
p3633,0.1197,1.5092,0.2624,0.1438,0.75,3131.2402,929.70386
p3634,0.1197,1.5092,0.2624,0.1531,0.25,3524.9783,523.17377
p3635,0.1197,1.5092,0.2624,0.1531,0.5,3356.2896,710.9182
p3636,0.1197,1.5092,0.2624,0.1531,0.75,3167.0227,922.6113
p3637,0.1197,1.5092,0.2624,0.3209,0.25,4152.7573,446.24362
p3638,0.1197,1.5092,0.2624,0.3209,0.5,3968.4453,616.1018
p3639,0.1197,1.5092,0.2624,0.3209,0.75,3781.7617,809.4578
p3640,0.1197,1.5092,0.2624,0.2465,0.25,3879.068,478.87003
p3641,0.1197,1.5092,0.2624,0.2465,0.5,3707.7012,652.85345
p3642,0.1197,1.5092,0.2624,0.2465,0.75,3521.3152,849.01434
p3643,0.1197,1.5092,0.2624,0.2347,0.25,3833.3066,484.5775
p3644,0.1197,1.5092,0.2624,0.2347,0.5,3665.2124,658.9796
p3645,0.1197,1.5092,0.2624,0.2347,0.75,3478.7456,857.1508
p3646,0.1197,1.5092,0.2624,0.1781,0.25,3616.8267,511.73587
p3647,0.1197,1.5092,0.2624,0.1781,0.5,3453.8013,692.88916
p3648,0.1197,1.5092,0.2624,0.1781,0.75,3264.0264,902.54956
p3649,0.1197,1.5092,0.2624,0.1488,0.25,3508.7935,525.3467
p3650,0.1197,1.5092,0.2624,0.1488,0.5,3339.8518,714.0253
p3651,0.1197,1.5092,0.2624,0.1488,0.75,3150.4495,925.9403
p3652,0.1197,1.5092,0.2624,0.1134,0.25,3374.7048,544.4846
p3653,0.1197,1.5092,0.2624,0.1134,0.5,3204.385,740.0563
p3654,0.1197,1.5092,0.2624,0.1134,0.75,3012.8948,955.40186
p3655,0.1197,1.3334,0.5746,0.1183,0.25,2906.5857,872.11566
p3656,0.1197,1.3334,0.5746,0.1183,0.5,2622.9204,1363.909
p3657,0.1197,1.3334,0.5746,0.1183,0.75,2333.265,2006.7465
p3658,0.1197,1.3334,0.5746,0.2242,0.25,3319.3335,794.7142
p3659,0.1197,1.3334,0.5746,0.2242,0.5,3018.0652,1255.8079
p3660,0.1197,1.3334,0.5746,0.2242,0.75,2699.5476,1861.6218
p3661,0.1197,1.3334,0.5746,0.1995,0.25,3222.438,813.8727
p3662,0.1197,1.3334,0.5746,0.1995,0.5,2926.3022,1278.6156
p3663,0.1197,1.3334,0.5746,0.1995,0.75,2610.1748,1891.9775
p3664,0.1197,1.3334,0.5746,0.1784,0.25,3139.671,830.01843
p3665,0.1197,1.3334,0.5746,0.1784,0.5,2846.894,1299.333
p3666,0.1197,1.3334,0.5746,0.1784,0.75,2541.0867,1922.1326
p3667,0.1197,1.3334,0.5746,0.1538,0.25,3043.2886,848.6699
p3668,0.1197,1.3334,0.5746,0.1538,0.5,2753.6355,1323.9205
p3669,0.1197,1.3334,0.5746,0.1538,0.75,2459.0635,1957.8531
p3670,0.1197,1.3334,0.5746,0.3141,0.25,3646.4895,738.65826
p3671,0.1197,1.3334,0.5746,0.3141,0.5,3339.5283,1180.4229
p3672,0.1197,1.3334,0.5746,0.3141,0.75,3028.29,1762.2838
p3673,0.1197,1.3334,0.5746,0.1438,0.25,3004.4417,855.709
p3674,0.1197,1.3334,0.5746,0.1438,0.5,2717.2527,1335.1749
p3675,0.1197,1.3334,0.5746,0.1438,0.75,2423.747,1971.8202
p3676,0.1197,1.3334,0.5746,0.1531,0.25,3040.5708,849.18
p3677,0.1197,1.3334,0.5746,0.1531,0.5,2751.1353,1324.7263
p3678,0.1197,1.3334,0.5746,0.1531,0.75,2456.6545,1958.8466
p3679,0.1197,1.3334,0.5746,0.3209,0.25,3670.03,734.9575
p3680,0.1197,1.3334,0.5746,0.3209,0.5,3363.1965,1175.6433
p3681,0.1197,1.3334,0.5746,0.3209,0.75,3051.3442,1755.1528
p3682,0.1197,1.3334,0.5746,0.2465,0.25,3401.9565,779.29395
p3683,0.1197,1.3334,0.5746,0.2465,0.5,3099.5125,1234.8973
p3684,0.1197,1.3334,0.5746,0.2465,0.75,2781.6628,1835.2703
p3685,0.1197,1.3334,0.5746,0.2347,0.25,3358.36,787.342
p3686,0.1197,1.3334,0.5746,0.2347,0.5,3056.4578,1245.9056
p3687,0.1197,1.3334,0.5746,0.2347,0.75,2738.212,1849.2142
p3688,0.1197,1.3334,0.5746,0.1781,0.25,3138.494,830.248
p3689,0.1197,1.3334,0.5746,0.1781,0.5,2845.7554,1299.6271
p3690,0.1197,1.3334,0.5746,0.1781,0.75,2540.118,1922.5704
p3691,0.1197,1.3334,0.5746,0.1488,0.25,3023.9001,852.3033
p3692,0.1197,1.3334,0.5746,0.1488,0.5,2735.7056,1329.6141
p3693,0.1197,1.3334,0.5746,0.1488,0.75,2441.5813,1964.8636
p3694,0.1197,1.3334,0.5746,0.1134,0.25,2888.3733,875.6716
p3695,0.1197,1.3334,0.5746,0.1134,0.5,2604.711,1369.6135
p3696,0.1197,1.3334,0.5746,0.1134,0.75,2315.8987,2013.4333
p3697,0.1197,0.7099,0.1669,0.1183,0.25,2198.2415,710.62305
p3698,0.1197,0.7099,0.1669,0.1183,0.5,2113.0674,920.6685
p3699,0.1197,0.7099,0.1669,0.1183,0.75,1974.2765,1171.177
p3700,0.1197,0.7099,0.1669,0.2242,0.25,2580.776,643.33575
p3701,0.1197,0.7099,0.1669,0.2242,0.5,2489.4238,823.6768
p3702,0.1197,0.7099,0.1669,0.2242,0.75,2338.6946,1052.083
p3703,0.1197,0.7099,0.1669,0.1995,0.25,2491.8127,657.8298
p3704,0.1197,0.7099,0.1669,0.1995,0.5,2402.0938,844.8093
p3705,0.1197,0.7099,0.1669,0.1995,0.75,2253.0854,1075.3789
p3706,0.1197,0.7099,0.1669,0.1784,0.25,2414.921,669.6293
p3707,0.1197,0.7099,0.1669,0.1784,0.5,2325.2048,863.7747
p3708,0.1197,0.7099,0.1669,0.1784,0.75,2178.3035,1096.4707
p3709,0.1197,0.7099,0.1669,0.1538,0.25,2325.7979,684.2249
p3710,0.1197,0.7099,0.1669,0.1538,0.5,2235.4512,885.9171
p3711,0.1197,0.7099,0.1669,0.1538,0.75,2095.3027,1126.9111
p3712,0.1197,0.7099,0.1669,0.3141,0.25,2900.5571,589.83875
p3713,0.1197,0.7099,0.1669,0.3141,0.5,2796.7468,759.21185
p3714,0.1197,0.7099,0.1669,0.3141,0.75,2637.1697,979.74036
p3715,0.1197,0.7099,0.1669,0.1438,0.25,2288.997,691.01874
p3716,0.1197,0.7099,0.1669,0.1438,0.5,2199.2551,894.80133
p3717,0.1197,0.7099,0.1669,0.1438,0.75,2061.4421,1139.4576
p3718,0.1197,0.7099,0.1669,0.1531,0.25,2323.2148,684.6949
p3719,0.1197,0.7099,0.1669,0.1531,0.5,2232.9175,886.53906
p3720,0.1197,0.7099,0.1669,0.1531,0.75,2092.933,1127.7893
p3721,0.1197,0.7099,0.1669,0.3209,0.25,2925.2288,585.6318
p3722,0.1197,0.7099,0.1669,0.3209,0.5,2820.5808,754.85187
p3723,0.1197,0.7099,0.1669,0.3209,0.75,2659.1116,974.60284
p3724,0.1197,0.7099,0.1669,0.2465,0.25,2660.9368,630.0851
p3725,0.1197,0.7099,0.1669,0.2465,0.5,2563.7437,806.7786
p3726,0.1197,0.7099,0.1669,0.2465,0.75,2414.8806,1031.8099
p3727,0.1197,0.7099,0.1669,0.2347,0.25,2618.6655,637.06604
p3728,0.1197,0.7099,0.1669,0.2347,0.5,2524.418,815.7203
p3729,0.1197,0.7099,0.1669,0.2347,0.75,2374.6587,1042.1616
p3730,0.1197,0.7099,0.1669,0.1781,0.25,2413.8123,669.80396
p3731,0.1197,0.7099,0.1669,0.1781,0.5,2324.0977,864.05005
p3732,0.1197,0.7099,0.1669,0.1781,0.75,2177.2917,1096.8419
p3733,0.1197,0.7099,0.1669,0.1488,0.25,2307.3438,687.5817
p3734,0.1197,0.7099,0.1669,0.1488,0.5,2217.3528,890.3592
p3735,0.1197,0.7099,0.1669,0.1488,0.75,2078.3735,1133.1843
p3736,0.1197,0.7099,0.1669,0.1134,0.25,2180.802,714.39014
p3737,0.1197,0.7099,0.1669,0.1134,0.5,2096.7954,925.7911
p3738,0.1197,0.7099,0.1669,0.1134,0.75,1957.2633,1177.1849
p3739,0.1197,0.803,0.2027,0.1183,0.25,2313.2617,718.3976
p3740,0.1197,0.803,0.2027,0.1183,0.5,2213.2617,938.1023
p3741,0.1197,0.803,0.2027,0.1183,0.75,2070.6797,1196.2551
p3742,0.1197,0.803,0.2027,0.2242,0.25,2698.8496,653.3733
p3743,0.1197,0.803,0.2027,0.2242,0.5,2591.8306,840.6325
p3744,0.1197,0.803,0.2027,0.2242,0.75,2432.6382,1077.3678
p3745,0.1197,0.803,0.2027,0.1995,0.25,2609.2773,667.6484
p3746,0.1197,0.803,0.2027,0.1995,0.5,2505.2253,861.74066
p3747,0.1197,0.803,0.2027,0.1995,0.75,2347.2751,1100.8049
p3748,0.1197,0.803,0.2027,0.1784,0.25,2532.5051,679.8785
p3749,0.1197,0.803,0.2027,0.1784,0.5,2427.0774,881.15436
p3750,0.1197,0.803,0.2027,0.1784,0.75,2273.4956,1121.7307
p3751,0.1197,0.803,0.2027,0.1538,0.25,2443.914,694.66125
p3752,0.1197,0.803,0.2027,0.1538,0.5,2336.7078,903.461
p3753,0.1197,0.803,0.2027,0.1538,0.75,2191.3093,1151.541
p3754,0.1197,0.803,0.2027,0.3141,0.25,3016.8604,601.61304
p3755,0.1197,0.803,0.2027,0.3141,0.5,2903.2295,780.2557
p3756,0.1197,0.803,0.2027,0.3141,0.75,2732.522,1003.3366
p3757,0.1197,0.803,0.2027,0.1438,0.25,2407.0042,701.375
p3758,0.1197,0.803,0.2027,0.1438,0.5,2300.508,912.34973
p3759,0.1197,0.803,0.2027,0.1438,0.75,2157.541,1163.9293
p3760,0.1197,0.803,0.2027,0.1531,0.25,2441.3298,695.1312
p3761,0.1197,0.803,0.2027,0.1531,0.5,2334.1746,904.0832
p3762,0.1197,0.803,0.2027,0.1531,0.75,2188.9458,1152.4082
p3763,0.1197,0.803,0.2027,0.3209,0.25,3041.387,597.62146
p3764,0.1197,0.803,0.2027,0.3209,0.5,2927.161,775.8257
p3765,0.1197,0.803,0.2027,0.3209,0.75,2754.6064,998.4197
p3766,0.1197,0.803,0.2027,0.2465,0.25,2776.3694,640.731
p3767,0.1197,0.803,0.2027,0.2465,0.5,2668.572,825.3671
p3768,0.1197,0.803,0.2027,0.2465,0.75,2508.8633,1056.3407
p3769,0.1197,0.803,0.2027,0.2347,0.25,2735.5596,647.40216
p3770,0.1197,0.803,0.2027,0.2347,0.5,2627.5547,833.1162
p3771,0.1197,0.803,0.2027,0.2347,0.75,2468.4912,1067.2567
p3772,0.1197,0.803,0.2027,0.1781,0.25,2531.4365,680.04987
p3773,0.1197,0.803,0.2027,0.1781,0.5,2425.9636,881.4309
p3774,0.1197,0.803,0.2027,0.1781,0.75,2272.442,1122.036
p3775,0.1197,0.803,0.2027,0.1488,0.25,2425.4595,698.0181
p3776,0.1197,0.803,0.2027,0.1488,0.5,2318.608,907.90533
p3777,0.1197,0.803,0.2027,0.1488,0.75,2174.4268,1157.7351
p3778,0.1197,0.803,0.2027,0.1134,0.25,2295.4417,721.61896
p3779,0.1197,0.803,0.2027,0.1134,0.5,2196.522,943.5314
p3780,0.1197,0.803,0.2027,0.1134,0.75,2053.477,1202.467
