Version,window_u,shgc,roof_u,extWall_u,transmittance,total_idealHeating,total_idealCooling
1,1,0.52,0.24,0.1,0.4,34655.1465333958,15763.6202267873
2,1,0.66,0.8,0.46,0.6,45612.74124316,19604.7581630404
3,0.5,0.38,0.1,0.7,0.2,45811.895588343,12818.6829166061
4,2.5,0.8,0.52,0.34,0.4,48981.197893367,18877.1958267342
5,1,0.52,0.66,0.7,0.6,51405.987923037,17734.2677801358
6,2,0.1,0.52,0.22,0.2,55007.6619857261,9208.78570108031
7,0.5,0.1,0.8,0.58,0.6,54132.119456357,10980.5514650117
8,1.5,0.52,0.38,0.1,0.6,38853.2004848515,17099.4905502136
9,2.5,0.1,0.24,0.46,0.6,60683.9665442309,9697.11572997636
10,3,0.52,0.24,0.58,0.4,58442.4969195525,15198.3418519196
11,0.5,0.24,0.24,0.7,0.4,48991.8837665374,12192.2457179626
12,3,0.52,0.8,0.34,0.2,59261.6346911831,14199.7975710621
13,2.5,0.24,0.8,0.22,0.2,57978.5161327772,11111.4287388604
14,2,0.1,0.24,0.1,0.2,49206.4923230452,8549.73782235579
15,2,0.38,0.38,0.1,0.4,45023.8032195942,13313.8613430569
16,2,0.52,0.38,0.34,0.2,49553.6987805967,13970.4404702162
17,3,0.52,0.8,0.46,0.6,60208.2413515646,17002.3343096414
18,3,0.66,0.24,0.22,0.6,47337.0413723771,18289.9929298737
19,3,0.38,0.8,0.7,0.6,67617.2643060929,15225.0765711593
20,3,0.38,0.1,0.22,0.2,51957.6883740131,11637.2172176168
21,1.5,0.24,0.38,0.34,0.6,49621.6712700969,12417.9177020852
22,2,0.52,0.1,0.46,0.6,47668.0481166409,16619.3519421998
23,3,0.1,0.8,0.34,0.6,65996.6810962918,10210.0026665378
24,1.5,0.66,0.8,0.22,0.6,43606.5120997277,19356.6982443063
25,1.5,0.24,0.52,0.22,0.2,49077.6431051975,10845.5886902374
26,3,0.66,0.66,0.1,0.6,48383.1824577244,18641.095796556
27,1,0.8,0.38,0.1,0.2,33428.9413647828,17652.2426523298
28,3,0.66,0.66,0.1,0.2,50245.039075075,15360.7973933462
29,2.5,0.38,0.24,0.58,0.4,57915.4228120405,13511.3798799831
30,1,0.66,0.52,0.46,0.4,43972.9341571294,17996.4603834291
31,0.5,0.1,0.8,0.34,0.2,49247.8948247952,9929.7612804932
32,1.5,0.38,0.52,0.46,0.4,51733.6211080621,13973.7896554814
33,1,0.24,0.66,0.1,0.2,43676.1258086936,10940.8714063877
34,2.5,0.1,0.1,0.1,0.4,50722.2778255214,8581.59382319818
35,2,0.1,0.24,0.46,0.2,57945.5338504987,9237.17034532413
36,2.5,0.1,0.52,0.7,0.2,68812.8988236254,10048.7496204211
37,3,0.66,0.52,0.7,0.6,60446.7054646256,18678.4510141482
38,2,0.24,0.1,0.1,0.2,45080.814384173,9979.59127949596
39,1.5,0.24,0.66,0.7,0.6,59942.6742774606,13192.198250962
40,2,0.24,0.52,0.34,0.6,54241.6451191749,12511.3256923648
41,1,0.38,0.38,0.22,0.4,41296.5311383647,13786.3208358463
42,3,0.52,0.66,0.46,0.4,59827.9545133895,15579.0343690682
43,1.5,0.66,0.38,0.46,0.2,47024.744752605,15830.8885821753
44,1,0.52,0.66,0.58,0.4,49767.0799788803,16378.2890118648
45,3,0.38,0.24,0.46,0.4,58244.9068838144,13289.99568287
46,2,0.52,0.66,0.58,0.2,57380.0440262546,14537.6918736039
47,1,0.1,0.8,0.22,0.6,49884.3511390244,10259.0651795965
48,2,0.8,0.24,0.58,0.6,47491.91467323,20386.2121485241
49,3,0.38,0.24,0.46,0.4,58244.9068838144,13289.99568287
50,0.5,0.66,0.52,0.46,0.2,41174.3457501199,16578.5912873305
51,2,0.1,0.52,0.34,0.2,57897.0558254899,9433.36984748371
52,1,0.24,0.8,0.58,0.2,56113.7713662354,11812.9281940152
53,0.5,0.52,0.66,0.34,0.2,41598.0367628058,15005.5296697144
54,2.5,0.52,0.66,0.7,0.6,61126.7743807642,17156.0595997152
55,2,0.38,0.24,0.58,0.2,55568.2791267528,12485.3915330716
56,2.5,0.66,0.66,0.58,0.4,57371.4203817035,17465.8014952586
57,0.5,0.24,0.52,0.1,0.4,37987.3179221013,11850.7840524661
58,2.5,0.1,0.24,0.1,0.4,52208.2065309618,8808.68875224186
59,3,0.24,0.66,0.34,0.2,62599.177736364,11115.9413080759
60,0.5,0.8,0.8,0.1,0.6,32085.3391596115,21366.0787589451
61,1,0.52,0.52,0.46,0.2,46790.4423632434,14644.2713016776
62,2.5,0.8,0.1,0.58,0.6,48971.984541927,20091.7108311318
63,1.5,0.8,0.24,0.34,0.6,39233.1877732066,20603.3365999025
64,1.5,0.24,0.24,0.46,0.2,51974.117214527,10829.0908148172
65,1,0.24,0.66,0.58,0.6,53938.847910642,13207.2294219905
66,0.5,0.66,0.24,0.46,0.4,37502.8002289474,18081.5731917213
67,2.5,0.8,0.38,0.22,0.6,43955.1243280484,20302.8573262894
68,1,0.38,0.24,0.34,0.6,42099.4075056376,14918.6873475603
69,1,0.52,0.1,0.58,0.6,43480.5984108146,17146.3377863628
70,1.5,0.52,0.38,0.7,0.6,52293.6507864269,17243.3839040158
71,0.5,0.24,0.1,0.34,0.6,39172.9229734526,12429.3018772144
72,0.5,0.8,0.24,0.34,0.6,32343.5262289924,21155.5799191761
73,1,0.52,0.66,0.46,0.4,47230.9216714291,16327.2123815012
74,1,0.8,0.24,0.22,0.4,33980.367867618,19433.5754658165
75,2.5,0.1,0.38,0.46,0.6,62055.0252582022,9906.90325093907
76,3,0.52,0.1,0.1,0.6,45039.2368336653,16099.5883110333
77,1,0.38,0.24,0.1,0.6,36201.7504679937,14798.35258472
78,0.5,0.52,0.38,0.1,0.6,31730.6823381877,17807.1012071321
79,2,0.66,0.38,0.34,0.4,46597.0593286848,17309.0788127144
80,0.5,0.52,0.38,0.46,0.2,41649.4638741333,14757.2318413955
81,0.5,0.8,0.66,0.22,0.6,33704.4030946162,21319.0945131084
82,2,0.24,0.66,0.46,0.4,58708.3824185826,12103.3808190113
83,2,0.1,0.1,0.1,0.2,47710.7128654283,8318.71870042621
84,2,0.52,0.38,0.7,0.2,57250.3210522416,14318.7470828158
85,3,0.24,0.52,0.46,0.2,64072.7621495605,11133.6847170217
86,0.5,0.52,0.8,0.34,0.6,41334.3486398203,18107.3225758206
87,1.5,0.24,0.66,0.34,0.2,53219.038110431,11221.1366045479
88,2.5,0.52,0.8,0.7,0.6,62295.6195539186,17268.2791504983
89,1.5,0.38,0.1,0.1,0.4,38808.4221018588,13065.5616937276
90,0.5,0.52,0.38,0.34,0.6,37485.0923956036,17766.1771020178
91,1,0.24,0.8,0.34,0.6,49844.1738198803,13106.8154206076
92,1.5,0.52,0.8,0.58,0.2,55297.2246929171,14839.0495981669
93,2.5,0.8,0.66,0.22,0.6,46550.9498815099,20463.5187573404
94,3,0.52,0.52,0.46,0.4,58588.2106656313,15430.1743524911
95,0.5,0.8,0.24,0.22,0.4,30395.7005675367,19780.4046275871
96,1,0.1,0.38,0.1,0.6,42982.3946449939,9476.32958864843
97,2,0.1,0.52,0.7,0.4,65416.8079031202,10308.7094574333
98,2.5,0.8,0.8,0.1,0.6,44839.7142803418,20533.324975707
99,0.5,0.66,0.38,0.34,0.4,36299.1652563557,18229.5905283871
100,3,0.52,0.38,0.34,0.4,54584.5176316963,15175.5615185756
101,2.5,0.52,0.24,0.46,0.2,53934.7141784943,13760.7952819169
102,1.5,0.1,0.66,0.1,0.2,49755.4900034127,9184.28716559475
103,2.5,0.38,0.66,0.7,0.2,65029.0680530609,13091.404028189
104,3,0.52,0.1,0.22,0.4,48832.4409759318,14717.0661851707
105,2.5,0.1,0.8,0.58,0.2,68743.9602916509,10193.9223589359
106,0.5,0.38,0.1,0.7,0.2,45811.895588343,12818.6829166061
107,0.5,0.52,0.66,0.7,0.2,49241.1451597104,15239.913247335
108,1.5,0.66,0.66,0.46,0.6,47804.1424369593,19266.2262646809
109,1,0.1,0.1,0.34,0.4,46315.710090697,9163.99211582846
110,0.5,0.52,0.24,0.58,0.2,42779.4844914795,14651.9683952126
111,1,0.8,0.38,0.22,0.4,35419.1507359277,19541.4043469347
112,1,0.38,0.52,0.7,0.2,53924.0489180886,13205.8090373317
113,1.5,0.66,0.52,0.46,0.4,47396.4779571459,17720.6133584655
114,1.5,0.38,0.66,0.22,0.4,47438.4891238046,13916.2244790037
115,3,0.66,0.8,0.58,0.6,60458.2408846575,18839.4666008769
116,1,0.1,0.66,0.58,0.2,57379.3217234738,10082.7575816109
117,2.5,0.24,0.1,0.1,0.6,47207.6727921722,11487.6015167887
118,0.5,0.38,0.38,0.34,0.6,39720.2094974019,15412.8684862811
119,3,0.38,0.52,0.1,0.6,51705.340758399,14391.9245806323
120,2,0.24,0.1,0.22,0.6,47120.5587875181,11758.974540829
121,3,0.38,0.1,0.34,0.2,54840.4414453304,11811.4078375177
122,1.5,0.1,0.66,0.34,0.6,55270.5032914886,10186.647577978
123,2,0.8,0.1,0.46,0.6,43494.6484097406,20272.7457964666
124,1.5,0.8,0.38,0.58,0.6,45747.3067378422,20678.8163501176
125,1,0.1,0.1,0.22,0.6,43147.9407006204,9248.66133193346
126,0.5,0.8,0.66,0.46,0.4,39796.3771760819,20000.3172824392
127,1,0.8,0.1,0.58,0.2,41380.0593020429,17346.0484032867
128,1,0.52,0.24,0.46,0.2,44024.0129733859,14292.6024924405
129,3,0.8,0.66,0.58,0.4,58168.2165212185,18853.6139763999
130,2,0.8,0.66,0.22,0.4,44517.7902477894,19187.4048967233
131,2,0.66,0.38,0.58,0.4,51800.8637112641,17391.9899517076
132,1,0.52,0.66,0.46,0.2,48057.6183121195,14809.6543268107
133,1.5,0.1,0.1,0.22,0.4,47111.8548933336,8874.29638292638
134,2,0.52,0.38,0.34,0.6,47895.4237540317,16893.5904667168
135,0.5,0.66,0.8,0.58,0.4,45266.105871351,18550.0836705875
136,1.5,0.52,0.24,0.1,0.4,38131.7764320886,15442.9257982644
137,2.5,0.8,0.1,0.22,0.6,41031.8473394498,20085.244103731
138,3,0.8,0.38,0.7,0.4,58012.8013232862,18662.9953313103
139,1,0.24,0.38,0.1,0.6,40083.4060589311,12312.7282036317
140,0.5,0.38,0.8,0.34,0.6,43567.8847978902,15850.2699070468
141,1.5,0.66,0.38,0.1,0.4,37624.3719525137,17567.8601992134
142,0.5,0.1,0.38,0.34,0.4,45209.8676590291,9712.10554238122
143,0.5,0.8,0.52,0.22,0.2,34100.9028455415,18134.6083621615
144,2,0.8,0.1,0.1,0.4,35997.2613649353,18731.271869442
145,2.5,0.8,0.24,0.22,0.2,44522.229896997,16655.7856507029
146,0.5,0.38,0.66,0.34,0.6,42357.072690142,15708.9813417869
147,1,0.52,0.66,0.7,0.2,53028.4747002803,14992.5189569469
148,3,0.52,0.38,0.34,0.6,53798.1936492924,16549.3626995825
149,1,0.8,0.66,0.22,0.2,39014.1406797711,17896.3693918196
150,1,0.38,0.66,0.22,0.6,43310.3813285178,15345.676550749
151,1.5,0.66,0.1,0.46,0.4,43130.5531952553,17273.4634032845
152,3,0.66,0.24,0.34,0.6,50150.370105632,18305.2603985046
153,2,0.38,0.52,0.46,0.6,54289.476770056,14977.5600842966
154,1.5,0.1,0.52,0.22,0.6,51121.1647187853,9784.94053268907
155,1,0.8,0.66,0.22,0.4,38055.343306529,19734.4317782413
156,2,0.8,0.24,0.58,0.2,49540.3816855613,17004.7267677528
157,0.5,0.1,0.1,0.34,0.6,42043.1090459391,9612.26241524759
158,2.5,0.1,0.24,0.1,0.4,52208.2065309618,8808.68875224186
159,3,0.66,0.1,0.22,0.2,47731.8373033361,14762.3454051844
160,2.5,0.52,0.8,0.22,0.4,52661.967899457,15676.8761100892
161,1,0.24,0.66,0.7,0.2,57382.6526125252,11815.5950588091
162,0.5,0.38,0.1,0.1,0.6,30834.8576747447,14979.3920655688
163,1,0.66,0.38,0.22,0.2,38066.5512718403,16028.9829094722
164,2,0.66,0.38,0.7,0.4,54212.3016895752,17438.0501187116
165,2.5,0.66,0.38,0.1,0.2,44786.8700988702,15205.3797086994
166,3,0.66,0.38,0.22,0.2,50646.3654666307,15137.6559514726
167,2,0.24,0.66,0.1,0.4,50078.8607001305,11586.0954535254
168,3,0.1,0.38,0.7,0.2,70498.9171920502,9869.71380995906
169,2.5,0.66,0.24,0.46,0.2,51905.4602695808,15279.4859172412
170,3,0.24,0.8,0.46,0.6,65387.7632492318,12838.9673716364
171,2,0.24,0.8,0.7,0.2,65411.7261515194,11872.9153622944
172,3,0.66,0.52,0.7,0.4,61356.0649871511,17252.1894295893
173,1,0.24,0.8,0.22,0.6,46979.5473999365,12975.8861640378
174,3,0.52,0.52,0.34,0.4,55903.8964565103,15335.6322744572
175,2,0.52,0.8,0.46,0.2,56015.9053155071,14569.7566587083
176,1.5,0.52,0.24,0.7,0.6,50890.8972483455,17084.3563103066
177,2,0.52,0.8,0.34,0.4,52454.4219559304,15929.4977782475
178,1.5,0.1,0.24,0.34,0.6,51303.4537868718,9595.32929074033
179,2.5,0.24,0.66,0.58,0.6,63875.3664297714,12893.8078342056
180,2,0.52,0.1,0.34,0.4,45745.2016750847,15140.4767995474
181,3,0.66,0.52,0.7,0.6,60446.7054646256,18678.4510141482
182,3,0.52,0.52,0.58,0.6,60332.4545728199,16824.209398056
183,2,0.52,0.52,0.34,0.4,50003.2433753921,15659.3637631914
184,0.5,0.52,0.24,0.22,0.6,33238.6673922051,17640.3905497767
185,2,0.1,0.66,0.7,0.4,66635.1792003877,10484.3693914021
186,1,0.38,0.1,0.22,0.4,38323.0949770568,13396.2140604188
187,2.5,0.24,0.38,0.58,0.6,61347.610561548,12551.9813763516
188,1,0.1,0.66,0.22,0.6,48687.1467187318,10083.0718070369
189,1.5,0.66,0.8,0.34,0.2,48158.7131058286,16209.2114219805
190,0.5,0.24,0.1,0.34,0.4,39636.5174229394,11534.4716816827
191,1.5,0.52,0.1,0.58,0.2,48627.7368683533,13982.2021052657
192,3,0.24,0.66,0.46,0.4,64732.716107529,11999.2460573746
193,2,0.52,0.8,0.7,0.6,59270.0786091461,17426.8605245575
194,3,0.8,0.24,0.46,0.4,51695.441213798,18459.8907720426
195,2,0.8,0.66,0.7,0.6,53830.5310508662,20670.0230218731
196,2.5,0.38,0.38,0.7,0.2,62505.4561126989,12749.5431483513
197,2.5,0.24,0.1,0.58,0.2,59581.6625002201,10734.898628919
198,2,0.8,0.24,0.22,0.2,41520.7091291521,16884.054596757
199,3,0.38,0.52,0.22,0.2,56161.6401752242,12230.623666211
200,2,0.24,0.38,0.46,0.2,56692.5345799279,11004.2296290177
201,2.5,0.38,0.52,0.46,0.2,58808.4962704576,12622.3252024441
202,0.5,0.1,0.38,0.1,0.2,39389.5529111765,8916.51283420775
203,2.5,0.52,0.1,0.58,0.4,54091.6308864146,15139.6331717712
204,1,0.8,0.24,0.1,0.6,30286.6410713748,20915.5610763865
205,2,0.1,0.8,0.7,0.2,68018.5213485546,10391.1593403717
206,1.5,0.1,0.52,0.34,0.2,54479.1509613579,9450.00648179401
207,2,0.66,0.66,0.46,0.4,51851.2261149431,17608.1079392717
208,1,0.8,0.1,0.46,0.6,36992.2386108209,20757.3741450034
209,2,0.24,0.1,0.46,0.4,53281.6229685125,11331.4011240965
210,1,0.38,0.1,0.46,0.2,44639.1656258353,12349.7904294743
211,3,0.8,0.24,0.34,0.4,49035.0854635625,18420.8293963622
212,2.5,0.66,0.8,0.7,0.2,61991.4374444321,16076.1806997678
213,1.5,0.66,0.66,0.1,0.4,40266.3927864018,17824.7662070125
214,1.5,0.8,0.52,0.22,0.6,39251.5175602149,20773.2494275364
215,3,0.66,0.38,0.7,0.6,59142.9310603312,18559.056585845
216,2.5,0.38,0.24,0.34,0.2,53387.4967409156,12085.4189149935
217,3,0.52,0.38,0.58,0.6,59025.9688211947,16681.8377736987
218,2,0.8,0.1,0.7,0.6,48388.2274041221,20285.3297414922
219,0.5,0.38,0.52,0.7,0.2,50066.3728771496,13390.3227172368
220,1,0.52,0.24,0.1,0.4,34655.1465333958,15763.6202267873
221,3,0.1,0.38,0.58,0.4,67827.1011746758,9906.96496512545
222,0.5,0.38,0.52,0.46,0.2,45046.4107328912,13153.0224638722
223,0.5,0.66,0.38,0.1,0.6,29890.5089169702,19728.3261501988
224,2.5,0.24,0.38,0.22,0.6,53177.1925294855,12074.786774681
225,2.5,0.52,0.24,0.34,0.4,50311.4173177061,15140.8873592587
226,2.5,0.8,0.38,0.22,0.2,45944.2386398487,16825.9132101589
227,3,0.24,0.66,0.1,0.4,56147.7462973425,11451.2315582691
228,1.5,0.52,0.66,0.58,0.4,53242.9603488231,16144.3988463139
229,1.5,0.52,0.8,0.1,0.2,44245.4131766373,14450.9026935999
230,2.5,0.38,0.52,0.7,0.4,63038.0882376422,13989.3134646342
231,2.5,0.38,0.24,0.1,0.6,46046.0568284956,14178.3693745569
232,2.5,0.1,0.66,0.46,0.2,65030.8803862031,9817.52739922199
233,1.5,0.66,0.24,0.22,0.6,38350.0860444855,18956.0038296992
234,2,0.24,0.8,0.58,0.6,61940.1451362937,13126.1641012437
235,1,0.8,0.1,0.22,0.2,33388.8393324973,17326.8500580049
236,1.5,0.1,0.38,0.22,0.6,49792.8903079718,9591.09021051224
237,2,0.24,0.1,0.46,0.2,53825.5171851375,10581.28080195
238,2,0.8,0.66,0.7,0.6,53830.5310508662,20670.0230218731
239,1.5,0.38,0.24,0.34,0.6,45615.1502544938,14682.9005169323
240,0.5,0.52,0.66,0.22,0.2,38773.0971207007,14942.0111743235
241,2.5,0.52,0.1,0.46,0.4,51522.150560188,15045.8604386381
242,3,0.8,0.52,0.1,0.4,46026.1384459715,18668.8642245464
243,3,0.66,0.38,0.22,0.6,48748.4949145148,18430.3978865851
244,1.5,0.52,0.66,0.1,0.6,41491.59152297,17365.8251532329
245,2.5,0.38,0.1,0.1,0.6,44531.2339351541,13984.4480985774
246,2,0.66,0.38,0.58,0.6,50916.2251571162,18862.432841284
247,1,0.24,0.38,0.7,0.4,54312.9812344988,12218.2646978389
248,2,0.52,0.38,0.34,0.4,48668.9629255286,15492.4992755513
249,2,0.8,0.38,0.46,0.6,46400.2025294555,20484.9585225949
250,1,0.66,0.1,0.22,0.2,35082.6672176422,15673.3739663543
251,2,0.24,0.1,0.58,0.4,55880.8241868197,11502.5424810543
252,2,0.52,0.1,0.22,0.6,42126.53127389,16535.2309947435
253,1.5,0.66,0.24,0.1,0.6,35399.0263558442,18981.2973550431
254,2.5,0.1,0.52,0.46,0.4,63573.6196579734,9896.73948574446
255,1.5,0.52,0.1,0.58,0.4,47751.8614172702,15497.7125442018
256,0.5,0.52,0.1,0.7,0.2,43707.9792325143,14544.6074504484
257,2,0.38,0.38,0.7,0.2,59403.6644619965,12826.1019095456
258,3,0.24,0.52,0.22,0.6,57433.3098122182,12191.6607552751
259,1.5,0.1,0.38,0.46,0.2,55907.380412875,9461.29118142666
260,0.5,0.52,0.38,0.58,0.4,43399.8541570456,16393.5035048827
261,2.5,0.38,0.1,0.34,0.4,51132.2539594265,13042.7086368346
262,1.5,0.66,0.1,0.34,0.6,39627.3472186126,18811.1745260572
263,1,0.8,0.66,0.34,0.6,39940.155431772,21076.4246484108
264,2.5,0.24,0.66,0.1,0.4,53213.3482105362,11503.9424551655
265,3,0.8,0.66,0.7,0.4,60554.5674250542,18894.4396340122
266,1,0.66,0.24,0.22,0.6,34966.0087334387,19253.6739178462
267,2,0.24,0.66,0.58,0.2,61812.0657046613,11541.1169236175
268,2,0.8,0.66,0.22,0.6,43625.6513273386,20642.2534543277
269,2,0.24,0.38,0.22,0.6,50036.1445615614,12162.8225615198
270,1,0.1,0.52,0.46,0.2,53537.0430375974,9693.77644184475
271,0.5,0.38,0.52,0.1,0.4,35800.3992588017,14192.936468148
272,2,0.1,0.38,0.34,0.6,56128.239031235,9738.22670475339
273,2,0.24,0.24,0.1,0.6,45556.2984860312,11808.33547111
274,2.5,0.66,0.24,0.22,0.6,44516.8691918048,18476.8365661923
275,1.5,0.52,0.1,0.1,0.4,36591.5128304147,15257.9101676486
276,1.5,0.24,0.52,0.46,0.2,54693.0967774154,11222.8359401297
277,1,0.52,0.1,0.46,0.6,40929.481457562,17124.598311289
278,1.5,0.38,0.24,0.46,0.6,48328.5315312911,14764.51853413
279,0.5,0.66,0.24,0.58,0.2,40922.791362883,16300.7550145672
280,0.5,0.38,0.24,0.22,0.2,36651.6124451239,12528.3787768408
281,3,0.38,0.66,0.58,0.2,65496.8557396495,12885.7057372357
282,1,0.8,0.8,0.46,0.2,45618.2933906092,18005.5396886624
283,2,0.24,0.52,0.34,0.4,54747.3613797271,11763.8482437016
284,0.5,0.24,0.1,0.58,0.2,45509.570105793,10992.8040728075
285,3,0.52,0.52,0.34,0.6,55118.1960303786,16690.7718664909
286,0.5,0.8,0.52,0.46,0.4,38521.8391021418,19905.4425766842
287,1,0.66,0.24,0.46,0.2,42128.207436348,15932.6746337472
288,2,0.1,0.1,0.34,0.2,53729.6732082636,8795.14756153813
289,2.5,0.38,0.24,0.58,0.6,57231.7509903584,14602.3161842726
290,1,0.66,0.38,0.58,0.4,45152.6775216124,17883.7352772747
291,1,0.38,0.38,0.1,0.2,38916.1106315115,12341.7622403148
292,3,0.52,0.52,0.1,0.4,50065.2489509254,15158.5794406839
293,0.5,0.52,0.38,0.58,0.6,42669.3373561691,17769.5401267941
294,3,0.38,0.38,0.34,0.4,56924.7576780193,13333.3604298233
295,1,0.8,0.24,0.46,0.4,39370.2973978474,19379.3512744489
296,1.5,0.1,0.24,0.58,0.4,56890.464438867,9743.87325408223
297,2.5,0.24,0.24,0.7,0.2,63489.7386638551,11129.4138497929
298,3,0.66,0.8,0.34,0.2,57233.6218303411,15672.6797034917
299,2,0.8,0.38,0.34,0.4,44687.5813647485,18964.9925099566
300,2,0.24,0.66,0.22,0.6,52623.7341580754,12526.2360512488
301,2.5,0.52,0.38,0.22,0.6,48106.0402139701,16659.3701011269
302,1.5,0.1,0.38,0.7,0.6,60512.2890268695,10399.6914918574
303,0.5,0.24,0.52,0.22,0.2,41535.5538881962,11102.3554116611
304,2.5,0.8,0.38,0.22,0.4,44857.5963347166,18754.7607384238
305,1,0.52,0.52,0.1,0.6,36780.6792066178,17545.8938691495
306,1.5,0.52,0.24,0.46,0.4,46690.7772909442,15600.9691810926
307,1,0.38,0.66,0.58,0.6,51388.0933909265,15539.3010889366
308,2,0.38,0.1,0.58,0.2,54088.5367054697,12283.1773247579
309,1.5,0.38,0.24,0.1,0.4,40343.9913929087,13269.9600765085
310,3,0.52,0.1,0.46,0.4,54402.4137799336,14910.2999345934
311,1.5,0.66,0.52,0.58,0.6,49051.2239712002,19187.9969952476
312,0.5,0.8,0.52,0.34,0.4,35928.0368038006,19932.8032801064
313,1,0.66,0.52,0.46,0.4,43972.9341571294,17996.4603834291
314,1.5,0.1,0.38,0.22,0.6,49792.8903079718,9591.09021051224
315,0.5,0.24,0.38,0.34,0.4,42599.4947719951,11959.8377059899
316,0.5,0.1,0.24,0.34,0.2,44022.3807833317,9144.45223065282
317,0.5,0.38,0.24,0.7,0.6,45997.8747378919,15415.3344201539
318,1,0.66,0.38,0.7,0.2,48511.3147015939,16204.7885696964
319,2.5,0.24,0.8,0.7,0.4,67972.0047392042,12519.1879038845
320,2,0.1,0.1,0.58,0.6,58619.0465502839,9721.39871325851
321,2,0.52,0.66,0.46,0.6,53155.1334185952,17209.2203962702
322,3,0.52,0.8,0.34,0.4,58329.7859459998,15615.066427465
323,1,0.8,0.8,0.46,0.6,43721.3001036037,21120.1651414456
324,0.5,0.1,0.38,0.1,0.4,39160.5843938148,9280.8466788818
325,0.5,0.52,0.1,0.1,0.2,30078.8653890532,14181.0766601235
326,2,0.52,0.52,0.22,0.6,46410.0827340915,17006.4552860864
327,1,0.1,0.52,0.22,0.4,47644.2084155534,9589.6086099513
328,1,0.52,0.66,0.46,0.2,48057.6183121195,14809.6543268107
329,3,0.66,0.66,0.46,0.2,58722.2092838824,15634.3953008567
330,1,0.8,0.1,0.58,0.4,40360.4385610816,19241.230088669
331,3,0.52,0.1,0.46,0.6,53605.526025643,16281.3291498078
332,2,0.24,0.8,0.7,0.4,64879.842698029,12576.5630591977
333,2.5,0.8,0.8,0.58,0.4,56560.6430547331,19113.9923163064
334,2,0.38,0.24,0.46,0.2,52985.9756940258,12331.2673417386
335,1.5,0.38,0.1,0.34,0.6,44102.4466517154,14496.0408647624
336,2,0.24,0.38,0.46,0.2,56692.5345799279,11004.2296290177
337,2.5,0.66,0.8,0.34,0.2,54395.9133264797,15816.7673682946
338,2.5,0.8,0.24,0.46,0.6,47950.7083924455,20190.7439151977
339,0.5,0.24,0.52,0.34,0.6,43490.9870106349,13014.8266059048
340,2.5,0.66,0.24,0.58,0.4,53413.8201777417,17052.2821393344
341,1,0.1,0.66,0.58,0.6,56925.70531253,10674.1025227044
342,1,0.38,0.24,0.58,0.2,48738.0779487494,12693.3741675176
343,1.5,0.66,0.38,0.46,0.6,45208.2233761639,19051.9388201722
344,0.5,0.52,0.38,0.22,0.2,36116.1274745824,14619.0659474559
345,1,0.1,0.1,0.7,0.6,53978.3682632841,10060.3425342016
346,3,0.66,0.8,0.34,0.2,57233.6218303411,15672.6797034917
347,3,0.52,0.38,0.1,0.2,49649.2572611206,13456.1864672544
348,0.5,0.52,0.52,0.46,0.4,42208.5577111801,16507.0266487856
349,2,0.38,0.1,0.1,0.2,42799.9685886032,11645.1388869053
350,1,0.52,0.8,0.58,0.2,51798.3234530316,15036.4092599159
351,2,0.1,0.52,0.34,0.6,57438.4404447961,9937.72275113799
352,3,0.1,0.66,0.58,0.6,70091.4780052749,10447.7018645023
353,3,0.52,0.66,0.7,0.4,64778.7084249132,15769.6220112601
354,3,0.1,0.66,0.7,0.2,72972.3947988585,10232.8521963478
355,0.5,0.52,0.8,0.58,0.4,47215.7129650606,16802.5464568134
356,2.5,0.66,0.24,0.7,0.2,56885.9674506903,15472.5602825409
357,2,0.52,0.1,0.46,0.4,48454.6128416192,15216.2118038455
358,2,0.1,0.66,0.1,0.2,53189.0819315571,9159.70882408596
359,1,0.24,0.38,0.7,0.4,54312.9812344988,12218.2646978389
360,2.5,0.1,0.52,0.46,0.2,63809.3010435223,9642.43313818402
361,0.5,0.38,0.66,0.1,0.6,36529.5314194502,15643.3876193863
362,2.5,0.38,0.38,0.7,0.4,61738.2470527934,13820.097098857
363,0.5,0.38,0.66,0.7,0.2,51325.6136240928,13568.70346199
364,1.5,0.8,0.52,0.46,0.2,46556.8211466114,17496.78957977
365,2.5,0.8,0.52,0.1,0.4,43254.0049152175,18873.0223174291
366,2.5,0.8,0.1,0.7,0.4,52338.1478997918,18542.2976435044
367,2,0.1,0.52,0.58,0.6,62747.3849077708,10340.1207423895
368,1,0.1,0.38,0.7,0.2,57298.1804829716,9896.99723887404
369,2.5,0.66,0.1,0.22,0.4,43848.8507109272,16736.0382997189
370,1.5,0.1,0.8,0.34,0.2,56903.3152257143,9804.51729588421
371,1.5,0.1,0.66,0.34,0.6,55270.5032914886,10186.647577978
372,0.5,0.52,0.8,0.34,0.4,42036.141589603,16748.9307231328
373,2.5,0.52,0.24,0.22,0.4,47458.6185493516,15056.3647675936
374,1.5,0.24,0.8,0.34,0.2,54406.1718910533,11385.8396865162
375,3,0.8,0.8,0.58,0.4,59341.9516660393,18950.4103317401
376,0.5,0.52,0.24,0.46,0.4,39422.2864017296,16200.3178054787
377,1,0.1,0.66,0.58,0.6,56925.70531253,10674.1025227044
378,1,0.24,0.1,0.58,0.2,49463.8581031106,10865.084498401
379,0.5,0.38,0.24,0.34,0.4,38882.068164326,13987.6956773416
380,0.5,0.1,0.38,0.34,0.2,45444.2539248272,9362.06980178789
381,0.5,0.1,0.52,0.46,0.2,49542.3078554769,9768.1360325923
382,3,0.24,0.52,0.46,0.6,62998.1031506889,12520.9871236518
383,2,0.1,0.8,0.34,0.6,59849.7224615882,10285.7954738562
384,1,0.8,0.24,0.34,0.4,36744.3501713553,19400.0851221203
385,1.5,0.66,0.38,0.1,0.4,37624.3719525137,17567.8601992134
386,2,0.52,0.38,0.58,0.4,53915.8120916646,15658.1724700623
387,1.5,0.52,0.24,0.34,0.4,43993.6362488077,15539.005931001
388,3,0.24,0.8,0.1,0.2,57890.3667380848,10880.714216908
389,2,0.38,0.1,0.58,0.4,53335.8350244392,13425.1452047932
390,0.5,0.52,0.66,0.58,0.4,46014.5154178861,16683.9306940496
391,0.5,0.66,0.1,0.7,0.2,41825.3127809029,16164.2519900859
392,2.5,0.66,0.38,0.22,0.2,47788.979718561,15292.614149879
393,1,0.38,0.8,0.7,0.2,56357.1131992387,13523.8212546085
394,3,0.8,0.24,0.7,0.4,56626.027419482,18528.9854324448
395,2,0.24,0.8,0.46,0.2,60414.767559095,11527.2243370185
396,2,0.66,0.52,0.58,0.4,53124.4644058334,17529.3734961069
397,1.5,0.52,0.66,0.22,0.2,46038.2317956781,14399.1521467615
398,0.5,0.24,0.24,0.58,0.2,47015.6886581988,11209.9855067545
399,1,0.38,0.24,0.46,0.4,45454.6127495875,13801.203071294
400,1,0.52,0.1,0.1,0.6,32417.5935838342,17121.7405095269
401,1.5,0.8,0.66,0.58,0.2,50331.8385667094,17657.9107881876
402,2,0.24,0.66,0.58,0.6,60770.1824884117,12972.2305864524
403,1,0.66,0.66,0.58,0.6,46907.351969869,19525.8065830079
404,0.5,0.38,0.8,0.46,0.6,46244.5081259906,15896.0967475382
405,3,0.52,0.24,0.58,0.6,57639.5232734245,16527.2186943213
406,1,0.52,0.8,0.58,0.2,51798.3234530316,15036.4092599159
407,0.5,0.8,0.8,0.46,0.4,41002.5193643046,20069.7655508691
408,1.5,0.1,0.66,0.7,0.6,63038.5715739811,10764.8503508115
409,2.5,0.52,0.24,0.46,0.6,52217.9141836185,16597.8030760046
410,0.5,0.8,0.24,0.58,0.6,37379.3007544607,21115.186449638
411,0.5,0.52,0.8,0.58,0.6,46482.3252417437,18116.3295710373
412,1.5,0.38,0.38,0.7,0.2,56149.9216685402,12891.1457418188
413,1.5,0.52,0.52,0.34,0.6,46000.8039033215,17268.4110192356
414,1,0.1,0.38,0.46,0.4,51983.1249537411,9813.52978273146
415,1,0.52,0.24,0.58,0.4,45750.9722043423,15917.710517018
416,1,0.38,0.52,0.7,0.2,53924.0489180886,13205.8090373317
417,3,0.66,0.66,0.58,0.4,60187.9634875613,17312.144828729
418,2,0.24,0.66,0.7,0.4,63716.5805517176,12422.1660475798
419,3,0.38,0.24,0.1,0.2,50397.4505508406,11669.2441411267
420,3,0.1,0.52,0.1,0.2,58174.8086671562,8967.07772791694
421,1.5,0.52,0.66,0.7,0.4,55658.579861668,16212.5756276864
422,1,0.1,0.1,0.1,0.2,40480.6809954366,8374.6180413702
423,3,0.66,0.38,0.46,0.2,56164.5946150807,15325.7213279282
424,1,0.1,0.66,0.22,0.4,48907.9966853282,9782.56013550801
425,3,0.1,0.66,0.1,0.4,59168.0353547326,9399.74677341287
426,0.5,0.52,0.8,0.1,0.2,37010.7432036161,15032.5290136476
427,2.5,0.66,0.66,0.22,0.2,50388.1403901962,15602.1830095378
428,0.5,0.8,0.66,0.22,0.6,33704.4030946162,21319.0945131084
429,2.5,0.66,0.66,0.7,0.6,58866.0001770625,18929.7149543983
430,2,0.38,0.1,0.34,0.2,48763.3079708486,11971.569087318
431,1,0.24,0.66,0.46,0.4,51846.3933731307,12281.7557488753
432,2,0.8,0.52,0.58,0.2,52271.8380986803,17311.6980472554
433,0.5,0.8,0.52,0.58,0.6,40136.496444701,21242.6786567293
434,3,0.8,0.66,0.46,0.4,55660.0168189558,18823.7815805193
435,3,0.66,0.38,0.1,0.2,47642.8149874993,15046.2073642271
436,2,0.66,0.24,0.46,0.4,47854.2110473375,17188.4699860145
437,0.5,0.38,0.38,0.46,0.2,43699.0581049562,12971.5521477654
438,1,0.1,0.24,0.22,0.6,44661.9060711541,9482.49858118561
439,1.5,0.52,0.1,0.34,0.2,43329.5852767183,13766.8119554724
440,3,0.1,0.1,0.1,0.2,54009.7434841889,8324.41349477361
441,2.5,0.24,0.24,0.46,0.6,57387.9040058196,12200.1620702614
442,1.5,0.1,0.38,0.46,0.6,55449.84998452,10010.4124052976
443,3,0.66,0.52,0.58,0.4,58950.339648001,17185.0726461951
444,0.5,0.38,0.52,0.46,0.4,44381.438569099,14427.0910755622
445,1,0.1,0.52,0.46,0.2,53537.0430375974,9693.77644184475
446,1.5,0.66,0.1,0.34,0.4,40452.0729673218,17258.0515321248
447,1,0.66,0.8,0.58,0.2,49891.3623796285,16573.7765844058
448,2.5,0.66,0.52,0.22,0.4,48119.1989423603,17209.827783942
449,1,0.8,0.38,0.1,0.2,33428.9413647828,17652.2426523298
450,2.5,0.52,0.1,0.58,0.6,53288.4449631319,16495.7305180316
451,2,0.8,0.52,0.22,0.6,42359.7539767665,20571.6346163314
452,0.5,0.1,0.1,0.1,0.6,35947.9651611012,9181.33884717674
453,2,0.38,0.52,0.34,0.6,51591.687043772,14885.5165769955
454,2,0.66,0.66,0.34,0.6,48340.5416354242,19039.6709498953
455,1.5,0.8,0.66,0.46,0.2,47820.4969922227,17618.7588932198
456,1.5,0.38,0.38,0.58,0.2,53701.0805128079,12743.9240630661
457,0.5,0.38,0.38,0.34,0.2,40978.0414025422,12849.7324666328
458,1.5,0.1,0.1,0.22,0.2,47349.3079729604,8574.64562611603
459,2,0.1,0.38,0.34,0.4,56354.1831448832,9504.3659968921
460,3,0.24,0.1,0.46,0.2,59949.7796270189,10532.0852431713
461,2.5,0.8,0.8,0.46,0.6,53106.7045191905,20545.89860302
462,3,0.24,0.24,0.1,0.6,51671.0051777754,11631.0755987223
463,3,0.24,0.38,0.58,0.4,64777.6362649406,11816.5468649994
464,1.5,0.52,0.38,0.58,0.4,50660.8946726799,15841.666023062
465,3,0.38,0.38,0.34,0.4,56924.7576780193,13333.3604298233
466,1,0.24,0.8,0.1,0.4,44403.1357658187,11978.5427944066
467,0.5,0.24,0.8,0.22,0.2,44030.0956261592,11465.4803335515
468,2,0.66,0.8,0.46,0.4,53039.6291145818,17716.9832402718
469,1,0.38,0.66,0.1,0.6,40304.1619493744,15282.3834208853
470,1.5,0.1,0.52,0.46,0.4,56985.473094391,9948.12277647616
471,3,0.8,0.38,0.58,0.2,56781.6287940179,16819.2491929543
472,2.5,0.8,0.52,0.22,0.2,47283.33657454,16970.2753033597
473,3,0.24,0.52,0.7,0.4,68496.5197857864,12160.9854573156
474,1.5,0.66,0.8,0.46,0.6,48997.3602136371,19349.0595291019
475,0.5,0.1,0.1,0.1,0.6,35947.9651611012,9181.33884717674
476,2.5,0.66,0.66,0.34,0.4,52187.436614517,17371.6770555678
477,3,0.1,0.52,0.22,0.4,60976.0597742182,9451.72437010234
478,3,0.24,0.66,0.34,0.6,61529.0430009662,12523.78942213
479,3,0.52,0.66,0.22,0.2,55247.8867378626,13926.6026969706
480,1.5,0.52,0.1,0.22,0.4,39618.7729536285,15303.3576510777
481,1,0.8,0.52,0.22,0.2,37730.804099511,17767.5473749033
482,1.5,0.66,0.8,0.1,0.4,41479.7010216648,17926.8499975565
483,1.5,0.8,0.38,0.1,0.4,35835.6367110449,19266.3897032832
484,2.5,0.1,0.1,0.22,0.4,53811.0099971076,8822.69527275159
485,2,0.52,0.8,0.22,0.4,49633.6920112639,15859.3670381753
486,2,0.66,0.38,0.34,0.4,46597.0593286848,17309.0788127144
487,2.5,0.52,0.24,0.7,0.6,57197.7765033028,16736.4715353345
488,2,0.52,0.52,0.1,0.2,45024.6105850733,13933.2209835403
489,2.5,0.38,0.66,0.34,0.2,57348.6726616794,12638.439959151
490,0.5,0.1,0.24,0.46,0.2,46797.8501102069,9355.82797887206
491,1.5,0.1,0.8,0.1,0.4,50719.2955303642,9658.11188837367
492,2,0.52,0.8,0.46,0.2,56015.9053155071,14569.7566587083
493,1.5,0.66,0.66,0.58,0.6,50306.5605691361,19283.6798887777
494,2,0.52,0.24,0.1,0.6,40643.8360869815,16682.3552919781
495,0.5,0.38,0.8,0.22,0.6,40743.2026675064,15805.9626749723
496,2,0.8,0.38,0.58,0.6,48894.0050887135,20496.4170949574
497,3,0.52,0.52,0.22,0.2,53996.2234098581,13765.9192931505
498,0.5,0.1,0.24,0.34,0.2,44022.3807833317,9144.45223065282
499,2,0.52,0.66,0.1,0.6,44701.9508005878,17110.9094031235
500,0.5,0.52,0.24,0.34,0.2,37513.8364937528,14501.5217684968
501,0.5,0.1,0.66,0.58,0.4,53170.3516027415,10488.0197237671
502,1,0.38,0.38,0.34,0.6,43529.5095108588,15090.8716210082
503,2,0.66,0.52,0.58,0.4,53124.4644058334,17529.3734961069
504,1.5,0.52,0.38,0.46,0.6,47334.415818649,17147.0901750576
505,2,0.1,0.24,0.34,0.2,55203.1759098626,9020.64985170804
506,1,0.8,0.8,0.58,0.2,48115.8697356316,18021.3304358232
507,2.5,0.66,0.1,0.1,0.4,40845.4924718891,16709.9956092638
508,2,0.38,0.52,0.46,0.4,54962.6839135605,13862.0871655381
509,1,0.66,0.52,0.22,0.2,39425.4679205782,16182.3062451655
510,0.5,0.24,0.1,0.46,0.6,41925.8979238962,12555.4648112302
511,3,0.8,0.52,0.22,0.6,48056.690827794,20225.128357067
512,2.5,0.52,0.24,0.22,0.2,48364.2614202903,13517.1436060343
513,2.5,0.66,0.66,0.1,0.2,47402.7268441838,15527.1958566779
514,2,0.8,0.66,0.34,0.6,46372.5593851697,20641.764407267
515,2,0.38,0.52,0.1,0.4,46369.9890560426,13502.8098928482
516,3,0.24,0.1,0.46,0.6,58859.2218053966,11943.7023244803
517,1.5,0.24,0.52,0.1,0.4,45506.9053091179,11476.1754698725
518,1,0.8,0.1,0.7,0.4,42751.1434545416,19240.615286622
519,3,0.66,0.66,0.7,0.6,61678.7023304446,18785.0714462994
520,1,0.66,0.24,0.58,0.6,42893.6968429328,19210.7146476078
521,3,0.52,0.66,0.34,0.2,58083.9533811864,14052.0315616238
522,2,0.1,0.66,0.46,0.4,61621.3254698918,10094.9151738302
523,1.5,0.66,0.8,0.34,0.6,46371.8085765861,19348.7786194416
524,0.5,0.52,0.24,0.46,0.4,39422.2864017296,16200.3178054787
525,0.5,0.38,0.66,0.46,0.6,45040.0407078147,15769.1797225171
526,3,0.52,0.66,0.22,0.4,54321.6202123171,15394.7183335764
527,1,0.24,0.24,0.46,0.2,48351.8850411048,10909.1934772508
528,0.5,0.52,0.1,0.34,0.2,35974.7940264705,14306.466702429
529,2.5,0.52,0.66,0.22,0.4,51470.0766938923,15546.5624461861
530,1,0.8,0.38,0.1,0.6,31724.941813551,20977.8282784411
531,2.5,0.52,0.66,0.7,0.4,61933.2004969506,15886.4400417065
532,1,0.8,0.66,0.1,0.2,36087.2464535072,17895.5295045762
533,2,0.52,0.66,0.1,0.2,46298.346749525,14097.3892784346
534,0.5,0.66,0.24,0.46,0.6,36724.1065165915,19539.2782201964
535,2.5,0.1,0.8,0.46,0.2,66187.6909804589,9987.17033807136
536,2.5,0.8,0.52,0.1,0.4,43254.0049152175,18873.0223174291
537,2.5,0.66,0.1,0.7,0.2,55408.8831831433,15280.96243098
538,3,0.38,0.52,0.58,0.6,62812.8533342378,14829.6402645955
539,0.5,0.24,0.38,0.34,0.2,43084.2054694756,11079.5255187871
540,1,0.66,0.8,0.58,0.2,49891.3623796285,16573.7765844058
541,1.5,0.38,0.8,0.1,0.6,44997.9155101261,15167.1081356747
542,1,0.66,0.24,0.22,0.2,36622.9290979299,15857.7113640812
543,1.5,0.8,0.1,0.58,0.4,43760.2220282244,18963.0587087632
544,1.5,0.52,0.66,0.1,0.2,43033.4370008006,14305.1288454227
545,1.5,0.8,0.8,0.22,0.2,43603.7551502791,17694.808488659
546,1.5,0.52,0.24,0.22,0.6,40405.3675715164,16957.0726354539
547,2.5,0.66,0.8,0.1,0.6,46787.3777281217,18916.2603303811
548,2,0.38,0.1,0.46,0.2,51498.0950466063,12126.2593506656
549,2.5,0.24,0.66,0.1,0.4,53213.3482105362,11503.9424551655
550,0.5,0.1,0.52,0.58,0.4,51917.5042715262,10299.6361526366
551,3,0.52,0.66,0.46,0.6,59034.2651026025,16886.4395698891
552,0.5,0.24,0.66,0.46,0.4,47949.813918013,12470.5781011519
553,2.5,0.38,0.24,0.7,0.6,59672.9177669378,14709.5105639949
554,1.5,0.1,0.52,0.1,0.2,48493.9731050404,8988.19549770206
555,3,0.24,0.8,0.7,0.4,70859.6058165759,12481.2356028182
556,2.5,0.1,0.66,0.22,0.2,59453.1545053935,9382.81875727742
557,0.5,0.52,0.8,0.22,0.2,39993.1723589994,15092.5476152163
558,1,0.1,0.24,0.34,0.4,47816.4392889197,9394.01605751905
559,2.5,0.8,0.38,0.1,0.2,42968.7897423381,16783.1463686559
560,1.5,0.38,0.8,0.46,0.4,54178.0828260769,14281.1863776937
561,1.5,0.8,0.38,0.22,0.4,38764.5536375019,19234.6088169192
562,1,0.52,0.38,0.58,0.2,48009.8669189807,14566.9402493858
563,3,0.1,0.8,0.7,0.6,73654.5885769574,10800.6578688004
564,2,0.24,0.66,0.7,0.6,63207.5360151158,13114.9130729832
565,1,0.38,0.8,0.58,0.6,52579.0111189017,15668.4313250893
566,2.5,0.66,0.8,0.22,0.2,51582.2756078181,15735.3293466339
567,3,0.52,0.38,0.22,0.4,51741.0935832954,15084.5491194058
568,2.5,0.8,0.24,0.58,0.2,52554.1738035118,16820.177040487
569,0.5,0.52,0.1,0.46,0.6,37183.0171390218,17473.5753314431
570,3,0.38,0.52,0.22,0.2,56161.6401752242,12230.623666211
571,2.5,0.52,0.66,0.7,0.2,62858.7113917583,14522.8165725745
572,2.5,0.66,0.66,0.46,0.2,55878.827829512,15769.473649048
573,2.5,0.66,0.8,0.46,0.6,55145.4493340681,18956.5309861484
574,0.5,0.24,0.8,0.1,0.4,40502.6320072238,12193.4391006846
575,3,0.52,0.38,0.34,0.6,53798.1936492924,16549.3626995825
576,1,0.24,0.8,0.1,0.6,43939.6405185016,12842.2687134505
577,3,0.52,0.38,0.1,0.4,48729.2877182822,14995.0780157462
578,1,0.8,0.38,0.46,0.6,39921.0590357162,20919.8716723729
579,3,0.66,0.66,0.22,0.2,53232.0921323884,15449.3796935202
580,0.5,0.66,0.66,0.58,0.4,44064.0332946905,18454.9243481648
581,3,0.66,0.38,0.22,0.2,50646.3654666307,15137.6559514726
582,2,0.24,0.8,0.1,0.4,51274.8019036307,11746.844556648
583,0.5,0.38,0.52,0.7,0.2,50066.3728771496,13390.3227172368
584,1,0.38,0.24,0.7,0.4,50489.5374602182,14010.9185962261
585,3,0.24,0.24,0.34,0.6,57604.0331852242,11981.752657339
586,2.5,0.1,0.24,0.22,0.4,55285.0763018029,9048.59160302924
587,2.5,0.1,0.24,0.7,0.6,65718.9691123555,10097.6308769741
588,0.5,0.24,0.66,0.34,0.2,45706.5700536218,11455.6956216187
589,1.5,0.24,0.24,0.34,0.2,49229.5801663377,10645.2929028555
590,1.5,0.8,0.52,0.58,0.6,47075.2240701801,20775.3444125079
591,3,0.1,0.8,0.1,0.6,60113.9427001763,9763.12629628649
592,2,0.8,0.66,0.22,0.4,44517.7902477894,19187.4048967233
593,1,0.38,0.38,0.22,0.6,40676.1766866497,15030.4113792026
594,0.5,0.66,0.1,0.22,0.2,31355.4175704513,16046.3241490123
595,1,0.66,0.8,0.34,0.2,44718.027219271,16483.756647176
596,1,0.1,0.8,0.1,0.2,47255.644247473,9410.07358895892
597,2.5,0.66,0.66,0.22,0.6,48531.8239726614,18831.5788792668
598,2,0.1,0.24,0.46,0.4,57709.67430339,9511.34264402072
599,2,0.1,0.52,0.7,0.4,65416.8079031202,10308.7094574333
600,2,0.24,0.1,0.46,0.6,52766.8784345953,12080.7099247528
601,2.5,0.8,0.52,0.1,0.4,43254.0049152175,18873.0223174291
602,0.5,0.8,0.1,0.58,0.6,35869.9337685061,21037.6996577995
603,3,0.52,0.8,0.7,0.2,66884.3477681209,14570.2777113666
604,1,0.38,0.38,0.46,0.4,46875.4985593202,13985.9833146103
605,3,0.38,0.38,0.1,0.6,50373.993758382,14224.508296928
606,1,0.8,0.66,0.7,0.4,48257.5203232606,19690.3164263172
607,2.5,0.24,0.8,0.7,0.4,67972.0047392042,12519.1879038845
608,1.5,0.38,0.66,0.7,0.4,57982.4524378315,14358.6652364974
609,2.5,0.8,0.24,0.7,0.6,52843.0360817623,20232.7295623436
610,1.5,0.1,0.38,0.58,0.6,58048.4902316454,10206.4554658683
611,1,0.38,0.24,0.46,0.4,45454.6127495875,13801.203071294
612,1.5,0.66,0.66,0.7,0.2,54563.3268420243,16279.0841178348
613,2.5,0.66,0.38,0.58,0.4,54811.3271259319,17202.7407214044
614,1,0.8,0.24,0.22,0.2,34928.0702225611,17489.0117511949
615,1,0.1,0.8,0.34,0.2,53231.1259671786,9850.68312668918
616,0.5,0.38,0.66,0.22,0.2,40751.8685959581,13085.25689189
617,3,0.38,0.8,0.34,0.2,61427.0700851354,12723.4600752311
618,1.5,0.66,0.24,0.1,0.6,35399.0263558442,18981.2973550431
619,0.5,0.24,0.66,0.46,0.6,47485.6933820744,13310.2768337144
620,0.5,0.1,0.66,0.46,0.6,50343.4431645988,10628.0991679107
621,1,0.38,0.1,0.46,0.4,43941.6557029915,13602.0379993393
622,3,0.24,0.66,0.34,0.4,62034.9650769343,11823.4687018676
623,0.5,0.52,0.8,0.34,0.2,42811.2863734154,15155.1021055276
624,1.5,0.38,0.66,0.7,0.2,58705.0436257975,13237.5029910373
625,0.5,0.66,0.52,0.34,0.4,37656.9899476369,18345.0055150332
626,2.5,0.52,0.38,0.34,0.4,51719.6012036177,15320.1894999929
627,2,0.52,0.38,0.1,0.4,42817.5985368574,15359.1124406169
628,1,0.38,0.38,0.1,0.4,38256.4759250242,13687.3586747095
629,3,0.1,0.8,0.46,0.6,68689.196194576,10414.8653079323
630,3,0.66,0.8,0.1,0.2,51440.4392275481,15495.0555011911
631,2.5,0.8,0.8,0.1,0.4,45727.4104659953,19063.8293914682
632,2,0.66,0.52,0.7,0.6,54632.0235037411,18997.0793676153
633,2,0.52,0.8,0.7,0.6,59270.0786091461,17426.8605245575
634,2.5,0.8,0.66,0.46,0.6,51924.488361989,20475.2373815995
635,2,0.24,0.66,0.1,0.6,49584.0822071554,12370.9547912747
636,1,0.66,0.24,0.22,0.4,35740.0285865473,17742.5960856735
637,3,0.1,0.24,0.22,0.2,58544.8228174491,8795.30311880211
638,3,0.8,0.66,0.46,0.4,55660.0168189558,18823.7815805193
639,2.5,0.38,0.8,0.34,0.6,57105.1685061678,15019.0607052756
640,3,0.66,0.1,0.34,0.4,49528.908661346,16594.8012270894
641,2,0.1,0.8,0.22,0.4,57196.9035336254,9841.17752536808
642,2,0.8,0.8,0.22,0.6,44823.8057811549,20703.7057669999
643,3,0.66,0.38,0.7,0.4,60052.0132382304,17114.6751206905
644,3,0.66,0.52,0.46,0.2,57479.8152291255,15487.765257949
645,2,0.24,0.66,0.46,0.2,59241.9176558693,11364.2930100733
646,2.5,0.52,0.24,0.1,0.2,45330.2040662675,13391.6196799215
647,3,0.8,0.52,0.1,0.2,47127.0460777599,16736.0925458116
648,3,0.52,0.66,0.22,0.6,53547.5121656085,16766.8600512268
649,0.5,0.1,0.8,0.46,0.2,51992.1411889235,10131.0332084169
650,0.5,0.38,0.24,0.34,0.4,38882.068164326,13987.6956773416
651,3,0.38,0.1,0.58,0.4,59350.1550625729,13218.624400654
652,2.5,0.52,0.38,0.34,0.2,52632.3852741093,13835.16589797
653,0.5,0.1,0.1,0.46,0.2,45294.2107379652,9124.1204507578
654,3,0.52,0.66,0.7,0.2,65723.8835164365,14423.102680896
655,2,0.1,0.1,0.1,0.2,47710.7128654283,8318.71870042621
656,1,0.38,0.66,0.1,0.2,41565.3106270113,12707.5610650622
657,2.5,0.8,0.52,0.7,0.4,56525.473187778,18945.9568939274
658,1.5,0.66,0.66,0.34,0.6,45173.071032136,19268.0713608098
659,0.5,0.8,0.24,0.7,0.6,39726.885566385,21102.6749506172
660,1,0.66,0.52,0.46,0.4,43972.9341571294,17996.4603834291
661,1,0.52,0.66,0.34,0.6,43824.6918897306,17671.1161149695
662,2,0.52,0.38,0.34,0.2,49553.6987805967,13970.4404702162
663,3,0.1,0.24,0.22,0.2,58544.8228174491,8795.30311880211
664,2.5,0.8,0.52,0.22,0.2,47283.33657454,16970.2753033597
665,2.5,0.38,0.8,0.7,0.4,65430.021052444,14294.3120061687
666,2.5,0.66,0.38,0.1,0.2,44786.8700988702,15205.3797086994
667,2,0.24,0.1,0.34,0.4,50535.9514834839,11157.9763834825
668,2,0.8,0.52,0.34,0.2,47094.6749921237,17226.8315848659
669,0.5,0.8,0.24,0.58,0.6,37379.3007544607,21115.186449638
670,2,0.38,0.24,0.22,0.6,45982.8811117128,14446.2534693826
671,1,0.52,0.66,0.1,0.2,39539.261999513,14554.6520221257
672,2,0.66,0.38,0.58,0.4,51800.8637112641,17391.9899517076
673,2.5,0.66,0.8,0.58,0.6,57652.0049113654,18986.5115371178
674,1,0.24,0.1,0.46,0.2,46850.5586912363,10689.8756319894
675,1.5,0.52,0.38,0.22,0.4,42580.3557135205,15656.0062201879
676,0.5,0.52,0.8,0.58,0.2,48021.4252818724,15295.8382870192
677,1.5,0.8,0.66,0.7,0.6,50688.1737693465,20854.611566067
678,2,0.52,0.38,0.58,0.4,53915.8120916646,15658.1724700623
679,2,0.24,0.66,0.34,0.6,55491.2985669723,12679.1894278227
680,1,0.1,0.38,0.7,0.4,57065.1312696989,10203.3236211107
681,1.5,0.1,0.8,0.1,0.6,50497.868297506,9929.58524089967
682,3,0.24,0.24,0.46,0.2,61406.8397211102,10750.1914638401
683,2.5,0.24,0.52,0.34,0.4,57876.8252045878,11696.3760897114
684,3,0.66,0.8,0.34,0.4,56184.6298805301,17311.2641894398
685,2.5,0.38,0.8,0.7,0.6,64749.9917314347,15323.3445372606
686,0.5,0.8,0.1,0.22,0.2,29736.0855060477,17715.4763355914
687,2,0.8,0.52,0.22,0.4,43248.4798273473,19089.8189699613
688,2,0.8,0.52,0.34,0.6,45112.6762487106,20570.8498957222
689,1,0.38,0.1,0.7,0.4,48993.5295536777,13817.2066621012
690,2.5,0.8,0.1,0.7,0.4,52338.1478997918,18542.2976435044
691,2.5,0.24,0.1,0.22,0.2,51353.5614679576,10148.1273507438
692,2,0.24,0.8,0.22,0.4,54312.3507597209,11924.6684508026
693,2.5,0.1,0.8,0.22,0.2,60623.1857167675,9552.07762867334
694,1.5,0.24,0.1,0.1,0.2,41718.8975565374,10020.6302738024
695,0.5,0.66,0.52,0.7,0.6,44357.1649377438,19715.8443660167
696,1.5,0.24,0.24,0.58,0.2,54572.737192171,11007.5650773042
697,2,0.1,0.66,0.22,0.2,56251.5370758143,9393.01527715045
698,2,0.52,0.38,0.1,0.2,43674.9891019448,13747.7361143279
699,3,0.52,0.66,0.7,0.6,63973.1885661303,17024.5732992376
700,2,0.24,0.24,0.34,0.6,51516.5490875636,12132.7168517922
701,2,0.1,0.8,0.7,0.2,68018.5213485546,10391.1593403717
702,3,0.52,0.1,0.22,0.6,48057.0802568021,16154.552679638
703,2,0.38,0.8,0.58,0.2,60684.3053849496,13183.876982351
704,1.5,0.1,0.66,0.46,0.4,58224.8309299706,10129.2422505163
705,3,0.8,0.8,0.46,0.4,56839.215948312,18919.500511345
706,0.5,0.52,0.1,0.7,0.4,42887.7881914363,16099.0731064907
707,1.5,0.8,0.24,0.1,0.4,34393.8931589321,19155.3668524055
708,1,0.1,0.52,0.34,0.6,50332.762392771,10101.0724321829
709,3,0.24,0.8,0.46,0.4,65893.4215142523,12155.4256965444
710,1,0.52,0.1,0.1,0.6,32417.5935838342,17121.7405095269
711,0.5,0.8,0.8,0.22,0.2,36611.0752137624,18352.9204166352
712,3,0.52,0.38,0.34,0.4,54584.5176316963,15175.5615185756
713,2,0.24,0.8,0.22,0.2,54840.6050963407,11158.4613087338
714,1.5,0.52,0.24,0.7,0.4,51686.1287839106,15748.2887513517
715,0.5,0.1,0.1,0.46,0.6,44826.1584844919,9810.27018383521
716,0.5,0.24,0.8,0.7,0.2,54666.5889587161,12105.1545727581
717,1.5,0.8,0.52,0.58,0.6,47075.2240701801,20775.3444125079
718,1,0.1,0.8,0.34,0.6,52779.7158543486,10461.7393940158
719,0.5,0.24,0.24,0.7,0.6,48513.6541867599,13006.2718903786
720,0.5,0.38,0.52,0.46,0.4,44381.438569099,14427.0910755622
721,2,0.8,0.52,0.46,0.4,48661.1833069773,19096.2745221842
722,1.5,0.66,0.66,0.7,0.4,53573.5539724907,17904.6491978926
723,2.5,0.66,0.8,0.34,0.6,52506.8046659109,18935.633486255
724,2,0.24,0.1,0.46,0.4,53281.6229685125,11331.4011240965
725,0.5,0.66,0.1,0.22,0.2,31355.4175704513,16046.3241490123
726,1.5,0.38,0.52,0.7,0.2,57463.3603117336,13071.4985195195
727,1.5,0.52,0.1,0.46,0.2,46048.8147170826,13872.5303315016
728,2,0.66,0.66,0.34,0.4,49195.7695562679,17578.6663422256
729,2.5,0.8,0.66,0.22,0.4,47459.7681862972,18972.1455220357
730,2.5,0.24,0.1,0.22,0.6,50282.2877418998,11664.2191138113
731,0.5,0.52,0.1,0.7,0.4,42887.7881914363,16099.0731064907
732,1.5,0.52,0.24,0.34,0.4,43993.6362488077,15539.005931001
733,2.5,0.52,0.66,0.34,0.2,55207.9708920901,14168.2077644806
734,2,0.66,0.24,0.1,0.6,38565.9099352788,18711.6839747282
735,1,0.52,0.24,0.1,0.6,33965.5151576402,17279.0760773059
736,0.5,0.24,0.1,0.7,0.6,47011.4905544181,12803.4985221083
737,3,0.1,0.66,0.1,0.2,59410.5523355455,9151.33164120124
738,1,0.8,0.52,0.58,0.2,45654.4021991145,17797.9386995646
739,1,0.1,0.1,0.1,0.4,40245.928971027,8704.85205341319
740,1.5,0.52,0.1,0.46,0.6,44410.6283182082,16836.3095914695
741,3,0.1,0.24,0.22,0.6,58069.9954584629,9231.39954657066
742,3,0.1,0.1,0.34,0.2,59973.4018963161,8802.45529975203
743,2,0.66,0.1,0.1,0.4,37838.5490470511,16963.7187688475
744,1.5,0.24,0.8,0.1,0.2,48487.0149415349,11012.6929590166
745,3,0.52,0.1,0.1,0.4,45799.2940861831,14624.9092160141
746,0.5,0.8,0.52,0.58,0.6,40136.496444701,21242.6786567293
747,1.5,0.8,0.24,0.22,0.4,37331.546384479,19119.3623028975
748,2,0.8,0.66,0.34,0.4,47287.6658957646,19188.6699637704
749,2,0.38,0.24,0.7,0.2,58019.4573482188,12631.0698602287
750,3,0.24,0.8,0.7,0.2,71418.6986302457,11820.7711562739
751,1,0.52,0.66,0.34,0.2,45373.9805204132,14724.8809762865
752,2.5,0.24,0.8,0.58,0.2,66092.4658746707,11666.9583931278
753,1.5,0.66,0.66,0.7,0.2,54563.3268420243,16279.0841178348
754,3,0.1,0.1,0.7,0.2,67725.3037737194,9443.74054470417
755,0.5,0.24,0.38,0.7,0.6,49925.0930033441,13193.457410697
756,1,0.66,0.52,0.1,0.4,35594.8609682036,18019.7133862035
757,0.5,0.1,0.38,0.34,0.6,44985.7320234461,10053.7551541434
758,2.5,0.8,0.52,0.1,0.4,43254.0049152175,18873.0223174291
759,2,0.66,0.24,0.46,0.2,48857.2109015432,15450.0612079074
760,1.5,0.38,0.1,0.58,0.2,50810.3463462351,12349.9089902593
761,2,0.8,0.38,0.46,0.4,47330.4770402828,18982.5497872686
762,2,0.66,0.8,0.58,0.4,55557.1109842761,17759.3854145521
763,2,0.1,0.24,0.46,0.2,57945.5338504987,9237.17034532413
764,3,0.38,0.66,0.7,0.4,67137.0914515906,14063.8082692881
765,1,0.24,0.1,0.1,0.4,37567.7033444461,11001.6072559591
766,1.5,0.24,0.66,0.46,0.4,55423.1964678251,12163.7524313836
767,1,0.24,0.1,0.1,0.6,37096.5234502513,11899.3973993547
768,2.5,0.24,0.8,0.1,0.6,53902.9735286515,12418.6945191274
769,2.5,0.24,0.1,0.34,0.4,53694.1533385936,11096.008646638
770,2,0.52,0.66,0.7,0.6,58095.2224073977,17314.6259196328
771,2,0.8,0.66,0.46,0.4,49917.9785262641,19194.4080980696
772,1,0.24,0.1,0.22,0.2,41169.0615259092,10320.9823022687
773,1.5,0.8,0.66,0.22,0.4,41389.4232460392,19442.5499807199
774,2.5,0.1,0.1,0.7,0.6,64277.8705680443,9879.32064121348
775,1,0.38,0.38,0.22,0.4,41296.5311383647,13786.3208358463
776,0.5,0.24,0.38,0.7,0.2,50899.8892840477,11569.2203659904
777,3,0.1,0.38,0.58,0.4,67827.1011746758,9906.96496512545
778,2,0.1,0.24,0.22,0.6,51831.1696705905,9309.6733137061
779,2,0.8,0.38,0.7,0.6,51269.6788438144,20505.7445230758
780,1,0.38,0.52,0.7,0.4,53220.8184495605,14370.8037700089
781,1,0.52,0.38,0.22,0.2,39901.2541337807,14302.9061783943
782,1.5,0.52,0.1,0.34,0.4,42476.2464163254,15359.0972579122
783,1,0.1,0.1,0.22,0.2,43610.6526180002,8613.82651450631
784,1,0.38,0.1,0.46,0.4,43941.6557029915,13602.0379993393
785,2,0.8,0.52,0.1,0.6,39453.6295018891,20591.3679990705
786,1.5,0.66,0.1,0.46,0.6,42285.1541870457,18804.6030845745
787,1,0.1,0.1,0.34,0.4,46315.710090697,9163.99211582846
788,2.5,0.24,0.38,0.58,0.2,62413.3536167727,11151.5076179736
789,1,0.24,0.52,0.34,0.2,48358.6278311529,11124.5976859058
790,3,0.24,0.24,0.22,0.6,54725.7722483531,11811.5840754064
791,3,0.8,0.8,0.1,0.6,47589.0776426602,20371.6169612742
792,1.5,0.52,0.52,0.46,0.2,50303.2718019702,14436.3510556465
793,0.5,0.24,0.1,0.58,0.6,44534.1620854459,12679.6750363208
794,2.5,0.1,0.66,0.7,0.6,69568.1656456854,10661.2051148798
795,1.5,0.66,0.24,0.58,0.4,47177.9831203099,17464.9328900669
796,1.5,0.8,0.24,0.7,0.2,48736.3446439978,17273.6353128157
797,3,0.66,0.24,0.22,0.2,49234.5638671427,14949.1038827486
798,2.5,0.24,0.24,0.46,0.4,57902.2886143335,11482.1629637425
799,2,0.66,0.8,0.22,0.4,47595.9888359717,17662.1859013572
800,2.5,0.8,0.66,0.1,0.6,43640.1016951756,20466.5920453031
801,3,0.8,0.24,0.58,0.6,53250.9154486213,20055.7837133628
802,2.5,0.66,0.66,0.58,0.4,57371.4203817035,17465.8014952586
803,1,0.8,0.24,0.58,0.4,41869.9738122463,19366.9843346944
804,3,0.52,0.66,0.46,0.2,60766.9203196057,14177.5568102006
805,1.5,0.24,0.38,0.46,0.2,53373.4097264553,11027.1398128288
806,2,0.38,0.24,0.34,0.2,50260.7696544369,12178.8411408381
807,0.5,0.66,0.66,0.22,0.6,35436.1088063699,19837.5923520755
808,3,0.8,0.38,0.1,0.6,43794.1036682888,20135.593933971
809,3,0.24,0.24,0.34,0.6,57604.0331852242,11981.752657339
810,1.5,0.52,0.1,0.58,0.2,48627.7368683533,13982.2021052657
811,2,0.52,0.38,0.1,0.4,42817.5985368574,15359.1124406169
812,2.5,0.1,0.52,0.34,0.6,60632.5688625344,9890.29101183548
813,2,0.8,0.66,0.22,0.6,43625.6513273386,20642.2534543277
814,1.5,0.38,0.1,0.1,0.4,38808.4221018588,13065.5616937276
815,2,0.24,0.24,0.22,0.2,49667.7114342085,10411.5003046147
816,1,0.52,0.8,0.22,0.4,42956.1742982515,16378.3162750318
817,0.5,0.8,0.8,0.1,0.6,32085.3391596115,21366.0787589451
818,1.5,0.66,0.66,0.22,0.6,42401.829852421,19278.5818977042
819,2.5,0.24,0.8,0.34,0.4,60290.3257139238,12029.0951342342
820,2,0.1,0.8,0.1,0.6,53917.982741692,9855.65417757921
821,3,0.8,0.24,0.7,0.2,57802.4438324944,16732.1951949863
822,2.5,0.1,0.1,0.22,0.4,53811.0099971076,8822.69527275159
823,3,0.24,0.8,0.22,0.2,60914.9279328603,11085.7047449632
824,2.5,0.38,0.38,0.1,0.4,48122.6758563582,13159.507575958
825,2,0.1,0.52,0.46,0.4,60390.7418107261,9915.84290217311
826,2.5,0.8,0.38,0.1,0.6,41030.1779271301,20294.9662846262
827,2.5,0.1,0.24,0.58,0.4,63494.2572924024,9704.55407711414
828,2,0.52,0.1,0.7,0.4,53467.2098487872,15384.4414246497
829,3,0.52,0.8,0.58,0.2,64475.3455828369,14446.5220465581
830,3,0.1,0.1,0.7,0.6,67257.0644337703,9861.54742405202
831,2,0.24,0.66,0.46,0.4,58708.3824185826,12103.3808190113
832,2,0.38,0.8,0.34,0.4,54700.6311855962,14052.9102054953
833,1.5,0.8,0.38,0.46,0.2,45218.0580811563,17346.9963583419
834,1.5,0.8,0.24,0.7,0.4,47656.1967191515,19106.2770755157
835,0.5,0.8,0.8,0.46,0.4,41002.5193643046,20069.7655508691
836,2.5,0.66,0.24,0.7,0.4,55833.0231821699,17109.8908360558
837,2.5,0.66,0.66,0.58,0.6,56475.7829958726,18893.8357093992
838,0.5,0.38,0.52,0.46,0.2,45046.4107328912,13153.0224638722
839,0.5,0.38,0.52,0.58,0.4,46946.4099479897,14511.9736653684
840,2.5,0.8,0.38,0.46,0.6,49352.9740533606,20305.5793259875
841,3,0.38,0.52,0.46,0.4,60935.2032687133,13643.9069249727
842,0.5,0.1,0.66,0.46,0.6,50343.4431645988,10628.0991679107
843,1.5,0.66,0.66,0.22,0.2,44147.3058344584,16034.0914867366
844,1.5,0.1,0.8,0.58,0.2,62205.7264375012,10211.8675151775
845,1.5,0.38,0.24,0.7,0.2,54756.3574900255,12694.4417466727
846,2.5,0.38,0.52,0.22,0.2,53242.1980340775,12305.6984235931
847,0.5,0.24,0.1,0.22,0.6,36258.4944165266,12301.9993924163
848,1,0.1,0.8,0.58,0.2,58554.417511744,10253.0579257559
849,2,0.52,0.24,0.1,0.2,42241.8106952152,13562.0118290779
850,3,0.52,0.8,0.7,0.4,65941.0961743128,15899.8808328446
851,1,0.8,0.66,0.1,0.2,36087.2464535072,17895.5295045762
852,2,0.52,0.66,0.1,0.6,44701.9508005878,17110.9094031235
853,1,0.38,0.66,0.1,0.4,40908.4244508125,14027.3737820762
854,2.5,0.52,0.66,0.34,0.6,53516.2748192833,16978.381196035
855,1,0.38,0.52,0.22,0.4,42651.3763834603,13960.875101194
856,3,0.24,0.24,0.7,0.6,65338.2572457531,12470.4635953717
857,3,0.1,0.8,0.1,0.6,60113.9427001763,9763.12629628649
858,1.5,0.66,0.52,0.7,0.2,53312.9302472701,16138.9269181632
859,2.5,0.38,0.8,0.58,0.2,63769.4788121324,13097.0179653737
860,3,0.52,0.52,0.58,0.6,60332.4545728199,16824.209398056
861,1,0.52,0.52,0.1,0.2,38249.4006022718,14396.2661371649
862,1.5,0.1,0.38,0.22,0.6,49792.8903079718,9591.09021051224
863,3,0.24,0.66,0.22,0.6,58674.9437905259,12359.3187674291
864,1.5,0.8,0.38,0.34,0.6,40653.1248233425,20684.4947157345
865,0.5,0.1,0.24,0.46,0.4,46560.8228419289,9700.92792851824
866,2,0.24,0.1,0.22,0.6,47120.5587875181,11758.974540829
867,0.5,0.38,0.66,0.46,0.6,45040.0407078147,15769.1797225171
868,1,0.38,0.1,0.1,0.6,34653.5719351508,14608.2481333369
869,3,0.8,0.1,0.1,0.6,40864.8888184858,19910.5544408623
870,0.5,0.38,0.24,0.7,0.2,47318.0178554657,13023.7440906881
871,1,0.24,0.8,0.22,0.4,47450.5245415648,12135.9667718071
872,1.5,0.1,0.1,0.46,0.6,52579.2304726952,9576.20137259362
873,1.5,0.24,0.52,0.1,0.4,45506.9053091179,11476.1754698725
874,1.5,0.52,0.66,0.7,0.2,56534.554102182,14800.5056806909
875,2,0.1,0.52,0.34,0.4,57663.2433680993,9704.75012814139
876,1.5,0.52,0.52,0.1,0.6,40210.7632906605,17231.5952774431
877,3,0.24,0.52,0.58,0.6,65557.7464278656,12677.0074349361
878,1.5,0.8,0.52,0.34,0.2,43909.3261375647,17474.6729138124
879,2.5,0.52,0.8,0.46,0.6,57364.5782360605,17144.0685284129
880,3,0.24,0.1,0.34,0.4,56646.4718628487,11052.9825837519
881,0.5,0.52,0.24,0.34,0.4,36739.2453636007,16177.625012558
882,1.5,0.1,0.66,0.46,0.6,58002.3945339912,10386.9173818325
883,1.5,0.66,0.52,0.1,0.2,39889.0730295145,15840.2521729586
884,3,0.24,0.1,0.7,0.2,64979.1344600778,10900.8604375157
885,2.5,0.52,0.24,0.46,0.6,52217.9141836185,16597.8030760046
886,1,0.52,0.24,0.22,0.6,36949.382664695,17270.7568612605
887,3,0.38,0.52,0.7,0.4,65915.2932429256,13904.3915350167
888,3,0.24,0.8,0.34,0.6,62697.5816852509,12679.3909243326
889,2.5,0.24,0.24,0.1,0.6,48712.1496550877,11701.3026181329
890,0.5,0.52,0.52,0.7,0.2,47977.6543131517,15078.4013662572
891,2.5,0.38,0.1,0.58,0.4,56442.3359509024,13307.1707244974
892,3,0.8,0.66,0.1,0.2,48393.2833776242,16871.1771555622
893,2,0.24,0.1,0.34,0.6,50023.6138394168,11921.4534992617
894,1,0.24,0.66,0.58,0.2,54930.8746487723,11651.7998496541
895,2,0.8,0.8,0.1,0.2,43823.8175336107,17419.5462450561
896,1,0.52,0.24,0.58,0.6,44989.1693063178,17303.6191331564
897,2,0.52,0.52,0.46,0.4,52688.258226217,15732.8376112496
898,3,0.52,0.38,0.7,0.4,62251.4158730351,15465.9919854906
899,0.5,0.52,0.38,0.46,0.6,40141.9359161518,17762.3669587271
900,0.5,0.8,0.66,0.58,0.2,43248.7009197001,18236.6556671877
901,1.5,0.1,0.8,0.1,0.4,50719.2955303642,9658.11188837367
902,1.5,0.24,0.24,0.58,0.2,54572.737192171,11007.5650773042
903,1.5,0.8,0.1,0.7,0.4,46160.1003256135,18971.4853353289
904,3,0.52,0.38,0.22,0.4,51741.0935832954,15084.5491194058
905,2.5,0.66,0.52,0.7,0.6,57628.3471517637,18824.4467303481
906,2.5,0.8,0.24,0.7,0.6,52843.0360817623,20232.7295623436
907,0.5,0.66,0.24,0.7,0.6,41602.6067962885,19520.3213657458
908,2,0.66,0.38,0.7,0.4,54212.3016895752,17438.0501187116
909,2.5,0.1,0.38,0.1,0.2,53844.5318832221,8758.04887456831
910,1.5,0.1,0.1,0.46,0.2,53042.9740779263,9022.09941371001
911,2,0.52,0.8,0.34,0.4,52454.4219559304,15929.4977782475
912,0.5,0.38,0.66,0.34,0.6,42357.072690142,15708.9813417869
913,2,0.66,0.66,0.46,0.4,51851.2261149431,17608.1079392717
914,0.5,0.38,0.52,0.34,0.6,41076.6169668059,15569.3461964178
915,1.5,0.38,0.24,0.34,0.6,45615.1502544938,14682.9005169323
916,0.5,0.52,0.66,0.34,0.2,41598.0367628058,15005.5296697144
917,2.5,0.8,0.66,0.7,0.2,58912.8062111089,17314.4621180776
918,1.5,0.24,0.8,0.22,0.4,51024.7553659899,11997.5865696358
919,3,0.66,0.8,0.7,0.6,62844.9408842499,18883.3594999914
920,2,0.8,0.66,0.22,0.2,45566.3114050934,17321.8305197323
921,3,0.8,0.38,0.34,0.6,49502.6341482965,20135.8463113545
922,0.5,0.24,0.24,0.1,0.6,34717.3464801249,12386.7649010202
923,3,0.24,0.38,0.1,0.2,54147.7244296478,10344.017620812
924,1.5,0.38,0.24,0.22,0.2,44099.27057446,12117.9149923962
925,2.5,0.66,0.38,0.46,0.4,52274.1770178235,17146.7737348098
926,0.5,0.52,0.52,0.46,0.6,41491.7862615274,17883.2059155092
927,1,0.24,0.24,0.58,0.6,49952.6093086284,12662.9460365668
928,2,0.52,0.66,0.1,0.2,46298.346749525,14097.3892784346
929,2,0.38,0.8,0.58,0.4,59944.4846833336,14287.0635977932
930,3,0.52,0.24,0.46,0.2,56829.8173351026,13661.2624811068
931,2,0.24,0.52,0.7,0.6,61977.6315720528,12952.7385854413
932,3,0.66,0.66,0.34,0.4,55001.8963477223,17195.4118020434
933,0.5,0.52,0.66,0.46,0.4,43484.6097876363,16651.4444814395
934,2,0.8,0.8,0.22,0.4,45718.7009605972,19272.3334743313
935,1.5,0.52,0.52,0.46,0.6,48668.7933353222,17295.4915153388
936,2,0.52,0.24,0.1,0.6,40643.8360869815,16682.3552919781
937,3,0.24,0.8,0.1,0.2,57890.3667380848,10880.714216908
938,2.5,0.24,0.1,0.22,0.6,50282.2877418998,11664.2191138113
939,3,0.38,0.1,0.1,0.2,48898.4493675288,11455.878071335
940,0.5,0.1,0.8,0.1,0.2,43246.6509496165,9489.93483045373
941,2.5,0.8,0.8,0.22,0.6,47744.3722134891,20531.2244863767
942,1,0.8,0.24,0.46,0.2,40371.8129785989,17491.1978594006
943,1,0.1,0.1,0.58,0.6,51488.9227582856,9871.89603420245
944,2.5,0.38,0.38,0.46,0.2,57498.0274302771,12443.1905681122
945,1,0.52,0.24,0.58,0.4,45750.9722043423,15917.710517018
946,2,0.52,0.1,0.7,0.6,52661.2716375676,16731.2414946238
947,1,0.66,0.66,0.46,0.6,44413.5077358803,19526.6245256605
948,3,0.24,0.24,0.46,0.6,60322.544194481,12155.7566861149
949,3,0.1,0.66,0.22,0.2,62446.7831501539,9386.3739972186
950,3,0.1,0.24,0.1,0.6,55006.0228977842,8994.30059867921
951,3,0.1,0.1,0.7,0.4,67483.3805030605,9684.56779676223
952,2,0.66,0.1,0.1,0.6,37038.9233532455,18576.7718263683
953,2.5,0.38,0.38,0.7,0.6,61053.4296931413,14880.3811374894
954,1.5,0.38,0.52,0.58,0.4,54300.3179553002,14089.3131101241
955,1.5,0.38,0.38,0.7,0.6,54748.1331662948,15125.21727519
956,2,0.66,0.38,0.7,0.2,55235.1683934323,15797.9782828867
957,0.5,0.24,0.38,0.1,0.2,37085.250696228,10729.8134469771
958,2,0.8,0.8,0.58,0.4,53603.9380577463,19301.1261572063
959,0.5,0.8,0.8,0.34,0.4,38419.3664515558,20092.4389618552
960,1,0.66,0.8,0.7,0.4,51335.4507316825,18259.2639221289
961,3,0.66,0.38,0.1,0.4,46618.707079732,16839.2449735397
962,1,0.38,0.38,0.34,0.4,44162.7701231953,13885.5404534127
963,1,0.24,0.38,0.7,0.4,54312.9812344988,12218.2646978389
964,2.5,0.52,0.66,0.1,0.2,49362.8100789334,13929.8527479047
965,1,0.38,0.52,0.34,0.4,45509.2361718086,14056.9540147697
966,3,0.52,0.24,0.58,0.4,58442.4969195525,15198.3418519196
967,2,0.24,0.8,0.46,0.2,60414.767559095,11527.2243370185
968,2,0.24,0.52,0.34,0.4,54747.3613797271,11763.8482437016
969,1,0.24,0.1,0.22,0.6,40188.5065120798,12044.2995075245
970,0.5,0.38,0.1,0.34,0.2,38004.2607931401,12441.8238885461
971,0.5,0.8,0.38,0.1,0.6,28223.9911536544,21244.8869019316
972,1,0.38,0.1,0.1,0.2,35921.4714626516,11925.9335135508
973,1.5,0.38,0.52,0.34,0.6,48374.3545198233,15027.6252805746
974,0.5,0.24,0.24,0.34,0.4,41165.3031926124,11753.2103666231
975,3,0.52,0.66,0.7,0.6,63973.1885661303,17024.5732992376
976,1,0.38,0.66,0.1,0.4,40908.4244508125,14027.3737820762
977,2,0.66,0.38,0.34,0.6,45744.756099993,18818.0234084391
978,1.5,0.52,0.66,0.7,0.6,54864.1661430374,17501.2074999982
979,1,0.8,0.24,0.34,0.4,36744.3501713553,19400.0851221203
980,2,0.38,0.24,0.34,0.2,50260.7696544369,12178.8411408381
981,1,0.1,0.8,0.1,0.2,47255.644247473,9410.07358895892
982,0.5,0.24,0.38,0.7,0.4,50401.5965093133,12385.3801975849
983,2.5,0.52,0.1,0.22,0.4,45950.0876326692,14871.9586949862
984,1.5,0.24,0.66,0.58,0.2,58517.4667007748,11571.8892213255
985,1.5,0.8,0.38,0.1,0.4,35835.6367110449,19266.3897032832
986,1.5,0.8,0.24,0.22,0.2,38330.1505193783,17161.7828114649
987,0.5,0.8,0.1,0.7,0.6,38223.1671756916,21021.742880497
988,2.5,0.38,0.8,0.7,0.6,64749.9917314347,15323.3445372606
989,2,0.1,0.24,0.22,0.2,52296.4966668177,8792.71046427464
990,1.5,0.52,0.52,0.46,0.4,49442.3830866739,15933.011359341
991,0.5,0.1,0.24,0.7,0.2,51914.5187625514,9754.42255068225
992,1.5,0.8,0.1,0.1,0.4,32856.8418175633,19024.9263130037
993,0.5,0.66,0.66,0.1,0.4,33259.7013702168,18504.5376938607
994,1,0.38,0.66,0.58,0.2,52734.7976302544,13241.9098284564
995,2.5,0.24,0.38,0.22,0.4,53685.1716868354,11329.965006724
996,0.5,0.38,0.24,0.46,0.4,41600.6526790058,14073.9502665165
997,3,0.38,0.1,0.46,0.6,56092.5327854623,14188.5737462747
998,2.5,0.66,0.52,0.46,0.6,52714.4577665877,18759.0854903391
999,2,0.1,0.38,0.1,0.2,50611.7509136188,8765.75418034127
1000,1,0.24,0.24,0.46,0.6,47354.8593907605,12532.3454565967
1001,1,0.8,0.24,0.7,0.6,43342.7734578121,20827.1638583452
1002,1,0.8,0.1,0.46,0.4,37853.5781264952,19251.8771648981
1003,1,0.8,0.8,0.46,0.2,45618.2933906092,18005.5396886624
1004,2.5,0.1,0.1,0.1,0.2,50965.9624886469,8314.52149476658
1005,1,0.1,0.24,0.1,0.2,42004.8591421763,8611.74220322867
1006,2,0.1,0.8,0.22,0.4,57196.9035336254,9841.17752536808
1007,1,0.38,0.38,0.34,0.2,44846.5805448011,12617.6116860139
1008,2,0.1,0.1,0.46,0.2,56481.0695000889,9015.19447810006
1009,0.5,0.24,0.24,0.46,0.4,43913.932302633,11900.4610104971
1010,2,0.8,0.24,0.1,0.2,38543.8839090299,16869.5832830803
1011,2,0.66,0.66,0.7,0.6,55875.888463879,19099.87977999
1012,1,0.38,0.1,0.22,0.4,38323.0949770568,13396.2140604188
1013,1,0.38,0.38,0.1,0.2,38916.1106315115,12341.7622403148
1014,3,0.24,0.52,0.1,0.2,55465.6927072531,10533.5431639868
1015,2.5,0.52,0.66,0.58,0.6,58718.1585908396,17091.2180349735
1016,3,0.66,0.1,0.22,0.4,46688.4581975363,16545.4226803352
1017,2,0.8,0.52,0.1,0.4,40314.9444628658,19109.1916889575
1018,1,0.8,0.66,0.46,0.2,44416.3367702042,17899.1614926027
1019,1,0.8,0.24,0.58,0.6,40979.0988087264,20831.3277284811
1020,0.5,0.38,0.8,0.22,0.6,40743.2026675064,15805.9626749723
1021,1.5,0.1,0.38,0.34,0.4,52928.1617071882,9540.91985095525
1022,0.5,0.1,0.52,0.58,0.2,52152.684983158,9965.93125776576
1023,0.5,0.66,0.1,0.22,0.6,29808.7950338738,19477.7760411386
1024,1.5,0.8,0.24,0.58,0.4,45262.9430782606,19097.330452504
1025,2.5,0.38,0.8,0.34,0.4,57773.1100064781,13919.9579511546
1026,1.5,0.1,0.52,0.58,0.6,59353.747621381,10401.4301962775
1027,2.5,0.1,0.38,0.1,0.6,53376.7499949697,9237.34741883873
1028,2,0.52,0.24,0.58,0.4,52515.0111263525,15481.8348170517
1029,2.5,0.1,0.8,0.34,0.4,63251.4502900071,10033.635637987
1030,2.5,0.8,0.52,0.7,0.2,57672.8693280869,17186.7263802756
1031,2.5,0.38,0.66,0.58,0.2,62602.823395523,12943.6015040668
1032,1,0.52,0.24,0.46,0.4,43194.4585615836,15863.1032879486
1033,2,0.1,0.24,0.22,0.6,51831.1696705905,9309.6733137061
1034,2,0.1,0.52,0.7,0.2,65648.1371708943,10050.1246999117
1035,2,0.8,0.8,0.46,0.4,51107.7615125693,19283.0281119717
1036,0.5,0.24,0.1,0.22,0.2,37196.0583498769,10469.6738747171
1037,1.5,0.8,0.52,0.22,0.6,39251.5175602149,20773.2494275364
1038,1.5,0.38,0.24,0.34,0.4,46270.8215654823,13494.6151186724
1039,3,0.8,0.66,0.46,0.2,56813.9070339405,17034.6963364035
1040,2.5,0.24,0.8,0.58,0.2,66092.4658746707,11666.9583931278
1041,1,0.38,0.24,0.34,0.2,43419.2475864869,12422.014248961
1042,3,0.1,0.66,0.34,0.4,65063.674605995,9852.62733612956
1043,2.5,0.24,0.1,0.22,0.2,51353.5614679576,10148.1273507438
1044,2.5,0.66,0.8,0.58,0.6,57652.0049113654,18986.5115371178
1045,1,0.66,0.24,0.46,0.4,41203.0117149385,17731.7284430131
1046,3,0.66,0.8,0.46,0.6,57949.1725195686,18801.7575982119
1047,3,0.1,0.38,0.7,0.4,70260.3073999136,10104.8303422882
1048,2,0.8,0.38,0.46,0.6,46400.2025294555,20484.9585225949
1049,3,0.66,0.1,0.7,0.6,56288.7081023191,18270.3745236724
1050,1.5,0.24,0.66,0.1,0.4,46779.0976154409,11663.0082736433
1051,1,0.1,0.38,0.22,0.2,46539.2292541232,9069.27825482623
1052,2.5,0.66,0.1,0.7,0.2,55408.8831831433,15280.96243098
1053,1.5,0.24,0.24,0.34,0.2,49229.5801663377,10645.2929028555
1054,1,0.24,0.8,0.7,0.6,57566.1273996373,13489.2272893775
1055,1.5,0.1,0.52,0.46,0.6,56762.1407639627,10208.083527523
1056,0.5,0.66,0.8,0.58,0.4,45266.105871351,18550.0836705875
1057,1.5,0.1,0.52,0.34,0.6,54023.0945247867,10004.502455873
1058,2.5,0.52,0.8,0.1,0.2,50560.9653247639,14078.568646822
1059,0.5,0.8,0.38,0.7,0.6,41141.1710357673,21174.6244768857
1060,1.5,0.24,0.66,0.7,0.2,60963.4467174687,11738.8130728394
1061,1.5,0.24,0.1,0.46,0.6,49453.1338533383,12163.7019585875
1062,0.5,0.66,0.66,0.58,0.6,43254.4037366733,19816.8758009348
1063,2.5,0.1,0.66,0.22,0.4,59216.7072676007,9641.5151129329
1064,2,0.1,0.8,0.34,0.6,59849.7224615882,10285.7954738562
1065,2,0.66,0.24,0.1,0.2,40318.2891209061,15242.3732112358
1066,0.5,0.66,0.1,0.7,0.4,40909.1365221202,17938.0229010678
1067,1,0.38,0.8,0.7,0.2,56357.1131992387,13523.8212546085
1068,1.5,0.52,0.8,0.22,0.4,46409.5934168197,16088.3871740603
1069,0.5,0.66,0.66,0.7,0.4,46447.9033808825,18463.1577170398
1070,1.5,0.38,0.52,0.22,0.4,46168.1955993297,13744.8367507223
1071,0.5,0.1,0.66,0.46,0.4,50567.4259787658,10295.5794656163
1072,2.5,0.52,0.66,0.34,0.4,54298.8720714993,15626.4810894913
1073,0.5,0.1,0.1,0.46,0.6,44826.1584844919,9810.27018383521
1074,2,0.52,0.38,0.7,0.4,56343.856838247,15740.1794309801
1075,3,0.1,0.52,0.58,0.4,69105.1743118559,10094.7969993725
1076,3,0.38,0.52,0.22,0.6,54721.1335858268,14502.3147234419
1077,1.5,0.8,0.38,0.58,0.6,45747.3067378422,20678.8163501176
1078,2,0.52,0.8,0.22,0.6,48874.4893996761,17241.5399170628
1079,3,0.1,0.66,0.22,0.2,62446.7831501539,9386.3739972186
1080,0.5,0.8,0.66,0.58,0.4,42263.4751601018,19984.2340736419
1081,1,0.66,0.24,0.1,0.6,32033.1924743685,19280.8754695991
1082,3,0.1,0.24,0.34,0.4,61181.1732679131,9268.55832775367
1083,0.5,0.24,0.24,0.1,0.6,34717.3464801249,12386.7649010202
1084,0.5,0.52,0.8,0.58,0.4,47215.7129650606,16802.5464568134
1085,1,0.66,0.52,0.22,0.6,37757.622391451,19453.2507990445
1086,1.5,0.24,0.24,0.22,0.4,45807.0689009888,11260.4605407066
1087,0.5,0.1,0.52,0.1,0.2,40749.0151530655,9123.79589976597
1088,1.5,0.1,0.66,0.7,0.6,63038.5715739811,10764.8503508115
1089,1,0.1,0.8,0.1,0.2,47255.644247473,9410.07358895892
1090,0.5,0.66,0.66,0.7,0.6,45620.2539168866,19816.1121633852
1091,0.5,0.24,0.24,0.7,0.2,49492.5057048518,11372.2021443998
1092,1,0.1,0.24,0.7,0.2,55913.6403338282,9688.980279466
1093,1.5,0.24,0.24,0.22,0.6,45313.1327020987,12075.4231240449
1094,0.5,0.8,0.52,0.58,0.2,41976.6368577051,18108.712174574
1095,2.5,0.38,0.66,0.34,0.4,56592.1030097693,13771.2118116872
1096,1,0.52,0.66,0.22,0.6,41026.431121748,17667.2534648568
1097,2,0.8,0.8,0.34,0.2,49554.1474755001,17463.8317733665
1098,0.5,0.24,0.66,0.58,0.2,51023.5844345503,11788.1154491398
1099,2,0.38,0.52,0.46,0.6,54289.476770056,14977.5600842966
1100,3,0.66,0.66,0.7,0.6,61678.7023304446,18785.0714462994
1101,1.5,0.1,0.38,0.46,0.6,55449.84998452,10010.4124052976
1102,1.5,0.52,0.8,0.1,0.6,42703.2367697905,17471.7758436556
1103,1.5,0.66,0.66,0.1,0.2,41172.9296004035,15995.7624878224
1104,2.5,0.66,0.1,0.58,0.6,51035.1070531085,18392.9284867121
1105,1.5,0.52,0.38,0.58,0.4,50660.8946726799,15841.666023062
1106,3,0.66,0.1,0.58,0.2,55845.405096319,15053.4828623361
1107,3,0.38,0.24,0.34,0.4,55532.2046768222,13140.9775039463
1108,2,0.52,0.52,0.46,0.6,51901.8280015839,17084.0979300893
1109,0.5,0.52,0.8,0.46,0.6,43972.4930473313,18105.9500268398
1110,1.5,0.24,0.24,0.34,0.4,48708.2845844392,11434.688951668
1111,3,0.52,0.38,0.58,0.4,59827.7224565789,15367.3675387716
1112,1,0.38,0.52,0.1,0.6,39016.540393948,15135.3374889032
1113,2.5,0.1,0.24,0.46,0.6,60683.9665442309,9697.11572997636
1114,0.5,0.38,0.38,0.46,0.2,43699.0581049562,12971.5521477654
1115,2.5,0.38,0.24,0.7,0.4,60360.0902903076,13638.4815617527
1116,0.5,0.38,0.1,0.58,0.6,42037.1586608827,15170.3733599496
1117,1.5,0.66,0.1,0.1,0.6,33864.5817343958,18853.4240222854
1118,2.5,0.38,0.66,0.1,0.6,50071.3586116908,14684.3833185368
1119,0.5,0.52,0.1,0.1,0.6,28713.6873873224,17521.4826094037
1120,2,0.52,0.24,0.46,0.6,49166.4607647878,16781.1171760868
1121,1,0.66,0.38,0.46,0.2,43555.633436912,16100.9964651672
1122,1,0.8,0.66,0.1,0.4,35160.7965374918,19744.8492646955
1123,1,0.52,0.1,0.34,0.2,39791.0447287532,14008.3926263403
1124,0.5,0.1,0.38,0.58,0.4,50592.130471555,10107.3616401934
1125,1,0.1,0.66,0.58,0.6,56925.70531253,10674.1025227044
1126,3,0.1,0.8,0.7,0.4,73875.9126308239,10625.7690917877
1127,1.5,0.1,0.1,0.46,0.6,52579.2304726952,9576.20137259362
1128,0.5,0.66,0.1,0.1,0.2,28368.4529572633,16047.8788139703
1129,1.5,0.52,0.38,0.58,0.4,50660.8946726799,15841.666023062
1130,1,0.1,0.1,0.22,0.4,43374.1930820089,8940.02058683114
1131,2.5,0.52,0.8,0.7,0.4,63101.7578767333,16015.5214548194
1132,1,0.52,0.1,0.34,0.6,38245.1832022642,17113.3724617771
1133,2,0.38,0.8,0.58,0.2,60684.3053849496,13183.876982351
1134,1.5,0.24,0.24,0.7,0.6,56005.3956193427,12657.8361952939
1135,3,0.66,0.1,0.46,0.2,53285.2682731686,14957.5227084097
1136,2,0.1,0.38,0.46,0.2,59323.2802809959,9453.22338403693
1137,1,0.52,0.38,0.7,0.2,50445.0181544989,14663.0563070144
1138,0.5,0.24,0.52,0.58,0.4,49270.6664412244,12430.0045672512
1139,2.5,0.52,0.1,0.22,0.2,46858.6680674506,13315.1293618963
1140,1,0.38,0.66,0.1,0.6,40304.1619493744,15282.3834208853
1141,0.5,0.1,0.52,0.58,0.4,51917.5042715262,10299.6361526366
1142,0.5,0.1,0.1,0.1,0.2,36401.864127864,8450.2928738976
1143,2,0.38,0.52,0.46,0.2,55703.6324894152,12712.6836412973
1144,2.5,0.24,0.66,0.22,0.6,55748.4812104262,12427.4993943827
1145,1,0.1,0.66,0.1,0.6,45604.9224594949,9860.30030812419
1146,3,0.66,0.8,0.34,0.2,57233.6218303411,15672.6797034917
1147,1,0.52,0.1,0.7,0.6,45908.3759851624,17175.3063424301
1148,1,0.38,0.24,0.58,0.6,47382.3300606577,15058.9831439406
1149,2,0.66,0.24,0.46,0.4,47854.2110473375,17188.4699860145
1150,2,0.66,0.8,0.22,0.6,46759.5786164466,19119.7044398001
1151,2.5,0.8,0.8,0.7,0.2,60086.5490070206,17431.4870026849
1152,3,0.24,0.52,0.22,0.2,58505.8559023378,10743.3723956271
1153,1,0.1,0.24,0.22,0.6,44661.9060711541,9482.49858118561
1154,1.5,0.38,0.52,0.22,0.6,45525.7930086271,14940.0547445683
1155,2.5,0.66,0.1,0.46,0.4,49375.8287341805,16819.3528466875
1156,1,0.1,0.24,0.1,0.6,41549.7795408174,9259.3204786512
1157,1.5,0.8,0.38,0.46,0.2,45218.0580811563,17346.9963583419
1158,2,0.66,0.38,0.58,0.6,50916.2251571162,18862.432841284
1159,1,0.66,0.52,0.7,0.2,49843.0085249582,16369.2811715143
1160,0.5,0.52,0.66,0.22,0.2,38773.0971207007,14942.0111743235
1161,1,0.24,0.8,0.22,0.4,47450.5245415648,12135.9667718071
1162,2,0.66,0.52,0.34,0.4,47933.7654833391,17456.7552381646
1163,2,0.52,0.24,0.22,0.2,45276.0585300548,13672.7417241475
1164,2,0.24,0.24,0.58,0.2,57894.2163535691,10980.6697940846
1165,0.5,0.8,0.8,0.58,0.6,42599.498103067,21366.9751034941
1166,1.5,0.24,0.52,0.1,0.2,46014.3590663117,10649.8987336581
1167,2.5,0.1,0.24,0.22,0.4,55285.0763018029,9048.59160302924
1168,2.5,0.38,0.24,0.46,0.6,54660.80453023,14487.1242578612
1169,1,0.8,0.24,0.22,0.6,33168.4867918251,20892.8241034885
1170,0.5,0.1,0.66,0.46,0.4,50567.4259787658,10295.5794656163
1171,2.5,0.1,0.66,0.7,0.6,69568.1656456854,10661.2051148798
1172,3,0.1,0.8,0.7,0.2,74111.2519739633,10394.2290272685
1173,0.5,0.1,0.8,0.1,0.4,43020.9343830152,9849.03967045862
1174,2.5,0.24,0.38,0.34,0.2,57118.1170283434,10777.6402582328
1175,0.5,0.66,0.52,0.34,0.2,38521.2560047715,16556.2377238053
1176,2,0.24,0.38,0.34,0.4,53426.8685718111,11573.4617171593
1177,0.5,0.1,0.52,0.1,0.6,40303.6685378662,9838.69966718547
1178,3,0.24,0.24,0.46,0.6,60322.544194481,12155.7566861149
1179,2,0.24,0.24,0.34,0.4,52026.4842952963,11374.0481621809
1180,3,0.52,0.24,0.46,0.6,55087.651241173,16458.6333646948
1181,1,0.1,0.24,0.58,0.2,53433.2146935962,9490.41582338034
1182,1.5,0.24,0.1,0.7,0.4,55037.4522971089,11714.2279328558
1183,2.5,0.1,0.66,0.34,0.2,62322.9676792487,9607.8060758567
1184,1,0.66,0.1,0.1,0.6,30490.6014078397,19162.6785487481
1185,0.5,0.24,0.66,0.22,0.2,42817.3792924104,11286.3505378268
1186,1.5,0.24,0.66,0.7,0.2,60963.4467174687,11738.8130728394
1187,0.5,0.52,0.52,0.1,0.2,34484.3739316312,14738.6923464364
1188,1,0.66,0.38,0.7,0.6,46697.5363038859,19326.9747931209
1189,1.5,0.1,0.66,0.58,0.6,60587.4570630524,10580.6235101908
1190,2.5,0.24,0.8,0.1,0.2,54944.8305151258,10909.1346592201
1191,1,0.1,0.1,0.34,0.2,46552.7980750436,8839.40424312157
1192,0.5,0.8,0.66,0.34,0.2,38142.4317503709,18227.5163791108
1193,1.5,0.1,0.38,0.22,0.2,50251.7029610502,9022.14580319597
1194,2.5,0.24,0.24,0.58,0.2,61040.4017410825,10952.0400345682
1195,0.5,0.52,0.52,0.58,0.2,45551.107820141,14998.9711954389
1196,1,0.24,0.52,0.34,0.2,48358.6278311529,11124.5976859058
1197,2,0.1,0.8,0.58,0.4,65354.3584678506,10458.1496265007
1198,0.5,0.66,0.38,0.22,0.6,32791.3588253657,19681.9125493994
1199,3,0.66,0.66,0.1,0.6,48383.1824577244,18641.095796556
1200,3,0.66,0.52,0.46,0.2,57479.8152291255,15487.765257949
1201,3,0.38,0.24,0.7,0.2,64040.7882668269,12509.9595497369
1202,3,0.24,0.8,0.1,0.6,56829.3086023405,12346.1632942041
1203,0.5,0.38,0.1,0.7,0.6,44488.6855777321,15235.938152543
1204,3,0.38,0.24,0.58,0.2,61601.9739623025,12355.182658014
1205,1,0.38,0.38,0.34,0.4,44162.7701231953,13885.5404534127
1206,1.5,0.52,0.66,0.34,0.6,47266.9685392846,17388.1276098291
1207,1.5,0.1,0.8,0.58,0.2,62205.7264375012,10211.8675151775
1208,1,0.66,0.66,0.1,0.6,36126.6226854507,19551.2569581482
1209,1,0.24,0.52,0.34,0.2,48358.6278311529,11124.5976859058
1210,1.5,0.8,0.66,0.34,0.2,45179.4007020835,17597.5526983831
1211,2.5,0.38,0.1,0.22,0.2,49011.8593349265,11707.3561033067
1212,1,0.66,0.1,0.34,0.4,37015.5186285146,17577.8508025827
1213,0.5,0.24,0.38,0.34,0.2,43084.2054694756,11079.5255187871
1214,0.5,0.66,0.52,0.1,0.4,31963.5754265306,18406.1337454358
1215,0.5,0.52,0.24,0.1,0.2,31644.2211653425,14381.2141593052
1216,0.5,0.38,0.1,0.34,0.4,37345.7813927101,13790.4728165585
1217,3,0.66,0.66,0.22,0.2,53232.0921323884,15449.3796935202
1218,2,0.66,0.1,0.1,0.2,38785.7609289818,15052.4851500425
1219,2,0.1,0.24,0.7,0.4,62763.4794164831,9910.80476977093
1220,2.5,0.52,0.24,0.34,0.6,49528.1157903856,16543.1014863328
1221,1,0.38,0.8,0.1,0.2,42781.7001251925,12877.8966350786
1222,0.5,0.52,0.8,0.22,0.2,39993.1723589994,15092.5476152163
1223,1,0.38,0.8,0.1,0.2,42781.7001251925,12877.8966350786
1224,1,0.66,0.24,0.7,0.2,47097.852918348,16042.1765019742
1225,1,0.38,0.38,0.1,0.6,37651.9351563987,14974.7316358817
1226,2.5,0.66,0.8,0.34,0.4,53375.8175343893,17484.0684742727
1227,0.5,0.1,0.24,0.58,0.6,48957.5892966731,10227.7917414206
1228,1,0.8,0.66,0.46,0.4,43407.0336595206,19690.3628077569
1229,1.5,0.38,0.66,0.46,0.4,52989.5932294108,14135.306254522
1230,2,0.1,0.1,0.7,0.4,61313.4469688749,9695.04424109505
1231,2.5,0.24,0.8,0.22,0.6,56930.5035908789,12582.2202568903
1232,3,0.24,0.1,0.22,0.2,54332.1118431367,10126.5668404724
1233,1.5,0.1,0.66,0.46,0.2,58455.4353857204,9843.11989235027
1234,1.5,0.38,0.1,0.34,0.4,44759.4519250912,13294.9888045299
1235,1.5,0.8,0.8,0.58,0.2,51522.3353444727,17766.455526499
1236,0.5,0.66,0.1,0.58,0.4,38500.7635459593,17930.1837330224
1237,3,0.66,0.66,0.58,0.6,59287.0016183569,18742.1902861094
1238,0.5,0.52,0.66,0.58,0.6,45281.8446939578,18016.8636714462
1239,2,0.66,0.24,0.46,0.2,48857.2109015432,15450.0612079074
1240,2,0.1,0.38,0.7,0.2,64360.8127030521,9859.43832553684
1241,1,0.38,0.24,0.1,0.4,36806.3644954151,13500.0204879344
1242,0.5,0.52,0.24,0.46,0.6,38709.2787126514,17625.6499093724
1243,1,0.8,0.66,0.58,0.6,44985.8458667444,21061.0855982083
1244,1.5,0.24,0.1,0.58,0.4,52564.434399932,11555.1648636514
1245,3,0.1,0.1,0.7,0.4,67483.3805030605,9684.56779676223
1246,1.5,0.52,0.1,0.58,0.2,48627.7368683533,13982.2021052657
1247,3,0.52,0.8,0.22,0.4,55507.8250552341,15527.4778884791
1248,1,0.8,0.8,0.46,0.6,43721.3001036037,21120.1651414456
1249,2.5,0.66,0.1,0.7,0.6,53449.8517668267,18423.6999291951
1250,2,0.66,0.38,0.46,0.6,48395.9786303815,18839.7633735408
1251,2,0.66,0.1,0.58,0.2,49918.1176083666,15351.4321226747
1252,2,0.1,0.52,0.46,0.2,60623.6214758988,9647.59515621632
1253,3,0.1,0.1,0.58,0.4,65035.9507524866,9479.73982748271
1254,1,0.38,0.1,0.58,0.6,45876.9007438083,14877.313654119
1255,3,0.8,0.38,0.1,0.2,45785.7294725831,16587.1366758929
1256,3,0.1,0.8,0.1,0.4,60339.1239006707,9571.98644155976
1257,1.5,0.52,0.24,0.7,0.6,50890.8972483455,17084.3563103066
1258,3,0.52,0.1,0.46,0.4,54402.4137799336,14910.2999345934
1259,1.5,0.1,0.1,0.46,0.4,52806.5770549345,9316.44908591648
1260,1,0.38,0.38,0.1,0.2,38916.1106315115,12341.7622403148
1261,1.5,0.52,0.66,0.34,0.2,48875.2511739358,14495.4596219009
1262,0.5,0.1,0.24,0.1,0.2,37944.9117373176,8691.70039146774
1263,2.5,0.1,0.8,0.58,0.2,68743.9602916509,10193.9223589359
1264,1,0.38,0.52,0.34,0.2,46191.187994349,12801.5308290891
1265,2.5,0.52,0.8,0.7,0.4,63101.7578767333,16015.5214548194
1266,1,0.1,0.52,0.34,0.6,50332.762392771,10101.0724321829
1267,1,0.24,0.38,0.7,0.4,54312.9812344988,12218.2646978389
1268,1.5,0.66,0.24,0.46,0.2,45606.0118220703,15661.7939994814
1269,2.5,0.38,0.66,0.22,0.2,54494.7538069346,12478.4483893866
1270,2.5,0.52,0.1,0.34,0.4,48812.9918337922,14958.9193023345
1271,2.5,0.1,0.1,0.34,0.4,56715.6509834626,9052.54471941047
1272,2,0.38,0.38,0.22,0.6,47403.5070274296,14618.6660934538
1273,1.5,0.52,0.66,0.34,0.2,48875.2511739358,14495.4596219009
1274,1.5,0.66,0.66,0.46,0.6,47804.1424369593,19266.2262646809
1275,2,0.24,0.24,0.46,0.6,54250.2145555316,12287.3190865166
1276,1.5,0.1,0.8,0.46,0.4,59398.1617942916,10298.9448143451
1277,1.5,0.66,0.1,0.7,0.4,48097.584503239,17337.6893926062
1278,3,0.1,0.24,0.22,0.6,58069.9954584629,9231.39954657066
1279,2.5,0.1,0.52,0.34,0.2,61094.5734278713,9427.50066022452
1280,2,0.24,0.1,0.58,0.6,55364.5366922301,12235.2805512845
1281,1.5,0.52,0.24,0.34,0.2,44845.2866573048,13970.6080498643
1282,1,0.66,0.1,0.1,0.6,30490.6014078397,19162.6785487481
1283,2,0.66,0.66,0.34,0.4,49195.7695562679,17578.6663422256
1284,1,0.8,0.66,0.7,0.6,47334.3071587255,21063.4326184759
1285,0.5,0.24,0.52,0.22,0.2,41535.5538881962,11102.3554116611
1286,3,0.8,0.52,0.46,0.2,55568.6448908667,16902.0259486763
1287,1,0.1,0.8,0.58,0.2,58554.417511744,10253.0579257559
1288,1.5,0.24,0.38,0.34,0.6,49621.6712700969,12417.9177020852
1289,2.5,0.66,0.8,0.7,0.2,61991.4374444321,16076.1806997678
1290,3,0.38,0.52,0.58,0.4,63489.9777085968,13772.6343572275
1291,2.5,0.38,0.66,0.34,0.2,57348.6726616794,12638.439959151
1292,3,0.1,0.1,0.22,0.2,57083.1215319209,8571.6888122961
1293,1,0.24,0.24,0.1,0.6,38638.6203179952,12115.1470859173
1294,0.5,0.52,0.8,0.22,0.2,39993.1723589994,15092.5476152163
1295,3,0.52,0.24,0.46,0.6,55087.651241173,16458.6333646948
1296,1.5,0.1,0.1,0.58,0.4,55421.199353882,9522.04543745878
1297,3,0.38,0.1,0.46,0.2,57563.5423027541,11981.3837291377
1298,1.5,0.1,0.8,0.34,0.2,56903.3152257143,9804.51729588421
1299,0.5,0.52,0.1,0.22,0.6,31692.9201521432,17488.6050182352
1300,0.5,0.24,0.38,0.46,0.6,44872.563285611,12953.0453802857
1301,1.5,0.52,0.38,0.46,0.2,48970.2123465481,14254.2603696016
1302,1,0.52,0.38,0.58,0.4,47169.3329173384,16082.7631797112
1303,2,0.8,0.52,0.1,0.6,39453.6295018891,20591.3679990705
1304,1.5,0.1,0.52,0.1,0.6,48038.4674473563,9561.07926172488
1305,2.5,0.1,0.38,0.7,0.2,67534.1075233687,9861.13989247555
1306,3,0.8,0.38,0.34,0.4,50441.514778229,18568.043499103
1307,1,0.1,0.38,0.7,0.2,57298.1804829716,9896.99723887404
1308,2,0.24,0.8,0.1,0.2,51799.4252054556,10962.3690005802
1309,1.5,0.38,0.24,0.1,0.6,39713.26094025,14533.3465516336
1310,1,0.8,0.8,0.22,0.2,40228.0515467498,17998.1351550972
1311,3,0.24,0.66,0.7,0.4,69710.047914964,12327.9509105142
1312,1,0.24,0.52,0.46,0.4,50588.2505509896,12099.2379971573
1313,2.5,0.38,0.24,0.58,0.4,57915.4228120405,13511.3798799831
1314,1,0.24,0.1,0.22,0.2,41169.0615259092,10320.9823022687
1315,1,0.38,0.1,0.34,0.6,40575.604267464,14734.9454704798
1316,1,0.1,0.24,0.58,0.2,53433.2146935962,9490.41582338034
1317,2,0.24,0.38,0.7,0.6,60676.1646500698,12777.7467546063
1318,1,0.52,0.52,0.34,0.6,42551.3406321209,17541.6794190347
1319,0.5,0.24,0.1,0.34,0.6,39172.9229734526,12429.3018772144
1320,1,0.38,0.24,0.22,0.4,39857.780423293,13599.6063474708
1321,2,0.8,0.66,0.46,0.2,51007.3844134495,17387.9834542598
1322,3,0.1,0.24,0.1,0.6,55006.0228977842,8994.30059867921
1323,1,0.66,0.38,0.7,0.4,47555.644632666,17904.225170843
1324,3,0.38,0.66,0.46,0.6,61496.4750116075,14872.4643414101
1325,2.5,0.38,0.66,0.22,0.2,54494.7538069346,12478.4483893866
1326,3,0.1,0.38,0.58,0.4,67827.1011746758,9906.96496512545
1327,2.5,0.66,0.8,0.22,0.2,51582.2756078181,15735.3293466339
1328,2.5,0.38,0.66,0.22,0.6,53081.1746470083,14782.8578939948
1329,0.5,0.52,0.52,0.22,0.4,36729.4741088852,16472.7966055756
1330,2.5,0.8,0.24,0.22,0.2,44522.229896997,16655.7856507029
1331,1.5,0.1,0.1,0.1,0.2,44233.2818920943,8333.32985468105
1332,3,0.38,0.24,0.46,0.6,57566.979294182,14383.3850798529
1333,1,0.52,0.38,0.46,0.6,43870.6015911774,17425.6188927519
1334,1,0.24,0.38,0.34,0.4,46519.651952279,11755.1525837441
1335,3,0.38,0.38,0.34,0.4,56924.7576780193,13333.3604298233
1336,3,0.8,0.66,0.58,0.6,57191.4081916855,20339.8513577814
1337,2.5,0.38,0.1,0.1,0.4,45189.4285126078,12768.2745081798
1338,2,0.66,0.52,0.7,0.2,56551.4237701494,15953.0398397962
1339,2.5,0.38,0.38,0.22,0.2,51916.0758728602,12120.9518047676
1340,2.5,0.24,0.24,0.58,0.4,60485.1876303106,11659.9563158225
1341,2.5,0.52,0.52,0.7,0.4,60699.0000842519,15744.2523397024
1342,0.5,0.24,0.52,0.46,0.2,47170.4009781771,11438.186051104
1343,2,0.24,0.24,0.58,0.2,57894.2163535691,10980.6697940846
1344,1.5,0.24,0.24,0.34,0.6,48208.9593696562,12224.0996818976
1345,2.5,0.1,0.8,0.58,0.4,68511.2459263829,10438.2377685229
1346,3,0.8,0.52,0.1,0.4,46026.1384459715,18668.8642245464
1347,1,0.24,0.1,0.58,0.4,48950.1769363027,11661.8626251002
1348,2.5,0.38,0.24,0.34,0.6,51948.7626328347,14384.6818078383
1349,2,0.38,0.38,0.46,0.2,54385.0216605721,12529.7595993291
1350,2,0.52,0.38,0.46,0.2,52255.3903191603,14093.2708151069
1351,0.5,0.38,0.8,0.58,0.6,48787.1824199545,15950.517771042
1352,2,0.1,0.38,0.7,0.6,63904.6672428868,10342.9882346379
1353,1.5,0.38,0.66,0.58,0.4,55549.756594777,14248.2142682744
1354,2,0.38,0.66,0.22,0.2,51389.2811479165,12583.5948535219
1355,1.5,0.1,0.52,0.34,0.2,54479.1509613579,9450.00648179401
1356,1.5,0.8,0.38,0.22,0.4,38764.5536375019,19234.6088169192
1357,2.5,0.24,0.38,0.46,0.6,58773.2241999225,12396.4122135484
1358,2,0.38,0.24,0.34,0.4,49518.6934598983,13373.7524651686
1359,0.5,0.1,0.52,0.7,0.2,54629.139052021,10155.2101680328
1360,0.5,0.38,0.8,0.34,0.6,43567.8847978902,15850.2699070468
1361,0.5,0.1,0.52,0.34,0.2,46783.9188146696,9560.77933784072
1362,2,0.52,0.38,0.1,0.2,43674.9891019448,13747.7361143279
1363,2.5,0.8,0.1,0.58,0.4,49929.3247200446,18512.1530691607
1364,2,0.8,0.66,0.34,0.4,47287.6658957646,19188.6699637704
1365,1,0.24,0.1,0.22,0.4,40667.3959125771,11175.0055473725
1366,1,0.8,0.66,0.1,0.6,34362.2651213202,21082.7820608212
1367,0.5,0.38,0.66,0.34,0.2,43612.2926338846,13204.2005782136
1368,2,0.52,0.66,0.46,0.2,54831.4176491074,14425.9339553502
1369,1.5,0.66,0.38,0.7,0.6,50116.7500652175,19097.4533289257
1370,1,0.66,0.66,0.46,0.4,45242.1235730679,18122.9414028147
1371,1.5,0.52,0.66,0.7,0.6,54864.1661430374,17501.2074999982
1372,2.5,0.24,0.38,0.34,0.2,57118.1170283434,10777.6402582328
1373,1,0.38,0.8,0.34,0.4,47982.8923868578,14373.1963839634
1374,1.5,0.66,0.24,0.1,0.4,36180.4453307087,17425.3377592159
1375,1.5,0.8,0.66,0.58,0.4,49263.5397039794,19434.6223915231
1376,3,0.52,0.52,0.22,0.6,52294.0900651218,16635.8371888909
1377,2.5,0.24,0.52,0.1,0.6,51455.7195001309,12090.0094569695
1378,0.5,0.66,0.52,0.34,0.2,38521.2560047715,16556.2377238053
1379,0.5,0.52,0.38,0.1,0.4,32380.1334880753,16332.0074946005
1380,3,0.66,0.1,0.7,0.4,57197.1198415072,16784.3240422356
1381,2,0.38,0.8,0.22,0.2,52582.1728809685,12744.4478810019
1382,0.5,0.1,0.52,0.58,0.4,51917.5042715262,10299.6361526366
1383,2.5,0.24,0.66,0.1,0.6,52713.1906163507,12262.069675588
1384,1.5,0.38,0.8,0.22,0.4,48640.133958533,14065.2693127026
1385,1.5,0.8,0.1,0.22,0.2,36799.3037525696,16992.834549753
1386,3,0.66,0.66,0.22,0.2,53232.0921323884,15449.3796935202
1387,2,0.66,0.24,0.46,0.6,46986.4141186726,18702.1359017324
1388,2.5,0.66,0.24,0.22,0.2,46369.519398118,15106.6087424778
1389,2.5,0.8,0.24,0.58,0.4,51417.7946696265,18666.8375637592
1390,1,0.1,0.66,0.22,0.4,48907.9966853282,9782.56013550801
1391,3,0.66,0.24,0.58,0.2,57321.6023189445,15244.4765527274
1392,2.5,0.24,0.8,0.7,0.6,67463.2477871568,13191.2880264871
1393,1,0.52,0.24,0.7,0.6,47409.6626877518,17332.8706495081
1394,1,0.8,0.24,0.46,0.4,39370.2973978474,19379.3512744489
1395,1.5,0.38,0.38,0.22,0.6,44179.3519945895,14781.0490910989
1396,0.5,0.52,0.38,0.7,0.4,45820.946670241,16433.6241046219
1397,2.5,0.66,0.66,0.7,0.4,59772.2893405093,17523.4694893819
1398,0.5,0.24,0.52,0.22,0.4,41059.7431762566,11999.1987791444
1399,3,0.52,0.24,0.34,0.4,53184.1204191906,14993.0807223156
1400,1,0.38,0.38,0.46,0.2,47568.532638418,12752.1819184483
1401,2,0.38,0.8,0.7,0.2,63110.674684151,13324.18197758
1402,1,0.38,0.24,0.34,0.6,42099.4075056376,14918.6873475603
1403,2.5,0.66,0.24,0.7,0.6,54927.9927503369,18578.5242389378
1404,1.5,0.66,0.8,0.46,0.4,49853.0094021848,17945.5580485488
1405,1,0.52,0.66,0.58,0.2,50605.5535243034,14900.438425962
1406,1,0.38,0.24,0.1,0.6,36201.7504679937,14798.35258472
1407,2.5,0.24,0.52,0.7,0.6,65083.1998015195,12878.1595282347
1408,3,0.38,0.1,0.1,0.4,48116.6002127982,12654.4901960682
1409,1,0.1,0.24,0.22,0.4,44886.4744062562,9175.92660412855
1410,1,0.38,0.52,0.34,0.4,45509.2361718086,14056.9540147697
1411,0.5,0.1,0.24,0.1,0.4,37714.4210208866,9061.75679288728
1412,0.5,0.24,0.8,0.58,0.4,51725.7132901008,12771.2197346282
1413,2.5,0.8,0.66,0.34,0.4,50238.6781957448,18982.1911195196
1414,1.5,0.66,0.52,0.22,0.4,41941.863885371,17688.9045873216
1415,2,0.52,0.52,0.58,0.2,56134.8481695383,14379.3129294337
1416,1,0.52,0.8,0.1,0.6,39287.0334483684,17773.5838543797
1417,1,0.8,0.38,0.7,0.2,46710.9901981451,17680.7032943283
1418,3,0.1,0.38,0.1,0.4,56622.5565664911,9018.63813514266
1419,1.5,0.1,0.24,0.22,0.2,48845.6673360213,8806.67360172754
1420,2.5,0.1,0.1,0.22,0.2,54053.4524495221,8560.7772476085
1421,0.5,0.66,0.52,0.22,0.2,35726.4220673685,16538.546099994
1422,2,0.8,0.52,0.1,0.2,41336.6836808784,17180.4048881783
1423,3,0.1,0.66,0.7,0.2,72972.3947988585,10232.8521963478
1424,2,0.52,0.8,0.34,0.4,52454.4219559304,15929.4977782475
1425,3,0.66,0.52,0.1,0.2,48981.3659514162,15211.8619505026
1426,3,0.24,0.66,0.22,0.4,59179.0511383365,11641.919658174
1427,1.5,0.66,0.8,0.46,0.4,49853.0094021848,17945.5580485488
1428,2,0.38,0.8,0.1,0.2,49560.4188563164,12591.2324176574
1429,2,0.66,0.52,0.58,0.4,53124.4644058334,17529.3734961069
1430,3,0.8,0.24,0.34,0.6,48099.7011082616,20016.9985780335
1431,2.5,0.66,0.66,0.34,0.6,51319.1244702255,18845.4942735396
1432,2,0.1,0.66,0.46,0.4,61621.3254698918,10094.9151738302
1433,3,0.38,0.1,0.34,0.6,53375.2420023584,14072.6775488759
1434,0.5,0.24,0.52,0.1,0.6,37547.0484712725,12771.5706005557
1435,1.5,0.24,0.66,0.1,0.6,46297.0475479946,12489.5513624084
1436,2,0.8,0.52,0.1,0.2,41336.6836808784,17180.4048881783
1437,2.5,0.1,0.66,0.58,0.6,67136.5164655918,10471.5042173696
1438,2.5,0.66,0.52,0.7,0.2,59583.6382430628,15804.4021928224
1439,0.5,0.66,0.8,0.7,0.6,46815.6283856945,19890.0628823511
1440,2.5,0.38,0.38,0.46,0.6,56056.0088717255,14669.6643996745
1441,2,0.24,0.52,0.7,0.6,61977.6315720528,12952.7385854413
1442,1,0.66,0.38,0.46,0.4,42629.4047639857,17871.9237150168
1443,1.5,0.38,0.24,0.58,0.6,50903.0731082426,14855.3814256926
1444,1,0.8,0.38,0.34,0.6,37326.6481881607,20937.9209458303
1445,3,0.38,0.8,0.22,0.6,57153.0157223791,14793.7078476882
1446,1.5,0.52,0.24,0.58,0.4,49251.4505441479,15675.9392534708
1447,2,0.24,0.38,0.1,0.4,47477.2167341789,11211.8743272778
1448,2,0.24,0.52,0.7,0.4,62488.2620029746,12255.0503582336
1449,3,0.52,0.38,0.7,0.2,63201.4449125062,14099.7814337045
1450,2.5,0.1,0.66,0.7,0.4,69790.1139360303,10466.6504017824
1451,2,0.1,0.52,0.46,0.6,60166.6033093613,10143.5130191224
1452,1,0.52,0.8,0.58,0.4,50960.816851382,16501.4094304458
1453,2,0.8,0.24,0.34,0.2,44335.5291464069,16918.2584326124
1454,0.5,0.24,0.1,0.34,0.2,40125.8568948381,10652.2396501322
1455,1.5,0.52,0.24,0.7,0.6,50890.8972483455,17084.3563103066
1456,2.5,0.1,0.66,0.7,0.4,69790.1139360303,10466.6504017824
1457,1.5,0.52,0.1,0.34,0.6,41718.7100997857,16808.8072072151
1458,3,0.8,0.8,0.22,0.4,51425.5323544638,18878.5647103535
1459,3,0.24,0.24,0.46,0.6,60322.544194481,12155.7566861149
1460,1.5,0.8,0.1,0.1,0.6,32046.8618314701,20572.9775958746
1461,2,0.66,0.52,0.58,0.6,52238.7249430389,18972.3924961398
1462,0.5,0.38,0.24,0.46,0.6,40984.9975326655,15292.5854668264
1463,0.5,0.24,0.52,0.7,0.6,51254.751706539,13369.1710026598
1464,1,0.24,0.52,0.22,0.6,44499.411637938,12635.9780096423
1465,3,0.38,0.66,0.1,0.2,54386.1450517151,12232.2921411533
1466,1,0.1,0.52,0.7,0.2,58604.75276564,10095.53515269
1467,0.5,0.24,0.1,0.22,0.6,36258.4944165266,12301.9993924163
1468,1,0.66,0.52,0.58,0.4,46490.3430017545,18020.9181325749
1469,3,0.8,0.1,0.22,0.6,43815.39579701,19904.7683480965
1470,1,0.8,0.38,0.1,0.4,32510.5486400478,19576.6818368415
1471,3,0.52,0.1,0.22,0.6,48057.0802568021,16154.552679638
1472,3,0.66,0.8,0.22,0.4,53382.9830512229,17267.2455424453
1473,2,0.38,0.52,0.22,0.4,49399.1477585758,13622.3880304559
1474,2,0.38,0.38,0.22,0.4,48062.1315289795,13433.8256917411
1475,1,0.24,0.24,0.7,0.2,53428.1489976999,11248.8024123687
1476,1.5,0.38,0.1,0.34,0.4,44759.4519250912,13294.9888045299
1477,1.5,0.1,0.52,0.34,0.6,54023.0945247867,10004.502455873
1478,1.5,0.52,0.66,0.1,0.6,41491.59152297,17365.8251532329
1479,1,0.1,0.1,0.7,0.4,54205.4888758231,9774.29053887369
1480,1.5,0.52,0.8,0.1,0.6,42703.2367697905,17471.7758436556
1481,3,0.1,0.38,0.1,0.4,56622.5565664911,9018.63813514266
1482,2,0.24,0.1,0.1,0.6,44040.3999595824,11594.767620642
1483,2.5,0.24,0.52,0.58,0.4,63158.349379568,12037.301514238
1484,3,0.24,0.1,0.58,0.2,62530.8480828236,10718.9191376045
1485,1,0.66,0.24,0.34,0.4,38543.0334882628,17732.6598178275
1486,0.5,0.52,0.1,0.58,0.6,39725.0272446443,17479.9641020876
1487,1.5,0.24,0.1,0.58,0.6,52056.75128943,12312.0925876705
1488,3,0.52,0.52,0.7,0.4,63550.7202366999,15625.4845312837
1489,2.5,0.66,0.24,0.46,0.6,49989.1493059171,18503.8268423996
1490,2,0.66,0.24,0.34,0.4,45177.9673624459,17161.9697832021
1491,2.5,0.38,0.24,0.34,0.2,53387.4967409156,12085.4189149935
1492,1.5,0.1,0.38,0.46,0.6,55449.84998452,10010.4124052976
1493,2.5,0.66,0.52,0.22,0.6,47270.4285065143,18728.2682213501
1494,1,0.24,0.8,0.1,0.6,43939.6405185016,12842.2687134505
1495,2,0.52,0.24,0.22,0.6,43644.2094504943,16702.6812928126
1496,1,0.8,0.8,0.46,0.4,44607.4513688533,19767.1681967368
1497,1,0.52,0.8,0.7,0.6,52594.2701803228,17838.7663154843
1498,0.5,0.52,0.66,0.34,0.6,40122.3746998492,17995.9010354581
1499,1,0.8,0.1,0.34,0.6,34385.2079019098,20783.8721973286
1500,1.5,0.1,0.1,0.34,0.4,50042.220087665,9101.27460057265
1501,1,0.66,0.66,0.7,0.6,49283.9791858573,19536.1926690302
1502,1,0.66,0.52,0.46,0.4,43972.9341571294,17996.4603834291
1503,3,0.38,0.8,0.7,0.6,67617.2643060929,15225.0765711593
1504,1.5,0.8,0.52,0.1,0.6,36360.9079765774,20795.5947388153
1505,2.5,0.1,0.8,0.58,0.2,68743.9602916509,10193.9223589359
1506,1.5,0.24,0.8,0.34,0.4,53893.346407919,12159.7972207619
1507,0.5,0.52,0.38,0.22,0.4,35363.1402232425,16325.4228810811
1508,2,0.66,0.8,0.22,0.4,47595.9888359717,17662.1859013572
1509,3,0.38,0.1,0.58,0.2,60141.5501851941,12145.6006622097
1510,0.5,0.1,0.66,0.22,0.4,44905.7351921654,9884.34302219726
1511,1.5,0.38,0.1,0.34,0.6,44102.4466517154,14496.0408647624
1512,1,0.24,0.1,0.22,0.6,40188.5065120798,12044.2995075245
1513,1.5,0.24,0.24,0.7,0.2,57038.4163926719,11178.2855581183
1514,1,0.24,0.24,0.34,0.2,45602.004736649,10731.1467367907
1515,2.5,0.24,0.24,0.22,0.4,52285.0736518016,11120.7429291378
1516,1,0.8,0.66,0.22,0.6,37224.5262646247,21092.1085696588
1517,1.5,0.38,0.66,0.46,0.6,52329.02018145,15253.2595245554
1518,2,0.24,0.52,0.1,0.2,49343.5012070441,10608.6178009058
1519,1,0.1,0.52,0.22,0.6,47422.2094520852,9893.86315706512
1520,0.5,0.38,0.8,0.58,0.2,50083.2359615611,13602.5434889139
1521,1.5,0.8,0.1,0.22,0.4,35804.959650503,18987.1189846285
1522,2.5,0.66,0.38,0.22,0.6,45934.5933543759,18617.033439824
1523,3,0.1,0.1,0.46,0.2,62699.911609822,9024.67935096857
1524,3,0.38,0.38,0.34,0.6,56253.4774076973,14446.6014119296
1525,1,0.8,0.24,0.1,0.6,30286.6410713748,20915.5610763865
1526,2.5,0.1,0.38,0.34,0.2,59795.8160400429,9231.39719211635
1527,1,0.66,0.1,0.46,0.6,38868.1284265359,19091.5949827808
1528,2,0.24,0.1,0.58,0.4,55880.8241868197,11502.5424810543
1529,1,0.52,0.8,0.7,0.6,52594.2701803228,17838.7663154843
1530,1,0.24,0.8,0.46,0.2,53537.461589536,11649.511292759
1531,3,0.24,0.24,0.34,0.4,58116.1762373543,11266.155752824
1532,2,0.38,0.1,0.7,0.6,55104.6310165758,14647.0590259518
1533,1.5,0.1,0.8,0.46,0.6,59176.6933331888,10553.8055877115
1534,2.5,0.1,0.1,0.46,0.4,59455.5154550644,9268.62680531936
1535,1,0.52,0.24,0.22,0.6,36949.382664695,17270.7568612605
1536,2,0.8,0.52,0.34,0.4,46024.666519178,19090.5610299915
1537,2,0.8,0.52,0.7,0.6,52586.3758620603,20593.7424672698
1538,2.5,0.1,0.8,0.58,0.4,68511.2459263829,10438.2377685229
1539,0.5,0.8,0.38,0.34,0.4,34573.1322637524,19845.6666645481
1540,0.5,0.1,0.1,0.58,0.4,47689.829010824,9671.07771483549
1541,3,0.1,0.24,0.7,0.6,68688.4040056481,10079.2926697144
1542,1.5,0.52,0.8,0.7,0.6,56045.5188961278,17607.8562256409
1543,1,0.1,0.52,0.7,0.4,58372.9042884702,10400.3003858663
1544,1.5,0.8,0.8,0.58,0.2,51522.3353444727,17766.455526499
1545,1.5,0.52,0.52,0.58,0.2,52859.1098852573,14541.5118266524
1546,2.5,0.38,0.8,0.58,0.6,62333.2289775752,15221.2556255325
1547,1,0.24,0.24,0.1,0.6,38638.6203179952,12115.1470859173
1548,3,0.66,0.8,0.7,0.4,63754.6807904026,17492.9199908561
1549,1,0.52,0.1,0.1,0.2,33877.8219841391,13835.4441074636
1550,2,0.38,0.66,0.46,0.2,56949.7333843288,12880.6256598809
1551,0.5,0.52,0.24,0.22,0.6,33238.6673922051,17640.3905497767
1552,1.5,0.66,0.52,0.58,0.4,49920.4330999531,17751.0859513161
1553,3,0.1,0.8,0.22,0.6,63144.1847452956,9993.34152797048
1554,3,0.38,0.66,0.1,0.4,53616.4700900172,13395.6783236974
1555,2.5,0.52,0.24,0.7,0.2,58939.0624149217,14013.5141767389
1556,2.5,0.24,0.66,0.22,0.6,55748.4812104262,12427.4993943827
1557,0.5,0.8,0.66,0.58,0.4,42263.4751601018,19984.2340736419
1558,2.5,0.38,0.66,0.46,0.2,60047.0302288449,12791.9836234703
1559,2,0.38,0.8,0.1,0.6,48198.222271948,15001.0019371542
1560,2.5,0.52,0.38,0.58,0.6,56164.4360518198,16825.6512794525
1561,2,0.24,0.66,0.46,0.6,58202.1271573192,12826.6896837523
1562,1,0.8,0.38,0.58,0.6,42392.8453360979,20909.3767697647
1563,0.5,0.8,0.66,0.34,0.4,37207.9066581493,20006.5679079675
1564,2,0.66,0.38,0.22,0.2,44751.9857766597,15477.0045027875
1565,2.5,0.8,0.8,0.46,0.4,54059.9766803782,19088.0939329117
1566,3,0.52,0.24,0.1,0.4,47310.4178754442,14809.3134678436
1567,2,0.24,0.1,0.58,0.6,55364.5366922301,12235.2805512845
1568,2,0.38,0.52,0.22,0.6,48741.7781796393,14793.6742170778
1569,3,0.1,0.1,0.46,0.6,62226.7669788598,9456.4441242235
1570,3,0.24,0.52,0.46,0.2,64072.7621495605,11133.6847170217
1571,1,0.1,0.38,0.46,0.4,51983.1249537411,9813.52978273146
1572,0.5,0.52,0.38,0.58,0.6,42669.3373561691,17769.5401267941
1573,1.5,0.52,0.1,0.22,0.2,40457.1967795508,13667.1365679608
1574,3,0.8,0.66,0.46,0.6,54698.1278078713,20324.9667744907
1575,2,0.38,0.66,0.58,0.2,59511.0508429559,13028.8590064969
1576,3,0.1,0.8,0.7,0.2,74111.2519739633,10394.2290272685
1577,2,0.1,0.66,0.34,0.2,59133.4507409221,9613.87043051691
1578,1,0.66,0.52,0.22,0.4,38539.6851351805,18006.1440259795
1579,1.5,0.8,0.52,0.7,0.6,49438.8382545523,20781.6323292848
1580,3,0.38,0.38,0.46,0.4,59629.6103279494,13472.5042793515
1581,1,0.24,0.24,0.34,0.6,44614.438837601,12396.4658581375
1582,3,0.1,0.66,0.58,0.2,70552.1227660291,10030.5067019222
1583,1,0.8,0.24,0.46,0.2,40371.8129785989,17491.1978594006
1584,0.5,0.1,0.52,0.7,0.4,54393.7263675877,10482.9145393512
1585,0.5,0.66,0.66,0.58,0.2,44969.3573675429,16754.6323863054
1586,1.5,0.24,0.52,0.46,0.6,53675.2586767832,12750.6356418915
1587,1,0.1,0.38,0.34,0.2,49460.1872008456,9290.70999310875
1588,1,0.38,0.24,0.46,0.6,44809.9267530745,14986.1028841457
1589,1.5,0.38,0.38,0.7,0.6,54748.1331662948,15125.21727519
1590,1,0.24,0.52,0.22,0.2,45466.9014905955,10943.8565720749
1591,2,0.38,0.66,0.58,0.2,59511.0508429559,13028.8590064969
1592,2.5,0.38,0.24,0.34,0.4,52622.8650083377,13241.453750095
1593,1.5,0.38,0.66,0.7,0.4,57982.4524378315,14358.6652364974
1594,2.5,0.52,0.8,0.7,0.2,64025.0964904894,14666.2857153693
1595,3,0.24,0.1,0.22,0.4,53756.2538323611,10863.949364137
1596,0.5,0.66,0.8,0.58,0.4,45266.105871351,18550.0836705875
1597,2.5,0.1,0.1,0.22,0.2,54053.4524495221,8560.7772476085
1598,3,0.1,0.1,0.34,0.6,59497.4582730286,9235.00055705178
1599,1.5,0.8,0.66,0.34,0.4,44149.1038553013,19424.6380197383
1600,3,0.1,0.8,0.46,0.6,68689.196194576,10414.8653079323
1601,1,0.24,0.52,0.46,0.2,51091.7203484792,11298.9122272851
1602,0.5,0.24,0.66,0.34,0.2,45706.5700536218,11455.6956216187
1603,0.5,0.8,0.8,0.58,0.2,44452.1613893761,18335.9044720672
1604,3,0.52,0.52,0.22,0.2,53996.2234098581,13765.9192931505
1605,0.5,0.8,0.52,0.58,0.4,40994.0642671199,19886.0888205786
1606,2,0.52,0.66,0.22,0.4,48435.3254225691,15731.9345044199
1607,2,0.24,0.24,0.34,0.2,52565.997886738,10611.2921130514
1608,2,0.8,0.66,0.1,0.6,40726.005222675,20658.6621276523
1609,2.5,0.1,0.52,0.7,0.4,68579.4049340746,10293.1792504114
1610,0.5,0.24,0.66,0.46,0.4,47949.813918013,12470.5781011519
1611,3,0.38,0.1,0.1,0.2,48898.4493675288,11455.878071335
1612,2,0.52,0.24,0.22,0.2,45276.0585300548,13672.7417241475
1613,2,0.66,0.52,0.7,0.4,55529.6931997267,17572.7277649001
1614,1,0.38,0.66,0.22,0.4,43930.3079551691,14131.6333044471
1615,2,0.66,0.1,0.1,0.2,38785.7609289818,15052.4851500425
1616,3,0.24,0.24,0.22,0.6,54725.7722483531,11811.5840754064
1617,2.5,0.66,0.24,0.1,0.2,43357.7133926006,15026.7619586851
1618,2,0.24,0.8,0.22,0.2,54840.6050963407,11158.4613087338
1619,1.5,0.8,0.66,0.46,0.6,45855.662140153,20834.6039050696
1620,1.5,0.24,0.66,0.34,0.4,52704.4575345076,12000.6264417735
1621,1.5,0.66,0.52,0.34,0.6,43906.2694094085,19176.3549058499
1622,3,0.52,0.52,0.7,0.2,64498.1667610826,14265.4220350955
1623,0.5,0.1,0.8,0.34,0.2,49247.8948247952,9929.7612804932
1624,2.5,0.38,0.52,0.1,0.6,48807.264083878,14529.4988132189
1625,2,0.52,0.66,0.34,0.4,51262.8860974171,15802.6455553137
1626,1.5,0.8,0.24,0.58,0.2,46327.7719265258,17234.1104278966
1627,1.5,0.38,0.52,0.1,0.2,43828.1949735607,12349.751687714
1628,3,0.1,0.66,0.46,0.4,67761.326540346,10068.0903051044
1629,1,0.52,0.52,0.46,0.6,45212.549320501,17551.7380358766
1630,1,0.66,0.38,0.22,0.4,37181.8820573018,17882.2771744135
1631,3,0.38,0.8,0.1,0.6,54152.3156919019,14687.175799017
1632,1,0.38,0.66,0.7,0.6,53815.1998389961,15614.5216391253
1633,0.5,0.38,0.24,0.22,0.2,36651.6124451239,12528.3787768408
1634,3,0.8,0.66,0.34,0.4,53019.0385605036,18796.1791482874
1635,1.5,0.66,0.8,0.46,0.6,48997.3602136371,19349.0595291019
1636,2.5,0.8,0.8,0.46,0.4,54059.9766803782,19088.0939329117
1637,1.5,0.52,0.1,0.46,0.2,46048.8147170826,13872.5303315016
1638,1,0.24,0.38,0.46,0.6,48769.8760714552,12722.7372435931
1639,3,0.52,0.52,0.22,0.6,52294.0900651218,16635.8371888909
1640,0.5,0.38,0.1,0.58,0.2,43343.2995845572,12693.5299382812
1641,2,0.24,0.1,0.34,0.4,50535.9514834839,11157.9763834825
1642,1.5,0.52,0.1,0.22,0.2,40457.1967795508,13667.1365679608
1643,2.5,0.66,0.66,0.7,0.6,58866.0001770625,18929.7149543983
1644,2,0.1,0.52,0.46,0.4,60390.7418107261,9915.84290217311
1645,2,0.38,0.66,0.58,0.2,59511.0508429559,13028.8590064969
1646,2.5,0.1,0.38,0.1,0.4,53604.6207955599,9022.94413997072
1647,2,0.8,0.38,0.34,0.2,45756.1129232923,17074.6373008874
1648,1.5,0.38,0.24,0.46,0.2,49713.9797663828,12408.3580029185
1649,2,0.66,0.38,0.34,0.6,45744.756099993,18818.0234084391
1650,2,0.24,0.1,0.58,0.2,56425.0971611459,10766.8875155691
1651,1,0.1,0.8,0.34,0.4,53000.8374441777,10165.514332194
1652,2.5,0.52,0.8,0.46,0.4,58157.0470888511,15838.5726772429
1653,2.5,0.66,0.66,0.7,0.2,60820.6663345144,15947.1373611106
1654,0.5,0.66,0.66,0.34,0.2,39804.7584700227,16687.1965824146
1655,1.5,0.1,0.38,0.1,0.6,46700.7542099963,9364.02097896616
1656,2,0.52,0.66,0.22,0.6,47676.2928344015,17132.1131120593
1657,1,0.38,0.38,0.58,0.2,50149.0851039405,12886.6595447954
1658,3,0.1,0.38,0.1,0.2,56867.7960844713,8769.97380535504
1659,1,0.38,0.52,0.46,0.4,48214.3616425641,14157.6602854065
1660,1.5,0.38,0.38,0.34,0.4,47690.1022778419,13680.2379887649
1661,2,0.24,0.8,0.46,0.4,59883.049862292,12261.0760658992
1662,1.5,0.8,0.24,0.58,0.4,45262.9430782606,19097.330452504
1663,0.5,0.66,0.24,0.22,0.2,32906.0933281902,16227.2029929823
1664,1,0.1,0.66,0.58,0.6,56925.70531253,10674.1025227044
1665,3,0.8,0.24,0.46,0.4,51695.441213798,18459.8907720426
1666,0.5,0.38,0.52,0.58,0.6,46321.3892290806,15673.2937878436
1667,1.5,0.66,0.38,0.34,0.6,42565.2042304139,19057.4008849211
1668,3,0.24,0.1,0.46,0.2,59949.7796270189,10532.0852431713
1669,1.5,0.52,0.66,0.7,0.4,55658.579861668,16212.5756276864
1670,0.5,0.24,0.52,0.58,0.4,49270.6664412244,12430.0045672512
1671,0.5,0.24,0.24,0.34,0.6,40703.4704177965,12638.4158614427
1672,1.5,0.1,0.38,0.7,0.2,60966.9674547551,9868.49310910351
1673,3,0.8,0.8,0.22,0.2,52548.722733084,17037.3938614836
1674,1.5,0.52,0.66,0.58,0.6,52457.5813799249,17456.3817064913
1675,2,0.66,0.24,0.7,0.4,52814.0203048981,17278.2083539834
1676,0.5,0.24,0.38,0.58,0.2,48430.3569110629,11409.4971546058
1677,2.5,0.1,0.52,0.22,0.4,57979.9771078065,9461.30716487294
1678,2.5,0.52,0.1,0.34,0.4,48812.9918337922,14958.9193023345
1679,1.5,0.52,0.1,0.22,0.2,40457.1967795508,13667.1365679608
1680,2.5,0.66,0.24,0.34,0.6,47325.3591785374,18488.4473010509
1681,0.5,0.52,0.38,0.58,0.4,43399.8541570456,16393.5035048827
1682,1,0.1,0.8,0.1,0.6,46810.1936693643,10045.395759347
1683,2.5,0.38,0.24,0.34,0.6,51948.7626328347,14384.6818078383
1684,3,0.24,0.66,0.34,0.6,61529.0430009662,12523.78942213
1685,3,0.8,0.66,0.46,0.4,55660.0168189558,18823.7815805193
1686,2.5,0.1,0.1,0.1,0.6,50491.2503971082,8795.51894057412
1687,1.5,0.1,0.1,0.7,0.2,58133.9459589163,9437.7828369449
1688,1.5,0.52,0.24,0.46,0.2,47554.9597298395,14071.2772110585
1689,1,0.66,0.8,0.7,0.4,51335.4507316825,18259.2639221289
1690,0.5,0.8,0.38,0.22,0.4,31840.030031978,19875.4154300733
1691,1,0.66,0.66,0.58,0.2,48695.9399738415,16449.6336575593
1692,1,0.66,0.1,0.1,0.4,31227.6496501792,17604.3832896921
1693,0.5,0.8,0.38,0.1,0.4,28956.3704319122,19931.1219981158
1694,1.5,0.38,0.1,0.7,0.6,51862.802526612,14763.2565825816
1695,3,0.66,0.1,0.22,0.6,45834.8369058157,18145.8460224071
1696,3,0.1,0.52,0.1,0.2,58174.8086671562,8967.07772791694
1697,0.5,0.1,0.66,0.1,0.2,42032.5815636745,9314.4526511222
1698,1,0.66,0.1,0.1,0.4,31227.6496501792,17604.3832896921
1699,1.5,0.52,0.52,0.22,0.2,44764.8449602467,14227.9690641892
1700,1,0.8,0.24,0.1,0.2,31976.0329209343,17506.7923290757
1701,1.5,0.24,0.52,0.22,0.6,48074.6427670546,12456.4909031508
1702,0.5,0.1,0.66,0.7,0.2,55874.549949025,10342.3948188635
1703,2.5,0.66,0.52,0.58,0.4,56127.9132541869,17341.7450102806
1704,1.5,0.1,0.24,0.34,0.2,51764.8926002365,9032.82863463022
1705,1.5,0.66,0.24,0.46,0.4,44640.8376192731,17433.0363768435
1706,1,0.38,0.38,0.22,0.6,40676.1766866497,15030.4113792026
1707,2.5,0.24,0.52,0.1,0.4,51957.5196109302,11328.9563169708
1708,3,0.8,0.38,0.1,0.4,44685.6771783684,18548.5800198827
1709,1,0.24,0.24,0.7,0.4,52915.4324444937,12026.134626782
1710,3,0.24,0.8,0.58,0.2,69001.7807482065,11644.8577387876
1711,1.5,0.38,0.24,0.46,0.4,48992.8674455007,13606.8694204136
1712,0.5,0.38,0.8,0.1,0.4,38323.5361019,14495.383096875
1713,1.5,0.1,0.24,0.22,0.6,48383.7483584053,9376.70761683744
1714,3,0.52,0.24,0.58,0.6,57639.5232734245,16527.2186943213
1715,2.5,0.66,0.38,0.22,0.2,47788.979718561,15292.614149879
1716,1,0.52,0.38,0.34,0.2,42750.4645988946,14387.8872174486
1717,1,0.1,0.1,0.46,0.2,49327.8828744067,9056.74601595359
1718,3,0.1,0.1,0.46,0.2,62699.911609822,9024.67935096857
1719,2,0.1,0.8,0.34,0.2,60304.3098094331,9783.76312787561
1720,2.5,0.52,0.8,0.7,0.4,63101.7578767333,16015.5214548194
1721,3,0.1,0.1,0.22,0.4,56835.1301635212,8817.99917668746
1722,0.5,0.66,0.1,0.58,0.2,39400.3224946046,16120.1664944113
1723,1.5,0.8,0.52,0.1,0.6,36360.9079765774,20795.5947388153
1724,2.5,0.66,0.24,0.1,0.4,42369.0651742903,16879.9466753111
1725,1,0.24,0.24,0.7,0.2,53428.1489976999,11248.8024123687
1726,0.5,0.52,0.1,0.34,0.4,35200.6908969508,15997.9586435418
1727,2,0.1,0.52,0.58,0.4,62970.6616859411,10117.0104867783
1728,1,0.52,0.24,0.58,0.4,45750.9722043423,15917.710517018
1729,1.5,0.8,0.52,0.34,0.2,43909.3261375647,17474.6729138124
1730,2.5,0.8,0.1,0.22,0.2,43007.2168907103,16481.9343892532
1731,2,0.52,0.66,0.46,0.2,54831.4176491074,14425.9339553502
1732,0.5,0.66,0.38,0.22,0.6,32791.3588253657,19681.9125493994
1733,2,0.1,0.52,0.58,0.2,63202.7423249195,9852.12096940528
1734,1,0.24,0.8,0.34,0.6,49844.1738198803,13106.8154206076
1735,3,0.8,0.24,0.22,0.2,47351.2549695064,16462.2348220769
1736,1.5,0.8,0.24,0.7,0.6,46713.9162588827,20594.609366756
1737,1.5,0.66,0.66,0.1,0.2,41172.9296004035,15995.7624878224
1738,2.5,0.8,0.24,0.1,0.2,41537.6455156717,16621.8930163434
1739,1.5,0.38,0.1,0.7,0.6,51862.802526612,14763.2565825816
1740,1,0.52,0.52,0.58,0.2,49344.855530601,14746.4994010331
1741,1.5,0.52,0.38,0.22,0.6,41837.7188735282,17104.17330146
1742,2.5,0.24,0.8,0.46,0.6,62483.2357993286,12895.8932103209
1743,2.5,0.66,0.1,0.1,0.6,40028.1636607209,18338.1713425952
1744,1,0.1,0.38,0.46,0.2,52216.7427118047,9498.56559319514
1745,1.5,0.66,0.38,0.22,0.2,41519.8271016264,15723.1308849727
1746,1.5,0.24,0.66,0.58,0.4,57998.962068225,12320.4204723952
1747,0.5,0.38,0.38,0.1,0.2,35047.937185229,12608.0975776787
1748,1.5,0.66,0.38,0.34,0.6,42565.2042304139,19057.4008849211
1749,1.5,0.52,0.1,0.34,0.2,43329.5852767183,13766.8119554724
1750,0.5,0.24,0.52,0.46,0.2,47170.4009781771,11438.186051104
1751,1.5,0.1,0.24,0.58,0.6,56665.1097428357,9998.34665079569
1752,2,0.1,0.38,0.46,0.6,58863.6939791813,9952.73916327893
1753,1,0.38,0.1,0.58,0.6,45876.9007438083,14877.313654119
1754,1,0.1,0.8,0.1,0.2,47255.644247473,9410.07358895892
1755,2.5,0.1,0.66,0.1,0.2,56403.9573472293,9147.85223836157
1756,2,0.38,0.8,0.1,0.6,48198.222271948,15001.0019371542
1757,1.5,0.1,0.52,0.34,0.6,54023.0945247867,10004.502455873
1758,2,0.38,0.66,0.1,0.2,48359.8785767391,12429.0920958209
1759,0.5,0.1,0.8,0.58,0.6,54132.119456357,10980.5514650117
1760,3,0.38,0.38,0.22,0.2,54843.7142671226,12046.9757459251
1761,0.5,0.52,0.24,0.34,0.4,36739.2453636007,16177.625012558
1762,1.5,0.8,0.1,0.7,0.2,47238.9409273395,17107.101099961
1763,1,0.52,0.66,0.34,0.4,44560.7744096942,16285.3889112051
1764,2.5,0.66,0.52,0.22,0.4,48119.1989423603,17209.827783942
1765,3,0.24,0.66,0.7,0.4,69710.047914964,12327.9509105142
1766,1,0.38,0.24,0.34,0.4,42733.3177313381,13699.5897409356
1767,2,0.52,0.52,0.22,0.6,46410.0827340915,17006.4552860864
1768,2.5,0.1,0.66,0.1,0.4,56166.7072075108,9410.14347963571
1769,2.5,0.24,0.24,0.22,0.4,52285.0736518016,11120.7429291378
1770,0.5,0.66,0.1,0.34,0.4,33321.5475895667,17947.8202889044
1771,0.5,0.52,0.24,0.1,0.6,30272.5224226595,17671.5736995782
1772,0.5,0.1,0.66,0.1,0.6,41589.1217321215,10027.4624257191
1773,2,0.38,0.1,0.22,0.6,44469.6234229116,14256.8105709424
1774,1.5,0.38,0.8,0.22,0.6,47998.9298241345,15236.0839349314
1775,3,0.8,0.8,0.1,0.4,48489.3124863614,18867.1220869022
1776,0.5,0.52,0.38,0.22,0.4,35363.1402232425,16325.4228810811
1777,1.5,0.52,0.38,0.7,0.2,53968.0329331416,14474.2871915689
1778,2,0.1,0.52,0.34,0.6,57438.4404447961,9937.72275113799
1779,2,0.1,0.38,0.46,0.6,58863.6939791813,9952.73916327893
1780,0.5,0.8,0.52,0.58,0.2,41976.6368577051,18108.712174574
1781,0.5,0.38,0.38,0.46,0.4,43032.5313990562,14256.636906472
1782,2.5,0.24,0.24,0.34,0.2,55729.7788383828,10570.0637716191
1783,1.5,0.1,0.38,0.7,0.2,60966.9674547551,9868.49310910351
1784,3,0.52,0.52,0.34,0.6,55118.1960303786,16690.7718664909
1785,1,0.1,0.52,0.58,0.6,55682.4367729544,10496.8984668212
1786,1,0.8,0.66,0.58,0.4,45889.7122713186,19685.2846713682
1787,2,0.1,0.38,0.58,0.4,61675.747946795,9925.98025571441
1788,1.5,0.8,0.66,0.22,0.4,41389.4232460392,19442.5499807199
1789,2,0.66,0.52,0.7,0.6,54632.0235037411,18997.0793676153
1790,0.5,0.52,0.24,0.7,0.4,44400.112544299,16273.2784700488
1791,2,0.66,0.52,0.22,0.2,46096.3296883571,15648.4175778809
1792,2.5,0.38,0.66,0.46,0.4,59287.7886975681,13895.1674093884
1793,2,0.66,0.24,0.46,0.4,47854.2110473375,17188.4699860145
1794,1,0.8,0.52,0.34,0.2,40508.1305614826,17761.3505128839
1795,1,0.52,0.24,0.34,0.4,40502.7925134811,15819.2604893178
1796,3,0.66,0.52,0.34,0.6,52876.6228143264,18567.4887808921
1797,2,0.66,0.1,0.1,0.4,37838.5490470511,16963.7187688475
1798,1,0.1,0.24,0.7,0.6,55453.500499493,10280.3227479525
1799,1.5,0.52,0.1,0.46,0.6,44410.6283182082,16836.3095914695
1800,2.5,0.1,0.8,0.34,0.6,63027.8620853935,10236.0629404108
1801,3,0.66,0.52,0.46,0.4,56419.227028439,17128.2227207461
1802,2,0.24,0.52,0.58,0.4,60043.7548638108,12097.7460380807
1803,1,0.52,0.8,0.34,0.2,46579.1762983024,14864.6301638218
1804,2.5,0.66,0.52,0.22,0.2,49125.9751692852,15456.6362867703
1805,2.5,0.66,0.1,0.58,0.6,51035.1070531085,18392.9284867121
1806,0.5,0.8,0.1,0.7,0.6,38223.1671756916,21021.742880497
1807,1,0.24,0.24,0.46,0.6,47354.8593907605,12532.3454565967
1808,3,0.52,0.24,0.46,0.2,56829.8173351026,13661.2624811068
1809,2.5,0.1,0.66,0.7,0.2,70022.6285263125,10223.9626244772
1810,2,0.24,0.38,0.58,0.4,58737.7299255408,11915.4359622042
1811,3,0.52,0.38,0.22,0.2,52671.3778210447,13588.7989480171
1812,3,0.66,0.66,0.1,0.6,48383.1824577244,18641.095796556
1813,1.5,0.66,0.24,0.1,0.2,37083.7658401587,15510.2161867344
1814,1.5,0.8,0.1,0.58,0.6,42842.1638704759,20494.3046707461
1815,1.5,0.66,0.24,0.7,0.4,49592.4998540786,17497.7685077456
1816,3,0.8,0.38,0.34,0.6,49502.6341482965,20135.8463113545
1817,1.5,0.24,0.38,0.46,0.6,52351.5701548893,12559.46360681
1818,2.5,0.52,0.66,0.22,0.2,52369.8102797268,14048.3810540894
1819,2,0.38,0.66,0.46,0.6,55538.8797841386,15125.4115741773
1820,1,0.8,0.66,0.46,0.6,42524.2027170295,21065.1297833302
1821,0.5,0.52,0.52,0.34,0.6,38841.4609456617,17887.3464458347
1822,2,0.1,0.66,0.58,0.2,64426.055009488,10029.662822633
1823,2,0.1,0.8,0.34,0.4,60072.587806175,10055.3602766384
1824,2,0.52,0.1,0.46,0.6,47668.0481166409,16619.3519421998
1825,0.5,0.24,0.52,0.58,0.6,48799.7919621265,13251.8771627483
1826,2,0.52,0.52,0.1,0.4,44168.5645249229,15527.5984430736
1827,0.5,0.24,0.24,0.46,0.6,43445.7905603908,12761.6990543687
1828,1,0.24,0.1,0.22,0.4,40667.3959125771,11175.0055473725
1829,0.5,0.38,0.52,0.34,0.2,42333.05216157,13034.0222422889
1830,3,0.8,0.24,0.34,0.4,49035.0854635625,18420.8293963622
1831,0.5,0.1,0.24,0.46,0.2,46797.8501102069,9355.82797887206
1832,0.5,0.24,0.1,0.58,0.2,45509.570105793,10992.8040728075
1833,0.5,0.66,0.24,0.22,0.4,32073.3924773859,18116.4620578148
1834,2.5,0.52,0.66,0.58,0.4,59518.6443834939,15798.089638199
1835,2.5,0.66,0.38,0.1,0.4,43798.4053293572,17033.1924101728
1836,1,0.1,0.66,0.22,0.4,48907.9966853282,9782.56013550801
1837,1.5,0.66,0.66,0.1,0.4,40266.3927864018,17824.7662070125
1838,2,0.1,0.66,0.1,0.6,52730.5757538106,9681.57631776909
1839,2.5,0.24,0.52,0.1,0.4,51957.5196109302,11328.9563169708
1840,0.5,0.24,0.66,0.1,0.2,39745.0869412207,11114.1901064005
1841,3,0.66,0.66,0.1,0.6,48383.1824577244,18641.095796556
1842,2,0.66,0.52,0.34,0.4,47933.7654833391,17456.7552381646
1843,0.5,0.8,0.8,0.58,0.4,43464.6439350455,20056.5914257098
1844,1,0.1,0.8,0.58,0.2,58554.417511744,10253.0579257559
1845,2.5,0.8,0.52,0.46,0.4,51624.2034213189,18890.3718731631
1846,3,0.52,0.1,0.58,0.4,56969.761207315,15007.9423330104
1847,1.5,0.24,0.1,0.58,0.4,52564.434399932,11555.1648636514
1848,2,0.38,0.38,0.1,0.4,45023.8032195942,13313.8613430569
1849,2,0.24,0.1,0.1,0.4,44543.213420385,10787.7933483944
1850,1.5,0.52,0.8,0.22,0.2,47242.7498511025,14542.5414774166
1851,0.5,0.38,0.52,0.46,0.4,44381.438569099,14427.0910755622
1852,3,0.52,0.24,0.58,0.4,58442.4969195525,15198.3418519196
1853,2,0.8,0.8,0.7,0.4,55980.5454220853,19323.5872002672
1854,2,0.24,0.1,0.46,0.2,53825.5171851375,10581.28080195
1855,1.5,0.8,0.24,0.58,0.2,46327.7719265258,17234.1104278966
1856,3,0.24,0.38,0.46,0.2,62778.8318141161,10950.2217223305
1857,2,0.66,0.52,0.46,0.2,51597.088783502,15790.7597695893
1858,2,0.8,0.24,0.22,0.4,40477.4100893768,18845.0676521478
1859,2,0.66,0.24,0.7,0.4,52814.0203048981,17278.2083539834
1860,1,0.24,0.52,0.34,0.4,47859.0138917169,11944.7283480163
1861,1.5,0.24,0.24,0.58,0.2,54572.737192171,11007.5650773042
1862,3,0.24,0.38,0.58,0.6,64266.0205169026,12501.5161684928
1863,2,0.8,0.1,0.46,0.4,44415.2333836193,18704.9461136595
1864,1.5,0.8,0.52,0.1,0.2,38169.7196935395,17450.495393697
1865,3,0.24,0.38,0.58,0.6,64266.0205169026,12501.5161684928
1866,3,0.24,0.1,0.58,0.2,62530.8480828236,10718.9191376045
1867,1.5,0.38,0.38,0.7,0.6,54748.1331662948,15125.21727519
1868,2.5,0.1,0.8,0.1,0.4,57345.1425377022,9584.27908288013
1869,2,0.66,0.24,0.46,0.4,47854.2110473375,17188.4699860145
1870,1.5,0.8,0.24,0.34,0.6,39233.1877732066,20603.3365999025
1871,1.5,0.52,0.24,0.46,0.4,46690.7772909442,15600.9691810926
1872,1,0.1,0.24,0.7,0.6,55453.500499493,10280.3227479525
1873,3,0.38,0.52,0.34,0.4,58237.8095249764,13507.5537919088
1874,2.5,0.66,0.24,0.1,0.2,43357.7133926006,15026.7619586851
1875,3,0.66,0.38,0.1,0.4,46618.707079732,16839.2449735397
1876,1.5,0.66,0.66,0.7,0.2,54563.3268420243,16279.0841178348
1877,2,0.8,0.38,0.46,0.2,48418.6044075262,17121.2565190386
1878,3,0.1,0.66,0.22,0.6,61979.4796104466,9819.13155452221
1879,1,0.38,0.52,0.22,0.2,43322.6901907365,12668.2339543571
1880,1,0.66,0.8,0.58,0.6,48101.4170373244,19605.1480843176
1881,1.5,0.52,0.66,0.7,0.2,56534.554102182,14800.5056806909
1882,2,0.8,0.38,0.7,0.2,53351.8909921165,17223.5776347608
1883,1,0.24,0.24,0.58,0.2,50956.1099039433,11081.2674978262
1884,2,0.24,0.66,0.1,0.6,49584.0822071554,12370.9547912747
1885,2.5,0.24,0.66,0.1,0.6,52713.1906163507,12262.069675588
1886,2,0.24,0.66,0.58,0.6,60770.1824884117,12972.2305864524
1887,3,0.1,0.66,0.1,0.6,58941.8589369119,9589.21892881218
1888,3,0.66,0.24,0.58,0.2,57321.6023189445,15244.4765527274
1889,0.5,0.8,0.38,0.22,0.6,31071.4024507832,21225.002042344
1890,1.5,0.8,0.66,0.22,0.2,42395.8180382159,17586.2721383166
1891,2.5,0.66,0.38,0.46,0.2,53308.4404483288,15464.0908722717
1892,3,0.52,0.66,0.46,0.2,60766.9203196057,14177.5568102006
1893,3,0.38,0.1,0.58,0.4,59350.1550625729,13218.624400654
1894,1,0.38,0.52,0.7,0.4,53220.8184495605,14370.8037700089
1895,2.5,0.66,0.52,0.7,0.2,59583.6382430628,15804.4021928224
1896,1.5,0.1,0.8,0.7,0.6,64201.1957801602,10927.8965025861
1897,2.5,0.52,0.52,0.46,0.2,56649.3197288898,14127.3803119901
1898,0.5,0.66,0.1,0.34,0.4,33321.5475895667,17947.8202889044
1899,2.5,0.52,0.52,0.58,0.2,59201.9137589529,14246.5031820506
1900,3,0.66,0.66,0.34,0.4,55001.8963477223,17195.4118020434
1901,2,0.52,0.24,0.46,0.4,49953.0631009829,15397.4217940599
1902,2,0.8,0.38,0.1,0.6,38106.4081216735,20499.3991396231
1903,3,0.52,0.52,0.1,0.2,50983.2329279497,13633.5183931492
1904,2,0.66,0.38,0.34,0.2,47584.3512125926,15548.860237829
1905,2.5,0.66,0.52,0.7,0.2,59583.6382430628,15804.4021928224
1906,2.5,0.24,0.8,0.58,0.2,66092.4658746707,11666.9583931278
1907,2,0.52,0.24,0.7,0.4,54949.9218472697,15563.2420195489
1908,1.5,0.1,0.66,0.34,0.2,55724.2853125482,9633.84134466763
1909,1,0.66,0.8,0.46,0.4,46442.7750183016,18223.6184317964
1910,2.5,0.8,0.66,0.58,0.2,56517.3499148287,17255.2766889639
1911,1,0.8,0.38,0.58,0.6,42392.8453360979,20909.3767697647
1912,2,0.66,0.38,0.1,0.4,40806.9063495772,17278.312137661
1913,1.5,0.1,0.1,0.1,0.4,43995.7076845192,8640.11150096822
1914,1,0.1,0.24,0.46,0.4,50581.6428517797,9603.47381087997
1915,3,0.1,0.8,0.7,0.2,74111.2519739633,10394.2290272685
1916,2.5,0.8,0.8,0.58,0.2,57696.1536927465,17368.6309683123
1917,2.5,0.8,0.66,0.46,0.4,52875.5854754086,18995.3364036897
1918,1,0.38,0.52,0.22,0.6,42031.3669826128,15190.3130837359
1919,0.5,0.66,0.24,0.46,0.2,38385.534061145,16267.4224807805
1920,0.5,0.1,0.52,0.1,0.6,40303.6685378662,9838.69966718547
1921,1.5,0.66,0.38,0.46,0.6,45208.2233761639,19051.9388201722
1922,2,0.24,0.8,0.34,0.2,57706.9050210251,11347.3476732503
1923,1.5,0.38,0.66,0.58,0.4,55549.756594777,14248.2142682744
1924,1,0.1,0.38,0.22,0.6,46083.268188324,9695.77295870743
1925,0.5,0.52,0.1,0.46,0.6,37183.0171390218,17473.5753314431
1926,2,0.1,0.1,0.34,0.6,53262.2935979566,9306.2544231598
1927,2,0.8,0.52,0.7,0.2,54670.8889166775,17362.3013147802
1928,1.5,0.24,0.38,0.34,0.2,50637.5709149067,10845.1786373223
1929,2.5,0.38,0.24,0.22,0.6,49082.7275685323,14277.9358228435
1930,1.5,0.8,0.24,0.58,0.2,46327.7719265258,17234.1104278966
1931,3,0.1,0.38,0.22,0.4,59676.4086216837,9256.443168839
1932,2,0.24,0.52,0.1,0.4,48815.0380612906,11408.578288145
1933,2,0.66,0.66,0.22,0.4,46395.4749280822,17554.430390736
1934,2,0.38,0.66,0.58,0.2,59511.0508429559,13028.8590064969
1935,1,0.24,0.66,0.22,0.4,46245.776764268,11971.0297895865
1936,2,0.52,0.24,0.22,0.2,45276.0585300548,13672.7417241475
1937,3,0.52,0.1,0.22,0.4,48832.4409759318,14717.0661851707
1938,1,0.66,0.1,0.1,0.2,32079.8405591303,15647.3923897672
1939,2,0.66,0.66,0.7,0.6,55875.888463879,19099.87977999
1940,1.5,0.8,0.1,0.34,0.6,37722.2729714113,20510.6655873955
1941,0.5,0.52,0.1,0.58,0.4,40451.9280651279,16056.3969795842
1942,2.5,0.8,0.1,0.7,0.6,51364.6681551196,20105.4205165345
1943,3,0.52,0.52,0.1,0.6,49305.0563584554,16581.9931507344
1944,0.5,0.52,0.1,0.22,0.4,32361.8660143923,15982.6875850901
1945,3,0.24,0.38,0.34,0.2,60067.6796402339,10754.837828593
1946,1,0.52,0.38,0.1,0.4,36108.0452210142,15932.8839766664
1947,2.5,0.66,0.38,0.34,0.6,48735.3690031764,18625.6245902458
1948,1,0.52,0.8,0.1,0.2,40758.8421745632,14709.9457638555
1949,3,0.24,0.24,0.58,0.6,62896.4173909448,12315.0787493458
1950,2.5,0.66,0.38,0.1,0.4,43798.4053293572,17033.1924101728
1951,2.5,0.24,0.66,0.58,0.4,64384.9818549097,12206.8553407571
1952,3,0.66,0.1,0.7,0.4,57197.1198415072,16784.3240422356
1953,0.5,0.8,0.38,0.22,0.4,31840.030031978,19875.4154300733
1954,2,0.66,0.66,0.46,0.6,50979.2561908093,19050.4255903302
1955,0.5,0.38,0.24,0.7,0.2,47318.0178554657,13023.7440906881
1956,2.5,0.8,0.1,0.22,0.2,43007.2168907103,16481.9343892532
1957,3,0.66,0.24,0.1,0.4,45196.0947174197,16672.0411039692
1958,2,0.24,0.8,0.1,0.6,50781.4125599249,12530.8731986899
1959,3,0.66,0.24,0.7,0.4,58668.3723024303,16957.922879391
1960,2.5,0.1,0.24,0.7,0.2,66180.053118131,9653.79265724854
1961,2.5,0.24,0.1,0.7,0.6,60962.1387397963,12309.5974198378
1962,0.5,0.52,0.24,0.22,0.2,34663.4566465747,14434.8882763492
1963,2,0.66,0.38,0.46,0.4,49265.8379006317,17349.8463991139
1964,2,0.66,0.38,0.7,0.4,54212.3016895752,17438.0501187116
1965,0.5,0.8,0.1,0.7,0.4,39083.8302673286,19563.16335544
1966,1.5,0.1,0.8,0.7,0.2,64649.9437486964,10405.0380919017
1967,1,0.8,0.8,0.58,0.6,46178.3328458877,21117.5334898872
1968,3,0.1,0.38,0.58,0.2,68067.0504697124,9665.68453308187
1969,1,0.24,0.8,0.34,0.4,50321.724459983,12289.952264048
1970,2.5,0.1,0.66,0.22,0.6,58991.6248770611,9852.38309259764
1971,0.5,0.1,0.8,0.1,0.2,43246.6509496165,9489.93483045373
1972,2.5,0.66,0.8,0.58,0.2,59588.3311021677,15988.1661585709
1973,3,0.8,0.52,0.22,0.6,48056.690827794,20225.128357067
1974,3,0.38,0.1,0.7,0.2,62588.005644899,12301.7934155008
1975,1,0.1,0.1,0.1,0.2,40480.6809954366,8374.6180413702
1976,0.5,0.66,0.38,0.22,0.4,33522.7274732622,18246.9775417352
1977,0.5,0.1,0.24,0.1,0.2,37944.9117373176,8691.70039146774
1978,1.5,0.1,0.24,0.58,0.2,57124.2453165891,9458.23574271039
1979,1,0.8,0.1,0.46,0.6,36992.2386108209,20757.3741450034
1980,0.5,0.66,0.24,0.22,0.2,32906.0933281902,16227.2029929823
1981,0.5,0.66,0.1,0.58,0.6,37705.050252625,19407.2034988488
1982,2.5,0.38,0.1,0.34,0.6,50455.9387631075,14195.7294465076
1983,2.5,0.38,0.1,0.46,0.2,54630.3861855013,12040.1542710539
1984,1.5,0.38,0.24,0.46,0.2,49713.9797663828,12408.3580029185
1985,0.5,0.66,0.52,0.1,0.2,32771.6446882922,16544.4297747909
1986,3,0.38,0.66,0.58,0.2,65496.8557396495,12885.7057372357
1987,3,0.66,0.38,0.22,0.2,50646.3654666307,15137.6559514726
1988,2.5,0.66,0.52,0.22,0.2,49125.9751692852,15456.6362867703
1989,1.5,0.24,0.24,0.1,0.2,43241.2262185432,10249.1464554144
1990,2,0.8,0.66,0.22,0.6,43625.6513273386,20642.2534543277
1991,0.5,0.1,0.1,0.46,0.6,44826.1584844919,9810.27018383521
1992,0.5,0.8,0.38,0.22,0.6,31071.4024507832,21225.002042344
1993,3,0.8,0.38,0.58,0.2,56781.6287940179,16819.2491929543
1994,2.5,0.24,0.66,0.58,0.2,64932.9674937856,11505.8955149236
1995,0.5,0.1,0.38,0.46,0.2,48210.7662513344,9571.17975487757
1996,1,0.1,0.1,0.22,0.2,43610.6526180002,8613.82651450631
1997,2,0.24,0.66,0.22,0.4,53124.1366910482,11763.0426646183
1998,2.5,0.24,0.24,0.1,0.2,49771.4661305943,10157.3376073945
1999,1.5,0.38,0.66,0.1,0.2,45105.3031267664,12535.6583187563
2000,0.5,0.24,0.66,0.46,0.2,48436.8040388689,11626.7854187674
2001,0.5,0.8,0.8,0.22,0.4,35703.7503862924,20113.258668799
2002,0.5,0.66,0.66,0.58,0.6,43254.4037366733,19816.8758009348
2003,2.5,0.38,0.52,0.7,0.4,63038.0882376422,13989.3134646342
2004,2.5,0.38,0.1,0.1,0.6,44531.2339351541,13984.4480985774
2005,2,0.24,0.66,0.1,0.6,49584.0822071554,12370.9547912747
2006,2,0.52,0.1,0.34,0.4,45745.2016750847,15140.4767995474
2007,2.5,0.38,0.38,0.1,0.2,48872.9094895669,11942.6590727927
2008,1,0.38,0.1,0.7,0.4,48993.5295536777,13817.2066621012
2009,1.5,0.66,0.66,0.1,0.6,39474.8143091597,19294.5506658162
2010,1.5,0.66,0.8,0.46,0.2,50818.103911197,16264.1730671865
2011,0.5,0.66,0.8,0.46,0.4,42771.5245210487,18548.8233930896
2012,1,0.1,0.8,0.34,0.4,53000.8374441777,10165.514332194
2013,1,0.8,0.24,0.58,0.6,40979.0988087264,20831.3277284811
2014,2.5,0.38,0.38,0.22,0.6,50494.9884715681,14464.573759658
2015,2,0.52,0.8,0.34,0.2,53334.9293732429,14458.7257998849
2016,2.5,0.66,0.8,0.1,0.4,47616.405992321,17421.6162578279
2017,2,0.1,0.8,0.1,0.6,53917.982741692,9855.65417757921
2018,2,0.38,0.8,0.22,0.4,51856.2299404521,13933.3273539581
2019,3,0.52,0.66,0.1,0.6,50566.1638589292,16713.7852211688
2020,1.5,0.38,0.66,0.22,0.4,47438.4891238046,13916.2244790037
2021,1,0.8,0.38,0.7,0.4,45667.8045498899,19480.3208366323
2022,2,0.38,0.1,0.22,0.2,45869.7026331553,11807.5211799979
2023,2.5,0.66,0.1,0.34,0.2,47712.2378094921,15009.4791656468
2024,2.5,0.24,0.1,0.46,0.2,56991.229950518,10546.3514166411
2025,1.5,0.1,0.66,0.1,0.2,49755.4900034127,9184.28716559475
2026,1,0.52,0.8,0.34,0.2,46579.1762983024,14864.6301638218
2027,0.5,0.38,0.38,0.1,0.6,33858.6654852131,15343.0085884053
2028,1.5,0.24,0.24,0.1,0.2,43241.2262185432,10249.1464554144
2029,1,0.66,0.66,0.7,0.4,50145.1080588293,18157.7694007023
2030,0.5,0.52,0.8,0.46,0.6,43972.4930473313,18105.9500268398
2031,2.5,0.52,0.8,0.58,0.6,59892.2806028109,17203.9920843502
2032,2,0.52,0.38,0.7,0.6,55539.6036276938,17054.0144346353
2033,1,0.52,0.24,0.34,0.2,41317.7308376501,14203.3773791968
2034,0.5,0.52,0.66,0.7,0.2,49241.1451597104,15239.913247335
2035,2.5,0.24,0.1,0.1,0.6,47207.6727921722,11487.6015167887
2036,2.5,0.66,0.52,0.58,0.2,57169.941529047,15712.9691581477
2037,0.5,0.38,0.1,0.46,0.4,40074.7379496027,13876.9873278526
2038,3,0.52,0.24,0.46,0.4,55883.3329208906,15101.3207905383
2039,1,0.1,0.52,0.46,0.4,53304.5037294598,10007.2030919195
2040,1,0.24,0.8,0.7,0.6,57566.1273996373,13489.2272893775
2041,0.5,0.52,0.38,0.34,0.6,37485.0923956036,17766.1771020178
2042,1.5,0.1,0.52,0.34,0.4,54246.854783351,9741.49416161156
2043,2,0.24,0.52,0.1,0.4,48815.0380612906,11408.578288145
2044,1,0.8,0.66,0.1,0.4,35160.7965374918,19744.8492646955
2045,0.5,0.66,0.38,0.46,0.2,39821.618354717,16431.7326116354
2046,0.5,0.24,0.24,0.1,0.6,34717.3464801249,12386.7649010202
2047,3,0.66,0.8,0.7,0.6,62844.9408842499,18883.3594999914
2048,2.5,0.1,0.66,0.46,0.4,64796.3058335409,10072.8762052322
2049,1.5,0.1,0.1,0.34,0.2,50279.2147899688,8804.34048010249
2050,1,0.24,0.66,0.7,0.4,56876.2096833899,12579.4108686912
2051,3,0.8,0.1,0.22,0.4,44723.117519558,18264.9161945831
2052,0.5,0.38,0.52,0.58,0.2,47620.3381559803,13272.6998464494
2053,2,0.66,0.52,0.22,0.4,45126.8348791911,17431.4124107888
2054,1.5,0.8,0.1,0.34,0.2,39614.3946805019,17004.8996067054
2055,0.5,0.38,0.66,0.1,0.2,37718.3823255343,12971.3296662552
2056,2,0.1,0.1,0.58,0.4,58846.193663025,9497.52813970117
2057,2,0.38,0.8,0.1,0.4,48842.9290754735,13817.4857412551
2058,0.5,0.52,0.24,0.58,0.2,42779.4844914795,14651.9683952126
2059,2,0.52,0.8,0.7,0.6,59270.0786091461,17426.8605245575
2060,1,0.1,0.38,0.22,0.2,46539.2292541232,9069.27825482623
2061,0.5,0.8,0.66,0.34,0.2,38142.4317503709,18227.5163791108
2062,1.5,0.38,0.8,0.58,0.4,56732.3649189251,14395.0672111424
2063,0.5,0.66,0.24,0.34,0.2,35717.6873332825,16243.6920894413
2064,0.5,0.24,0.8,0.7,0.4,54173.0690294788,12905.1443217381
2065,2,0.24,0.52,0.34,0.2,55281.8691767114,11004.316038814
2066,3,0.8,0.1,0.7,0.2,56328.9909511113,16549.2060333679
2067,0.5,0.8,0.8,0.1,0.6,32085.3391596115,21366.0787589451
2068,1.5,0.52,0.1,0.1,0.6,35873.6544960344,16791.8112655012
2069,1.5,0.38,0.24,0.1,0.4,40343.9913929087,13269.9600765085
2070,2.5,0.8,0.66,0.58,0.6,54413.1204147133,20490.5104458072
2071,3,0.38,0.24,0.7,0.4,63252.5082308458,13555.5224623236
2072,1,0.38,0.24,0.58,0.2,48738.0779487494,12693.3741675176
2073,1.5,0.1,0.8,0.34,0.4,56673.2051266601,10094.314558677
2074,1.5,0.52,0.1,0.22,0.6,38879.1258966866,16793.9723311223
2075,3,0.8,0.8,0.7,0.4,61723.3181903548,18992.9291731005
2076,1,0.66,0.38,0.34,0.2,40883.5784050741,16059.2118172095
2077,0.5,0.8,0.8,0.58,0.4,43464.6439350455,20056.5914257098
2078,1,0.24,0.24,0.34,0.6,44614.438837601,12396.4658581375
2079,3,0.8,0.24,0.7,0.2,57802.4438324944,16732.1951949863
2080,0.5,0.24,0.1,0.7,0.2,47994.8525066271,11155.8783924029
2081,1.5,0.66,0.24,0.34,0.6,41142.2925032697,18941.7970702332
2082,3,0.24,0.38,0.7,0.6,66700.893962904,12657.6849479484
2083,3,0.38,0.8,0.46,0.4,63337.0426596774,13953.2196881023
2084,2.5,0.52,0.52,0.1,0.4,47206.454700542,15323.2209683168
2085,2.5,0.1,0.66,0.7,0.2,70022.6285263125,10223.9626244772
2086,0.5,0.38,0.52,0.58,0.4,46946.4099479897,14511.9736653684
2087,1.5,0.24,0.8,0.58,0.4,59175.1648767897,12478.2369707162
2088,0.5,0.38,0.52,0.34,0.4,41678.9123703548,14344.0570787425
2089,2.5,0.24,0.38,0.34,0.6,56054.4947375654,12238.9323909924
2090,2,0.1,0.66,0.1,0.2,53189.0819315571,9159.70882408596
2091,2.5,0.24,0.52,0.34,0.6,57368.3212321389,12417.7509139649
2092,2.5,0.66,0.66,0.22,0.6,48531.8239726614,18831.5788792668
2093,1.5,0.38,0.52,0.7,0.4,56739.0595081934,14199.4568651482
2094,3,0.24,0.1,0.7,0.6,63890.526065281,12263.3126330993
2095,3,0.1,0.8,0.7,0.4,73875.9126308239,10625.7690917877
2096,1,0.66,0.66,0.46,0.4,45242.1235730679,18122.9414028147
2097,2.5,0.66,0.8,0.46,0.6,55145.4493340681,18956.5309861484
2098,2.5,0.8,0.66,0.1,0.6,43640.1016951756,20466.5920453031
2099,1.5,0.52,0.8,0.7,0.4,56839.951563041,16336.8453490519
2100,1.5,0.24,0.1,0.1,0.2,41718.8975565374,10020.6302738024
2101,2.5,0.52,0.66,0.22,0.6,50700.3707485096,16929.4178239941
2102,3,0.24,0.1,0.58,0.2,62530.8480828236,10718.9191376045
2103,3,0.66,0.38,0.7,0.2,61127.9006347042,15518.58366101
2104,2,0.1,0.52,0.1,0.2,51936.9740904794,8971.43598599687
2105,2,0.66,0.24,0.34,0.6,44328.283478074,18698.6588101388
2106,0.5,0.66,0.8,0.58,0.2,46172.184679144,16872.6775847255
2107,1,0.38,0.1,0.46,0.2,44639.1656258353,12349.7904294743
2108,3,0.8,0.1,0.46,0.2,51362.637195612,16406.427450163
2109,2.5,0.52,0.1,0.22,0.2,46858.6680674506,13315.1293618963
2110,0.5,0.66,0.38,0.7,0.6,43020.6669880937,19623.0767817181
2111,3,0.38,0.1,0.58,0.2,60141.5501851941,12145.6006622097
2112,0.5,0.38,0.1,0.1,0.4,31399.5741183266,13625.6737873716
2113,3,0.1,0.1,0.1,0.6,53529.57912749,8768.60861881068
2114,1.5,0.8,0.1,0.1,0.2,33820.7652573845,16996.5080697521
2115,1.5,0.1,0.1,0.34,0.4,50042.220087665,9101.27460057265
2116,1,0.66,0.24,0.58,0.6,42893.6968429328,19210.7146476078
2117,2,0.8,0.24,0.7,0.4,50836.0847934873,18879.4402541843
2118,1.5,0.66,0.66,0.7,0.6,52689.997974238,19301.98624918
2119,3,0.66,0.8,0.58,0.2,62424.6102707302,15860.3986613658
2120,1.5,0.24,0.52,0.58,0.2,57276.8020891378,11398.38110064
2121,0.5,0.66,0.24,0.34,0.6,34104.0636859109,19562.6527983868
2122,1,0.8,0.52,0.58,0.4,44626.7451820845,19595.8633004333
2123,2,0.1,0.24,0.46,0.6,57483.0361535457,9739.58763979519
2124,1.5,0.66,0.66,0.1,0.4,40266.3927864018,17824.7662070125
2125,1,0.24,0.8,0.46,0.4,53037.239496661,12441.0639947168
2126,1.5,0.8,0.38,0.1,0.2,36808.891842117,17315.4970003292
2127,1,0.66,0.8,0.22,0.6,40246.5153413495,19623.2378395041
2128,2,0.52,0.24,0.7,0.6,54144.7153945402,16891.1756466889
2129,2,0.8,0.1,0.22,0.2,39997.6285671747,16711.7674982943
2130,2.5,0.38,0.38,0.34,0.4,54023.849531214,13432.7272818085
2131,2,0.52,0.38,0.58,0.6,53119.6372404396,16999.744649336
2132,3,0.24,0.8,0.46,0.6,65387.7632492318,12838.9673716364
2133,1.5,0.52,0.8,0.7,0.6,56045.5188961278,17607.8562256409
2134,2.5,0.66,0.1,0.22,0.2,44858.1178282477,14921.0128400547
2135,0.5,0.8,0.66,0.1,0.4,31616.5377553563,20077.4429220515
2136,2.5,0.38,0.24,0.46,0.4,55340.5302776992,13373.3460293905
2137,1,0.8,0.1,0.22,0.2,33388.8393324973,17326.8500580049
2138,0.5,0.52,0.38,0.1,0.6,31730.6823381877,17807.1012071321
2139,1,0.52,0.38,0.34,0.2,42750.4645988946,14387.8872174486
2140,2,0.38,0.52,0.46,0.6,54289.476770056,14977.5600842966
2141,2.5,0.8,0.8,0.34,0.6,50495.0343040196,20538.1160506077
2142,2,0.1,0.1,0.1,0.6,47240.333129404,8845.29322336901
2143,0.5,0.52,0.52,0.1,0.6,33103.3623820746,17925.6029022288
2144,1.5,0.1,0.52,0.58,0.4,59576.599995322,10148.1467058283
2145,0.5,0.52,0.52,0.7,0.4,47159.6031066422,16580.452653834
2146,2.5,0.1,0.52,0.46,0.6,63349.0515495461,10096.966792741
2147,1.5,0.24,0.52,0.34,0.6,50952.9369343456,12610.1109787262
2148,1,0.1,0.38,0.7,0.6,56840.9621558005,10483.4760222519
2149,2.5,0.8,0.1,0.46,0.2,48520.5246235661,16580.1153648555
2150,1,0.24,0.8,0.58,0.4,55610.8210100564,12589.146603002
2151,3,0.1,0.52,0.58,0.6,68881.502476082,10273.2102051568
2152,3,0.38,0.8,0.34,0.6,59985.6388709373,14900.7549224883
2153,0.5,0.1,0.24,0.58,0.6,48957.5892966731,10227.7917414206
2154,3,0.66,0.1,0.34,0.2,50585.0973411278,14858.2992599976
2155,1.5,0.1,0.66,0.58,0.4,60809.3534718067,10328.2892198
2156,1.5,0.38,0.52,0.58,0.6,53632.045087786,15196.2659631213
2157,2.5,0.66,0.24,0.22,0.2,46369.519398118,15106.6087424778
2158,3,0.52,0.52,0.46,0.4,58588.2106656313,15430.1743524911
2159,2,0.66,0.1,0.46,0.6,45486.8201198175,18568.9061820075
2160,1,0.8,0.66,0.46,0.6,42524.2027170295,21065.1297833302
2161,1.5,0.8,0.1,0.34,0.4,38594.2571273886,18964.7084260337
2162,1,0.1,0.66,0.1,0.2,46052.2368405051,9225.62789088274
2163,2.5,0.52,0.8,0.22,0.2,53560.5369836332,14196.4701679283
2164,2.5,0.8,0.38,0.1,0.2,42968.7897423381,16783.1463686559
2165,1,0.66,0.52,0.1,0.4,35594.8609682036,18019.7133862035
2166,2.5,0.38,0.24,0.34,0.4,52622.8650083377,13241.453750095
2167,2.5,0.38,0.1,0.1,0.6,44531.2339351541,13984.4480985774
2168,3,0.66,0.24,0.22,0.4,48193.0538246924,16712.9700095742
2169,0.5,0.8,0.66,0.46,0.2,40757.8732673931,18234.5431102047
2170,2.5,0.66,0.38,0.22,0.2,47788.979718561,15292.614149879
2171,2,0.1,0.24,0.34,0.4,54966.505470631,9296.66457083193
2172,0.5,0.1,0.24,0.22,0.4,40847.0540058489,9280.14052252357
2173,0.5,0.1,0.24,0.1,0.2,37944.9117373176,8691.70039146774
2174,0.5,0.1,0.8,0.46,0.6,51536.5491987627,10800.2915232179
2175,0.5,0.52,0.66,0.58,0.4,46014.5154178861,16683.9306940496
2176,1,0.66,0.24,0.22,0.4,35740.0285865473,17742.5960856735
2177,3,0.8,0.52,0.46,0.2,55568.6448908667,16902.0259486763
2178,1,0.52,0.8,0.58,0.4,50960.816851382,16501.4094304458
2179,1,0.66,0.24,0.1,0.2,33632.559583429,15833.1663632275
2180,1.5,0.52,0.66,0.46,0.6,49928.7346502187,17414.3361480251
2181,1.5,0.8,0.24,0.46,0.6,41849.031360028,20589.2218544803
2182,1,0.38,0.52,0.7,0.4,53220.8184495605,14370.8037700089
2183,1,0.38,0.52,0.7,0.4,53220.8184495605,14370.8037700089
2184,1,0.24,0.1,0.34,0.6,43098.1183568774,12186.1733908371
2185,2,0.24,0.52,0.34,0.2,55281.8691767114,11004.316038814
2186,3,0.66,0.8,0.7,0.4,63754.6807904026,17492.9199908561
2187,2,0.52,0.38,0.1,0.2,43674.9891019448,13747.7361143279
2188,2,0.66,0.1,0.7,0.2,52353.2741910412,15435.1080070835
2189,0.5,0.8,0.38,0.22,0.6,31071.4024507832,21225.002042344
2190,0.5,0.1,0.1,0.7,0.2,50428.6460614837,9528.72353410745
2191,2,0.66,0.24,0.46,0.6,46986.4141186726,18702.1359017324
2192,3,0.24,0.38,0.7,0.2,67778.7068626071,11311.4895858668
2193,1,0.1,0.66,0.46,0.4,54553.4001517001,10194.1272672232
2194,2.5,0.38,0.24,0.7,0.4,60360.0902903076,13638.4815617527
2195,1.5,0.24,0.24,0.46,0.4,51450.4237768723,11601.3433493992
2196,1,0.1,0.1,0.7,0.6,53978.3682632841,10060.3425342016
2197,1.5,0.38,0.1,0.7,0.4,52541.6762323748,13644.6329618395
2198,3,0.24,0.52,0.46,0.2,64072.7621495605,11133.6847170217
2199,2.5,0.38,0.38,0.22,0.6,50494.9884715681,14464.573759658
2200,2.5,0.52,0.38,0.46,0.6,53618.5830926891,16761.3253555519
2201,1.5,0.24,0.66,0.1,0.2,47284.7828428039,10841.3046344536
2202,3,0.1,0.1,0.34,0.6,59497.4582730286,9235.00055705178
2203,0.5,0.24,0.8,0.7,0.2,54666.5889587161,12105.1545727581
2204,2.5,0.1,0.8,0.58,0.6,68289.2771056223,10635.0883475626
2205,2.5,0.8,0.38,0.46,0.2,51422.9965905862,16921.7025067198
2206,2.5,0.66,0.8,0.7,0.6,60037.3750982974,19023.8673999969
2207,1,0.38,0.38,0.22,0.6,40676.1766866497,15030.4113792026
2208,0.5,0.8,0.24,0.22,0.2,31284.2901356434,17872.6098027766
2209,0.5,0.1,0.38,0.58,0.4,50592.130471555,10107.3616401934
2210,0.5,0.1,0.1,0.34,0.6,42043.1090459391,9612.26241524759
2211,1,0.24,0.8,0.22,0.6,46979.5473999365,12975.8861640378
2212,1.5,0.24,0.52,0.34,0.2,51964.6867716786,11042.9868296598
2213,0.5,0.24,0.8,0.7,0.4,54173.0690294788,12905.1443217381
2214,0.5,0.8,0.38,0.46,0.4,37172.7615239447,19816.5102685389
2215,1,0.8,0.52,0.7,0.4,46999.8143348705,19599.0415705059
2216,2,0.24,0.52,0.7,0.4,62488.2620029746,12255.0503582336
2217,3,0.8,0.24,0.1,0.6,42375.4580232889,20021.1185150173
2218,2.5,0.1,0.1,0.1,0.4,50722.2778255214,8581.59382319818
2219,3,0.24,0.1,0.22,0.2,54332.1118431367,10126.5668404724
2220,1.5,0.52,0.1,0.1,0.4,36591.5128304147,15257.9101676486
2221,0.5,0.52,0.38,0.58,0.4,43399.8541570456,16393.5035048827
2222,3,0.1,0.24,0.7,0.4,68913.2981800713,9903.24827972821
2223,3,0.8,0.8,0.46,0.6,55875.9810779127,20397.8940006478
2224,1.5,0.52,0.38,0.7,0.2,53968.0329331416,14474.2871915689
2225,1,0.8,0.38,0.22,0.6,34599.5608184622,20962.3633454694
2226,1,0.8,0.1,0.7,0.6,41845.2145661053,20735.4617154486
2227,1.5,0.8,0.52,0.22,0.4,40114.6654964142,19336.731085605
2228,2,0.24,0.24,0.58,0.4,57353.1224318312,11709.0317700216
2229,2,0.38,0.8,0.58,0.4,59944.4846833336,14287.0635977932
2230,0.5,0.8,0.24,0.58,0.6,37379.3007544607,21115.186449638
2231,1.5,0.24,0.1,0.7,0.2,55566.4377234098,10968.0831303792
2232,2,0.52,0.24,0.22,0.6,43644.2094504943,16702.6812928126
2233,1.5,0.38,0.66,0.58,0.2,56268.7029542512,13101.3216710662
2234,2.5,0.52,0.1,0.58,0.6,53288.4449631319,16495.7305180316
2235,1.5,0.8,0.38,0.7,0.4,49062.7324087652,19240.3126088525
2236,3,0.38,0.38,0.7,0.6,63941.167665963,14779.9040042237
2237,3,0.66,0.66,0.58,0.4,60187.9634875613,17312.144828729
2238,3,0.8,0.1,0.22,0.2,45844.8207411962,16287.280699922
2239,3,0.24,0.8,0.1,0.4,57328.8912931338,11613.2646288613
2240,1,0.24,0.1,0.46,0.2,46850.5586912363,10689.8756319894
2241,1.5,0.8,0.1,0.22,0.4,35804.959650503,18987.1189846285
2242,2,0.24,0.8,0.7,0.2,65411.7261515194,11872.9153622944
2243,1,0.8,0.66,0.46,0.2,44416.3367702042,17899.1614926027
2244,2.5,0.1,0.1,0.7,0.6,64277.8705680443,9879.32064121348
2245,2,0.66,0.8,0.46,0.6,52166.8740467453,19138.385047917
2246,2,0.24,0.1,0.58,0.4,55880.8241868197,11502.5424810543
2247,2.5,0.1,0.38,0.58,0.2,65092.7206856183,9658.57494253635
2248,0.5,0.8,0.52,0.46,0.6,37687.7446844257,21254.388819059
2249,1,0.24,0.24,0.7,0.2,53428.1489976999,11248.8024123687
2250,1.5,0.24,0.52,0.46,0.6,53675.2586767832,12750.6356418915
2251,1,0.8,0.52,0.7,0.2,48044.5202103227,17825.6333721022
2252,3,0.52,0.52,0.7,0.2,64498.1667610826,14265.4220350955
2253,2,0.38,0.8,0.58,0.2,60684.3053849496,13183.876982351
2254,2,0.1,0.1,0.7,0.6,61087.0489618649,9917.31033525195
2255,0.5,0.1,0.8,0.1,0.4,43020.9343830152,9849.03967045862
2256,0.5,0.38,0.38,0.58,0.6,44979.0936147432,15517.6465874197
2257,1.5,0.66,0.38,0.1,0.4,37624.3719525137,17567.8601992134
2258,2,0.66,0.38,0.22,0.6,42951.2509232366,18816.3073330847
2259,1,0.8,0.8,0.34,0.4,42004.9100958295,19781.7444225458
2260,1.5,0.38,0.8,0.46,0.6,53518.301363759,15385.3123385199
2261,2.5,0.52,0.66,0.22,0.6,50700.3707485096,16929.4178239941
2262,2.5,0.8,0.52,0.22,0.2,47283.33657454,16970.2753033597
2263,2.5,0.1,0.8,0.22,0.4,60387.7597525735,9813.96203506689
2264,2.5,0.52,0.52,0.34,0.2,53956.8471552443,14008.1505140226
2265,2.5,0.24,0.66,0.34,0.6,58609.9982273209,12588.5061000384
2266,1,0.52,0.38,0.22,0.6,38389.7774093514,17413.0824799078
2267,3,0.1,0.8,0.22,0.2,63609.6428783874,9556.00860104393
2268,1.5,0.24,0.52,0.22,0.4,48564.8421913387,11648.23700875
2269,1,0.38,0.24,0.1,0.2,37467.9186992893,12142.2101424802
2270,1,0.1,0.24,0.22,0.6,44661.9060711541,9482.49858118561
2271,1.5,0.52,0.1,0.46,0.4,45182.9134404551,15420.9208185111
2272,1.5,0.24,0.52,0.58,0.2,57276.8020891378,11398.38110064
2273,0.5,0.52,0.8,0.1,0.4,36280.4315832679,16724.2207117885
2274,0.5,0.24,0.52,0.22,0.4,41059.7431762566,11999.1987791444
2275,3,0.1,0.38,0.1,0.2,56867.7960844713,8769.97380535504
2276,0.5,0.38,0.24,0.22,0.4,36008.834995937,13903.3879065158
2277,1,0.8,0.24,0.46,0.6,38501.9428794533,20844.4252811573
2278,3,0.8,0.24,0.22,0.6,45316.0003519482,20017.1691578323
2279,1.5,0.24,0.1,0.22,0.2,44815.3580276762,10225.290142924
2280,1,0.52,0.24,0.22,0.2,38459.3054026232,14119.7171013523
2281,2,0.1,0.8,0.7,0.2,68018.5213485546,10391.1593403717
2282,0.5,0.66,0.66,0.34,0.6,38172.1694077813,19821.9355812749
2283,2,0.8,0.8,0.34,0.2,49554.1474755001,17463.8317733665
2284,2,0.66,0.8,0.34,0.6,49533.6387862557,19125.7138997791
2285,0.5,0.52,0.38,0.22,0.4,35363.1402232425,16325.4228810811
2286,3,0.1,0.52,0.46,0.4,66546.1921644286,9890.89901345141
2287,2,0.1,0.8,0.22,0.6,56973.494818286,10074.3565018633
2288,2.5,0.1,0.24,0.58,0.6,63268.3256833787,9903.81928704528
2289,0.5,0.66,0.66,0.34,0.4,38938.9576594996,18449.1383349437
2290,2.5,0.52,0.66,0.1,0.4,48474.2497170337,15469.9539452242
2291,2,0.24,0.52,0.58,0.2,60579.7697198739,11370.2193945153
2292,2,0.24,0.1,0.46,0.6,52766.8784345953,12080.7099247528
2293,0.5,0.24,0.66,0.46,0.4,47949.813918013,12470.5781011519
2294,2,0.24,0.24,0.22,0.6,48624.1482663611,11969.8987055297
2295,1.5,0.1,0.24,0.22,0.4,48610.2590398101,9110.04062393928
2296,3,0.66,0.24,0.46,0.2,54769.6440756006,15150.1730508942
2297,0.5,0.66,0.24,0.34,0.6,34104.0636859109,19562.6527983868
2298,1.5,0.52,0.1,0.46,0.6,44410.6283182082,16836.3095914695
2299,2.5,0.8,0.8,0.7,0.2,60086.5490070206,17431.4870026849
2300,0.5,0.52,0.24,0.22,0.4,33911.2620308482,16162.8012803249
2301,1,0.66,0.24,0.46,0.6,40382.5014702485,19217.3876865711
2302,2,0.24,0.24,0.1,0.4,46056.8009915338,11009.0447256586
2303,2,0.38,0.52,0.46,0.6,54289.476770056,14977.5600842966
2304,2,0.66,0.24,0.7,0.4,52814.0203048981,17278.2083539834
2305,1.5,0.8,0.66,0.1,0.6,37638.0242615079,20872.9524777861
2306,3,0.8,0.24,0.7,0.6,55641.3328930168,20080.0929905423
2307,1.5,0.1,0.24,0.46,0.6,54058.8072594639,9804.82954413113
2308,0.5,0.1,0.52,0.22,0.4,43630.6818950338,9700.26829647815
2309,2,0.24,0.24,0.58,0.2,57894.2163535691,10980.6697940846
2310,2.5,0.8,0.38,0.1,0.2,42968.7897423381,16783.1463686559
2311,3,0.66,0.66,0.58,0.4,60187.9634875613,17312.144828729
2312,2.5,0.52,0.8,0.22,0.6,51892.2350485823,17043.7037151001
2313,2.5,0.1,0.66,0.22,0.6,58991.6248770611,9852.38309259764
2314,2.5,0.24,0.52,0.34,0.2,58427.54097319,10965.1842554741
2315,2,0.24,0.8,0.46,0.6,59378.1877201006,12981.8513728614
2316,3,0.8,0.52,0.22,0.4,48976.2221836552,18676.2285547555
2317,1.5,0.66,0.24,0.58,0.4,47177.9831203099,17464.9328900669
2318,0.5,0.38,0.8,0.1,0.4,38323.5361019,14495.383096875
2319,3,0.8,0.8,0.7,0.6,60733.2765004872,20444.6756916898
2320,2,0.66,0.1,0.34,0.4,43667.3169519585,16992.5356617822
2321,2,0.38,0.24,0.34,0.4,49518.6934598983,13373.7524651686
2322,2.5,0.24,0.1,0.58,0.6,58504.9491191621,12154.556494442
2323,2.5,0.24,0.24,0.58,0.6,59969.5630359571,12364.3818881136
2324,0.5,0.66,0.8,0.7,0.6,46815.6283856945,19890.0628823511
2325,2.5,0.1,0.24,0.34,0.4,58179.8970892846,9274.99199062011
2326,3,0.8,0.1,0.1,0.6,40864.8888184858,19910.5544408623
2327,1,0.52,0.52,0.46,0.2,46790.4423632434,14644.2713016776
2328,2,0.8,0.1,0.46,0.2,45500.9249591802,16783.8947256641
2329,2.5,0.8,0.1,0.22,0.2,43007.2168907103,16481.9343892532
2330,2.5,0.24,0.24,0.34,0.6,54661.0026284911,12041.8291641763
2331,3,0.1,0.38,0.1,0.4,56622.5565664911,9018.63813514266
2332,0.5,0.1,0.8,0.7,0.6,56595.4543967713,11155.5279201817
2333,1.5,0.1,0.38,0.7,0.6,60512.2890268695,10399.6914918574
2334,2,0.8,0.38,0.7,0.2,53351.8909921165,17223.5776347608
2335,0.5,0.38,0.66,0.46,0.2,46318.4137602902,13332.3576909933
2336,2,0.38,0.38,0.34,0.6,50261.5723280387,14713.6079221315
2337,1.5,0.38,0.66,0.58,0.4,55549.756594777,14248.2142682744
2338,2,0.66,0.24,0.1,0.6,38565.9099352788,18711.6839747282
2339,1.5,0.8,0.52,0.22,0.4,40114.6654964142,19336.731085605
2340,0.5,0.52,0.38,0.58,0.6,42669.3373561691,17769.5401267941
2341,1,0.8,0.24,0.34,0.6,35901.7866979481,20866.0754961589
2342,1.5,0.52,0.24,0.22,0.2,41983.7275520292,13871.7039674672
2343,2,0.66,0.66,0.7,0.4,56773.9145425524,17696.6763349704
2344,1,0.52,0.38,0.34,0.6,41202.4133920597,17414.7707183952
2345,2,0.1,0.52,0.1,0.4,51701.9582821666,9256.19631650769
2346,1,0.52,0.8,0.58,0.2,51798.3234530316,15036.4092599159
2347,1,0.66,0.8,0.1,0.2,38966.4933551813,16429.7160636872
2348,3,0.1,0.38,0.46,0.6,65035.6145996715,9883.15689126829
2349,0.5,0.24,0.24,0.58,0.6,46044.5730746724,12883.6038891419
2350,1.5,0.1,0.1,0.7,0.6,57673.2413706314,9970.11809258273
2351,0.5,0.38,0.8,0.1,0.4,38323.5361019,14495.383096875
2352,2.5,0.38,0.66,0.34,0.4,56592.1030097693,13771.2118116872
2353,1,0.8,0.1,0.58,0.4,40360.4385610816,19241.230088669
2354,2.5,0.1,0.8,0.7,0.2,71168.285235216,10388.062709907
2355,2.5,0.52,0.66,0.1,0.6,47721.0140990214,16892.280194314
2356,1.5,0.52,0.24,0.34,0.4,43993.6362488077,15539.005931001
2357,2.5,0.52,0.8,0.7,0.4,63101.7578767333,16015.5214548194
2358,1,0.66,0.8,0.1,0.6,37343.3041546624,19639.7097493098
2359,3,0.8,0.66,0.58,0.4,58168.2165212185,18853.6139763999
2360,2.5,0.52,0.1,0.1,0.4,42916.1130622234,14789.9379908913
2361,1,0.66,0.8,0.34,0.2,44718.027219271,16483.756647176
2362,1.5,0.52,0.1,0.46,0.4,45182.9134404551,15420.9208185111
2363,2,0.1,0.66,0.34,0.2,59133.4507409221,9613.87043051691
2364,3,0.52,0.38,0.46,0.2,58219.2857806136,13844.4644679867
2365,1,0.8,0.52,0.7,0.4,46999.8143348705,19599.0415705059
2366,1.5,0.24,0.52,0.1,0.6,45023.3555861905,12308.6067717827
2367,1,0.52,0.8,0.46,0.2,49256.3313363058,14950.3826455251
2368,2.5,0.8,0.1,0.46,0.6,46459.3384521647,20080.5092805676
2369,0.5,0.66,0.24,0.34,0.2,35717.6873332825,16243.6920894413
2370,1,0.66,0.1,0.46,0.4,39684.2305318283,17575.9862678389
2371,3,0.52,0.1,0.1,0.2,46725.4198702997,13057.6205555628
2372,1,0.8,0.24,0.22,0.6,33168.4867918251,20892.8241034885
2373,2,0.52,0.1,0.58,0.4,51024.5620475656,15299.4159126263
2374,0.5,0.66,0.38,0.34,0.4,36299.1652563557,18229.5905283871
2375,2,0.1,0.8,0.58,0.6,65132.7639707679,10681.4602316409
2376,1,0.38,0.66,0.34,0.6,46148.202451719,15406.0079763024
2377,1.5,0.8,0.38,0.34,0.4,41537.4241619145,19212.6040951317
2378,2,0.1,0.1,0.1,0.6,47240.333129404,8845.29322336901
2379,2.5,0.24,0.38,0.58,0.4,61860.7645139092,11853.3380012329
2380,0.5,0.38,0.38,0.22,0.6,36872.8537719354,15367.2048081955
2381,3,0.1,0.8,0.34,0.2,66460.0052651299,9777.5890208306
2382,1.5,0.1,0.8,0.58,0.4,61976.6869352866,10494.0852770884
2383,1,0.1,0.8,0.1,0.6,46810.1936693643,10045.395759347
2384,0.5,0.38,0.66,0.46,0.6,45040.0407078147,15769.1797225171
2385,1,0.24,0.24,0.46,0.4,47843.7598262241,11717.2534017635
2386,1.5,0.66,0.52,0.1,0.4,38983.4014266209,17697.270685782
2387,3,0.8,0.38,0.46,0.4,53095.1529529595,18593.8419957338
2388,1,0.1,0.66,0.22,0.2,49138.5542609418,9460.98790635271
2389,2,0.8,0.8,0.58,0.6,52647.6341145321,20723.7428398552
2390,1,0.38,0.1,0.22,0.4,38323.0949770568,13396.2140604188
2391,2.5,0.66,0.1,0.46,0.4,49375.8287341805,16819.3528466875
2392,2.5,0.24,0.38,0.1,0.2,51178.8128287351,10363.51088994
2393,0.5,0.38,0.66,0.46,0.6,45040.0407078147,15769.1797225171
2394,1.5,0.1,0.1,0.34,0.2,50279.2147899688,8804.34048010249
2395,2,0.52,0.1,0.22,0.4,42883.5307123051,15063.7321999332
2396,0.5,0.66,0.38,0.22,0.4,33522.7274732622,18246.9775417352
2397,3,0.52,0.24,0.46,0.2,56829.8173351026,13661.2624811068
2398,2,0.38,0.24,0.22,0.6,45982.8811117128,14446.2534693826
2399,0.5,0.24,0.66,0.58,0.2,51023.5844345503,11788.1154491398
2400,3,0.8,0.8,0.1,0.2,49590.962280136,16990.5871809482
2401,1,0.1,0.52,0.7,0.4,58372.9042884702,10400.3003858663
2402,1.5,0.8,0.66,0.58,0.2,50331.8385667094,17657.9107881876
2403,3,0.66,0.52,0.1,0.4,47958.1279561783,16984.668143295
2404,2.5,0.8,0.1,0.1,0.4,38955.219658785,18477.4409626401
2405,0.5,0.66,0.24,0.7,0.4,42422.1753973323,18087.6473693494
2406,1,0.38,0.24,0.34,0.4,42733.3177313381,13699.5897409356
2407,1,0.24,0.38,0.1,0.4,40550.8392882039,11430.3590501742
2408,2,0.66,0.24,0.1,0.2,40318.2891209061,15242.3732112358
2409,2.5,0.24,0.8,0.46,0.6,62483.2357993286,12895.8932103209
2410,1,0.66,0.24,0.1,0.4,32777.2414577798,17759.4066504607
2411,1,0.38,0.38,0.46,0.4,46875.4985593202,13985.9833146103
2412,1,0.8,0.1,0.46,0.2,38851.0512305538,17328.0794498825
2413,0.5,0.66,0.1,0.58,0.2,39400.3224946046,16120.1664944113
2414,3,0.66,0.66,0.46,0.6,56772.952544199,18707.8404758159
2415,3,0.8,0.24,0.46,0.2,52850.5671784405,16592.5297003908
2416,2.5,0.66,0.1,0.34,0.6,45825.1881164577,18349.9079290908
2417,2,0.8,0.38,0.58,0.6,48894.0050887135,20496.4170949574
2418,1,0.66,0.24,0.34,0.4,38543.0334882628,17732.6598178275
2419,2.5,0.66,0.24,0.58,0.6,52520.0236040664,18545.832959083
2420,0.5,0.1,0.38,0.34,0.2,45444.2539248272,9362.06980178789
2421,3,0.24,0.8,0.46,0.2,66454.8618025537,11468.5171930053
2422,1.5,0.8,0.8,0.34,0.4,45349.4471928275,19507.3673349012
2423,0.5,0.1,0.8,0.34,0.4,49016.8186181108,10274.2979301115
2424,0.5,0.24,0.38,0.7,0.6,49925.0930033441,13193.457410697
2425,1,0.52,0.8,0.58,0.4,50960.816851382,16501.4094304458
2426,0.5,0.24,0.38,0.46,0.4,45339.1703944695,12101.5718678374
2427,1.5,0.1,0.24,0.22,0.2,48845.6673360213,8806.67360172754
2428,3,0.52,0.1,0.34,0.4,51694.1707434459,14811.3494887545
2429,1.5,0.8,0.1,0.7,0.6,45222.5223850817,20495.1010926723
2430,1.5,0.1,0.24,0.22,0.4,48610.2590398101,9110.04062393928
2431,2,0.38,0.1,0.46,0.6,50069.5457235734,14448.4627350491
2432,2,0.66,0.1,0.1,0.6,37038.9233532455,18576.7718263683
2433,3,0.52,0.8,0.34,0.6,57544.6305690119,16936.6517617777
2434,0.5,0.38,0.8,0.58,0.2,50083.2359615611,13602.5434889139
2435,2,0.38,0.66,0.34,0.4,53512.6691217483,13904.3387144718
2436,1,0.8,0.66,0.22,0.4,38055.343306529,19734.4317782413
2437,1.5,0.8,0.8,0.1,0.4,39687.8722801012,19547.3104372484
2438,1,0.24,0.38,0.34,0.4,46519.651952279,11755.1525837441
2439,2.5,0.38,0.38,0.58,0.2,60067.2138279074,12598.6199349148
2440,3,0.38,0.8,0.7,0.4,68293.9216486947,14212.0058847183
2441,2,0.52,0.38,0.1,0.6,42077.7035165578,16834.046369323
2442,2.5,0.52,0.38,0.1,0.4,45862.9307625953,15149.976418883
2443,3,0.8,0.66,0.7,0.6,59565.3983682062,20368.1201933756
2444,3,0.1,0.1,0.22,0.4,56835.1301635212,8817.99917668746
2445,3,0.24,0.66,0.7,0.6,69201.6798554625,12992.2246793628
2446,3,0.24,0.66,0.22,0.4,59179.0511383365,11641.919658174
2447,2.5,0.1,0.66,0.7,0.2,70022.6285263125,10223.9626244772
2448,3,0.38,0.1,0.46,0.6,56092.5327854623,14188.5737462747
2449,3,0.66,0.1,0.58,0.4,54771.4707819145,16713.6896537841
2450,1,0.66,0.8,0.7,0.2,52290.9028515848,16628.4352892006
2451,0.5,0.38,0.24,0.7,0.6,45997.8747378919,15415.3344201539
2452,1,0.38,0.24,0.7,0.4,50489.5374602182,14010.9185962261
2453,2,0.8,0.38,0.1,0.4,38962.934851194,18988.9224383659
2454,1.5,0.38,0.38,0.58,0.2,53701.0805128079,12743.9240630661
2455,2,0.52,0.24,0.34,0.6,46479.5381838297,16740.0717114809
2456,2.5,0.24,0.38,0.34,0.4,56565.086747638,11514.4008427686
2457,1,0.38,0.38,0.46,0.2,47568.532638418,12752.1819184483
2458,2,0.52,0.52,0.58,0.4,55235.9909586987,15815.4438174647
2459,2,0.66,0.24,0.58,0.2,51411.0417593525,15533.5992614581
2460,2.5,0.1,0.66,0.34,0.2,62322.9676792487,9607.8060758567
2461,2.5,0.52,0.52,0.7,0.6,59891.9616676019,17030.567581897
2462,1.5,0.38,0.8,0.58,0.6,56066.0140022518,15472.5170899197
2463,1.5,0.1,0.8,0.58,0.6,61755.6525296805,10745.4805081864
2464,3,0.1,0.1,0.34,0.6,59497.4582730286,9235.00055705178
2465,1,0.52,0.38,0.34,0.2,42750.4645988946,14387.8872174486
2466,1,0.8,0.52,0.22,0.4,36775.1444919882,19634.6271690543
2467,0.5,0.52,0.24,0.22,0.2,34663.4566465747,14434.8882763492
2468,1,0.8,0.24,0.34,0.6,35901.7866979481,20866.0754961589
2469,2,0.1,0.8,0.58,0.4,65354.3584678506,10458.1496265007
2470,2.5,0.66,0.52,0.22,0.2,49125.9751692852,15456.6362867703
2471,1,0.38,0.8,0.7,0.6,55000.6371882804,15741.7656312253
2472,0.5,0.52,0.1,0.22,0.4,32361.8660143923,15982.6875850901
2473,2,0.52,0.38,0.7,0.2,57250.3210522416,14318.7470828158
2474,0.5,0.24,0.66,0.7,0.4,52985.0914049663,12748.0242726185
2475,1,0.66,0.1,0.34,0.2,37919.1849248404,15706.6260132626
2476,2,0.66,0.38,0.46,0.6,48395.9786303815,18839.7633735408
2477,3,0.66,0.1,0.34,0.4,49528.908661346,16594.8012270894
2478,3,0.38,0.52,0.34,0.6,57567.8481648478,14612.6464834778
2479,2.5,0.24,0.1,0.1,0.2,48273.1176005349,9934.85464740895
2480,0.5,0.38,0.66,0.1,0.6,36529.5314194502,15643.3876193863
2481,3,0.8,0.38,0.34,0.6,49502.6341482965,20135.8463113545
2482,2,0.24,0.66,0.46,0.6,58202.1271573192,12826.6896837523
2483,3,0.52,0.38,0.1,0.2,49649.2572611206,13456.1864672544
2484,3,0.52,0.1,0.34,0.2,52638.9224266456,13325.1327645945
2485,0.5,0.52,0.24,0.22,0.2,34663.4566465747,14434.8882763492
2486,2,0.24,0.1,0.58,0.6,55364.5366922301,12235.2805512845
2487,0.5,0.52,0.52,0.34,0.4,39540.5876136072,16486.7045188231
2488,2,0.66,0.38,0.1,0.2,41755.3276712057,15418.52197754
2489,2.5,0.24,0.1,0.22,0.2,51353.5614679576,10148.1273507438
2490,0.5,0.24,0.52,0.22,0.2,41535.5538881962,11102.3554116611
2491,1,0.8,0.66,0.1,0.2,36087.2464535072,17895.5295045762
2492,0.5,0.52,0.66,0.34,0.6,40122.3746998492,17995.9010354581
2493,1,0.8,0.66,0.1,0.6,34362.2651213202,21082.7820608212
2494,2,0.66,0.52,0.7,0.2,56551.4237701494,15953.0398397962
2495,2.5,0.52,0.8,0.22,0.6,51892.2350485823,17043.7037151001
2496,3,0.66,0.52,0.34,0.4,53751.9504279759,17068.2804461732
2497,1,0.1,0.24,0.46,0.6,50355.8298985643,9899.16582809532
2498,0.5,0.1,0.66,0.34,0.2,48049.6481856046,9747.27329785377
2499,2.5,0.1,0.38,0.46,0.2,62517.7152941586,9447.57537681255
2500,1,0.24,0.38,0.22,0.4,43624.8546250479,11596.9305254376
2501,2.5,0.38,0.52,0.22,0.2,53242.1980340775,12305.6984235931
2502,1.5,0.8,0.24,0.46,0.6,41849.031360028,20589.2218544803
2503,2.5,0.52,0.1,0.1,0.6,42164.4222564086,16283.2171891862
2504,3,0.52,0.1,0.34,0.2,52638.9224266456,13325.1327645945
2505,3,0.24,0.66,0.22,0.6,58674.9437905259,12359.3187674291
2506,3,0.66,0.66,0.1,0.2,50245.039075075,15360.7973933462
2507,1.5,0.8,0.8,0.7,0.2,53907.7655174135,17808.1235534944
2508,3,0.38,0.24,0.34,0.4,55532.2046768222,13140.9775039463
2509,2,0.52,0.8,0.22,0.4,49633.6920112639,15859.3670381753
2510,3,0.38,0.24,0.1,0.6,48960.3650342271,14036.3386774051
2511,0.5,0.38,0.1,0.22,0.6,33875.085185408,15010.04220464
2512,1.5,0.1,0.66,0.22,0.4,52599.108561393,9710.52431679231
2513,1,0.66,0.66,0.22,0.4,39821.621482211,18129.8933102656
2514,3,0.66,0.8,0.7,0.6,62844.9408842499,18883.3594999914
2515,0.5,0.8,0.38,0.1,0.4,28956.3704319122,19931.1219981158
2516,2,0.38,0.52,0.1,0.6,45724.230279801,14710.8168457612
2517,2.5,0.8,0.66,0.46,0.2,53999.044777168,17196.7371799232
2518,2,0.1,0.8,0.7,0.2,68018.5213485546,10391.1593403717
2519,0.5,0.24,0.38,0.7,0.2,50899.8892840477,11569.2203659904
2520,3,0.8,0.1,0.46,0.4,50207.066606284,18300.8413374693
2521,2.5,0.66,0.8,0.22,0.2,51582.2756078181,15735.3293466339
2522,2,0.38,0.52,0.46,0.2,55703.6324894152,12712.6836412973
2523,2,0.8,0.38,0.34,0.2,45756.1129232923,17074.6373008874
2524,1,0.66,0.1,0.22,0.4,34202.7271794378,17587.6506150164
2525,2.5,0.24,0.8,0.1,0.2,54944.8305151258,10909.1346592201
2526,2.5,0.52,0.8,0.7,0.4,63101.7578767333,16015.5214548194
2527,0.5,0.1,0.8,0.46,0.4,51759.6976890802,10469.5641767493
2528,1,0.8,0.24,0.58,0.2,42893.2379157482,17508.4669959486
2529,1.5,0.24,0.52,0.1,0.6,45023.3555861905,12308.6067717827
2530,1.5,0.38,0.24,0.1,0.4,40343.9913929087,13269.9600765085
2531,0.5,0.1,0.38,0.7,0.2,53311.6003083077,9963.88977577951
2532,1.5,0.52,0.24,0.58,0.4,49251.4505441479,15675.9392534708
2533,2.5,0.52,0.38,0.46,0.4,54412.0774760903,15405.6089689865
2534,1,0.8,0.24,0.22,0.4,33980.367867618,19433.5754658165
2535,1.5,0.52,0.1,0.1,0.6,35873.6544960344,16791.8112655012
2536,2,0.66,0.1,0.58,0.2,49918.1176083666,15351.4321226747
2537,0.5,0.52,0.66,0.22,0.6,37339.1535900405,18001.2213036496
2538,3,0.8,0.8,0.34,0.2,55343.8947732521,17090.8318095899
2539,2,0.1,0.8,0.1,0.6,53917.982741692,9855.65417757921
2540,3,0.8,0.66,0.34,0.4,53019.0385605036,18796.1791482874
2541,1,0.52,0.52,0.46,0.2,46790.4423632434,14644.2713016776
2542,2.5,0.1,0.8,0.1,0.6,57120.2816639725,9797.56561999434
2543,2,0.24,0.66,0.58,0.2,61812.0657046613,11541.1169236175
2544,2.5,0.8,0.24,0.58,0.6,50456.5680269858,20218.6393515225
2545,1,0.38,0.1,0.34,0.2,41898.4765466931,12213.6896288804
2546,1.5,0.66,0.1,0.46,0.4,43130.5531952553,17273.4634032845
2547,1.5,0.8,0.38,0.46,0.4,44170.1008287363,19204.3551573709
2548,1,0.24,0.52,0.7,0.4,55630.9114792036,12408.0001623986
2549,1.5,0.24,0.38,0.1,0.6,43674.501795238,12121.5281538723
2550,2,0.66,0.66,0.7,0.6,55875.888463879,19099.87977999
2551,1,0.24,0.66,0.1,0.6,42725.888366985,12671.1124529836
2552,1,0.38,0.8,0.22,0.6,44520.174632701,15476.1828111817
2553,0.5,0.52,0.24,0.46,0.6,38709.2787126514,17625.6499093724
2554,0.5,0.52,0.8,0.7,0.4,49619.5661661354,16842.6990390134
2555,0.5,0.52,0.8,0.58,0.4,47215.7129650606,16802.5464568134
2556,0.5,0.1,0.24,0.46,0.6,46333.4094422741,10037.6725616133
2557,3,0.24,0.52,0.58,0.6,65557.7464278656,12677.0074349361
2558,1,0.24,0.24,0.34,0.6,44614.438837601,12396.4658581375
2559,1.5,0.38,0.52,0.46,0.6,51072.1271305477,15106.6232351227
2560,1,0.38,0.8,0.46,0.2,51362.8058173018,13270.1732554614
2561,2.5,0.52,0.38,0.7,0.6,58584.8611470246,16888.9320078895
2562,1,0.1,0.38,0.58,0.4,54591.647277302,10014.3758735572
2563,2.5,0.66,0.8,0.22,0.2,51582.2756078181,15735.3293466339
2564,1.5,0.8,0.66,0.58,0.2,50331.8385667094,17657.9107881876
2565,2,0.8,0.8,0.7,0.2,57096.2611264055,17602.2540435875
2566,2,0.1,0.52,0.34,0.2,57897.0558254899,9433.36984748371
2567,1.5,0.8,0.52,0.58,0.4,48006.5566471474,19339.90393593
2568,2,0.52,0.66,0.1,0.4,45443.3904370828,15672.8060046871
2569,0.5,0.1,0.24,0.22,0.6,40624.1261764193,9635.31604224929
2570,0.5,0.24,0.38,0.46,0.6,44872.563285611,12953.0453802857
2571,2.5,0.1,0.1,0.58,0.6,61819.6410819254,9682.90902607533
2572,2,0.66,0.52,0.58,0.2,54136.9991532965,15874.0984881689
2573,2.5,0.8,0.66,0.7,0.2,58912.8062111089,17314.4621180776
2574,2.5,0.8,0.38,0.22,0.6,43955.1243280484,20302.8573262894
2575,2,0.38,0.24,0.1,0.6,42946.0698064378,14360.362701974
2576,2,0.24,0.38,0.58,0.6,58226.1612890124,12633.1009387899
2577,1.5,0.66,0.8,0.34,0.2,48158.7131058286,16209.2114219805
2578,3,0.8,0.52,0.1,0.6,45131.3014256965,20224.16123601
2579,3,0.66,0.8,0.46,0.4,58839.7788951233,17367.5376825217
2580,2.5,0.66,0.52,0.1,0.2,46132.6135233355,15379.102383342
2581,2,0.8,0.1,0.46,0.4,44415.2333836193,18704.9461136595
2582,3,0.1,0.52,0.22,0.4,60976.0597742182,9451.72437010234
2583,2.5,0.24,0.1,0.22,0.6,50282.2877418998,11664.2191138113
2584,1,0.8,0.52,0.34,0.6,38670.2280773905,21000.3785396683
2585,1.5,0.66,0.52,0.22,0.2,42871.2363274757,15879.4288427947
2586,0.5,0.8,0.8,0.34,0.4,38419.3664515558,20092.4389618552
2587,0.5,0.1,0.66,0.22,0.6,44686.2048244353,10231.2274555685
2588,2,0.1,0.1,0.7,0.6,61087.0489618649,9917.31033525195
2589,2,0.52,0.1,0.34,0.6,44972.4093645933,16575.0611299649
2590,0.5,0.8,0.38,0.7,0.4,42014.808692574,19785.7422142702
2591,1.5,0.52,0.24,0.22,0.2,41983.7275520292,13871.7039674672
2592,0.5,0.52,0.24,0.46,0.4,39422.2864017296,16200.3178054787
2593,1.5,0.52,0.24,0.58,0.2,50125.3238061816,14180.2691039633
2594,0.5,0.66,0.1,0.22,0.2,31355.4175704513,16046.3241490123
2595,3,0.24,0.24,0.58,0.4,63410.5198954869,11624.8725411521
2596,1,0.52,0.38,0.46,0.4,44620.0891069737,16027.9939633484
2597,3,0.66,0.1,0.7,0.6,56288.7081023191,18270.3745236724
2598,0.5,0.8,0.8,0.58,0.6,42599.498103067,21366.9751034941
2599,2.5,0.38,0.52,0.58,0.6,59927.1502656214,14937.2112430058
2600,2,0.8,0.52,0.7,0.2,54670.8889166775,17362.3013147802
2601,0.5,0.52,0.1,0.58,0.6,39725.0272446443,17479.9641020876
2602,3,0.8,0.66,0.7,0.4,60554.5674250542,18894.4396340122
2603,2,0.1,0.38,0.7,0.4,64128.3519410933,10120.5990768686
2604,2,0.38,0.24,0.46,0.2,52985.9756940258,12331.2673417386
2605,2.5,0.66,0.52,0.46,0.4,53597.1045357164,17288.0085085016
2606,3,0.24,0.1,0.46,0.2,59949.7796270189,10532.0852431713
2607,1,0.24,0.38,0.58,0.6,51359.8628040195,12856.3982293898
2608,1.5,0.24,0.66,0.46,0.2,55940.2514041205,11399.9959166098
2609,1,0.52,0.66,0.34,0.2,45373.9805204132,14724.8809762865
2610,2.5,0.8,0.52,0.22,0.2,47283.33657454,16970.2753033597
2611,3,0.1,0.38,0.58,0.4,67827.1011746758,9906.96496512545
2612,1.5,0.52,0.52,0.58,0.2,52859.1098852573,14541.5118266524
2613,0.5,0.38,0.52,0.34,0.6,41076.6169668059,15569.3461964178
2614,1.5,0.66,0.1,0.7,0.2,49089.8661271105,15624.0650466503
2615,1,0.52,0.66,0.22,0.2,42540.3176360376,14641.9359724729
2616,1.5,0.52,0.66,0.34,0.2,48875.2511739358,14495.4596219009
2617,1,0.1,0.66,0.1,0.6,45604.9224594949,9860.30030812419
2618,2,0.24,0.52,0.22,0.4,51868.5259499023,11588.5583038949
2619,2,0.66,0.52,0.58,0.6,52238.7249430389,18972.3924961398
2620,0.5,0.38,0.24,0.58,0.4,44180.4092800292,14164.3148262994
2621,3,0.38,0.24,0.1,0.4,49619.2126309754,12855.6072562286
2622,2,0.66,0.52,0.22,0.6,44293.3465056069,18939.6930107675
2623,3,0.66,0.66,0.1,0.4,49222.5092809286,17112.7183797243
2624,0.5,0.66,0.1,0.58,0.6,37705.050252625,19407.2034988488
2625,0.5,0.66,0.1,0.22,0.2,31355.4175704513,16046.3241490123
2626,2.5,0.8,0.66,0.46,0.6,51924.488361989,20475.2373815995
2627,3,0.52,0.8,0.7,0.6,65136.2671596076,17140.2328644462
2628,3,0.66,0.24,0.46,0.2,54769.6440756006,15150.1730508942
2629,0.5,0.66,0.8,0.22,0.4,37395.4345914784,18569.9440705906
2630,2.5,0.52,0.8,0.34,0.6,54701.8669274429,17092.6792895552
2631,2.5,0.66,0.66,0.34,0.6,51319.1244702255,18845.4942735396
2632,3,0.24,0.8,0.22,0.6,59850.1542559407,12517.6442655425
2633,3,0.24,0.8,0.7,0.2,71418.6986302457,11820.7711562739
2634,0.5,0.38,0.52,0.58,0.2,47620.3381559803,13272.6998464494
2635,2.5,0.8,0.1,0.34,0.6,43816.3518559537,20082.8304335262
2636,1,0.1,0.8,0.58,0.6,58102.6160753386,10840.2379509587
2637,2.5,0.1,0.24,0.7,0.2,66180.053118131,9653.79265724854
2638,3,0.1,0.24,0.22,0.6,58069.9954584629,9231.39954657066
2639,2,0.1,0.1,0.46,0.4,56243.3832113472,9289.99652823383
2640,1,0.1,0.1,0.22,0.6,43147.9407006204,9248.66133193346
2641,1.5,0.38,0.1,0.1,0.4,38808.4221018588,13065.5616937276
2642,1.5,0.66,0.8,0.22,0.2,45353.964977212,16161.5421471871
2643,3,0.38,0.8,0.46,0.4,63337.0426596774,13953.2196881023
2644,2,0.52,0.1,0.22,0.6,42126.53127389,16535.2309947435
2645,1.5,0.66,0.8,0.34,0.6,46371.8085765861,19348.7786194416
2646,0.5,0.66,0.24,0.1,0.2,29932.5145250424,16230.0756621336
2647,1,0.38,0.8,0.7,0.4,55657.0560009788,14668.5331694573
2648,3,0.38,0.24,0.1,0.6,48960.3650342271,14036.3386774051
2649,0.5,0.24,0.38,0.58,0.6,47463.173244255,13072.6777472845
2650,2.5,0.38,0.1,0.58,0.6,55756.5676695412,14409.072881398
2651,2,0.8,0.24,0.22,0.2,41520.7091291521,16884.054596757
2652,2,0.38,0.8,0.7,0.2,63110.674684151,13324.18197758
2653,1,0.8,0.1,0.34,0.4,35219.6684762315,19275.8685598812
2654,2,0.24,0.8,0.34,0.6,56673.7625680835,12833.7697410176
2655,2,0.8,0.24,0.1,0.4,37527.1904896247,18867.9787756475
2656,1.5,0.1,0.38,0.22,0.4,50017.9376603453,9323.51155109232
2657,0.5,0.38,0.1,0.7,0.2,45811.895588343,12818.6829166061
2658,3,0.1,0.24,0.7,0.6,68688.4040056481,10079.2926697144
2659,1,0.1,0.8,0.58,0.4,58324.1526338477,10560.8902228198
2660,2.5,0.1,0.1,0.1,0.4,50722.2778255214,8581.59382319818
2661,1.5,0.66,0.52,0.58,0.4,49920.4330999531,17751.0859513161
2662,2.5,0.1,0.52,0.34,0.4,60857.901114536,9685.21325273241
2663,3,0.66,0.66,0.46,0.4,57662.5924958632,17252.0288487793
2664,1,0.38,0.24,0.7,0.2,51197.2352108947,12825.56799746
2665,3,0.52,0.38,0.34,0.4,54584.5176316963,15175.5615185756
2666,1,0.8,0.8,0.22,0.2,40228.0515467498,17998.1351550972
2667,2.5,0.66,0.38,0.58,0.2,55854.5574248262,15553.8733380089
2668,1.5,0.24,0.24,0.58,0.2,54572.737192171,11007.5650773042
2669,1,0.24,0.38,0.58,0.4,51850.3985807965,12066.2300070204
2670,1,0.66,0.8,0.34,0.6,42997.9204735041,19612.1861262677
2671,1.5,0.24,0.38,0.46,0.6,52351.5701548893,12559.46360681
2672,3,0.66,0.66,0.46,0.2,58722.2092838824,15634.3953008567
2673,1.5,0.24,0.38,0.1,0.6,43674.501795238,12121.5281538723
2674,3,0.8,0.8,0.7,0.6,60733.2765004872,20444.6756916898
2675,1,0.52,0.66,0.22,0.2,42540.3176360376,14641.9359724729
2676,3,0.38,0.24,0.58,0.6,60133.1822926559,14494.8572250959
2677,0.5,0.8,0.24,0.46,0.4,35741.6153772945,19715.2568794292
2678,2.5,0.38,0.52,0.58,0.4,60607.0039520143,13863.8966987119
2679,2,0.1,0.1,0.7,0.6,61087.0489618649,9917.31033525195
2680,0.5,0.1,0.1,0.46,0.4,45055.3343155162,9472.20175942958
2681,2.5,0.1,0.66,0.58,0.2,67593.0143897766,10023.6457987429
2682,2,0.8,0.38,0.22,0.4,41904.2151340751,18965.8954679225
2683,1.5,0.1,0.52,0.46,0.6,56762.1407639627,10208.083527523
2684,1,0.24,0.66,0.58,0.2,54930.8746487723,11651.7998496541
2685,2.5,0.8,0.66,0.58,0.2,56517.3499148287,17255.2766889639
2686,1,0.1,0.1,0.7,0.6,53978.3682632841,10060.3425342016
2687,2.5,0.66,0.24,0.46,0.4,50869.7457271905,16985.8006637495
2688,0.5,0.1,0.66,0.34,0.6,47595.5896078226,10430.7969152139
2689,0.5,0.52,0.38,0.22,0.2,36116.1274745824,14619.0659474559
2690,0.5,0.8,0.1,0.58,0.2,37678.5602823811,17686.3111355492
2691,2.5,0.52,0.52,0.46,0.6,54938.6152893931,16901.5117064014
2692,2.5,0.24,0.66,0.34,0.4,59116.5967459109,11869.7697748357
2693,1,0.8,0.66,0.58,0.4,45889.7122713186,19685.2846713682
2694,3,0.1,0.1,0.22,0.2,57083.1215319209,8571.6888122961
2695,2,0.52,0.8,0.7,0.6,59270.0786091461,17426.8605245575
2696,0.5,0.1,0.24,0.58,0.6,48957.5892966731,10227.7917414206
2697,0.5,0.66,0.24,0.22,0.2,32906.0933281902,16227.2029929823
2698,3,0.1,0.38,0.1,0.6,56394.2770886984,9210.87174911374
2699,2,0.24,0.24,0.34,0.2,52565.997886738,10611.2921130514
2700,3,0.8,0.66,0.1,0.2,48393.2833776242,16871.1771555622
2701,1,0.38,0.66,0.58,0.4,52038.5954422408,14427.467246364
2702,3,0.24,0.8,0.34,0.2,63764.0138205583,11279.2633658278
2703,2.5,0.38,0.8,0.58,0.6,62333.2289775752,15221.2556255325
2704,2.5,0.8,0.52,0.1,0.6,42372.5023593442,20392.6444600487
2705,2.5,0.66,0.38,0.46,0.6,51392.1492098739,18644.3485530412
2706,3,0.24,0.1,0.1,0.4,50686.6933004298,10663.200417619
2707,2.5,0.24,0.52,0.7,0.4,65595.2127282829,12195.5665511083
2708,2,0.24,0.24,0.46,0.6,54250.2145555316,12287.3190865166
2709,2.5,0.38,0.24,0.34,0.4,52622.8650083377,13241.453750095
2710,3,0.52,0.52,0.1,0.2,50983.2329279497,13633.5183931492
2711,3,0.38,0.38,0.46,0.2,60413.1977368256,12384.2641951197
2712,0.5,0.8,0.1,0.46,0.2,35162.6215624146,17685.6547400521
2713,2,0.1,0.38,0.22,0.4,53455.8206713395,9282.29773749982
2714,3,0.24,0.38,0.34,0.4,59498.7219803549,11468.7286006856
2715,1,0.24,0.1,0.1,0.4,37567.7033444461,11001.6072559591
2716,0.5,0.8,0.52,0.22,0.4,33201.0299377133,19958.1596715137
2717,2,0.52,0.38,0.1,0.6,42077.7035165578,16834.046369323
2718,3,0.1,0.52,0.1,0.6,57703.887952174,9408.76076255051
2719,3,0.66,0.1,0.34,0.6,48657.5163592318,18163.2345910251
2720,0.5,0.52,0.66,0.7,0.2,49241.1451597104,15239.913247335
2721,1,0.52,0.52,0.1,0.4,37474.8839900683,16086.3899789226
2722,1,0.66,0.8,0.7,0.4,51335.4507316825,18259.2639221289
2723,2,0.52,0.66,0.34,0.6,50488.8398823815,17167.3631391505
2724,2,0.66,0.38,0.7,0.6,53315.3102052828,18885.7291475821
2725,2,0.1,0.66,0.34,0.2,59133.4507409221,9613.87043051691
2726,2.5,0.8,0.1,0.22,0.4,41923.8842641698,18471.2641390421
2727,1,0.52,0.24,0.7,0.4,48183.0676250521,15976.9104658655
2728,2.5,0.1,0.24,0.46,0.4,60910.9000381712,9493.44463589168
2729,1.5,0.24,0.8,0.46,0.2,57120.8948063322,11561.9667840625
2730,3,0.24,0.52,0.22,0.2,58505.8559023378,10743.3723956271
2731,2.5,0.38,0.66,0.58,0.2,62602.823395523,12943.6015040668
2732,1.5,0.24,0.52,0.58,0.4,56756.3739242194,12147.9486823083
2733,1,0.1,0.24,0.34,0.4,47816.4392889197,9394.01605751905
2734,0.5,0.52,0.24,0.7,0.6,43657.8362783369,17649.3536715095
2735,2,0.66,0.1,0.7,0.2,52353.2741910412,15435.1080070835
2736,1,0.8,0.52,0.58,0.4,44626.7451820845,19595.8633004333
2737,1,0.38,0.52,0.22,0.4,42651.3763834603,13960.875101194
2738,2.5,0.66,0.66,0.1,0.4,46414.8343533058,17310.9816909061
2739,1,0.24,0.1,0.58,0.6,48455.4838455547,12460.6384953346
2740,1,0.1,0.1,0.34,0.6,46088.3935659284,9469.32997416212
2741,2.5,0.8,0.1,0.1,0.6,38089.8144697757,20098.3602776209
2742,3,0.66,0.8,0.46,0.2,59897.8048378309,15767.0424151895
2743,1.5,0.8,0.52,0.34,0.4,42880.7480030874,19331.9344028942
2744,1,0.1,0.52,0.1,0.6,44331.1617684425,9675.72540914772
2745,2,0.38,0.1,0.34,0.4,48018.1666277621,13175.4653958972
2746,1.5,0.52,0.8,0.1,0.6,42703.2367697905,17471.7758436556
2747,1.5,0.66,0.8,0.22,0.6,43606.5120997277,19356.6982443063
2748,3,0.1,0.52,0.22,0.2,61218.8753873791,9205.68997056411
2749,2,0.24,0.38,0.58,0.6,58226.1612890124,12633.1009387899
2750,0.5,0.38,0.1,0.22,0.6,33875.085185408,15010.04220464
2751,1,0.38,0.52,0.34,0.6,44876.795802821,15249.3141396181
2752,3,0.24,0.24,0.22,0.2,55808.2962232717,10346.3920233272
2753,2.5,0.52,0.52,0.7,0.4,60699.0000842519,15744.2523397024
2754,2.5,0.1,0.1,0.22,0.2,54053.4524495221,8560.7772476085
2755,1,0.52,0.1,0.7,0.2,47534.9629932516,14287.0415762624
2756,2,0.66,0.38,0.1,0.4,40806.9063495772,17278.312137661
2757,1,0.52,0.8,0.46,0.6,47678.9115469703,17786.9729329219
2758,0.5,0.8,0.1,0.34,0.2,32519.1501774926,17697.1701482197
2759,0.5,0.1,0.1,0.1,0.6,35947.9651611012,9181.33884717674
2760,1.5,0.24,0.66,0.34,0.4,52704.4575345076,12000.6264417735
2761,3,0.66,0.8,0.7,0.4,63754.6807904026,17492.9199908561
2762,1.5,0.66,0.66,0.34,0.4,46009.3597503401,17823.1750608414
2763,3,0.8,0.66,0.46,0.4,55660.0168189558,18823.7815805193
2764,2,0.1,0.52,0.46,0.6,60166.6033093613,10143.5130191224
2765,0.5,0.8,0.66,0.58,0.6,41401.6493560226,21316.4179216783
2766,1,0.66,0.52,0.1,0.4,35594.8609682036,18019.7133862035
2767,0.5,0.1,0.52,0.58,0.6,51691.6167988841,10625.3303703471
2768,1,0.38,0.66,0.46,0.4,49478.5297910388,14326.2127926525
2769,1.5,0.8,0.24,0.34,0.4,40111.8176849896,19098.7349899922
2770,1,0.52,0.1,0.34,0.2,39791.0447287532,14008.3926263403
2771,2.5,0.38,0.8,0.7,0.4,65430.021052444,14294.3120061687
2772,0.5,0.24,0.8,0.58,0.6,51257.0179008974,13579.6695684713
2773,1,0.1,0.24,0.7,0.2,55913.6403338282,9688.980279466
2774,1.5,0.1,0.52,0.1,0.6,48038.4674473563,9561.07926172488
2775,1,0.38,0.66,0.58,0.4,52038.5954422408,14427.467246364
2776,3,0.52,0.52,0.34,0.4,55903.8964565103,15335.6322744572
2777,1,0.38,0.1,0.22,0.2,39000.2229688219,12070.9477886321
2778,2.5,0.8,0.1,0.58,0.6,48971.984541927,20091.7108311318
2779,3,0.8,0.24,0.7,0.6,55641.3328930168,20080.0929905423
2780,3,0.24,0.8,0.34,0.6,62697.5816852509,12679.3909243326
2781,2.5,0.66,0.38,0.22,0.4,46781.5965023639,17070.7025969991
2782,2,0.52,0.8,0.34,0.6,51680.5594760917,17277.9376241206
2783,0.5,0.38,0.24,0.22,0.4,36008.834995937,13903.3879065158
2784,1,0.8,0.66,0.46,0.2,44416.3367702042,17899.1614926027
2785,1.5,0.66,0.66,0.34,0.2,46958.4359010712,16082.5781933722
2786,0.5,0.66,0.66,0.58,0.2,44969.3573675429,16754.6323863054
2787,2,0.38,0.66,0.58,0.4,58769.2033947483,14140.1591898596
2788,3,0.52,0.24,0.34,0.4,53184.1204191906,14993.0807223156
2789,2.5,0.66,0.38,0.34,0.2,50624.1634930493,15377.4974972579
2790,0.5,0.38,0.8,0.58,0.4,49411.2943457744,14818.9720064063
2791,2,0.24,0.24,0.58,0.6,56839.3908770755,12439.2878589057
2792,1,0.24,0.8,0.22,0.2,47941.1944508139,11304.6200271756
2793,2.5,0.8,0.66,0.58,0.2,56517.3499148287,17255.2766889639
2794,1.5,0.24,0.66,0.1,0.6,46297.0475479946,12489.5513624084
2795,0.5,0.38,0.24,0.1,0.2,33586.6552792719,12408.350334012
2796,1.5,0.1,0.38,0.22,0.6,49792.8903079718,9591.09021051224
2797,3,0.8,0.52,0.58,0.6,55952.8266089142,20256.148614656
2798,0.5,0.1,0.66,0.34,0.2,48049.6481856046,9747.27329785377
2799,0.5,0.66,0.24,0.1,0.4,29131.7416057588,18161.6857959179
2800,1.5,0.8,0.52,0.22,0.4,40114.6654964142,19336.731085605
2801,2.5,0.24,0.1,0.1,0.2,48273.1176005349,9934.85464740895
2802,1,0.8,0.52,0.46,0.4,42138.5106358657,19586.2140680087
2803,2,0.66,0.52,0.34,0.2,48920.8040045237,15718.66682773
2804,0.5,0.24,0.52,0.7,0.2,52226.5321353001,11758.2705357584
2805,3,0.24,0.1,0.22,0.6,53243.5139161823,11600.9102370311
2806,1.5,0.1,0.24,0.1,0.2,45742.2467363043,8567.59682123476
2807,1.5,0.66,0.66,0.1,0.4,40266.3927864018,17824.7662070125
2808,2.5,0.8,0.24,0.22,0.6,42538.9893210327,20191.8337087197
2809,2,0.38,0.8,0.1,0.6,48198.222271948,15001.0019371542
2810,2.5,0.24,0.52,0.7,0.2,66144.4050814331,11508.5407830645
2811,1,0.52,0.8,0.34,0.6,45029.5253317309,17774.4530772933
2812,2,0.8,0.8,0.22,0.4,45718.7009605972,19272.3334743313
2813,0.5,0.8,0.8,0.1,0.6,32085.3391596115,21366.0787589451
2814,2.5,0.8,0.1,0.1,0.6,38089.8144697757,20098.3602776209
2815,1,0.24,0.38,0.46,0.4,49256.6786290247,11912.614159054
2816,1.5,0.38,0.1,0.7,0.4,52541.6762323748,13644.6329618395
2817,0.5,0.38,0.38,0.46,0.2,43699.0581049562,12971.5521477654
2818,3,0.38,0.24,0.1,0.6,48960.3650342271,14036.3386774051
2819,2,0.24,0.24,0.7,0.2,60351.9459292096,11155.1092886233
2820,1.5,0.52,0.66,0.1,0.6,41491.59152297,17365.8251532329
2821,2,0.52,0.1,0.22,0.2,43760.3369874492,13469.8825660204
2822,2.5,0.8,0.66,0.34,0.4,50238.6781957448,18982.1911195196
2823,0.5,0.24,0.1,0.58,0.4,45009.5392337056,11835.9461502636
2824,2.5,0.8,0.24,0.34,0.2,47343.5048546068,16704.7825306742
2825,0.5,0.8,0.52,0.34,0.2,36859.1280219478,18118.5707653206
2826,2.5,0.52,0.8,0.22,0.6,51892.2350485823,17043.7037151001
2827,0.5,0.66,0.8,0.34,0.2,41019.187749186,16820.3331856008
2828,1,0.24,0.66,0.1,0.6,42725.888366985,12671.1124529836
2829,2,0.1,0.66,0.1,0.4,52955.2279986771,9443.10700747483
2830,0.5,0.8,0.66,0.22,0.6,33704.4030946162,21319.0945131084
2831,0.5,0.1,0.24,0.46,0.2,46797.8501102069,9355.82797887206
2832,3,0.66,0.24,0.7,0.2,59746.3819835591,15347.4724697711
2833,2.5,0.38,0.52,0.7,0.2,63802.7667965357,12926.4099827725
2834,2.5,0.38,0.38,0.34,0.2,54785.6579029813,12284.9822286308
2835,2.5,0.38,0.66,0.34,0.6,55923.1290085219,14882.6860718722
2836,0.5,0.1,0.24,0.22,0.2,41080.3346562151,8921.27552738342
2837,1,0.66,0.24,0.1,0.2,33632.559583429,15833.1663632275
2838,0.5,0.1,0.1,0.34,0.6,42043.1090459391,9612.26241524759
2839,3,0.1,0.52,0.1,0.4,57931.0254954228,9218.44879831254
2840,3,0.24,0.38,0.58,0.6,64266.0205169026,12501.5161684928
2841,1,0.52,0.66,0.7,0.2,53028.4747002803,14992.5189569469
2842,1,0.8,0.24,0.7,0.2,45295.662775435,17534.3448013661
2843,1,0.52,0.1,0.58,0.4,44241.5459308982,15740.9615415245
2844,3,0.24,0.1,0.22,0.4,53756.2538323611,10863.949364137
2845,2.5,0.52,0.52,0.46,0.6,54938.6152893931,16901.5117064014
2846,0.5,0.24,0.8,0.22,0.6,43107.8957853642,13228.3947301867
2847,2.5,0.66,0.24,0.1,0.2,43357.7133926006,15026.7619586851
2848,2,0.1,0.1,0.46,0.4,56243.3832113472,9289.99652823383
2849,1.5,0.24,0.38,0.58,0.6,54938.5632366814,12704.9078872925
2850,1,0.1,0.66,0.58,0.2,57379.3217234738,10082.7575816109
2851,2,0.52,0.24,0.46,0.6,49166.4607647878,16781.1171760868
2852,2.5,0.66,0.1,0.46,0.2,50412.9784665604,15097.3336432612
2853,0.5,0.52,0.66,0.1,0.6,34398.7833351404,18030.7263011674
2854,0.5,0.38,0.52,0.22,0.4,38824.1904955244,14262.3305631912
2855,2.5,0.66,0.52,0.22,0.2,49125.9751692852,15456.6362867703
2856,2,0.66,0.38,0.1,0.4,40806.9063495772,17278.312137661
2857,0.5,0.1,0.24,0.7,0.2,51914.5187625514,9754.42255068225
2858,1.5,0.24,0.8,0.58,0.2,59692.0924203204,11734.8115631982
2859,2,0.38,0.66,0.46,0.2,56949.7333843288,12880.6256598809
2860,3,0.1,0.66,0.46,0.4,67761.326540346,10068.0903051044
2861,1,0.24,0.52,0.46,0.6,50103.0650574668,12900.9815824488
2862,2.5,0.1,0.1,0.1,0.2,50965.9624886469,8314.52149476658
2863,1.5,0.1,0.38,0.1,0.6,46700.7542099963,9364.02097896616
2864,3,0.52,0.66,0.7,0.6,63973.1885661303,17024.5732992376
2865,0.5,0.52,0.66,0.1,0.6,34398.7833351404,18030.7263011674
2866,1,0.1,0.38,0.34,0.6,49002.416149018,9907.20225120109
2867,2.5,0.52,0.38,0.46,0.2,55332.3001594417,13955.6911737627
2868,0.5,0.24,0.38,0.1,0.2,37085.250696228,10729.8134469771
2869,1,0.24,0.66,0.34,0.6,48645.5313869337,12949.3722007219
2870,1.5,0.66,0.24,0.34,0.6,41142.2925032697,18941.7970702332
2871,0.5,0.8,0.8,0.34,0.2,39356.8608589443,18340.2364714092
2872,2,0.66,0.38,0.46,0.6,48395.9786303815,18839.7633735408
2873,3,0.8,0.52,0.7,0.6,58331.6501928633,20280.0154579148
2874,0.5,0.8,0.8,0.34,0.4,38419.3664515558,20092.4389618552
2875,2,0.66,0.1,0.7,0.6,50432.9052876798,18610.3502958969
2876,1.5,0.8,0.8,0.34,0.6,44454.2219726715,20900.620504225
2877,1.5,0.52,0.1,0.7,0.2,51077.8486514062,14091.8709443531
2878,1.5,0.24,0.24,0.22,0.2,46324.786219141,10452.1427432713
2879,2.5,0.8,0.8,0.58,0.6,55590.7077766446,20561.9237528858
2880,1,0.8,0.38,0.22,0.4,35419.1507359277,19541.4043469347
2881,2.5,0.24,0.8,0.22,0.6,56930.5035908789,12582.2202568903
2882,2.5,0.66,0.38,0.1,0.2,44786.8700988702,15205.3797086994
2883,1.5,0.66,0.24,0.46,0.6,43792.2705893808,18936.8443906271
2884,0.5,0.8,0.1,0.7,0.2,40077.8985768421,17698.7737939528
2885,2,0.38,0.1,0.22,0.2,45869.7026331553,11807.5211799979
2886,2,0.52,0.24,0.7,0.4,54949.9218472697,15563.2420195489
2887,0.5,0.24,0.1,0.1,0.4,33602.7594399255,11225.4195497223
2888,2.5,0.1,0.8,0.22,0.4,60387.7597525735,9813.96203506689
2889,2,0.38,0.1,0.46,0.6,50069.5457235734,14448.4627350491
2890,1,0.24,0.1,0.58,0.4,48950.1769363027,11661.8626251002
2891,1.5,0.66,0.24,0.46,0.4,44640.8376192731,17433.0363768435
2892,2,0.1,0.1,0.1,0.6,47240.333129404,8845.29322336901
2893,2,0.38,0.1,0.46,0.4,50748.2340826653,13299.3574101012
2894,0.5,0.38,0.24,0.1,0.6,32397.2869984974,15167.3759466722
2895,1.5,0.38,0.1,0.46,0.2,48215.385719177,12200.8177460764
2896,2.5,0.1,0.38,0.7,0.2,67534.1075233687,9861.13989247555
2897,0.5,0.52,0.38,0.7,0.6,45077.5353258693,17785.7885676121
2898,1,0.24,0.66,0.58,0.6,53938.847910642,13207.2294219905
2899,2.5,0.66,0.24,0.22,0.2,46369.519398118,15106.6087424778
2900,1,0.1,0.1,0.22,0.6,43147.9407006204,9248.66133193346
2901,1.5,0.38,0.24,0.58,0.2,52300.3671727534,12553.3464578764
2902,1.5,0.38,0.8,0.1,0.2,46313.4307473334,12697.1825606032
2903,0.5,0.1,0.8,0.7,0.4,56820.2383528686,10837.3293122913
2904,3,0.1,0.66,0.22,0.2,62446.7831501539,9386.3739972186
2905,1.5,0.38,0.24,0.58,0.6,50903.0731082426,14855.3814256926
2906,1.5,0.1,0.8,0.7,0.6,64201.1957801602,10927.8965025861
2907,1,0.66,0.38,0.34,0.6,39173.40482888,19338.9502333368
2908,0.5,0.24,0.1,0.7,0.4,47491.6947446333,11981.2700970882
2909,3,0.8,0.24,0.22,0.6,45316.0003519482,20017.1691578323
2910,2.5,0.1,0.52,0.34,0.2,61094.5734278713,9427.50066022452
2911,2,0.52,0.66,0.22,0.2,49305.1905191387,14204.8549488736
2912,2.5,0.38,0.38,0.58,0.6,58619.4111478851,14774.7357120659
2913,1.5,0.1,0.24,0.58,0.2,57124.2453165891,9458.23574271039
2914,2,0.24,0.52,0.34,0.2,55281.8691767114,11004.316038814
2915,1,0.38,0.66,0.58,0.2,52734.7976302544,13241.9098284564
2916,1.5,0.66,0.52,0.7,0.2,53312.9302472701,16138.9269181632
2917,0.5,0.38,0.1,0.1,0.6,30834.8576747447,14979.3920655688
2918,2.5,0.52,0.66,0.58,0.2,60440.0036022567,14404.4123368014
2919,2.5,0.52,0.1,0.58,0.2,55023.2343493122,13690.1536589243
2920,1.5,0.38,0.52,0.7,0.2,57463.3603117336,13071.4985195195
2921,2.5,0.8,0.52,0.1,0.4,43254.0049152175,18873.0223174291
2922,1,0.38,0.8,0.7,0.2,56357.1131992387,13523.8212546085
2923,2,0.1,0.66,0.22,0.2,56251.5370758143,9393.01527715045
2924,0.5,0.52,0.24,0.58,0.2,42779.4844914795,14651.9683952126
2925,3,0.52,0.24,0.22,0.6,49557.1474736473,16324.5753358069
2926,3,0.52,0.66,0.46,0.6,59034.2651026025,16886.4395698891
2927,1.5,0.8,0.1,0.7,0.6,45222.5223850817,20495.1010926723
2928,2,0.8,0.38,0.22,0.4,41904.2151340751,18965.8954679225
2929,0.5,0.66,0.52,0.7,0.4,45182.6625104264,18340.1781671405
2930,2.5,0.1,0.24,0.7,0.4,65943.8517740277,9903.127862417
2931,1.5,0.66,0.66,0.1,0.2,41172.9296004035,15995.7624878224
2932,1,0.38,0.66,0.7,0.6,53815.1998389961,15614.5216391253
2933,1,0.66,0.66,0.1,0.4,36884.3141101696,18128.4969653802
2934,0.5,0.8,0.66,0.1,0.6,30868.6096460497,21329.9960703216
2935,0.5,0.24,0.38,0.46,0.2,45829.7235239025,11247.0368422311
2936,1.5,0.38,0.24,0.46,0.2,49713.9797663828,12408.3580029185
2937,1.5,0.38,0.24,0.7,0.2,54756.3574900255,12694.4417466727
2938,3,0.1,0.52,0.34,0.6,63616.0249753888,9863.02722735227
2939,1,0.24,0.52,0.58,0.2,53680.9606038721,11474.918777265
2940,3,0.1,0.52,0.58,0.4,69105.1743118559,10094.7969993725
2941,2.5,0.1,0.24,0.7,0.2,66180.053118131,9653.79265724854
2942,1.5,0.1,0.52,0.34,0.4,54246.854783351,9741.49416161156
2943,1,0.52,0.8,0.1,0.2,40758.8421745632,14709.9457638555
2944,1.5,0.38,0.66,0.1,0.4,44417.3300451588,13811.0529122893
2945,1.5,0.52,0.1,0.34,0.6,41718.7100997857,16808.8072072151
2946,1.5,0.66,0.38,0.46,0.6,45208.2233761639,19051.9388201722
2947,1.5,0.38,0.52,0.46,0.6,51072.1271305477,15106.6232351227
2948,2,0.66,0.66,0.22,0.6,45560.5298745719,19036.3662337048
2949,3,0.1,0.1,0.58,0.2,65279.2179967548,9239.24901282378
2950,0.5,0.66,0.66,0.1,0.4,33259.7013702168,18504.5376938607
2951,0.5,0.8,0.66,0.1,0.2,32485.1906972579,18282.4413435661
2952,1.5,0.66,0.52,0.34,0.4,44740.9399055192,17705.7221222314
2953,3,0.24,0.8,0.1,0.4,57328.8912931338,11613.2646288613
2954,1,0.1,0.66,0.22,0.2,49138.5542609418,9460.98790635271
2955,1,0.24,0.38,0.1,0.6,40083.4060589311,12312.7282036317
2956,2.5,0.24,0.24,0.1,0.4,49218.3086873133,10927.2223411874
2957,2,0.8,0.38,0.7,0.6,51269.6788438144,20505.7445230758
2958,1.5,0.52,0.66,0.34,0.4,48027.2251600296,16012.1946428616
2959,2.5,0.1,0.1,0.7,0.6,64277.8705680443,9879.32064121348
2960,2.5,0.8,0.52,0.1,0.2,44316.4391763201,16937.6358999961
2961,2.5,0.52,0.24,0.34,0.4,50311.4173177061,15140.8873592587
2962,0.5,0.8,0.38,0.46,0.6,36344.6234208066,21199.7056899304
2963,3,0.38,0.38,0.1,0.4,51030.6021591275,13053.3056254424
2964,3,0.38,0.24,0.22,0.4,52662.4389055869,13001.384708575
2965,2,0.1,0.24,0.46,0.6,57483.0361535457,9739.58763979519
2966,1.5,0.8,0.1,0.46,0.2,42284.6488874911,17026.846023461
2967,3,0.38,0.8,0.1,0.4,54804.9919737124,13549.209646229
2968,3,0.8,0.38,0.58,0.4,55615.1825841003,18623.9891687376
2969,3,0.8,0.38,0.34,0.2,51582.2815858388,16690.1911422333
2970,2.5,0.38,0.8,0.46,0.4,60462.1926936653,14044.7348426977
2971,1,0.66,0.24,0.58,0.4,43733.168579908,17743.8471779339
2972,2,0.8,0.1,0.58,0.4,46941.8855552383,18721.7401745896
2973,2,0.52,0.66,0.22,0.6,47676.2928344015,17132.1131120593
2974,2.5,0.24,0.8,0.46,0.4,62990.1712824076,12198.971197314
2975,0.5,0.1,0.24,0.46,0.2,46797.8501102069,9355.82797887206
2976,2,0.8,0.38,0.34,0.2,45756.1129232923,17074.6373008874
2977,0.5,0.8,0.1,0.34,0.2,32519.1501774926,17697.1701482197
2978,1,0.1,0.52,0.1,0.2,44780.6203908014,9037.05795785346
2979,3,0.1,0.52,0.7,0.2,71769.8613345219,10056.660899745
2980,2,0.38,0.66,0.34,0.6,52847.8149277945,15034.170703736
2981,1,0.66,0.24,0.7,0.4,46142.5084996227,17762.9925338973
2982,2,0.24,0.24,0.46,0.4,54762.3811779006,11545.2355760197
2983,3,0.8,0.24,0.34,0.4,49035.0854635625,18420.8293963622
2984,3,0.24,0.52,0.46,0.6,62998.1031506889,12520.9871236518
2985,3,0.52,0.38,0.46,0.6,56481.0466776037,16615.0856936932
2986,1.5,0.24,0.8,0.58,0.6,58676.7615532636,13212.2517549503
2987,1,0.66,0.52,0.34,0.6,40520.7797648166,19433.9462528903
2988,1.5,0.52,0.38,0.7,0.2,53968.0329331416,14474.2871915689
2989,1.5,0.8,0.8,0.34,0.4,45349.4471928275,19507.3673349012
2990,3,0.38,0.66,0.7,0.4,67137.0914515906,14063.8082692881
2991,3,0.24,0.1,0.22,0.6,53243.5139161823,11600.9102370311
2992,3,0.38,0.38,0.7,0.2,65407.7723786323,12696.7338456613
2993,1.5,0.1,0.52,0.34,0.2,54479.1509613579,9450.00648179401
2994,0.5,0.52,0.1,0.7,0.6,42146.9917263989,17496.889908621
2995,1,0.66,0.24,0.7,0.2,47097.852918348,16042.1765019742
2996,0.5,0.66,0.52,0.58,0.2,43698.2076959005,16610.1682084408
2997,2,0.38,0.1,0.22,0.6,44469.6234229116,14256.8105709424
2998,3,0.52,0.8,0.1,0.4,52519.8212553342,15441.4398376485
2999,0.5,0.24,0.1,0.34,0.6,39172.9229734526,12429.3018772144
3000,2.5,0.38,0.1,0.46,0.2,54630.3861855013,12040.1542710539
3001,1.5,0.52,0.8,0.1,0.4,43428.7708197531,16047.831388116
3002,0.5,0.52,0.1,0.46,0.2,38685.7383777206,14380.5767625011
3003,2,0.24,0.66,0.7,0.4,63716.5805517176,12422.1660475798
3004,2.5,0.24,0.52,0.1,0.2,52505.3015189956,10559.8819540219
3005,1.5,0.52,0.24,0.46,0.2,47554.9597298395,14071.2772110585
3006,0.5,0.1,0.24,0.34,0.4,43786.5055635875,9497.84612408484
3007,1,0.24,0.8,0.7,0.2,58560.1031408952,11975.4591407566
3008,1,0.8,0.38,0.34,0.6,37326.6481881607,20937.9209458303
3009,2,0.52,0.38,0.58,0.2,54816.9372960463,14208.1849348288
3010,2.5,0.24,0.38,0.58,0.2,62413.3536167727,11151.5076179736
3011,2.5,0.8,0.52,0.7,0.2,57672.8693280869,17186.7263802756
3012,2.5,0.52,0.8,0.7,0.4,63101.7578767333,16015.5214548194
3013,1.5,0.1,0.38,0.22,0.2,50251.7029610502,9022.14580319597
3014,2.5,0.1,0.1,0.1,0.4,50722.2778255214,8581.59382319818
3015,1.5,0.8,0.52,0.58,0.4,48006.5566471474,19339.90393593
3016,0.5,0.66,0.52,0.7,0.4,45182.6625104264,18340.1781671405
3017,2.5,0.52,0.1,0.58,0.4,54091.6308864146,15139.6331717712
3018,2,0.66,0.1,0.7,0.4,51327.1648469294,17114.9799114329
3019,3,0.8,0.8,0.58,0.2,60506.3551139229,17215.7794190681
3020,2.5,0.52,0.1,0.34,0.4,48812.9918337922,14958.9193023345
3021,0.5,0.52,0.52,0.46,0.4,42208.5577111801,16507.0266487856
3022,2.5,0.66,0.24,0.46,0.6,49989.1493059171,18503.8268423996
3023,1.5,0.8,0.24,0.58,0.6,44339.5260501518,20592.9994289512
3024,0.5,0.66,0.38,0.34,0.4,36299.1652563557,18229.5905283871
3025,1.5,0.24,0.38,0.34,0.4,50118.8688375245,11632.1377521873
3026,0.5,0.52,0.8,0.34,0.4,42036.141589603,16748.9307231328
3027,2,0.8,0.8,0.58,0.6,52647.6341145321,20723.7428398552
3028,2,0.38,0.38,0.22,0.2,48794.3530244836,12217.8018510265
3029,1.5,0.38,0.52,0.7,0.6,56065.4175925867,15283.7402690557
3030,1,0.1,0.24,0.34,0.6,47590.9272890921,9698.59635977132
3031,1,0.38,0.66,0.58,0.2,52734.7976302544,13241.9098284564
3032,1,0.8,0.24,0.22,0.2,34928.0702225611,17489.0117511949
3033,1.5,0.8,0.8,0.34,0.4,45349.4471928275,19507.3673349012
3034,1,0.38,0.66,0.46,0.6,48836.568247852,15470.9309974597
3035,3,0.38,0.66,0.34,0.2,60255.2181037239,12568.1170110703
3036,3,0.66,0.66,0.22,0.2,53232.0921323884,15449.3796935202
3037,0.5,0.8,0.8,0.22,0.4,35703.7503862924,20113.258668799
3038,2,0.66,0.1,0.1,0.4,37838.5490470511,16963.7187688475
3039,0.5,0.66,0.24,0.58,0.2,40922.791362883,16300.7550145672
3040,2,0.8,0.52,0.58,0.2,52271.8380986803,17311.6980472554
3041,3,0.1,0.38,0.34,0.6,62323.0413250152,9672.37529860986
3042,1.5,0.38,0.52,0.58,0.2,55021.0528177658,12936.5314903087
3043,1.5,0.8,0.38,0.46,0.4,44170.1008287363,19204.3551573709
3044,2.5,0.52,0.24,0.34,0.4,50311.4173177061,15140.8873592587
3045,1,0.1,0.38,0.58,0.2,54825.0344120118,9700.76801113862
3046,1.5,0.52,0.52,0.7,0.2,55287.9661617074,14643.9266082745
3047,3,0.38,0.38,0.58,0.2,62975.9706154642,12541.5833682475
3048,2.5,0.1,0.66,0.34,0.4,62087.3688471002,9860.77984141589
3049,1,0.38,0.52,0.7,0.2,53924.0489180886,13205.8090373317
3050,1.5,0.52,0.38,0.34,0.4,45418.1976952119,15709.435227054
3051,0.5,0.38,0.52,0.1,0.2,36422.1136781474,12795.7164686614
3052,2,0.66,0.24,0.58,0.2,51411.0417593525,15533.5992614581
3053,2,0.1,0.66,0.1,0.2,53189.0819315571,9159.70882408596
3054,3,0.38,0.24,0.7,0.2,64040.7882668269,12509.9595497369
3055,2,0.38,0.8,0.1,0.4,48842.9290754735,13817.4857412551
3056,2.5,0.1,0.52,0.34,0.4,60857.901114536,9685.21325273241
3057,1.5,0.8,0.52,0.22,0.2,41118.8800014892,17448.6520011564
3058,1.5,0.38,0.38,0.58,0.4,52977.7999801187,13907.0803458973
3059,1,0.66,0.52,0.34,0.4,41326.9604650005,17995.9268910156
3060,3,0.52,0.66,0.22,0.6,53547.5121656085,16766.8600512268
3061,1,0.52,0.38,0.34,0.6,41202.4133920597,17414.7707183952
3062,0.5,0.38,0.24,0.34,0.6,38279.7269453565,15242.6771915233
3063,0.5,0.1,0.38,0.34,0.2,45444.2539248272,9362.06980178789
3064,3,0.24,0.8,0.34,0.2,63764.0138205583,11279.2633658278
3065,2,0.1,0.8,0.58,0.4,65354.3584678506,10458.1496265007
3066,1.5,0.66,0.38,0.7,0.2,51988.8926437044,15983.3915348164
3067,2,0.38,0.38,0.7,0.4,58655.0019109931,13928.4503390201
3068,0.5,0.24,0.1,0.7,0.4,47491.6947446333,11981.2700970882
3069,0.5,0.24,0.66,0.7,0.2,53480.0077602576,11942.6226784946
3070,2,0.8,0.1,0.46,0.4,44415.2333836193,18704.9461136595
3071,0.5,0.24,0.1,0.46,0.4,42395.7531884197,11685.2134073358
3072,2.5,0.1,0.38,0.1,0.4,53604.6207955599,9022.94413997072
3073,1,0.1,0.8,0.1,0.4,47027.9846184361,9737.63592181294
3074,1,0.38,0.66,0.58,0.4,52038.5954422408,14427.467246364
3075,3,0.38,0.1,0.58,0.6,58666.6350925174,14300.0499723468
3076,2,0.24,0.52,0.34,0.2,55281.8691767114,11004.316038814
3077,2.5,0.1,0.66,0.1,0.2,56403.9573472293,9147.85223836157
3078,2.5,0.1,0.24,0.34,0.4,58179.8970892846,9274.99199062011
3079,0.5,0.1,0.38,0.58,0.6,50365.0536822729,10433.3689040267
3080,2.5,0.66,0.1,0.1,0.2,41834.5136453716,14838.8606182077
3081,3,0.8,0.38,0.7,0.2,59188.3857641111,16891.9619067656
3082,2.5,0.38,0.24,0.7,0.6,59672.9177669378,14709.5105639949
3083,1.5,0.8,0.1,0.1,0.6,32046.8618314701,20572.9775958746
3084,0.5,0.66,0.1,0.34,0.4,33321.5475895667,17947.8202889044
3085,1,0.66,0.38,0.46,0.6,41805.5284901684,19326.0921873545
3086,1.5,0.24,0.52,0.22,0.2,49077.6431051975,10845.5886902374
3087,0.5,0.8,0.24,0.46,0.2,36691.7296755399,17841.2718970029
3088,0.5,0.1,0.8,0.22,0.2,46340.8980065623,9720.75920223102
3089,2.5,0.52,0.52,0.7,0.2,61626.3852931875,14363.4153172218
3090,3,0.38,0.66,0.1,0.4,53616.4700900172,13395.6783236974
3091,2.5,0.52,0.66,0.58,0.2,60440.0036022567,14404.4123368014
3092,3,0.52,0.24,0.58,0.4,58442.4969195525,15198.3418519196
3093,2,0.66,0.52,0.34,0.6,47079.708771917,18942.2202700877
3094,1.5,0.8,0.38,0.46,0.6,43262.8574984354,20672.4238394638
3095,1.5,0.66,0.1,0.58,0.2,46655.7088368319,15550.3177903408
3096,2.5,0.66,0.52,0.7,0.4,58534.1532593792,17399.8400245707
3097,1.5,0.38,0.38,0.22,0.6,44179.3519945895,14781.0490910989
3098,2.5,0.52,0.66,0.58,0.4,59518.6443834939,15798.089638199
3099,1.5,0.38,0.1,0.34,0.2,45476.6979423453,12054.7269364481
3100,1.5,0.66,0.24,0.7,0.2,50584.3508051653,15805.5642786644
3101,0.5,0.38,0.66,0.7,0.4,50645.3671328116,14770.1810777471
3102,1.5,0.66,0.38,0.46,0.2,47024.744752605,15830.8885821753
3103,2,0.8,0.24,0.1,0.4,37527.1904896247,18867.9787756475
3104,2.5,0.66,0.38,0.34,0.6,48735.3690031764,18625.6245902458
3105,0.5,0.8,0.66,0.1,0.2,32485.1906972579,18282.4413435661
3106,1,0.38,0.66,0.1,0.6,40304.1619493744,15282.3834208853
3107,1,0.38,0.8,0.7,0.6,55000.6371882804,15741.7656312253
3108,2,0.24,0.8,0.58,0.4,62446.6924931003,12421.1153593028
3109,1.5,0.8,0.66,0.1,0.4,38475.4752090838,19471.7997628296
3110,3,0.38,0.8,0.22,0.6,57153.0157223791,14793.7078476882
3111,2,0.52,0.8,0.58,0.4,57662.760716356,16081.8851266449
3112,2,0.1,0.24,0.22,0.6,51831.1696705905,9309.6733137061
3113,3,0.66,0.1,0.7,0.6,56288.7081023191,18270.3745236724
3114,1,0.66,0.52,0.34,0.4,41326.9604650005,17995.9268910156
3115,3,0.52,0.66,0.7,0.6,63973.1885661303,17024.5732992376
3116,1.5,0.8,0.8,0.1,0.4,39687.8722801012,19547.3104372484
3117,2,0.24,0.24,0.46,0.6,54250.2145555316,12287.3190865166
3118,2.5,0.1,0.52,0.34,0.4,60857.901114536,9685.21325273241
3119,3,0.66,0.66,0.1,0.4,49222.5092809286,17112.7183797243
3120,2,0.66,0.1,0.22,0.6,40010.2258262849,18560.0626560731
3121,1,0.66,0.52,0.58,0.2,47432.6219719344,16311.8922381175
3122,1.5,0.52,0.38,0.22,0.6,41837.7188735282,17104.17330146
3123,1,0.38,0.1,0.34,0.2,41898.4765466931,12213.6896288804
3124,2.5,0.52,0.1,0.1,0.4,42916.1130622234,14789.9379908913
3125,2,0.66,0.38,0.46,0.2,50267.8605272513,15632.9613498906
3126,3,0.38,0.38,0.58,0.2,62975.9706154642,12541.5833682475
3127,1.5,0.52,0.52,0.46,0.6,48668.7933353222,17295.4915153388
3128,1,0.8,0.8,0.34,0.6,41142.3008432094,21128.6001921449
3129,1.5,0.52,0.52,0.7,0.2,55287.9661617074,14643.9266082745
3130,3,0.1,0.1,0.1,0.2,54009.7434841889,8324.41349477361
3131,0.5,0.8,0.8,0.58,0.6,42599.498103067,21366.9751034941
3132,1.5,0.24,0.1,0.46,0.6,49453.1338533383,12163.7019585875
3133,1.5,0.38,0.52,0.1,0.4,43138.4537283859,13635.7603371264
3134,3,0.1,0.24,0.7,0.6,68688.4040056481,10079.2926697144
3135,1,0.52,0.38,0.22,0.2,39901.2541337807,14302.9061783943
3136,2,0.1,0.24,0.1,0.6,48739.9954417553,9077.84260787485
3137,3,0.66,0.8,0.46,0.4,58839.7788951233,17367.5376825217
3138,3,0.52,0.8,0.34,0.6,57544.6305690119,16936.6517617777
3139,0.5,0.66,0.1,0.58,0.4,38500.7635459593,17930.1837330224
3140,1,0.8,0.8,0.1,0.4,36378.569710026,19832.9082483838
3141,0.5,0.38,0.66,0.34,0.2,43612.2926338846,13204.2005782136
3142,2.5,0.52,0.8,0.34,0.6,54701.8669274429,17092.6792895552
3143,0.5,0.52,0.66,0.22,0.4,38019.0630493052,16602.9887244207
3144,3,0.52,0.38,0.22,0.6,50966.6199501643,16491.7593463396
3145,2.5,0.1,0.52,0.7,0.6,68356.5931973922,10488.5904257227
3146,2.5,0.1,0.38,0.46,0.6,62055.0252582022,9906.90325093907
3147,1.5,0.8,0.52,0.7,0.2,51469.9066317662,17574.074085098
3148,3,0.66,0.24,0.7,0.6,57759.5391393673,18425.488991045
3149,3,0.52,0.24,0.58,0.6,57639.5232734245,16527.2186943213
3150,0.5,0.24,0.24,0.34,0.6,40703.4704177965,12638.4158614427
3151,0.5,0.66,0.66,0.1,0.4,33259.7013702168,18504.5376938607
3152,3,0.24,0.66,0.58,0.6,66778.8573473355,12839.8640361558
3153,0.5,0.1,0.38,0.7,0.6,52847.3117182705,10614.3163748177
3154,0.5,0.38,0.66,0.46,0.4,45654.4404625132,14595.6140049221
3155,2,0.1,0.8,0.58,0.4,65354.3584678506,10458.1496265007
3156,3,0.66,0.66,0.22,0.2,53232.0921323884,15449.3796935202
3157,2.5,0.24,0.1,0.22,0.4,50794.7949347027,10909.295085771
3158,2.5,0.66,0.24,0.46,0.4,50869.7457271905,16985.8006637495
3159,2.5,0.66,0.24,0.58,0.6,52520.0236040664,18545.832959083
3160,2.5,0.66,0.24,0.58,0.6,52520.0236040664,18545.832959083
3161,1.5,0.66,0.66,0.58,0.6,50306.5605691361,19283.6798887777
3162,3,0.66,0.52,0.22,0.4,50937.2979638356,17024.5172960615
3163,3,0.1,0.1,0.58,0.4,65035.9507524866,9479.73982748271
3164,1,0.66,0.8,0.58,0.6,48101.4170373244,19605.1480843176
3165,2.5,0.8,0.8,0.1,0.6,44839.7142803418,20533.324975707
3166,1.5,0.8,0.8,0.22,0.2,43603.7551502791,17694.808488659
3167,2,0.24,0.66,0.34,0.2,56527.7549497471,11182.6237803488
3168,2.5,0.1,0.8,0.58,0.2,68743.9602916509,10193.9223589359
3169,3,0.8,0.24,0.46,0.6,50740.4910264943,20043.1240456349
3170,1,0.8,0.1,0.7,0.2,43789.7086054834,17372.7997664953
3171,2.5,0.1,0.1,0.7,0.4,64504.240825,9682.47890894177
3172,2.5,0.66,0.52,0.34,0.4,50931.5960875416,17246.7808646263
3173,2,0.1,0.8,0.34,0.2,60304.3098094331,9783.76312787561
3174,3,0.66,0.24,0.7,0.2,59746.3819835591,15347.4724697711
3175,3,0.66,0.1,0.46,0.4,52219.1632940587,16652.6692988441
3176,1,0.52,0.24,0.22,0.4,37662.0055956138,15786.3690415525
3177,3,0.8,0.52,0.7,0.2,60494.2831747311,17039.8224288065
3178,1.5,0.38,0.24,0.46,0.6,48328.5315312911,14764.51853413
3179,3,0.52,0.1,0.46,0.2,55352.4290439944,13458.4162419532
3180,3,0.1,0.24,0.34,0.2,61425.5523022545,9024.17053813955
3181,2.5,0.38,0.8,0.1,0.4,51918.7457446899,13664.0227080649
3182,1,0.38,0.66,0.7,0.6,53815.1998389961,15614.5216391253
3183,0.5,0.24,0.24,0.34,0.2,41652.1378731261,10874.1292664256
3184,2,0.24,0.24,0.1,0.4,46056.8009915338,11009.0447256586
3185,1.5,0.52,0.38,0.7,0.2,53968.0329331416,14474.2871915689
3186,2.5,0.66,0.66,0.1,0.6,45587.2180534952,18827.5383095106
3187,2,0.8,0.52,0.22,0.4,43248.4798273473,19089.8189699613
3188,2.5,0.66,0.24,0.46,0.6,49989.1493059171,18503.8268423996
3189,1.5,0.1,0.38,0.46,0.4,55674.3620865798,9748.9433040353
3190,0.5,0.8,0.52,0.1,0.4,30324.368287532,20007.985566496
3191,2,0.38,0.8,0.46,0.4,57392.4403644681,14171.3476514206
3192,2.5,0.52,0.38,0.34,0.6,50936.6350783904,16710.5873698821
3193,0.5,0.66,0.1,0.7,0.6,40093.6567160217,19400.6610924203
3194,2.5,0.24,0.66,0.22,0.4,56252.4918332792,11691.6750657302
3195,0.5,0.24,0.52,0.46,0.2,47170.4009781771,11438.186051104
3196,1.5,0.38,0.38,0.1,0.4,41783.4271234903,13457.8947394641
3197,2,0.52,0.66,0.22,0.4,48435.3254225691,15731.9345044199
3198,1,0.24,0.24,0.22,0.2,42692.0030543965,10544.6489633206
3199,1.5,0.38,0.66,0.34,0.4,50290.1670090766,14025.3665499261
3200,2,0.38,0.52,0.58,0.4,57527.2030846211,13981.6426657103
3201,1,0.52,0.52,0.58,0.2,49344.855530601,14746.4994010331
3202,1.5,0.38,0.52,0.7,0.2,57463.3603117336,13071.4985195195
3203,0.5,0.8,0.38,0.58,0.2,40629.6727523764,17983.7235767702
3204,2,0.52,0.52,0.34,0.6,49229.4099666395,17042.700838357
3205,0.5,0.66,0.24,0.1,0.6,28438.9676950942,19637.5737540126
3206,2.5,0.24,0.1,0.58,0.4,59022.9644921807,11444.1766752731
3207,3,0.8,0.1,0.1,0.4,41746.1398439871,18260.2039451982
3208,2,0.1,0.8,0.1,0.4,54141.7056018738,9613.91948647811
3209,3,0.8,0.1,0.34,0.2,48678.6444031373,16341.7192009141
3210,0.5,0.66,0.66,0.58,0.4,44064.0332946905,18454.9243481648
3211,3,0.52,0.38,0.34,0.2,55522.5248962403,13715.4804520799
3212,2,0.66,0.1,0.1,0.4,37838.5490470511,16963.7187688475
3213,1.5,0.8,0.52,0.46,0.6,44596.0283338035,20767.1697127476
3214,0.5,0.24,0.66,0.34,0.4,45225.3929439155,12320.104956739
3215,3,0.24,0.8,0.46,0.2,66454.8618025537,11468.5171930053
3216,0.5,0.38,0.24,0.34,0.4,38882.068164326,13987.6956773416
3217,3,0.1,0.8,0.58,0.2,71696.2701548699,10197.7113905311
3218,1.5,0.38,0.24,0.34,0.2,46985.1516945043,12266.4275333555
3219,1.5,0.8,0.24,0.34,0.6,39233.1877732066,20603.3365999025
3220,3,0.8,0.52,0.7,0.2,60494.2831747311,17039.8224288065
3221,1.5,0.1,0.38,0.58,0.4,58272.4423390541,9950.05125275024
3222,1.5,0.8,0.1,0.22,0.6,34961.0313337864,20538.2295363446
3223,0.5,0.66,0.8,0.34,0.2,41019.187749186,16820.3331856008
3224,3,0.52,0.1,0.34,0.2,52638.9224266456,13325.1327645945
3225,1.5,0.66,0.66,0.22,0.6,42401.829852421,19278.5818977042
3226,1,0.38,0.66,0.1,0.6,40304.1619493744,15282.3834208853
3227,2.5,0.8,0.1,0.1,0.2,40011.292926405,16445.1744266261
3228,2,0.24,0.52,0.58,0.6,59534.2079841251,12808.9305719013
3229,2.5,0.8,0.52,0.58,0.6,53169.3859135758,20409.2581719516
3230,1.5,0.24,0.24,0.58,0.4,54047.4355074182,11765.2583278062
3231,3,0.24,0.66,0.58,0.4,67286.8047927613,12164.544886772
3232,1.5,0.52,0.66,0.22,0.6,44459.9172102377,17371.7725666098
3233,0.5,0.1,0.24,0.22,0.2,41080.3346562151,8921.27552738342
3234,1,0.38,0.24,0.1,0.4,36806.3644954151,13500.0204879344
3235,3,0.38,0.1,0.7,0.2,62588.005644899,12301.7934155008
3236,2.5,0.8,0.52,0.34,0.2,50089.041566681,17015.7436314514
3237,0.5,0.52,0.1,0.1,0.2,30078.8653890532,14181.0766601235
3238,0.5,0.66,0.38,0.22,0.4,33522.7274732622,18246.9775417352
3239,1.5,0.52,0.38,0.1,0.2,40393.7446090929,13958.8165218086
3240,2,0.1,0.66,0.1,0.4,52955.2279986771,9443.10700747483
3241,1,0.1,0.52,0.58,0.2,56138.1583261692,9901.68832723961
3242,0.5,0.38,0.52,0.34,0.2,42333.05216157,13034.0222422889
3243,1.5,0.52,0.52,0.46,0.4,49442.3830866739,15933.011359341
3244,3,0.1,0.24,0.22,0.4,58298.8947363106,9042.28977086818
3245,3,0.1,0.52,0.1,0.2,58174.8086671562,8967.07772791694
3246,2,0.52,0.24,0.58,0.6,51718.1587136066,16837.4512393386
3247,3,0.24,0.66,0.58,0.6,66778.8573473355,12839.8640361558
3248,2.5,0.8,0.38,0.58,0.6,51852.6031682755,20319.4243279853
3249,1,0.38,0.8,0.1,0.2,42781.7001251925,12877.8966350786
3250,1.5,0.8,0.8,0.58,0.2,51522.3353444727,17766.455526499
3251,2.5,0.38,0.52,0.34,0.6,54673.9709604469,14731.4663550846
3252,0.5,0.24,0.8,0.7,0.2,54666.5889587161,12105.1545727581
3253,1,0.38,0.38,0.22,0.6,40676.1766866497,15030.4113792026
3254,2,0.66,0.52,0.46,0.6,49724.386741111,18949.9038888577
3255,0.5,0.52,0.24,0.34,0.4,36739.2453636007,16177.625012558
3256,1,0.1,0.66,0.58,0.4,57148.0752844883,10390.8099088595
3257,3,0.1,0.66,0.22,0.4,62205.1918475675,9631.18556463898
3258,0.5,0.38,0.52,0.34,0.6,41076.6169668059,15569.3461964178
3259,2,0.52,0.38,0.22,0.2,46699.2384255691,13858.421328355
3260,0.5,0.24,0.38,0.58,0.6,47463.173244255,13072.6777472845
3261,2,0.52,0.1,0.22,0.6,42126.53127389,16535.2309947435
3262,1,0.38,0.8,0.58,0.6,52579.0111189017,15668.4313250893
3263,1,0.52,0.24,0.22,0.6,36949.382664695,17270.7568612605
3264,0.5,0.24,0.8,0.58,0.2,52215.947807189,11950.6532494296
3265,2,0.1,0.1,0.7,0.4,61313.4469688749,9695.04424109505
3266,1,0.8,0.8,0.34,0.6,41142.3008432094,21128.6001921449
3267,1.5,0.52,0.52,0.58,0.6,51203.7016669032,17337.1494920705
3268,1.5,0.1,0.52,0.58,0.6,59353.747621381,10401.4301962775
3269,2,0.1,0.8,0.1,0.6,53917.982741692,9855.65417757921
3270,3,0.52,0.52,0.34,0.4,55903.8964565103,15335.6322744572
3271,1,0.52,0.66,0.58,0.6,49003.6778249906,17704.3295809207
3272,0.5,0.1,0.8,0.46,0.2,51992.1411889235,10131.0332084169
3273,2.5,0.52,0.8,0.7,0.2,64025.0964904894,14666.2857153693
3274,2,0.1,0.52,0.58,0.6,62747.3849077708,10340.1207423895
3275,1,0.52,0.1,0.46,0.4,41676.341148457,15684.6572792939
3276,2.5,0.8,0.8,0.7,0.2,60086.5490070206,17431.4870026849
3277,2.5,0.66,0.24,0.34,0.2,49213.28309085,15195.2033612747
3278,1,0.38,0.24,0.46,0.6,44809.9267530745,14986.1028841457
3279,1,0.52,0.66,0.7,0.2,53028.4747002803,14992.5189569469
3280,1.5,0.1,0.66,0.22,0.2,52830.5004733522,9416.3052989918
3281,2.5,0.1,0.38,0.46,0.2,62517.7152941586,9447.57537681255
3282,3,0.8,0.8,0.1,0.2,49590.962280136,16990.5871809482
3283,0.5,0.24,0.66,0.22,0.4,42343.1619911412,12175.1773177591
3284,0.5,0.38,0.24,0.7,0.6,45997.8747378919,15415.3344201539
3285,1,0.24,0.8,0.22,0.2,47941.1944508139,11304.6200271756
3286,3,0.1,0.24,0.1,0.2,55482.5101665257,8552.51385801884
3287,3,0.24,0.38,0.22,0.2,57196.547899971,10555.0620229806
3288,2.5,0.38,0.1,0.1,0.4,45189.4285126078,12768.2745081798
3289,3,0.52,0.38,0.7,0.4,62251.4158730351,15465.9919854906
3290,2,0.66,0.24,0.1,0.6,38565.9099352788,18711.6839747282
3291,1.5,0.66,0.52,0.1,0.6,38194.6768405565,19189.9854209247
3292,2,0.8,0.52,0.58,0.6,50216.2690993686,20582.5571482366
3293,1,0.1,0.24,0.46,0.2,50817.0376884926,9287.10829341304
3294,0.5,0.1,0.52,0.58,0.6,51691.6167988841,10625.3303703471
3295,2,0.24,0.24,0.46,0.6,54250.2145555316,12287.3190865166
3296,1.5,0.1,0.1,0.58,0.4,55421.199353882,9522.04543745878
3297,1,0.52,0.52,0.22,0.6,39746.1353040413,17540.0275283502
3298,3,0.38,0.52,0.7,0.6,65235.5546184587,14941.2663067674
3299,1,0.52,0.24,0.7,0.2,49035.2943320312,14481.0555117029
3300,3,0.38,0.66,0.1,0.4,53616.4700900172,13395.6783236974
3301,0.5,0.52,0.8,0.7,0.4,49619.5661661354,16842.6990390134
3302,1,0.8,0.1,0.1,0.6,28753.4586023408,20840.5307128155
3303,3,0.1,0.8,0.1,0.4,60339.1239006707,9571.98644155976
3304,1,0.52,0.52,0.46,0.4,45962.909552278,16179.9097523428
3305,1.5,0.1,0.8,0.7,0.4,64421.4938565966,10682.1403154473
3306,2.5,0.1,0.38,0.22,0.4,56671.8494109386,9263.47462119118
3307,2,0.8,0.8,0.34,0.2,49554.1474755001,17463.8317733665
3308,2.5,0.38,0.52,0.22,0.4,52487.5377722598,13479.08888463
3309,1.5,0.24,0.8,0.34,0.2,54406.1718910533,11385.8396865162
3310,2,0.52,0.38,0.22,0.4,45826.3572141953,15420.7380205486
3311,2.5,0.38,0.52,0.34,0.2,56103.4172779699,12468.514138874
3312,3,0.8,0.8,0.1,0.4,48489.3124863614,18867.1220869022
3313,2,0.66,0.38,0.46,0.2,50267.8605272513,15632.9613498906
3314,3,0.66,0.8,0.22,0.2,54420.1320309651,15585.6735344378
3315,1.5,0.52,0.8,0.7,0.2,57714.8429320151,14939.4835195895
3316,0.5,0.52,0.1,0.34,0.2,35974.7940264705,14306.466702429
3317,2.5,0.52,0.8,0.1,0.4,49673.6960836713,15600.1023769934
3318,1.5,0.24,0.8,0.22,0.2,51533.9583128326,11202.8042241225
3319,2,0.1,0.8,0.34,0.6,59849.7224615882,10285.7954738562
3320,0.5,0.38,0.8,0.58,0.4,49411.2943457744,14818.9720064063
3321,2.5,0.38,0.52,0.1,0.2,50208.0925118059,12138.276088247
3322,2,0.66,0.24,0.34,0.2,46165.8590240594,15375.0635888068
3323,1.5,0.52,0.24,0.1,0.2,38951.0728041353,13772.3842273062
3324,1,0.24,0.24,0.7,0.4,52915.4324444937,12026.134626782
3325,1,0.1,0.1,0.34,0.2,46552.7980750436,8839.40424312157
3326,2,0.24,0.38,0.58,0.4,58737.7299255408,11915.4359622042
3327,2,0.1,0.38,0.7,0.6,63904.6672428868,10342.9882346379
3328,1.5,0.24,0.24,0.34,0.6,48208.9593696562,12224.0996818976
3329,1,0.52,0.66,0.46,0.2,48057.6183121195,14809.6543268107
3330,1,0.66,0.24,0.7,0.4,46142.5084996227,17762.9925338973
3331,1,0.8,0.66,0.34,0.6,39940.155431772,21076.4246484108
3332,1,0.52,0.8,0.46,0.2,49256.3313363058,14950.3826455251
3333,1,0.38,0.24,0.46,0.2,46149.6451973613,12558.8364105017
3334,2,0.8,0.52,0.7,0.6,52586.3758620603,20593.7424672698
3335,1,0.66,0.8,0.1,0.6,37343.3041546624,19639.7097493098
3336,2.5,0.1,0.8,0.1,0.2,57581.3366254408,9321.19971280345
3337,3,0.66,0.8,0.7,0.4,63754.6807904026,17492.9199908561
3338,1,0.24,0.52,0.1,0.4,41908.7345971951,11622.1033748676
3339,2.5,0.52,0.8,0.1,0.4,49673.6960836713,15600.1023769934
3340,1.5,0.24,0.8,0.1,0.2,48487.0149415349,11012.6929590166
3341,2,0.38,0.24,0.58,0.4,54818.7726788759,13619.3156849478
3342,1,0.66,0.38,0.34,0.2,40883.5784050741,16059.2118172095
3343,2,0.66,0.1,0.7,0.6,50432.9052876798,18610.3502958969
3344,3,0.38,0.24,0.34,0.2,56317.7763671,12018.6929510117
3345,2.5,0.24,0.1,0.34,0.6,53178.7849948131,11832.7894478749
3346,1.5,0.24,0.38,0.46,0.2,53373.4097264553,11027.1398128288
3347,1,0.66,0.8,0.22,0.2,41922.2958919244,16451.2702488601
3348,1.5,0.8,0.66,0.1,0.4,38475.4752090838,19471.7997628296
3349,2,0.8,0.66,0.46,0.6,48982.2028543862,20644.0493663091
3350,2.5,0.8,0.1,0.46,0.6,46459.3384521647,20080.5092805676
3351,2.5,0.66,0.52,0.22,0.4,48119.1989423603,17209.827783942
3352,1.5,0.1,0.66,0.1,0.6,49302.0260242922,9754.19349326976
3353,1.5,0.38,0.8,0.22,0.6,47998.9298241345,15236.0839349314
3354,2,0.38,0.52,0.46,0.6,54289.476770056,14977.5600842966
3355,0.5,0.24,0.38,0.22,0.2,40177.6640450266,10906.2211413095
3356,3,0.8,0.24,0.1,0.2,44361.3074033369,16415.9300015932
3357,2,0.52,0.38,0.22,0.6,45068.4527892079,16855.9864053901
3358,1.5,0.8,0.66,0.34,0.6,43256.8795594592,20840.8857755804
3359,1,0.24,0.1,0.46,0.4,46339.4486910703,11504.5572392355
3360,2,0.24,0.8,0.22,0.4,54312.3507597209,11924.6684508026
3361,0.5,0.66,0.8,0.7,0.2,48565.9335427707,16914.8485763906
3362,3,0.66,0.24,0.22,0.2,49234.5638671427,14949.1038827486
3363,2,0.1,0.52,0.46,0.2,60623.6214758988,9647.59515621632
3364,1,0.8,0.1,0.34,0.2,36191.6680342658,17321.5170265709
3365,0.5,0.8,0.52,0.34,0.4,35928.0368038006,19932.8032801064
3366,1,0.52,0.66,0.22,0.4,41744.0236191192,16254.9170254845
3367,0.5,0.52,0.38,0.7,0.4,45820.946670241,16433.6241046219
3368,0.5,0.52,0.38,0.34,0.6,37485.0923956036,17766.1771020178
3369,1,0.52,0.8,0.34,0.2,46579.1762983024,14864.6301638218
3370,3,0.8,0.38,0.22,0.2,48766.5338301171,16636.197704072
3371,2.5,0.8,0.66,0.7,0.6,56783.4999860794,20510.3326180571
3372,3,0.1,0.52,0.7,0.4,71532.5104394283,10290.3724886796
3373,2,0.38,0.52,0.7,0.2,60708.8545550722,13004.4315320604
3374,1.5,0.1,0.24,0.7,0.6,59135.9850789029,10189.8559986382
3375,1.5,0.52,0.8,0.22,0.4,46409.5934168197,16088.3871740603
3376,3,0.1,0.24,0.46,0.2,64143.3370306729,9249.33731375565
3377,1.5,0.52,0.1,0.34,0.6,41718.7100997857,16808.8072072151
3378,3,0.1,0.52,0.58,0.4,69105.1743118559,10094.7969993725
3379,3,0.1,0.66,0.46,0.6,67537.4621524315,10250.4509198447
3380,0.5,0.8,0.8,0.1,0.6,32085.3391596115,21366.0787589451
3381,1.5,0.1,0.24,0.46,0.2,54519.0661625592,9251.44777141604
3382,2,0.38,0.24,0.58,0.2,55568.2791267528,12485.3915330716
3383,3,0.1,0.24,0.46,0.2,64143.3370306729,9249.33731375565
3384,0.5,0.8,0.38,0.46,0.4,37172.7615239447,19816.5102685389
3385,1,0.8,0.66,0.1,0.4,35160.7965374918,19744.8492646955
3386,1,0.66,0.66,0.58,0.2,48695.9399738415,16449.6336575593
3387,3,0.8,0.52,0.7,0.4,59319.6349996191,18785.1332717979
3388,1,0.1,0.24,0.46,0.4,50581.6428517797,9603.47381087997
3389,1.5,0.66,0.8,0.58,0.6,51494.3466809158,19367.3518029215
3390,1.5,0.38,0.66,0.46,0.4,52989.5932294108,14135.306254522
3391,1,0.8,0.52,0.1,0.4,33873.7046855562,19667.3745196471
3392,2.5,0.38,0.8,0.58,0.4,63010.3045948604,14169.8940039347
3393,2.5,0.1,0.38,0.34,0.2,59795.8160400429,9231.39719211635
3394,3,0.1,0.1,0.1,0.2,54009.7434841889,8324.41349477361
3395,1.5,0.24,0.38,0.7,0.2,58422.8039815952,11382.245133245
3396,3,0.24,0.66,0.58,0.4,67286.8047927613,12164.544886772
3397,3,0.8,0.66,0.34,0.2,54159.412465372,16971.1908209652
3398,1,0.52,0.66,0.58,0.4,49767.0799788803,16378.2890118648
3399,2,0.52,0.66,0.1,0.2,46298.346749525,14097.3892784346
3400,2,0.24,0.38,0.1,0.2,48008.226308737,10411.7734987268
3401,2.5,0.8,0.38,0.22,0.4,44857.5963347166,18754.7607384238
3402,2.5,0.66,0.38,0.46,0.4,52274.1770178235,17146.7737348098
3403,3,0.24,0.66,0.7,0.4,69710.047914964,12327.9509105142
3404,2,0.38,0.24,0.46,0.2,52985.9756940258,12331.2673417386
3405,1.5,0.8,0.52,0.58,0.6,47075.2240701801,20775.3444125079
3406,3,0.66,0.8,0.22,0.2,54420.1320309651,15585.6735344378
3407,1.5,0.24,0.38,0.34,0.4,50118.8688375245,11632.1377521873
3408,0.5,0.52,0.24,0.34,0.4,36739.2453636007,16177.625012558
3409,1.5,0.24,0.66,0.34,0.4,52704.4575345076,12000.6264417735
3410,1.5,0.1,0.24,0.22,0.2,48845.6673360213,8806.67360172754
3411,2,0.24,0.24,0.1,0.2,46590.7135303734,10203.652612466
3412,1.5,0.38,0.1,0.34,0.2,45476.6979423453,12054.7269364481
3413,3,0.38,0.38,0.58,0.6,61512.2909992374,14667.7512373778
3414,1.5,0.1,0.8,0.1,0.6,50497.868297506,9929.58524089967
3415,2.5,0.52,0.1,0.46,0.2,52448.3095835665,13564.8614894027
3416,2.5,0.24,0.66,0.46,0.4,61822.7998559913,12041.1139343825
3417,0.5,0.8,0.66,0.34,0.2,38142.4317503709,18227.5163791108
3418,0.5,0.1,0.52,0.34,0.6,46327.7468363666,10248.0701660148
3419,1.5,0.1,0.24,0.22,0.2,48845.6673360213,8806.67360172754
3420,3,0.38,0.24,0.46,0.2,59031.9509141836,12194.6805726737
3421,1,0.38,0.38,0.46,0.6,46232.0068793195,15157.070560586
3422,0.5,0.38,0.38,0.1,0.2,35047.937185229,12608.0975776787
3423,1,0.1,0.24,0.22,0.2,45120.9922541024,8849.20380664987
3424,2.5,0.1,0.8,0.58,0.6,68289.2771056223,10635.0883475626
3425,2,0.38,0.8,0.7,0.4,62368.375420784,14403.5084194692
3426,1.5,0.8,0.24,0.58,0.2,46327.7719265258,17234.1104278966
3427,1.5,0.38,0.38,0.1,0.4,41783.4271234903,13457.8947394641
3428,3,0.1,0.66,0.58,0.6,70091.4780052749,10447.7018645023
3429,2.5,0.8,0.52,0.58,0.2,55272.0458139967,17124.9468919542
3430,1.5,0.1,0.1,0.34,0.6,49814.3461527344,9367.95656222122
3431,1.5,0.24,0.24,0.1,0.2,43241.2262185432,10249.1464554144
3432,2.5,0.52,0.52,0.7,0.4,60699.0000842519,15744.2523397024
3433,1,0.52,0.66,0.1,0.2,39539.261999513,14554.6520221257
3434,1.5,0.38,0.1,0.46,0.2,48215.385719177,12200.8177460764
3435,1,0.8,0.24,0.34,0.2,37720.839455586,17484.1234173181
3436,1.5,0.38,0.1,0.1,0.2,39505.60193296,11747.3621438595
3437,1.5,0.66,0.1,0.46,0.2,44095.7366618609,15477.0861906279
3438,2.5,0.8,0.1,0.58,0.2,51066.0835697779,16641.0318670459
3439,2,0.52,0.24,0.1,0.4,41382.7650229799,15185.2233980429
3440,2.5,0.38,0.66,0.34,0.6,55923.1290085219,14882.6860718722
3441,0.5,0.8,0.1,0.34,0.2,32519.1501774926,17697.1701482197
3442,1.5,0.1,0.66,0.1,0.6,49302.0260242922,9754.19349326976
3443,1,0.66,0.52,0.22,0.6,37757.622391451,19453.2507990445
3444,2.5,0.66,0.66,0.34,0.2,53208.3020356013,15685.5470623476
3445,2,0.1,0.24,0.46,0.6,57483.0361535457,9739.58763979519
3446,1,0.52,0.24,0.34,0.2,41317.7308376501,14203.3773791968
3447,3,0.8,0.24,0.7,0.2,57802.4438324944,16732.1951949863
3448,3,0.1,0.1,0.22,0.4,56835.1301635212,8817.99917668746
3449,1.5,0.8,0.8,0.34,0.4,45349.4471928275,19507.3673349012
3450,3,0.24,0.52,0.1,0.4,54899.7918174915,11276.7088229304
3451,2,0.38,0.8,0.22,0.4,51856.2299404521,13933.3273539581
3452,2,0.38,0.38,0.34,0.4,50928.8585780196,13558.701505197
3453,2,0.38,0.38,0.7,0.6,57970.989829926,15009.3858208943
3454,2.5,0.24,0.52,0.46,0.2,61140.5493365385,11152.7319815357
3455,1.5,0.38,0.8,0.22,0.4,48640.133958533,14065.2693127026
3456,1,0.8,0.8,0.22,0.2,40228.0515467498,17998.1351550972
3457,1,0.1,0.8,0.34,0.4,53000.8374441777,10165.514332194
3458,2,0.52,0.52,0.46,0.6,51901.8280015839,17084.0979300893
3459,1,0.8,0.1,0.34,0.2,36191.6680342658,17321.5170265709
3460,2,0.8,0.8,0.22,0.6,44823.8057811549,20703.7057669999
3461,1,0.38,0.66,0.7,0.4,54472.5481528063,14528.1505577065
3462,0.5,0.66,0.8,0.22,0.6,36651.856946364,19920.7391582415
3463,2.5,0.24,0.1,0.58,0.2,59581.6625002201,10734.898628919
3464,1.5,0.38,0.1,0.34,0.6,44102.4466517154,14496.0408647624
3465,1.5,0.8,0.38,0.22,0.4,38764.5536375019,19234.6088169192
3466,0.5,0.52,0.52,0.46,0.6,41491.7862615274,17883.2059155092
3467,1,0.38,0.24,0.7,0.2,51197.2352108947,12825.56799746
3468,3,0.24,0.38,0.7,0.6,66700.893962904,12657.6849479484
3469,2.5,0.8,0.8,0.1,0.4,45727.4104659953,19063.8293914682
3470,1.5,0.52,0.38,0.58,0.6,49875.6858477422,17188.1242735474
3471,3,0.8,0.52,0.22,0.6,48056.690827794,20225.128357067
3472,2,0.24,0.52,0.58,0.4,60043.7548638108,12097.7460380807
3473,1.5,0.24,0.24,0.22,0.6,45313.1327020987,12075.4231240449
3474,3,0.8,0.8,0.7,0.6,60733.2765004872,20444.6756916898
3475,2.5,0.38,0.38,0.34,0.2,54785.6579029813,12284.9822286308
3476,2.5,0.38,0.66,0.46,0.6,58613.1134710847,14983.2390778735
3477,2,0.52,0.24,0.7,0.6,54144.7153945402,16891.1756466889
3478,2,0.8,0.24,0.58,0.2,49540.3816855613,17004.7267677528
3479,3,0.24,0.66,0.22,0.6,58674.9437905259,12359.3187674291
3480,1.5,0.24,0.1,0.7,0.4,55037.4522971089,11714.2279328558
3481,2,0.8,0.66,0.22,0.2,45566.3114050934,17321.8305197323
3482,3,0.24,0.38,0.58,0.2,65344.5604986987,11132.3392333694
3483,2,0.1,0.24,0.1,0.6,48739.9954417553,9077.84260787485
3484,2.5,0.38,0.1,0.58,0.6,55756.5676695412,14409.072881398
3485,2.5,0.1,0.24,0.58,0.6,63268.3256833787,9903.81928704528
3486,0.5,0.38,0.1,0.1,0.2,32024.174172328,12190.2787497137
3487,3,0.52,0.38,0.34,0.4,54584.5176316963,15175.5615185756
3488,0.5,0.8,0.24,0.22,0.6,29636.3481571436,21169.4140812731
3489,3,0.66,0.38,0.7,0.4,60052.0132382304,17114.6751206905
3490,3,0.24,0.24,0.1,0.2,52749.7999844517,10133.9214150587
3491,0.5,0.66,0.52,0.22,0.6,34151.5409438164,19765.2234880793
3492,1.5,0.24,0.66,0.1,0.6,46297.0475479946,12489.5513624084
3493,1,0.38,0.1,0.22,0.6,37701.8629966712,14669.6590719527
3494,3,0.66,0.52,0.1,0.2,48981.3659514162,15211.8619505026
3495,2,0.66,0.38,0.7,0.6,53315.3102052828,18885.7291475821
3496,2,0.24,0.8,0.46,0.6,59378.1877201006,12981.8513728614
3497,1,0.52,0.52,0.22,0.6,39746.1353040413,17540.0275283502
3498,0.5,0.24,0.1,0.1,0.6,33158.5263303963,12173.1349447526
3499,1,0.8,0.1,0.7,0.2,43789.7086054834,17372.7997664953
3500,2,0.38,0.66,0.58,0.2,59511.0508429559,13028.8590064969
3501,2,0.1,0.8,0.46,0.2,63017.574763858,9996.74954392215
3502,2.5,0.24,0.52,0.58,0.2,63708.5154081894,11334.3678400204
3503,1.5,0.24,0.52,0.1,0.6,45023.3555861905,12308.6067717827
3504,2,0.24,0.52,0.22,0.4,51868.5259499023,11588.5583038949
3505,0.5,0.24,0.66,0.34,0.6,44767.5199439985,13181.7537871613
3506,0.5,0.24,0.8,0.22,0.4,43557.4236197072,12349.897421724
3507,2.5,0.8,0.8,0.34,0.2,52536.5178017831,17261.8827867531
3508,2.5,0.66,0.1,0.58,0.6,51035.1070531085,18392.9284867121
3509,0.5,0.24,0.52,0.1,0.6,37547.0484712725,12771.5706005557
3510,0.5,0.1,0.1,0.22,0.4,39317.9847698935,9044.07658024704
3511,3,0.52,0.1,0.46,0.2,55352.4290439944,13458.4162419532
3512,2.5,0.8,0.38,0.58,0.6,51852.6031682755,20319.4243279853
3513,1.5,0.8,0.24,0.1,0.6,33574.9153906377,20659.9333370911
3514,3,0.8,0.38,0.7,0.2,59188.3857641111,16891.9619067656
3515,0.5,0.52,0.38,0.7,0.4,45820.946670241,16433.6241046219
3516,1,0.1,0.38,0.22,0.4,46306.270340491,9392.49619471851
3517,0.5,0.66,0.1,0.34,0.4,33321.5475895667,17947.8202889044
3518,0.5,0.52,0.38,0.34,0.4,38182.0783116604,16340.6108315336
3519,0.5,0.66,0.8,0.1,0.2,35298.063153028,16792.1094924739
3520,2,0.52,0.66,0.58,0.6,55687.1486013759,17260.1587621712
3521,1.5,0.24,0.38,0.34,0.2,50637.5709149067,10845.1786373223
3522,2,0.66,0.66,0.7,0.6,55875.888463879,19099.87977999
3523,2.5,0.8,0.66,0.7,0.2,58912.8062111089,17314.4621180776
3524,3,0.38,0.66,0.22,0.4,56632.9911230944,13534.4970985078
3525,2,0.66,0.1,0.34,0.2,44655.5526278116,15190.4433371745
3526,2.5,0.24,0.52,0.22,0.4,55005.1666546199,11517.6527809223
3527,1.5,0.24,0.38,0.46,0.2,53373.4097264553,11027.1398128288
3528,3,0.66,0.38,0.22,0.2,50646.3654666307,15137.6559514726
3529,2.5,0.1,0.38,0.22,0.6,56444.6172225282,9475.37949571541
3530,3,0.66,0.38,0.7,0.4,60052.0132382304,17114.6751206905
3531,3,0.52,0.24,0.1,0.4,47310.4178754442,14809.3134678436
3532,1.5,0.1,0.38,0.34,0.4,52928.1617071882,9540.91985095525
3533,2,0.1,0.38,0.58,0.4,61675.747946795,9925.98025571441
3534,1.5,0.8,0.1,0.34,0.4,38594.2571273886,18964.7084260337
3535,1,0.38,0.52,0.22,0.4,42651.3763834603,13960.875101194
3536,1.5,0.24,0.52,0.58,0.4,56756.3739242194,12147.9486823083
3537,2,0.8,0.1,0.7,0.6,48388.2274041221,20285.3297414922
3538,0.5,0.8,0.38,0.58,0.6,38798.0262606759,21183.5622071922
3539,1.5,0.66,0.38,0.34,0.4,43397.2794249678,17561.9485518908
3540,1,0.52,0.66,0.1,0.4,38764.5967374375,16221.8118291953
3541,2,0.1,0.66,0.58,0.2,64426.055009488,10029.662822633
3542,0.5,0.52,0.66,0.46,0.2,44276.7539101524,15084.7935879065
3543,3,0.52,0.1,0.46,0.6,53605.526025643,16281.3291498078
3544,0.5,0.1,0.66,0.22,0.4,44905.7351921654,9884.34302219726
3545,2.5,0.8,0.52,0.1,0.2,44316.4391763201,16937.6358999961
3546,3,0.1,0.8,0.22,0.2,63609.6428783874,9556.00860104393
3547,0.5,0.24,0.38,0.22,0.6,39247.568480132,12707.1757145848
3548,2,0.66,0.66,0.22,0.4,46395.4749280822,17554.430390736
3549,2,0.66,0.24,0.7,0.2,53838.6804556339,15615.2741897011
3550,2,0.66,0.8,0.34,0.2,51376.4328863058,15989.6704733527
3551,2,0.66,0.8,0.46,0.4,53039.6291145818,17716.9832402718
3552,2.5,0.38,0.66,0.7,0.4,64266.9697631987,14146.2966124717
3553,1,0.52,0.66,0.46,0.4,47230.9216714291,16327.2123815012
3554,1.5,0.52,0.24,0.7,0.6,50890.8972483455,17084.3563103066
3555,2,0.1,0.52,0.46,0.4,60390.7418107261,9915.84290217311
3556,2,0.24,0.8,0.46,0.2,60414.767559095,11527.2243370185
3557,2.5,0.52,0.24,0.46,0.4,53011.8365870205,15226.5799152091
3558,3,0.66,0.8,0.1,0.4,50418.6198644901,17228.1499395822
3559,1.5,0.24,0.52,0.7,0.4,59207.7558794142,12304.0417035452
3560,2.5,0.8,0.24,0.7,0.6,52843.0360817623,20232.7295623436
3561,2.5,0.24,0.8,0.34,0.2,60836.8372399488,11304.5232316179
3562,0.5,0.66,0.8,0.22,0.4,37395.4345914784,18569.9440705906
3563,2.5,0.66,0.8,0.46,0.4,56029.1203663392,17526.9430422181
3564,2,0.38,0.1,0.34,0.4,48018.1666277621,13175.4653958972
3565,0.5,0.38,0.66,0.1,0.6,36529.5314194502,15643.3876193863
3566,3,0.38,0.1,0.7,0.2,62588.005644899,12301.7934155008
3567,2.5,0.52,0.1,0.46,0.2,52448.3095835665,13564.8614894027
3568,2,0.1,0.52,0.46,0.4,60390.7418107261,9915.84290217311
3569,3,0.8,0.1,0.1,0.2,42843.3845893038,16238.265786355
3570,2,0.38,0.1,0.34,0.4,48018.1666277621,13175.4653958972
3571,1.5,0.1,0.52,0.7,0.4,62033.109477781,10341.313139205
3572,3,0.52,0.1,0.22,0.4,48832.4409759318,14717.0661851707
3573,2.5,0.8,0.8,0.22,0.6,47744.3722134891,20531.2244863767
3574,2,0.8,0.8,0.46,0.6,50169.6848258667,20710.8854026156
3575,2,0.24,0.24,0.7,0.4,59811.1820104296,11869.5381830435
3576,2,0.52,0.38,0.7,0.6,55539.6036276938,17054.0144346353
3577,2,0.8,0.8,0.1,0.6,41930.1551265333,20717.4423817615
3578,3,0.52,0.38,0.1,0.4,48729.2877182822,14995.0780157462
3579,1.5,0.24,0.24,0.46,0.6,50947.4238895797,12369.9265936438
3580,2,0.66,0.38,0.58,0.6,50916.2251571162,18862.432841284
3581,2.5,0.8,0.52,0.34,0.2,50089.041566681,17015.7436314514
3582,2,0.52,0.66,0.7,0.6,58095.2224073977,17314.6259196328
3583,0.5,0.52,0.38,0.1,0.6,31730.6823381877,17807.1012071321
3584,3,0.38,0.24,0.1,0.6,48960.3650342271,14036.3386774051
3585,3,0.24,0.38,0.34,0.2,60067.6796402339,10754.837828593
3586,3,0.38,0.24,0.7,0.4,63252.5082308458,13555.5224623236
3587,3,0.52,0.38,0.58,0.6,59025.9688211947,16681.8377736987
3588,1,0.24,0.38,0.7,0.2,54823.3470798876,11444.9685724232
3589,3,0.8,0.66,0.46,0.6,54698.1278078713,20324.9667744907
3590,0.5,0.66,0.1,0.1,0.2,28368.4529572633,16047.8788139703
3591,0.5,0.66,0.38,0.22,0.6,32791.3588253657,19681.9125493994
3592,0.5,0.52,0.52,0.1,0.4,33755.8005028183,16478.1265124978
3593,1.5,0.24,0.66,0.22,0.2,50339.6286688478,11034.2499044822
3594,1,0.8,0.24,0.22,0.6,33168.4867918251,20892.8241034885
3595,2,0.38,0.52,0.34,0.6,51591.687043772,14885.5165769955
3596,0.5,0.38,0.1,0.7,0.4,45124.7304637504,14064.4585008261
3597,3,0.52,0.1,0.22,0.4,48832.4409759318,14717.0661851707
3598,1,0.52,0.24,0.22,0.6,36949.382664695,17270.7568612605
3599,2.5,0.24,0.38,0.58,0.2,62413.3536167727,11151.5076179736
3600,2.5,0.24,0.52,0.46,0.2,61140.5493365385,11152.7319815357
3601,1.5,0.52,0.52,0.1,0.2,41751.7244401114,14133.4709267664
3602,1,0.38,0.66,0.22,0.6,43310.3813285178,15345.676550749
3603,1,0.1,0.1,0.46,0.6,48863.2856528227,9673.83853927682
3604,1,0.66,0.38,0.22,0.4,37181.8820573018,17882.2771744135
3605,2.5,0.52,0.1,0.1,0.2,43812.6181833354,13188.9915213869
3606,2,0.8,0.1,0.34,0.4,41757.3447662523,18704.3288998666
3607,3,0.8,0.52,0.7,0.4,59319.6349996191,18785.1332717979
3608,2.5,0.8,0.24,0.58,0.2,52554.1738035118,16820.177040487
3609,2.5,0.1,0.52,0.1,0.4,54921.8199162665,9227.7838340684
3610,2,0.38,0.24,0.22,0.2,47378.0238558463,12018.8583959711
3611,3,0.8,0.52,0.58,0.6,55952.8266089142,20256.148614656
3612,2,0.52,0.1,0.34,0.4,45745.2016750847,15140.4767995474
3613,0.5,0.1,0.8,0.46,0.2,51992.1411889235,10131.0332084169
3614,2,0.66,0.8,0.7,0.4,57951.7568876743,17805.5055331907
3615,3,0.8,0.1,0.46,0.4,50207.066606284,18300.8413374693
3616,3,0.8,0.8,0.58,0.2,60506.3551139229,17215.7794190681
3617,2.5,0.8,0.1,0.1,0.2,40011.292926405,16445.1744266261
3618,0.5,0.66,0.38,0.22,0.4,33522.7274732622,18246.9775417352
3619,1,0.1,0.66,0.34,0.6,51589.7450283459,10291.2606124961
3620,2,0.8,0.8,0.1,0.2,43823.8175336107,17419.5462450561
3621,2.5,0.52,0.8,0.58,0.4,60692.3749858142,15926.2920363779
3622,3,0.66,0.8,0.58,0.6,60458.2408846575,18839.4666008769
3623,2,0.38,0.24,0.34,0.2,50260.7696544369,12178.8411408381
3624,3,0.24,0.24,0.34,0.4,58116.1762373543,11266.155752824
3625,2,0.1,0.52,0.58,0.4,62970.6616859411,10117.0104867783
3626,3,0.1,0.38,0.58,0.2,68067.0504697124,9665.68453308187
3627,1,0.52,0.24,0.1,0.6,33965.5151576402,17279.0760773059
3628,2.5,0.24,0.52,0.58,0.6,62647.1384489577,12728.2020898029
3629,1.5,0.1,0.66,0.34,0.6,55270.5032914886,10186.647577978
3630,3,0.24,0.1,0.58,0.6,61441.134478386,12105.0601365572
3631,2,0.1,0.1,0.1,0.2,47710.7128654283,8318.71870042621
3632,3,0.8,0.38,0.7,0.4,58012.8013232862,18662.9953313103
3633,3,0.52,0.66,0.22,0.6,53547.5121656085,16766.8600512268
3634,3,0.38,0.8,0.7,0.4,68293.9216486947,14212.0058847183
3635,1,0.1,0.1,0.34,0.6,46088.3935659284,9469.32997416212
3636,2.5,0.24,0.24,0.22,0.4,52285.0736518016,11120.7429291378
3637,1.5,0.24,0.38,0.58,0.4,55441.6968608529,11958.780007736
3638,0.5,0.24,0.66,0.22,0.4,42343.1619911412,12175.1773177591
3639,2.5,0.52,0.66,0.34,0.6,53516.2748192833,16978.381196035
3640,3,0.52,0.24,0.22,0.2,51265.2461298808,13392.0727666697
3641,0.5,0.66,0.52,0.58,0.4,42793.8026257803,18331.3460750704
3642,2.5,0.1,0.8,0.46,0.2,66187.6909804589,9987.17033807136
3643,1,0.66,0.8,0.46,0.4,46442.7750183016,18223.6184317964
3644,0.5,0.66,0.8,0.34,0.2,41019.187749186,16820.3331856008
3645,0.5,0.8,0.1,0.1,0.6,25244.6786929238,21131.6466663737
3646,1,0.66,0.8,0.1,0.4,38103.7505917708,18239.1129679568
3647,2.5,0.66,0.38,0.7,0.6,56318.1170509111,18708.5106248653
3648,1,0.52,0.24,0.46,0.4,43194.4585615836,15863.1032879486
3649,3,0.38,0.1,0.46,0.6,56092.5327854623,14188.5737462747
3650,3,0.8,0.66,0.58,0.2,59333.2656537485,17097.3111854204
3651,0.5,0.38,0.24,0.58,0.2,44857.86719416,12899.2382045942
3652,1.5,0.8,0.8,0.22,0.6,41725.2409775061,20911.1052029445
3653,1,0.1,0.38,0.34,0.4,49226.5585405073,9607.00695613912
3654,2.5,0.8,0.8,0.7,0.6,57956.4050550647,20581.8897391366
3655,1,0.1,0.24,0.22,0.4,44886.4744062562,9175.92660412855
3656,2.5,0.1,0.1,0.22,0.6,53580.7134118667,9033.8007719805
3657,1,0.8,0.66,0.7,0.4,48257.5203232606,19690.3164263172
3658,2,0.66,0.38,0.58,0.2,52814.3807583748,15716.3200352612
3659,0.5,0.8,0.52,0.46,0.4,38521.8391021418,19905.4425766842
3660,1,0.1,0.8,0.34,0.4,53000.8374441777,10165.514332194
3661,1.5,0.1,0.66,0.46,0.4,58224.8309299706,10129.2422505163
3662,2,0.38,0.24,0.7,0.4,57267.7897236171,13740.2440963994
3663,3,0.52,0.24,0.34,0.4,53184.1204191906,14993.0807223156
3664,1,0.66,0.52,0.7,0.2,49843.0085249582,16369.2811715143
3665,0.5,0.66,0.8,0.1,0.6,33770.9651366398,19938.0822384082
3666,1.5,0.1,0.66,0.1,0.6,49302.0260242922,9754.19349326976
3667,2.5,0.8,0.52,0.7,0.4,56525.473187778,18945.9568939274
3668,0.5,0.24,0.1,0.7,0.4,47491.6947446333,11981.2700970882
3669,1,0.52,0.8,0.34,0.4,45766.3345428748,16408.3662693111
3670,1,0.8,0.38,0.34,0.2,39156.2031941772,17630.8979538217
3671,3,0.66,0.1,0.58,0.2,55845.405096319,15053.4828623361
3672,1,0.52,0.1,0.58,0.2,45084.6533701821,14190.1048148233
3673,2,0.66,0.38,0.34,0.4,46597.0593286848,17309.0788127144
3674,1,0.8,0.38,0.7,0.6,44751.2399801307,20908.0003048289
3675,1.5,0.66,0.66,0.7,0.4,53573.5539724907,17904.6491978926
3676,1,0.8,0.24,0.7,0.4,44254.3912723229,19369.2136783052
3677,2,0.1,0.38,0.46,0.4,59089.0211317596,9722.66233701869
3678,3,0.1,0.66,0.1,0.4,59168.0353547326,9399.74677341287
3679,0.5,0.8,0.24,0.22,0.4,30395.7005675367,19780.4046275871
3680,1.5,0.8,0.24,0.46,0.4,42750.9954552742,19086.7962009209
3681,2,0.24,0.24,0.46,0.4,54762.3811779006,11545.2355760197
3682,1,0.66,0.38,0.1,0.6,33478.8869645042,19383.1591248764
3683,0.5,0.24,0.24,0.34,0.4,41165.3031926124,11753.2103666231
3684,1,0.24,0.38,0.1,0.4,40550.8392882039,11430.3590501742
3685,2.5,0.52,0.38,0.22,0.2,49778.831062768,13710.840552809
3686,2,0.24,0.66,0.46,0.6,58202.1271573192,12826.6896837523
3687,3,0.1,0.66,0.46,0.4,67761.326540346,10068.0903051044
3688,1,0.8,0.1,0.22,0.2,33388.8393324973,17326.8500580049
3689,0.5,0.38,0.1,0.34,0.4,37345.7813927101,13790.4728165585
3690,1.5,0.52,0.8,0.58,0.2,55297.2246929171,14839.0495981669
3691,2.5,0.8,0.1,0.1,0.6,38089.8144697757,20098.3602776209
3692,3,0.66,0.66,0.22,0.2,53232.0921323884,15449.3796935202
3693,3,0.24,0.66,0.22,0.4,59179.0511383365,11641.919658174
3694,0.5,0.52,0.38,0.58,0.2,44206.5828295013,14832.6335525299
3695,2,0.38,0.24,0.7,0.6,56581.941948838,14828.9846229167
3696,2,0.24,0.8,0.46,0.2,60414.767559095,11527.2243370185
3697,1,0.1,0.24,0.46,0.6,50355.8298985643,9899.16582809532
3698,2.5,0.1,0.52,0.58,0.2,66377.4953977297,9849.39203242276
3699,3,0.1,0.38,0.58,0.2,68067.0504697124,9665.68453308187
3700,3,0.8,0.38,0.7,0.6,57026.3130836735,20186.1600541122
3701,1.5,0.1,0.38,0.34,0.2,53161.6466651608,9246.11188801924
3702,2,0.38,0.52,0.22,0.6,48741.7781796393,14793.6742170778
3703,2,0.1,0.8,0.1,0.4,54141.7056018738,9613.91948647811
3704,1.5,0.52,0.66,0.7,0.6,54864.1661430374,17501.2074999982
3705,3,0.52,0.52,0.46,0.6,57794.1119364515,16757.6413447101
3706,2.5,0.66,0.8,0.34,0.4,53375.8175343893,17484.0684742727
3707,0.5,0.52,0.24,0.34,0.4,36739.2453636007,16177.625012558
3708,0.5,0.66,0.1,0.7,0.6,40093.6567160217,19400.6610924203
3709,0.5,0.8,0.24,0.34,0.2,34057.1062608126,17853.5010676713
3710,1.5,0.24,0.52,0.22,0.6,48074.6427670546,12456.4909031508
3711,1,0.8,0.1,0.7,0.6,41845.2145661053,20735.4617154486
3712,0.5,0.24,0.1,0.7,0.4,47491.6947446333,11981.2700970882
3713,3,0.24,0.52,0.22,0.6,57433.3098122182,12191.6607552751
3714,1.5,0.66,0.8,0.7,0.6,53872.8625852236,19386.4025859756
3715,0.5,0.8,0.8,0.7,0.4,45814.4247643858,20053.1517761502
3716,1,0.38,0.52,0.22,0.6,42031.3669826128,15190.3130837359
3717,2.5,0.66,0.8,0.1,0.2,48604.0119673766,15662.0036543601
3718,0.5,0.66,0.38,0.1,0.6,29890.5089169702,19728.3261501988
3719,1.5,0.1,0.52,0.46,0.2,57217.2591140169,9661.20184319346
3720,2,0.24,0.66,0.1,0.2,50605.3273828984,10792.080279508
3721,0.5,0.8,0.1,0.58,0.4,36707.5656894597,19574.6345251576
3722,3,0.66,0.52,0.34,0.4,53751.9504279759,17068.2804461732
3723,1,0.66,0.52,0.22,0.6,37757.622391451,19453.2507990445
3724,2.5,0.24,0.8,0.58,0.2,66092.4658746707,11666.9583931278
3725,1.5,0.38,0.52,0.7,0.6,56065.4175925867,15283.7402690557
3726,1.5,0.66,0.8,0.1,0.6,40685.9368338702,19372.2756927508
3727,2,0.1,0.38,0.46,0.6,58863.6939791813,9952.73916327893
3728,2.5,0.8,0.52,0.34,0.4,48981.197893367,18877.1958267342
3729,3,0.52,0.8,0.58,0.6,62734.9188680485,17067.4116311671
3730,1,0.8,0.38,0.34,0.6,37326.6481881607,20937.9209458303
3731,0.5,0.24,0.52,0.22,0.2,41535.5538881962,11102.3554116611
3732,1,0.38,0.24,0.7,0.2,51197.2352108947,12825.56799746
3733,0.5,0.38,0.1,0.58,0.2,43343.2995845572,12693.5299382812
3734,0.5,0.1,0.24,0.1,0.4,37714.4210208866,9061.75679288728
3735,0.5,0.38,0.38,0.46,0.2,43699.0581049562,12971.5521477654
3736,2.5,0.52,0.24,0.34,0.4,50311.4173177061,15140.8873592587
3737,3,0.24,0.38,0.1,0.4,53579.1477726855,11091.0929822833
3738,2.5,0.52,0.1,0.58,0.6,53288.4449631319,16495.7305180316
3739,2,0.38,0.1,0.46,0.2,51498.0950466063,12126.2593506656
3740,2,0.24,0.38,0.34,0.6,52919.2433204504,12322.1872083829
3741,3,0.38,0.52,0.1,0.6,51705.340758399,14391.9245806323
3742,1,0.38,0.8,0.34,0.2,48662.1250393884,13141.7881137977
3743,2,0.66,0.66,0.58,0.4,54374.245144948,17653.4086013608
3744,1,0.66,0.1,0.46,0.2,40608.1146650071,15750.5506589968
3745,1,0.52,0.38,0.58,0.6,46406.8417984047,17444.543463213
3746,3,0.1,0.1,0.1,0.6,53529.57912749,8768.60861881068
3747,0.5,0.66,0.38,0.58,0.4,41448.5698342769,18213.4032863199
3748,1.5,0.1,0.8,0.1,0.4,50719.2955303642,9658.11188837367
3749,1.5,0.38,0.66,0.22,0.4,47438.4891238046,13916.2244790037
3750,3,0.66,0.52,0.22,0.2,51976.2341975381,15300.3596309981
3751,1,0.66,0.24,0.22,0.6,34966.0087334387,19253.6739178462
3752,2,0.1,0.52,0.46,0.2,60623.6214758988,9647.59515621632
3753,1,0.38,0.8,0.34,0.6,47351.2177922863,15536.1517138257
3754,2.5,0.24,0.8,0.34,0.2,60836.8372399488,11304.5232316179
3755,2,0.24,0.1,0.58,0.6,55364.5366922301,12235.2805512845
3756,3,0.1,0.38,0.22,0.2,59920.5862849582,9009.80140095472
3757,2,0.52,0.52,0.1,0.2,45024.6105850733,13933.2209835403
3758,2.5,0.52,0.52,0.7,0.6,59891.9616676019,17030.567581897
3759,1.5,0.52,0.52,0.7,0.6,53615.6241989894,17378.7992329489
3760,2.5,0.52,0.8,0.22,0.2,53560.5369836332,14196.4701679283
3761,2.5,0.8,0.1,0.46,0.6,46459.3384521647,20080.5092805676
3762,0.5,0.1,0.38,0.1,0.6,38941.8368959659,9638.9470634524
3763,0.5,0.38,0.66,0.34,0.2,43612.2926338846,13204.2005782136
3764,1.5,0.24,0.24,0.7,0.6,56005.3956193427,12657.8361952939
3765,2.5,0.1,0.24,0.7,0.6,65718.9691123555,10097.6308769741
3766,2,0.8,0.8,0.7,0.2,57096.2611264055,17602.2540435875
3767,1,0.38,0.52,0.46,0.6,47571.8199455704,15314.6587744267
3768,1.5,0.52,0.1,0.34,0.2,43329.5852767183,13766.8119554724
3769,0.5,0.66,0.24,0.46,0.6,36724.1065165915,19539.2782201964
3770,0.5,0.38,0.1,0.46,0.2,40744.7671703109,12568.9080616566
3771,1,0.1,0.24,0.1,0.6,41549.7795408174,9259.3204786512
3772,0.5,0.66,0.38,0.46,0.4,38937.038838361,18215.5552508256
3773,3,0.52,0.38,0.46,0.4,57275.9923129291,15271.0373968796
3774,1.5,0.8,0.38,0.34,0.4,41537.4241619145,19212.6040951317
3775,2.5,0.66,0.8,0.46,0.4,56029.1203663392,17526.9430422181
3776,1,0.8,0.24,0.46,0.2,40371.8129785989,17491.1978594006
3777,2,0.38,0.38,0.1,0.4,45023.8032195942,13313.8613430569
3778,3,0.8,0.1,0.1,0.2,42843.3845893038,16238.265786355
3779,1.5,0.66,0.52,0.1,0.6,38194.6768405565,19189.9854209247
3780,0.5,0.66,0.66,0.34,0.6,38172.1694077813,19821.9355812749
3781,2,0.24,0.38,0.22,0.2,51074.6425367586,10613.5772672413
3782,1,0.8,0.52,0.7,0.6,46079.4293272044,20998.2951623822
3783,2.5,0.24,0.8,0.46,0.4,62990.1712824076,12198.971197314
3784,1.5,0.8,0.24,0.46,0.4,42750.9954552742,19086.7962009209
3785,0.5,0.38,0.24,0.7,0.4,46632.939450076,14256.9054754795
3786,2,0.1,0.52,0.1,0.6,51476.2860494546,9497.67104354531
3787,0.5,0.1,0.8,0.58,0.2,54589.3291997675,10326.7551622493
3788,2,0.38,0.1,0.46,0.4,50748.2340826653,13299.3574101012
3789,0.5,0.52,0.66,0.22,0.4,38019.0630493052,16602.9887244207
3790,0.5,0.38,0.1,0.7,0.2,45811.895588343,12818.6829166061
3791,3,0.8,0.1,0.46,0.4,50207.066606284,18300.8413374693
3792,2.5,0.66,0.38,0.46,0.6,51392.1492098739,18644.3485530412
3793,1,0.52,0.8,0.46,0.4,48430.262823363,16449.8944850582
3794,1.5,0.52,0.1,0.46,0.4,45182.9134404551,15420.9208185111
3795,1,0.1,0.24,0.22,0.4,44886.4744062562,9175.92660412855
3796,2,0.8,0.66,0.7,0.6,53830.5310508662,20670.0230218731
3797,0.5,0.66,0.8,0.46,0.2,43659.9029472026,16840.8192695895
3798,2,0.1,0.1,0.46,0.4,56243.3832113472,9289.99652823383
3799,0.5,0.38,0.1,0.22,0.2,35104.771102658,12314.7631494243
3800,2,0.8,0.1,0.22,0.6,38085.1105061041,20290.9944618372
3801,1,0.66,0.66,0.58,0.2,48695.9399738415,16449.6336575593
3802,0.5,0.52,0.24,0.7,0.4,44400.112544299,16273.2784700488
3803,1.5,0.24,0.1,0.1,0.2,41718.8975565374,10020.6302738024
3804,1.5,0.66,0.52,0.46,0.6,46543.276185255,19172.3430313808
3805,2.5,0.24,0.24,0.46,0.6,57387.9040058196,12200.1620702614
3806,2.5,0.52,0.52,0.34,0.2,53956.8471552443,14008.1505140226
3807,0.5,0.38,0.8,0.22,0.2,41969.2260642471,13252.1118232355
3808,3,0.52,0.24,0.58,0.2,59393.0437990994,13789.4045405647
3809,1,0.66,0.1,0.1,0.2,32079.8405591303,15647.3923897672
3810,1.5,0.8,0.8,0.1,0.2,40668.7796585805,17693.207638392
3811,2.5,0.66,0.66,0.46,0.4,54846.8003325165,17416.5831769867
3812,1.5,0.8,0.24,0.58,0.6,44339.5260501518,20592.9994289512
3813,1.5,0.24,0.1,0.1,0.2,41718.8975565374,10020.6302738024
3814,2.5,0.66,0.8,0.34,0.4,53375.8175343893,17484.0684742727
3815,2.5,0.38,0.24,0.46,0.4,55340.5302776992,13373.3460293905
3816,3,0.52,0.8,0.1,0.2,53434.5754720461,13948.7175419822
3817,2.5,0.8,0.38,0.7,0.4,55212.6404760304,18828.6491996275
3818,2.5,0.38,0.52,0.46,0.2,58808.4962704576,12622.3252024441
3819,1,0.52,0.38,0.7,0.4,49594.4277001277,16141.3259961997
3820,2.5,0.8,0.8,0.7,0.6,57956.4050550647,20581.8897391366
3821,1,0.66,0.24,0.22,0.2,36622.9290979299,15857.7113640812
3822,2.5,0.24,0.24,0.7,0.2,63489.7386638551,11129.4138497929
3823,3,0.52,0.1,0.46,0.4,54402.4137799336,14910.2999345934
3824,2,0.24,0.52,0.58,0.2,60579.7697198739,11370.2193945153
3825,0.5,0.1,0.66,0.1,0.6,41589.1217321215,10027.4624257191
3826,2,0.8,0.38,0.34,0.4,44687.5813647485,18964.9925099566
3827,1.5,0.24,0.24,0.58,0.2,54572.737192171,11007.5650773042
3828,1,0.38,0.8,0.34,0.6,47351.2177922863,15536.1517138257
3829,3,0.1,0.24,0.58,0.2,66714.775438376,9460.9989673998
3830,1,0.24,0.8,0.46,0.2,53537.461589536,11649.511292759
3831,2.5,0.66,0.1,0.58,0.4,51927.8397206285,16873.8158926787
3832,2,0.24,0.1,0.34,0.2,51078.906312064,10389.199796439
3833,3,0.66,0.1,0.34,0.6,48657.5163592318,18163.2345910251
3834,2.5,0.52,0.66,0.22,0.2,52369.8102797268,14048.3810540894
3835,1.5,0.66,0.1,0.7,0.4,48097.584503239,17337.6893926062
3836,0.5,0.52,0.52,0.1,0.6,33103.3623820746,17925.6029022288
3837,1.5,0.38,0.38,0.1,0.2,42475.4212890954,12163.0864288492
3838,1,0.1,0.1,0.34,0.2,46552.7980750436,8839.40424312157
3839,1.5,0.24,0.66,0.46,0.2,55940.2514041205,11399.9959166098
3840,1,0.66,0.1,0.22,0.4,34202.7271794378,17587.6506150164
3841,1,0.24,0.1,0.34,0.2,44090.8104180312,10508.061025262
3842,0.5,0.8,0.24,0.46,0.4,35741.6153772945,19715.2568794292
3843,2.5,0.52,0.66,0.58,0.2,60440.0036022567,14404.4123368014
3844,2,0.1,0.38,0.34,0.4,56354.1831448832,9504.3659968921
3845,0.5,0.38,0.8,0.7,0.4,51838.2086644029,14908.6142270489
3846,1,0.38,0.66,0.34,0.6,46148.202451719,15406.0079763024
3847,2.5,0.66,0.24,0.1,0.4,42369.0651742903,16879.9466753111
3848,3,0.38,0.8,0.22,0.6,57153.0157223791,14793.7078476882
3849,2,0.24,0.8,0.34,0.2,57706.9050210251,11347.3476732503
3850,0.5,0.52,0.24,0.58,0.2,42779.4844914795,14651.9683952126
3851,0.5,0.24,0.1,0.22,0.2,37196.0583498769,10469.6738747171
3852,2.5,0.24,0.8,0.58,0.2,66092.4658746707,11666.9583931278
3853,0.5,0.24,0.1,0.34,0.2,40125.8568948381,10652.2396501322
3854,1.5,0.38,0.1,0.22,0.2,42579.8590438946,11903.4757499769
3855,2,0.24,0.52,0.46,0.4,57467.6391427293,11932.7968957654
3856,1.5,0.38,0.66,0.1,0.2,45105.3031267664,12535.6583187563
3857,1,0.38,0.66,0.58,0.6,51388.0933909265,15539.3010889366
3858,3,0.52,0.52,0.7,0.4,63550.7202366999,15625.4845312837
3859,2.5,0.8,0.24,0.22,0.6,42538.9893210327,20191.8337087197
3860,1.5,0.1,0.8,0.1,0.4,50719.2955303642,9658.11188837367
3861,3,0.24,0.8,0.46,0.4,65893.4215142523,12155.4256965444
3862,3,0.66,0.24,0.1,0.4,45196.0947174197,16672.0411039692
3863,0.5,0.1,0.38,0.34,0.4,45209.8676590291,9712.10554238122
3864,1.5,0.38,0.24,0.22,0.2,44099.27057446,12117.9149923962
3865,3,0.8,0.66,0.22,0.6,49312.5777697274,20306.7975318026
3866,3,0.66,0.8,0.22,0.6,52522.1696762522,18749.537453153
3867,0.5,0.1,0.1,0.46,0.4,45055.3343155162,9472.20175942958
3868,1,0.52,0.8,0.58,0.6,50197.1390092787,17808.5944408572
3869,1.5,0.52,0.24,0.7,0.4,51686.1287839106,15748.2887513517
3870,2.5,0.66,0.24,0.7,0.6,54927.9927503369,18578.5242389378
3871,1.5,0.24,0.1,0.1,0.4,41202.9951370509,10863.6107219859
3872,1,0.24,0.52,0.22,0.6,44499.411637938,12635.9780096423
3873,3,0.52,0.1,0.46,0.4,54402.4137799336,14910.2999345934
3874,2.5,0.38,0.52,0.46,0.6,57370.7447521218,14832.2375304392
3875,1.5,0.52,0.24,0.7,0.6,50890.8972483455,17084.3563103066
3876,2.5,0.8,0.66,0.58,0.2,56517.3499148287,17255.2766889639
3877,2.5,0.52,0.66,0.34,0.4,54298.8720714993,15626.4810894913
3878,1.5,0.38,0.8,0.7,0.4,59159.4169775352,14503.7335426143
3879,1,0.24,0.8,0.58,0.6,55124.4925215369,13362.5250161949
3880,2.5,0.52,0.1,0.58,0.4,54091.6308864146,15139.6331717712
3881,0.5,0.66,0.24,0.34,0.4,34858.0256141038,18096.7657872106
3882,3,0.1,0.24,0.34,0.4,61181.1732679131,9268.55832775367
3883,0.5,0.38,0.8,0.22,0.6,40743.2026675064,15805.9626749723
3884,2.5,0.52,0.52,0.7,0.6,59891.9616676019,17030.567581897
3885,2,0.38,0.38,0.1,0.4,45023.8032195942,13313.8613430569
3886,3,0.66,0.52,0.58,0.4,58950.339648001,17185.0726461951
3887,2,0.24,0.66,0.58,0.2,61812.0657046613,11541.1169236175
3888,2.5,0.38,0.1,0.7,0.4,58894.5214899521,13437.3510612264
